{
  "type": "FeatureCollection",
  "name": "Kantipur River administrative context",
  "bbox": [
    85.27726332046193,
    27.606390314488632,
    85.37256470188605,
    27.7500760561369
  ],
  "scenario_id": "kantipur-river-v1",
  "data_classification": "external_reference",
  "operational_use": false,
  "source": {
    "repository": "https://github.com/Acesmndr/nepal-geojson",
    "commit": "0e084221686fba8a4a8c1590661367676e96e473",
    "retrieved_on": "2026-09-18",
    "license": "MIT",
    "note": "High-resolution geometry was published in the source repository from data scraped from https://sthaniya.gov.np/."
  },
  "features": [
    {
      "type": "Feature",
      "id": "ktp-context-kathmandu",
      "properties": {
        "id": "ktp-context-kathmandu",
        "name": "Kathmandu Metropolitan City",
        "name_ne": "काठमाण्डौं महानगरपालिका",
        "feature_class": "administrative_context",
        "admin_type": "metropolitan_city",
        "source_feature_code": 27006,
        "routing_enabled": false,
        "flood_model_input": false
      },
      "geometry": {
        "type": "Polygon",
        "coordinates": [
          [
            [
              85.37035990890044,
              27.73522791968916
            ],
            [
              85.37031954216765,
              27.735092930722132
            ],
            [
              85.37032786159635,
              27.734691342469524
            ],
            [
              85.37042173285724,
              27.734293379701807
            ],
            [
              85.37057671660868,
              27.7340662149333
            ],
            [
              85.37083843643973,
              27.7338606125524
            ],
            [
              85.37116445943322,
              27.733674634691024
            ],
            [
              85.37131825577733,
              27.73350615270293
            ],
            [
              85.37147167618899,
              27.733355793497488
            ],
            [
              85.3718628795427,
              27.733115008738512
            ],
            [
              85.37208373095524,
              27.73283085088704
            ],
            [
              85.37224634728052,
              27.73220434699934
            ],
            [
              85.37229653471083,
              27.731860941187108
            ],
            [
              85.37230541796923,
              27.731402920490716
            ],
            [
              85.3722333796905,
              27.730715605429406
            ],
            [
              85.37213390098007,
              27.7303128275524
            ],
            [
              85.37212178711133,
              27.729852743771193
            ],
            [
              85.37219416076746,
              27.729452718180585
            ],
            [
              85.37240052165238,
              27.728828027884028
            ],
            [
              85.37253432148901,
              27.728580802554397
            ],
            [
              85.37256470188605,
              27.728122593685683
            ],
            [
              85.37248559399141,
              27.727778248642803
            ],
            [
              85.37224182798954,
              27.727085806610468
            ],
            [
              85.37205561037781,
              27.72674027206478
            ],
            [
              85.3719136365802,
              27.726337869051825
            ],
            [
              85.37185608890344,
              27.72599102405155
            ],
            [
              85.37186553540774,
              27.72553300281106
            ],
            [
              85.37193909729436,
              27.72507660716223
            ],
            [
              85.37194672926258,
              27.72467720624056
            ],
            [
              85.37190575815359,
              27.723529370623073
            ],
            [
              85.37195390386358,
              27.722213739490147
            ],
            [
              85.37189516786742,
              27.72192557702035
            ],
            [
              85.37177100213515,
              27.721676410402434
            ],
            [
              85.3713434354888,
              27.72159266057776
            ],
            [
              85.37091368000995,
              27.721585654570696
            ],
            [
              85.37022814700012,
              27.721497651035836
            ],
            [
              85.36945937792407,
              27.72129321960734
            ],
            [
              85.36868860682016,
              27.721183529098752
            ],
            [
              85.36825928948434,
              27.721158461583578
            ],
            [
              85.36731873018768,
              27.720951215567318
            ],
            [
              85.3668041738648,
              27.720904398848194
            ],
            [
              85.36551909801754,
              27.720711769787226
            ],
            [
              85.36477188871494,
              27.72050708833837
            ],
            [
              85.36455860592359,
              27.72042796700284
            ],
            [
              85.36447430610242,
              27.720329537389848
            ],
            [
              85.36443719224368,
              27.720043437298408
            ],
            [
              85.3644862541321,
              27.71975871365268
            ],
            [
              85.36452614261324,
              27.71884242127675
            ],
            [
              85.36462952134549,
              27.717984187425653
            ],
            [
              85.36472339276351,
              27.717586224744622
            ],
            [
              85.36470664913978,
              27.717356245128915
            ],
            [
              85.36477658355217,
              27.717071334457238
            ],
            [
              85.36483215182668,
              27.71644139207267
            ],
            [
              85.36484522538403,
              27.71581188673628
            ],
            [
              85.36468713506942,
              27.715120883516835
            ],
            [
              85.36467502118529,
              27.714663049549298
            ],
            [
              85.36479045217521,
              27.714264899413415
            ],
            [
              85.36503930651813,
              27.71363752280071
            ],
            [
              85.36514998319741,
              27.713467289247767
            ],
            [
              85.36531090951324,
              27.712955837799196
            ],
            [
              85.36532098218349,
              27.712439134572147
            ],
            [
              85.36535042299862,
              27.712057607117895
            ],
            [
              85.36556652095565,
              27.71200586474138
            ],
            [
              85.365824988106,
              27.711951436341813
            ],
            [
              85.36610626580554,
              27.711842638312472
            ],
            [
              85.36630274247212,
              27.71169178064647
            ],
            [
              85.36669863760417,
              27.71122089167803
            ],
            [
              85.36682887119066,
              27.711147400173502
            ],
            [
              85.36734736867757,
              27.711004671912736
            ],
            [
              85.36754265755827,
              27.710912557678096
            ],
            [
              85.36745998400166,
              27.710737384505595
            ],
            [
              85.36746523827271,
              27.710489220116557
            ],
            [
              85.36723940434693,
              27.709970325436622
            ],
            [
              85.36718310780422,
              27.709569298161323
            ],
            [
              85.36721292424144,
              27.70916745913216
            ],
            [
              85.36732891787828,
              27.70871287712821
            ],
            [
              85.36737685138931,
              27.70859288847906
            ],
            [
              85.36744197203383,
              27.708427529245377
            ],
            [
              85.3677751272798,
              27.707858023334058
            ],
            [
              85.3681956473963,
              27.707174841647102
            ],
            [
              85.36859160593328,
              27.706663331965114
            ],
            [
              85.36885776756645,
              27.706209564184785
            ],
            [
              85.36888170438733,
              27.706094200477754
            ],
            [
              85.36895044983854,
              27.70586572196671
            ],
            [
              85.36893458320111,
              27.705559061765122
            ],
            [
              85.36876729786823,
              27.705305831098997
            ],
            [
              85.36832392785651,
              27.704915421734427
            ],
            [
              85.36782044417296,
              27.704275220890622
            ],
            [
              85.36742344627494,
              27.703692641978932
            ],
            [
              85.36702813682052,
              27.70303556913098
            ],
            [
              85.36681817061184,
              27.70276240277993
            ],
            [
              85.36624713039859,
              27.702294311091762
            ],
            [
              85.36599154170447,
              27.70217500501501
            ],
            [
              85.3656496515594,
              27.702092631376168
            ],
            [
              85.36539406295408,
              27.70197332596697
            ],
            [
              85.36505173434578,
              27.701909076272873
            ],
            [
              85.36488157109527,
              27.701829517421988
            ],
            [
              85.36469141174291,
              27.701673465949977
            ],
            [
              85.36460761196984,
              27.70155697560576
            ],
            [
              85.36459130813351,
              27.701268375766535
            ],
            [
              85.36477204306863,
              27.70081316988235
            ],
            [
              85.36473887056033,
              27.70029465332377
            ],
            [
              85.36476456029999,
              27.700064299055132
            ],
            [
              85.36498879093725,
              27.699550037102465
            ],
            [
              85.36515315949796,
              27.698806169222372
            ],
            [
              85.3653302047185,
              27.698522446856682
            ],
            [
              85.36581290245432,
              27.697956005987006
            ],
            [
              85.36592414177474,
              27.697726966049768
            ],
            [
              85.3660563162597,
              27.69755654595209
            ],
            [
              85.36653851307037,
              27.69704647426267
            ],
            [
              85.36682498333228,
              27.696648889928415
            ],
            [
              85.3671318865972,
              27.69630967528928
            ],
            [
              85.36733218069052,
              27.695910776922144
            ],
            [
              85.36738293251638,
              27.695508625817993
            ],
            [
              85.36734275360027,
              27.695335328762887
            ],
            [
              85.3672934650719,
              27.694530462607652
            ],
            [
              85.36738902469283,
              27.69401519797367
            ],
            [
              85.36756844689819,
              27.693616361895817
            ],
            [
              85.36783335755098,
              27.6932167145931
            ],
            [
              85.36803365249428,
              27.692817690723064
            ],
            [
              85.36842792064121,
              27.69242354558707
            ],
            [
              85.3686321555874,
              27.691832726546533
            ],
            [
              85.36878645225822,
              27.691605624873333
            ],
            [
              85.3688951267574,
              27.69153007102198
            ],
            [
              85.36943480936355,
              27.691366844455672
            ],
            [
              85.36969484001727,
              27.691235672525554
            ],
            [
              85.37004480087376,
              27.690898333264762
            ],
            [
              85.37017697448981,
              27.690727850810475
            ],
            [
              85.37018516994114,
              27.690267580254762
            ],
            [
              85.37029991289202,
              27.689867117652838
            ],
            [
              85.37030222794523,
              27.68975206586945
            ],
            [
              85.37020043479524,
              27.68946208991571
            ],
            [
              85.37007670719241,
              27.689192612238294
            ],
            [
              85.3699909055904,
              27.689170862396278
            ],
            [
              85.36939092370419,
              27.689122670131344
            ],
            [
              85.36921882088063,
              27.689140165713837
            ],
            [
              85.36887699321873,
              27.689057729707105
            ],
            [
              85.36791725172898,
              27.688715369762267
            ],
            [
              85.36770522012364,
              27.6885776290763
            ],
            [
              85.36745207112162,
              27.688343208445126
            ],
            [
              85.3672436057999,
              27.687995611006293
            ],
            [
              85.36709525231707,
              27.68787755635535
            ],
            [
              85.36649939983104,
              27.687599196592465
            ],
            [
              85.36628736732101,
              27.6874613931614
            ],
            [
              85.3661404536016,
              27.68726659570066
            ],
            [
              85.36607721270374,
              27.687226598926767
            ],
            [
              85.36603653317368,
              27.68711198285733
            ],
            [
              85.36574201670817,
              27.686762946849413
            ],
            [
              85.36531951738242,
              27.686410659142496
            ],
            [
              85.3642364861301,
              27.685778386069398
            ],
            [
              85.3630509725458,
              27.684896758553606
            ],
            [
              85.36281738136289,
              27.68475695449319
            ],
            [
              85.36241537878286,
              27.684424728112116
            ],
            [
              85.36222565767133,
              27.684248428670493
            ],
            [
              85.36209999079975,
              27.68407594137076
            ],
            [
              85.36199819695173,
              27.683785903418794
            ],
            [
              85.36198552132727,
              27.683325820110632
            ],
            [
              85.36188172629932,
              27.683132898312273
            ],
            [
              85.36179673895532,
              27.683072839051064
            ],
            [
              85.36154559097442,
              27.68274361495659
            ],
            [
              85.36127088232774,
              27.682509443689767
            ],
            [
              85.3609519285258,
              27.682329892386786
            ],
            [
              85.3605258627045,
              27.682151339192067
            ],
            [
              85.36027071247244,
              27.682011784710586
            ],
            [
              85.35988976794674,
              27.681737990717508
            ],
            [
              85.3595486904882,
              27.681617246211736
            ],
            [
              85.35909656173652,
              27.681684857373117
            ],
            [
              85.35879222237871,
              27.681872836080295
            ],
            [
              85.35832952112621,
              27.68251577089999
            ],
            [
              85.35813329308918,
              27.682684627254133
            ],
            [
              85.35778627324939,
              27.682852730932755
            ],
            [
              85.35752824435806,
              27.68288459939014
            ],
            [
              85.35727234262333,
              27.682785604213993
            ],
            [
              85.3570822460135,
              27.682629615021053
            ],
            [
              85.35649627765717,
              27.681814115992037
            ],
            [
              85.35589650611922,
              27.680597277897395
            ],
            [
              85.3555505100684,
              27.679612610865572
            ],
            [
              85.35534335814052,
              27.67920626866364
            ],
            [
              85.35513389167998,
              27.67891735411278
            ],
            [
              85.35494836164172,
              27.678510824958263
            ],
            [
              85.35506141571955,
              27.678225477866263
            ],
            [
              85.35536882096544,
              27.67782770532336
            ],
            [
              85.35602599807639,
              27.67713096639654
            ],
            [
              85.35616230079687,
              27.67673031720849
            ],
            [
              85.35618798988808,
              27.676500025735933
            ],
            [
              85.35614849796919,
              27.676326665277767
            ],
            [
              85.35604670493626,
              27.67603887704106
            ],
            [
              85.35598327687407,
              27.67597863177033
            ],
            [
              85.3554631761801,
              27.675108388785368
            ],
            [
              85.35542187173196,
              27.674991523722053
            ],
            [
              85.35535906862694,
              27.674933465660228
            ],
            [
              85.35515316751184,
              27.674470691132285
            ],
            [
              85.35479766262428,
              27.673946357371076
            ],
            [
              85.35456607337579,
              27.673713999497423
            ],
            [
              85.35431711574404,
              27.673249474279576
            ],
            [
              85.35406628082772,
              27.67290000187798
            ],
            [
              85.3537144673198,
              27.67220412128732
            ],
            [
              85.35348462934644,
              27.671854399203582
            ],
            [
              85.35319849475584,
              27.671101461468844
            ],
            [
              85.35310508540927,
              27.67035346465076
            ],
            [
              85.35309778965025,
              27.669606781581606
            ],
            [
              85.35289282772354,
              27.669065139749687
            ],
            [
              85.35249432713927,
              27.668599800192666
            ],
            [
              85.35232485275017,
              27.668461559093565
            ],
            [
              85.35205252090527,
              27.668112336384326
            ],
            [
              85.35203377550661,
              27.667977097962353
            ],
            [
              85.35076099909195,
              27.668321171521598
            ],
            [
              85.35041635632412,
              27.668371911239003
            ],
            [
              85.34989873361774,
              27.668516827742778
            ],
            [
              85.34949028731117,
              27.668529820033843
            ],
            [
              85.34914526934445,
              27.668598557927442
            ],
            [
              85.34901547307037,
              27.66865398879143
            ],
            [
              85.34862470710881,
              27.66891727117035
            ],
            [
              85.34810602213508,
              27.669080185477462
            ],
            [
              85.34791142110326,
              27.66917236116188
            ],
            [
              85.34771738328341,
              27.669208042182774
            ],
            [
              85.34719769669543,
              27.66944776224009
            ],
            [
              85.34674231370971,
              27.66970935676462
            ],
            [
              85.34637204486452,
              27.669990388107085
            ],
            [
              85.34626136795946,
              27.670160683070993
            ],
            [
              85.34621737302155,
              27.67023555110916
            ],
            [
              85.34602108303834,
              27.670404407336296
            ],
            [
              85.34586897555201,
              27.670498333998655
            ],
            [
              85.34521905497446,
              27.670813732570092
            ],
            [
              85.34365567975088,
              27.671744811218584
            ],
            [
              85.34350375990759,
              27.671856798893984
            ],
            [
              85.34128345832971,
              27.673466493104176
            ],
            [
              85.34058497501115,
              27.674107174228418
            ],
            [
              85.34030000554375,
              27.674428016100155
            ],
            [
              85.339993665489,
              27.674710672977792
            ],
            [
              85.33958008880056,
              27.675028262602524
            ],
            [
              85.33925544080122,
              27.6751577460361
            ],
            [
              85.33899422239921,
              27.675345287498725
            ],
            [
              85.33873456617664,
              27.675456022979333
            ],
            [
              85.33832092726942,
              27.675773613186355
            ],
            [
              85.33819113080021,
              27.6758291054963
            ],
            [
              85.33786398154913,
              27.676073578529763
            ],
            [
              85.33753839536872,
              27.676277492434103
            ],
            [
              85.33734348181693,
              27.676351545364025
            ],
            [
              85.3368880372205,
              27.676610889344627
            ],
            [
              85.33669162249015,
              27.676761622677464
            ],
            [
              85.33604245212042,
              27.6770386497114
            ],
            [
              85.33584703810878,
              27.67716907260948
            ],
            [
              85.33547545537745,
              27.67750653606506
            ],
            [
              85.33460630957944,
              27.678029350130345
            ],
            [
              85.33441208339862,
              27.678103340086018
            ],
            [
              85.33415361622535,
              27.678155456100455
            ],
            [
              85.33396032971918,
              27.67815282819403
            ],
            [
              85.33376591669376,
              27.678206570859814
            ],
            [
              85.33350544829074,
              27.678355677747007
            ],
            [
              85.33336040336125,
              27.6784089834243
            ],
            [
              85.33272723185651,
              27.678647451040977
            ],
            [
              85.33259705982061,
              27.678723129600307
            ],
            [
              85.33224703731851,
              27.679062656680358
            ],
            [
              85.33200812826482,
              27.679211576955225
            ],
            [
              85.33181365252415,
              27.679265318449236
            ],
            [
              85.33109661387516,
              27.679694081189393
            ],
            [
              85.3310828647861,
              27.679707766852484
            ],
            [
              85.33085545344451,
              27.67991974399952
            ],
            [
              85.33058979239402,
              27.680317079701283
            ],
            [
              85.33054585996007,
              27.680355825204888
            ],
            [
              85.33047949172081,
              27.680469251295808
            ],
            [
              85.3301738409173,
              27.680654916846386
            ],
            [
              85.3299773637956,
              27.680805712875827
            ],
            [
              85.32975695039146,
              27.681069498177695
            ],
            [
              85.3296015275399,
              27.681316973497665
            ],
            [
              85.32939685609965,
              27.68188735682348
            ],
            [
              85.32905994709895,
              27.682628284624194
            ],
            [
              85.32896595217262,
              27.683030746904674
            ],
            [
              85.3287894083512,
              27.683258035931917
            ],
            [
              85.32818615136354,
              27.684396299352414
            ],
            [
              85.32807603906498,
              27.684510099598263
            ],
            [
              85.32791980421183,
              27.684795883680707
            ],
            [
              85.32769895194079,
              27.685077730066936
            ],
            [
              85.32714894929833,
              27.685701164858994
            ],
            [
              85.32699571736283,
              27.685813089950056
            ],
            [
              85.32655845528696,
              27.68617148828409
            ],
            [
              85.32636254168881,
              27.68626360125201
            ],
            [
              85.32532217174688,
              27.68662998900912
            ],
            [
              85.3246513198253,
              27.686789838937525
            ],
            [
              85.32443609734077,
              27.68680539660388
            ],
            [
              85.32411495477294,
              27.686704712997983
            ],
            [
              85.32385480024604,
              27.686777139683343
            ],
            [
              85.32340217155347,
              27.686806255184997
            ],
            [
              85.32314264172197,
              27.686878681798593
            ],
            [
              85.32281868447366,
              27.686913360940462
            ],
            [
              85.32210952966652,
              27.686843418333734
            ],
            [
              85.32185018846707,
              27.686877472972665
            ],
            [
              85.32152804315974,
              27.68685128244212
            ],
            [
              85.32100717110325,
              27.68705469385259
            ],
            [
              85.32061553046732,
              27.68725923176551
            ],
            [
              85.32029094694495,
              27.687348030531094
            ],
            [
              85.3200950328416,
              27.68744014382764
            ],
            [
              85.31925282951089,
              27.68758130494235
            ],
            [
              85.31879776176704,
              27.68772547256552
            ],
            [
              85.31840574577743,
              27.68794800838889
            ],
            [
              85.31788224501202,
              27.688304967684257
            ],
            [
              85.31742598929526,
              27.688507817815527
            ],
            [
              85.31663970623082,
              27.689088252118815
            ],
            [
              85.31618044696047,
              27.689462649042767
            ],
            [
              85.31602596386394,
              27.68963325617119
            ],
            [
              85.31550121214354,
              27.690046585122346
            ],
            [
              85.31491390810686,
              27.69036123559851
            ],
            [
              85.31419286778004,
              27.6908869264951
            ],
            [
              85.31373642315909,
              27.691128147082782
            ],
            [
              85.31243771063659,
              27.69156458710326
            ],
            [
              85.31191721224562,
              27.691804119553225
            ],
            [
              85.31172173480836,
              27.691934541704615
            ],
            [
              85.31146220512572,
              27.6920069062563
            ],
            [
              85.31113662045672,
              27.692174698656718
            ],
            [
              85.31100719906748,
              27.6922097555581
            ],
            [
              85.31096289086406,
              27.69226656226464
            ],
            [
              85.310466391185,
              27.692393105738915
            ],
            [
              85.30955769262833,
              27.692701750460518
            ],
            [
              85.30929853813456,
              27.692756053771433
            ],
            [
              85.30890671006962,
              27.692996650597006
            ],
            [
              85.30847363904721,
              27.693181252379045
            ],
            [
              85.30816961285348,
              27.693348794566635
            ],
            [
              85.3074563908117,
              27.693526954363772
            ],
            [
              85.30681191385642,
              27.693515007426377
            ],
            [
              85.30610632428076,
              27.693273517764244
            ],
            [
              85.30578499320835,
              27.69321114338063
            ],
            [
              85.30552890495464,
              27.693091712623612
            ],
            [
              85.30540023444794,
              27.69308839840769
            ],
            [
              85.30430951089531,
              27.692744536890206
            ],
            [
              85.3036698507223,
              27.69244599010407
            ],
            [
              85.30322341632335,
              27.692150134785248
            ],
            [
              85.30303275751211,
              27.69199402026003
            ],
            [
              85.30259164051078,
              27.69139131740325
            ],
            [
              85.30251053120698,
              27.691123652824484
            ],
            [
              85.30243017315664,
              27.69081530402137
            ],
            [
              85.3022653277855,
              27.69042883635639
            ],
            [
              85.30186926965992,
              27.689733267263488
            ],
            [
              85.30174523013976,
              27.68942310600006
            ],
            [
              85.30158301222252,
              27.688885463580764
            ],
            [
              85.30150690816906,
              27.688347010775665
            ],
            [
              85.30099112691668,
              27.68711105114529
            ],
            [
              85.30060870681656,
              27.685686673120074
            ],
            [
              85.30054584175896,
              27.685572182080758
            ],
            [
              85.30023101799945,
              27.685144277586875
            ],
            [
              85.2998285778538,
              27.684811926517988
            ],
            [
              85.2997025344818,
              27.6846574383035
            ],
            [
              85.29951713084277,
              27.684194476746764
            ],
            [
              85.29950145180169,
              27.68388781622481
            ],
            [
              85.29955076627179,
              27.683503851458074
            ],
            [
              85.29943423263839,
              27.682812349231217
            ],
            [
              85.29940393875721,
              27.682122348815124
            ],
            [
              85.29945225129332,
              27.68181731404044
            ],
            [
              85.29958836599398,
              27.681437037716766
            ],
            [
              85.29963667826532,
              27.68112981642196
            ],
            [
              85.29965206825096,
              27.680288142350012
            ],
            [
              85.29945098614036,
              27.67951852042622
            ],
            [
              85.29939124922254,
              27.679230358314893
            ],
            [
              85.29850961547005,
              27.679252154520977
            ],
            [
              85.29833644987112,
              27.679287585931405
            ],
            [
              85.29816353417469,
              27.67934339038109
            ],
            [
              85.29807635678574,
              27.679418632372215
            ],
            [
              85.29755592060954,
              27.679658102759202
            ],
            [
              85.29712422584632,
              27.67974564956403
            ],
            [
              85.29626296301717,
              27.679825816621555
            ],
            [
              85.294966001846,
              27.680187699915997
            ],
            [
              85.29446443551514,
              27.68058040687566
            ],
            [
              85.29402711026445,
              27.680992800061926
            ],
            [
              85.29376639153544,
              27.681123847154215
            ],
            [
              85.29324977192861,
              27.681153523610174
            ],
            [
              85.2928217673897,
              27.6810672119091
            ],
            [
              85.2924768750987,
              27.681099703379147
            ],
            [
              85.29230389660931,
              27.681155507543014
            ],
            [
              85.29186838597002,
              27.681452786547627
            ],
            [
              85.2916480964871,
              27.681736882526636
            ],
            [
              85.29116683790328,
              27.682188021252834
            ],
            [
              85.29074800714173,
              27.68277402490608
            ],
            [
              85.29053034552891,
              27.682904634161847
            ],
            [
              85.28983036215098,
              27.68356312611579
            ],
            [
              85.28942097369753,
              27.68381284747378
            ],
            [
              85.28894028035391,
              27.684103813716703
            ],
            [
              85.28868162583274,
              27.684194175799675
            ],
            [
              85.28816625518,
              27.684223789556988
            ],
            [
              85.28773931426831,
              27.684121729499605
            ],
            [
              85.28748203596068,
              27.684117350644105
            ],
            [
              85.28722350664947,
              27.684169404847008
            ],
            [
              85.28713839314186,
              27.68414984272806
            ],
            [
              85.2866941461281,
              27.683815615584233
            ],
            [
              85.28643868177541,
              27.683696184006717
            ],
            [
              85.28579739442215,
              27.683571247980392
            ],
            [
              85.285625041252,
              27.683626990328907
            ],
            [
              85.28539705553894,
              27.68438941809081
            ],
            [
              85.28530818947439,
              27.68453909049559
            ],
            [
              85.28526150356467,
              27.684769631272726
            ],
            [
              85.28499296441562,
              27.685376697299773
            ],
            [
              85.28472717673398,
              27.685832652580505
            ],
            [
              85.28459669254732,
              27.685944390299493
            ],
            [
              85.2844235879222,
              27.68603850360793
            ],
            [
              85.28416687342109,
              27.685975442815252
            ],
            [
              85.28372268859385,
              27.68564340288619
            ],
            [
              85.28329774915217,
              27.685444351254212
            ],
            [
              85.2830404078598,
              27.68543997292096
            ],
            [
              85.2827628836346,
              27.685377098620883
            ],
            [
              85.28263571512085,
              27.685281292547142
            ],
            [
              85.28179359402736,
              27.684404732575157
            ],
            [
              85.2814343347351,
              27.684130564264258
            ],
            [
              85.28126385892296,
              27.68406900473292
            ],
            [
              85.28096571322824,
              27.683929637114673
            ],
            [
              85.28083691727781,
              27.68396694397343
            ],
            [
              85.28079260873982,
              27.68402368815354
            ],
            [
              85.2808744682549,
              27.68425529403859
            ],
            [
              85.28116892349553,
              27.684566145669603
            ],
            [
              85.28167691146713,
              27.684938182717794
            ],
            [
              85.28186650703144,
              27.685114670045834
            ],
            [
              85.28194949337279,
              27.68526959527235
            ],
            [
              85.28210301552832,
              27.686267507901768
            ],
            [
              85.28215637055067,
              27.68688057908794
            ],
            [
              85.28212955486669,
              27.6871877379891
            ],
            [
              85.28223234993665,
              27.687419093993054
            ],
            [
              85.28231733704307,
              27.68747696519848
            ],
            [
              85.28237607259487,
              27.68778550131416
            ],
            [
              85.2823709435901,
              27.688054039866266
            ],
            [
              85.28258066031427,
              27.68832501873059
            ],
            [
              85.28264446334494,
              27.6883650780755
            ],
            [
              85.28277332151485,
              27.68832777157672
            ],
            [
              85.2830952165899,
              27.688333776560697
            ],
            [
              85.28380631435333,
              27.688135555734988
            ],
            [
              85.28457852524153,
              27.68812831891682
            ],
            [
              85.2847061936269,
              27.688208375571016
            ],
            [
              85.28483111144283,
              27.688383112260844
            ],
            [
              85.28485166973434,
              27.68845966854793
            ],
            [
              85.28474074223924,
              27.68866821048081
            ],
            [
              85.28437166112458,
              27.688910745078104
            ],
            [
              85.28417449513296,
              27.689117910678068
            ],
            [
              85.2840432596353,
              27.689270207642796
            ],
            [
              85.2839533919897,
              27.689496685147013
            ],
            [
              85.28373278968537,
              27.689819090478867
            ],
            [
              85.28360280533427,
              27.689912767082408
            ],
            [
              85.28355711989244,
              27.690066627677783
            ],
            [
              85.28309429265892,
              27.690747684322375
            ],
            [
              85.28302698569145,
              27.690899419650055
            ],
            [
              85.28278682437839,
              27.691163329607587
            ],
            [
              85.28260977948365,
              27.691467299411492
            ],
            [
              85.28241298901946,
              27.691654091634515
            ],
            [
              85.2822360062043,
              27.69195806131221
            ],
            [
              85.28217076335646,
              27.692015055708257
            ],
            [
              85.2820378394644,
              27.69224184584142
            ],
            [
              85.28194534297171,
              27.692623997148907
            ],
            [
              85.28185653986462,
              27.692775919193362
            ],
            [
              85.28178829367832,
              27.693004397922454
            ],
            [
              85.28167805512696,
              27.6931746307367
            ],
            [
              85.28150495093233,
              27.69326874424835
            ],
            [
              85.28116143348389,
              27.69326286467561
            ],
            [
              85.28099008159326,
              27.693239676015462
            ],
            [
              85.2805639539019,
              27.6930992442925
            ],
            [
              85.27987741931256,
              27.693125855709305
            ],
            [
              85.2796188892281,
              27.693177909796123
            ],
            [
              85.2791868184803,
              27.693344324703133
            ],
            [
              85.27867182381587,
              27.693353565677697
            ],
            [
              85.27830599482051,
              27.693442676907736
            ],
            [
              85.27793691358977,
              27.693687461697863
            ],
            [
              85.27784804714926,
              27.693837196335085
            ],
            [
              85.27784441838592,
              27.69406730137633
            ],
            [
              85.2779041554598,
              27.694299156120266
            ],
            [
              85.27789983949202,
              27.694529260268535
            ],
            [
              85.27783153134587,
              27.69475773869396
            ],
            [
              85.27786176318831,
              27.69544780241319
            ],
            [
              85.2777035864797,
              27.69590494637703
            ],
            [
              85.27757110023683,
              27.696113737738564
            ],
            [
              85.27730887945619,
              27.6963958959558
            ],
            [
              85.27726332046193,
              27.696509072552605
            ],
            [
              85.27728344059699,
              27.69660593836673
            ],
            [
              85.27732505947174,
              27.696643873841136
            ],
            [
              85.27768788300776,
              27.69678492914422
            ],
            [
              85.27802608362282,
              27.69704122389968
            ],
            [
              85.27827904584244,
              27.697273520047688
            ],
            [
              85.27842495841149,
              27.697506814019206
            ],
            [
              85.27863304969169,
              27.69785453596653
            ],
            [
              85.27926876846993,
              27.69830663031098
            ],
            [
              85.28035467849716,
              27.69872754776556
            ],
            [
              85.2805454632583,
              27.698845290373225
            ],
            [
              85.28073537228042,
              27.699039776040262
            ],
            [
              85.28086266685823,
              27.699099522370545
            ],
            [
              85.28109625777249,
              27.699237201398635
            ],
            [
              85.28154438346256,
              27.699359385085803
            ],
            [
              85.28169298717616,
              27.6994392557732
            ],
            [
              85.28164623931129,
              27.699667484794126
            ],
            [
              85.28178468411518,
              27.701432640539785
            ],
            [
              85.28193539269608,
              27.702505046889463
            ],
            [
              85.28219377417318,
              27.703581016300987
            ],
            [
              85.28238428592942,
              27.70480872150675
            ],
            [
              85.28245638728603,
              27.70549834863531
            ],
            [
              85.28246443509867,
              27.706186349191658
            ],
            [
              85.28264900389847,
              27.707718714468903
            ],
            [
              85.28266562218505,
              27.707948632264905
            ],
            [
              85.28280496502063,
              27.70859257666484
            ],
            [
              85.28299854710725,
              27.709484124665067
            ],
            [
              85.2829422919167,
              27.710093693598264
            ],
            [
              85.28301864726835,
              27.71055321588915
            ],
            [
              85.28331764795122,
              27.711628812002303
            ],
            [
              85.28340837039802,
              27.712394931559608
            ],
            [
              85.28348741589244,
              27.712701092786112
            ],
            [
              85.28350526512315,
              27.713846865244445
            ],
            [
              85.2835616874053,
              27.71422989444356
            ],
            [
              85.28358942014371,
              27.71491764549851
            ],
            [
              85.2836474685283,
              27.715223931711346
            ],
            [
              85.28367025918539,
              27.716141911828245
            ],
            [
              85.28366412899943,
              27.71642844830963
            ],
            [
              85.2836624400755,
              27.716502942141624
            ],
            [
              85.28367417961115,
              27.716963025770063
            ],
            [
              85.28379628183015,
              27.717270875261118
            ],
            [
              85.2838951981214,
              27.717653529749924
            ],
            [
              85.2842083976169,
              27.718099557445946
            ],
            [
              85.28465176927051,
              27.718451907395075
            ],
            [
              85.28535179376985,
              27.71886500683444
            ],
            [
              85.2858638477679,
              27.719027250238664
            ],
            [
              85.2862468559274,
              27.719206366204368
            ],
            [
              85.28650319522856,
              27.719287424894883
            ],
            [
              85.28682114935035,
              27.71948522474214
            ],
            [
              85.28709635907576,
              27.71966090089612
            ],
            [
              85.287499237692,
              27.71991657239396
            ],
            [
              85.28775557723652,
              27.719997694562675
            ],
            [
              85.28800966575405,
              27.720155496283787
            ],
            [
              85.28864988943549,
              27.720377362250808
            ],
            [
              85.2894204028681,
              27.72085295705879
            ],
            [
              85.28992220456918,
              27.72116412467917
            ],
            [
              85.29075590239623,
              27.721406740868797
            ],
            [
              85.29196635152746,
              27.722153444185665
            ],
            [
              85.29235242435877,
              27.722217507056495
            ],
            [
              85.29247903083936,
              27.72231331311487
            ],
            [
              85.29279879818077,
              27.722452492686383
            ],
            [
              85.2931812429162,
              27.722688040858284
            ],
            [
              85.29362892974648,
              27.722868844020592
            ],
            [
              85.29402936962772,
              27.7232373173448
            ],
            [
              85.2941980935995,
              27.723411679762815
            ],
            [
              85.29390793429802,
              27.723903942735156
            ],
            [
              85.29373101570056,
              27.72411085874659
            ],
            [
              85.29368464366023,
              27.724262469754695
            ],
            [
              85.29372119513292,
              27.724568942479493
            ],
            [
              85.29382674165537,
              27.72464687503608
            ],
            [
              85.29412620081035,
              27.72472756012358
            ],
            [
              85.29427499210733,
              27.724825428178306
            ],
            [
              85.2943367936052,
              27.724960229787293
            ],
            [
              85.2942688615137,
              27.725112028190384
            ],
            [
              85.29398176812099,
              27.72543274399683
            ],
            [
              85.29397851549295,
              27.725586230331672
            ],
            [
              85.29409799052584,
              27.726045316525443
            ],
            [
              85.29422015501059,
              27.726353227970407
            ],
            [
              85.29427826604072,
              27.726659450925844
            ],
            [
              85.29440205802601,
              27.726890682611465
            ],
            [
              85.2944602307593,
              27.727196905773315
            ],
            [
              85.29427630665367,
              27.727728792987588
            ],
            [
              85.29407807868363,
              27.72795395706537
            ],
            [
              85.29381029252202,
              27.72840766173467
            ],
            [
              85.29376392031106,
              27.72855920955785
            ],
            [
              85.29409442612028,
              27.72917653487316
            ],
            [
              85.29411273342492,
              27.729329770751903
            ],
            [
              85.29406473460658,
              27.72955806223673
            ],
            [
              85.29395205768857,
              27.729784727936718
            ],
            [
              85.29377782806432,
              27.729896965014305
            ],
            [
              85.29351817357416,
              27.72996926673545
            ],
            [
              85.29297461569126,
              27.73020892343047
            ],
            [
              85.2928439437841,
              27.7303026634321
            ],
            [
              85.29266665041719,
              27.730527639901464
            ],
            [
              85.2927861244222,
              27.730988975631348
            ],
            [
              85.29288992020535,
              27.731141401116204
            ],
            [
              85.29294972062029,
              27.731373256240193
            ],
            [
              85.29300539128587,
              27.731794593987285
            ],
            [
              85.29293702195959,
              27.731964389952395
            ],
            [
              85.2926966754504,
              27.73211331035898
            ],
            [
              85.29243946047006,
              27.732070559805393
            ],
            [
              85.29224492288039,
              27.732124239678473
            ],
            [
              85.29198076488207,
              27.732406459836383
            ],
            [
              85.29167067174565,
              27.73282223025883
            ],
            [
              85.29116491667574,
              27.73330967763578
            ],
            [
              85.29085882704085,
              27.733533652984804
            ],
            [
              85.29051087030791,
              27.733699320064147
            ],
            [
              85.29031351685806,
              27.733886112081024
            ],
            [
              85.29022565194575,
              27.73396141663819
            ],
            [
              85.28974145593588,
              27.734450927411263
            ],
            [
              85.28960784378147,
              27.734677779520094
            ],
            [
              85.28953828659569,
              27.73490619561893
            ],
            [
              85.28953497110913,
              27.735057431888926
            ],
            [
              85.28955246459375,
              27.735249040158532
            ],
            [
              85.28956520555369,
              27.73563244328831
            ],
            [
              85.2894955844766,
              27.7358586717052
            ],
            [
              85.2894194042709,
              27.736010532079252
            ],
            [
              85.28941952858825,
              27.736021780746405
            ],
            [
              85.28916205532066,
              27.736387369154308
            ],
            [
              85.28863817986608,
              27.73674195305406
            ],
            [
              85.28800994573639,
              27.73699592079228
            ],
            [
              85.28785702618985,
              27.737089847193868
            ],
            [
              85.28772541591269,
              27.737219645448768
            ],
            [
              85.28767904390281,
              27.737371256315207
            ],
            [
              85.28769728834415,
              27.7375244927408
            ],
            [
              85.28769403566326,
              27.737677916635455
            ],
            [
              85.28794368282976,
              27.738045637587632
            ],
            [
              85.28851315991055,
              27.738552351590478
            ],
            [
              85.28895715553304,
              27.738904576595907
            ],
            [
              85.28908463827402,
              27.73896438602789
            ],
            [
              85.28941964994532,
              27.73926130192074
            ],
            [
              85.28959068667089,
              27.73941310373595
            ],
            [
              85.28991014145255,
              27.739570282845854
            ],
            [
              85.2900413117398,
              27.73957247147149
            ],
            [
              85.29016816972117,
              27.739574661391025
            ],
            [
              85.29079578114701,
              27.739237139285738
            ],
            [
              85.29082134080896,
              27.739223390529116
            ],
            [
              85.29140326443051,
              27.73917509210048
            ],
            [
              85.29172434499851,
              27.739257839871517
            ],
            [
              85.29204380019476,
              27.739415018498164
            ],
            [
              85.29242912154923,
              27.739517453374923
            ],
            [
              85.29268471067891,
              27.739636883785995
            ],
            [
              85.29294192548038,
              27.739677322438332
            ],
            [
              85.29365133166795,
              27.739691020154982
            ],
            [
              85.29390798369612,
              27.739790140476266
            ],
            [
              85.29410133262836,
              27.739792893224962
            ],
            [
              85.29435773455,
              27.739873890093463
            ],
            [
              85.29459464137385,
              27.739858144812384
            ],
            [
              85.29483398709726,
              27.739729598499856
            ],
            [
              85.29533886699551,
              27.739278209083434
            ],
            [
              85.29537936264093,
              27.73922096542482
            ],
            [
              85.29573851296881,
              27.738712766347422
            ],
            [
              85.29582850528081,
              27.738542658319936
            ],
            [
              85.2960157414028,
              27.737985023793915
            ],
            [
              85.29605805160223,
              27.737859223680655
            ],
            [
              85.29632133806437,
              27.737396894351612
            ],
            [
              85.29634864806397,
              27.737348961882862
            ],
            [
              85.29652594213343,
              27.737121672556036
            ],
            [
              85.29663986994026,
              27.736838637696486
            ],
            [
              85.29664518355195,
              27.73674864538715
            ],
            [
              85.29667362715035,
              27.73626531476691
            ],
            [
              85.29676386927649,
              27.73607495831542
            ],
            [
              85.29693822393635,
              27.73596503350892
            ],
            [
              85.29732798686832,
              27.735855361658295
            ],
            [
              85.29829848546892,
              27.735758261010595
            ],
            [
              85.2984930860499,
              27.73570458189531
            ],
            [
              85.29894952999068,
              27.73550173202925
            ],
            [
              85.29932148601337,
              27.735220764101037
            ],
            [
              85.30000433734965,
              27.735020105644164
            ],
            [
              85.30012238560198,
              27.734985422856145
            ],
            [
              85.30023224779279,
              27.734891808470124
            ],
            [
              85.30027780694071,
              27.73477869367375
            ],
            [
              85.30028024642195,
              27.734663579341106
            ],
            [
              85.30021919491872,
              27.73449046928788
            ],
            [
              85.3000931526763,
              27.73433598119543
            ],
            [
              85.29990268043751,
              27.734200177290596
            ],
            [
              85.29971539851253,
              27.733910825332558
            ],
            [
              85.29959773773221,
              27.73339318269598
            ],
            [
              85.29960380522955,
              27.733106583699268
            ],
            [
              85.29955325467284,
              27.732857542438587
            ],
            [
              85.29954525560512,
              27.732818420572663
            ],
            [
              85.29957413449115,
              27.732475202142986
            ],
            [
              85.29969050207002,
              27.73207711459375
            ],
            [
              85.29977874253295,
              27.731981500127894
            ],
            [
              85.29984317167596,
              27.731965127768692
            ],
            [
              85.30003714583127,
              27.731967817954633
            ],
            [
              85.30010101180103,
              27.73200781529634
            ],
            [
              85.30024673785749,
              27.73221848573974
            ],
            [
              85.30034577936573,
              27.732603328331045
            ],
            [
              85.3003111470855,
              27.7332127728721
            ],
            [
              85.30034613465966,
              27.733595926295312
            ],
            [
              85.30053097693937,
              27.734000268103348
            ],
            [
              85.30065783241473,
              27.734116384952728
            ],
            [
              85.3012765587171,
              27.734336124752684
            ],
            [
              85.30138710478434,
              27.73442755577597
            ],
            [
              85.30167843604478,
              27.734668476340534
            ],
            [
              85.30180715887442,
              27.735164746686685
            ],
            [
              85.30181734436252,
              27.735204118520123
            ],
            [
              85.301833649498,
              27.735454346351645
            ],
            [
              85.30166415725775,
              27.736149031294016
            ],
            [
              85.30157372429565,
              27.736519308928614
            ],
            [
              85.30152385023904,
              27.736825342682863
            ],
            [
              85.30149928749964,
              27.73697564171333
            ],
            [
              85.30145272731575,
              27.737146062902223
            ],
            [
              85.30139298073695,
              27.73736529256278
            ],
            [
              85.30131286021651,
              27.73765876469338
            ],
            [
              85.3009549574394,
              27.73826445384981
            ],
            [
              85.30064405240009,
              27.73871853323146
            ],
            [
              85.30039613689463,
              27.739248731727056
            ],
            [
              85.30030339215945,
              27.739551952923563
            ],
            [
              85.30021390087592,
              27.73970393767235
            ],
            [
              85.300037232291,
              27.739928914725514
            ],
            [
              85.30005591475253,
              27.740064152644155
            ],
            [
              85.30002071972173,
              27.740673535100917
            ],
            [
              85.30015656219207,
              27.741382848622525
            ],
            [
              85.3007470557249,
              27.740935147894657
            ],
            [
              85.30107382861391,
              27.740749295120864
            ],
            [
              85.30126842937572,
              27.74069561555749
            ],
            [
              85.30152645705566,
              27.74069999448689
            ],
            [
              85.30210312751424,
              27.740899860720496
            ],
            [
              85.30235834056778,
              27.741037290336894
            ],
            [
              85.30269891705657,
              27.741214592357604
            ],
            [
              85.3029817576787,
              27.741067548119307
            ],
            [
              85.30370035788638,
              27.740677282003883
            ],
            [
              85.30434983822576,
              27.740497434073202
            ],
            [
              85.3047364111923,
              27.74054343548708
            ],
            [
              85.30493019797962,
              27.74052581518373
            ],
            [
              85.30544462831794,
              27.74061119130146
            ],
            [
              85.30770289170277,
              27.740648474261025
            ],
            [
              85.30815620801002,
              27.740599111209868
            ],
            [
              85.30874176019888,
              27.74037926539054
            ],
            [
              85.30900391690349,
              27.740194036255932
            ],
            [
              85.30911202769173,
              27.74017497759071
            ],
            [
              85.30941724141083,
              27.739989311322216
            ],
            [
              85.30983588313629,
              27.739538733669427
            ],
            [
              85.30999349429375,
              27.739196579892916
            ],
            [
              85.30999655860185,
              27.739083777965206
            ],
            [
              85.31006542853135,
              27.738855236481957
            ],
            [
              85.30989970672724,
              27.738565822415822
            ],
            [
              85.30933479687413,
              27.737810943363844
            ],
            [
              85.30920894125717,
              27.73767676639493
            ],
            [
              85.30895372776851,
              27.737537024895758
            ],
            [
              85.30851092030973,
              27.73713067901659
            ],
            [
              85.30812797501719,
              27.73691319260771
            ],
            [
              85.30759930391731,
              27.736485035065666
            ],
            [
              85.30745270115156,
              27.73631048578406
            ],
            [
              85.30729004459542,
              27.735849586349975
            ],
            [
              85.3072556820468,
              27.735466370863787
            ],
            [
              85.30723537357225,
              27.73541018752918
            ],
            [
              85.30730524447101,
              27.735161274095315
            ],
            [
              85.30766719403076,
              27.73532039080499
            ],
            [
              85.30792522134121,
              27.73532470667141
            ],
            [
              85.30844515631175,
              27.73518216592829
            ],
            [
              85.30896365249338,
              27.735075745890175
            ],
            [
              85.30909294789843,
              27.73507681086051
            ],
            [
              85.31045464840136,
              27.73477510989603
            ],
            [
              85.31129535131896,
              27.73469269333801
            ],
            [
              85.31464934316676,
              27.73482554838728
            ],
            [
              85.31529350682634,
              27.734893865049475
            ],
            [
              85.31626050327156,
              27.734929814959635
            ],
            [
              85.3169689073005,
              27.735017818412516
            ],
            [
              85.31761407279016,
              27.73500939217494
            ],
            [
              85.31795871446634,
              27.734997086543494
            ],
            [
              85.318259862541,
              27.735001029169542
            ],
            [
              85.31851945445057,
              27.73493085192144
            ],
            [
              85.31897126985841,
              27.734917547542597
            ],
            [
              85.31961461987763,
              27.735024174169503
            ],
            [
              85.32032002312899,
              27.735227291592917
            ],
            [
              85.32057586079773,
              27.73536697077456
            ],
            [
              85.32121533388616,
              27.735624770656536
            ],
            [
              85.3217269489769,
              27.73584319730415
            ],
            [
              85.32204646611001,
              27.736002625230388
            ],
            [
              85.32299932578117,
              27.736704077624335
            ],
            [
              85.3231474285959,
              27.736840318164518
            ],
            [
              85.32346850923051,
              27.736922941274116
            ],
            [
              85.32397893652197,
              27.73720004938373
            ],
            [
              85.32436081828098,
              27.737435534025295
            ],
            [
              85.32486836796966,
              27.73784350587715
            ],
            [
              85.32544228484733,
              27.738178610395597
            ],
            [
              85.32584553870706,
              27.738452217329595
            ],
            [
              85.326459510736,
              27.7389020620683
            ],
            [
              85.32665142138408,
              27.738999493937715
            ],
            [
              85.32709635595727,
              27.739313285449068
            ],
            [
              85.32779944349141,
              27.739631455608354
            ],
            [
              85.32869200207429,
              27.740161984534833
            ],
            [
              85.32894840419516,
              27.740240731964743
            ],
            [
              85.32984002465857,
              27.740791697012373
            ],
            [
              85.33028558438164,
              27.741103176153697
            ],
            [
              85.33073258417917,
              27.741322226617598
            ],
            [
              85.33108190807263,
              27.74153764963773
            ],
            [
              85.3315602759756,
              27.741833068898963
            ],
            [
              85.33187979341807,
              27.74199018477758
            ],
            [
              85.33207195425713,
              27.742051494915437
            ],
            [
              85.33265206488875,
              27.742061691006874
            ],
            [
              85.33304045240548,
              27.741992515739494
            ],
            [
              85.33344914811254,
              27.741981835720136
            ],
            [
              85.33361937478725,
              27.742061394186617
            ],
            [
              85.33374153961785,
              27.742366993761596
            ],
            [
              85.3336856588469,
              27.742976625402765
            ],
            [
              85.33359203873516,
              27.743356527620538
            ],
            [
              85.3336480237238,
              27.743739493695745
            ],
            [
              85.33385498865957,
              27.74412552548761
            ],
            [
              85.33404389685195,
              27.744338009095475
            ],
            [
              85.3342727337921,
              27.74470354238782
            ],
            [
              85.33450363487427,
              27.744976521229574
            ],
            [
              85.33462755163636,
              27.745207690810386
            ],
            [
              85.33491199830267,
              27.745974188547667
            ],
            [
              85.33503616380607,
              27.746225668252638
            ],
            [
              85.33535342943424,
              27.746459464298272
            ],
            [
              85.33562638756845,
              27.746750067667996
            ],
            [
              85.33575330586096,
              27.74686843406317
            ],
            [
              85.33613606355227,
              27.74706548511349
            ],
            [
              85.33645220344991,
              27.747357964240898
            ],
            [
              85.33664311283563,
              27.7474757068689
            ],
            [
              85.33689914005267,
              27.747574639974076
            ],
            [
              85.33715723094559,
              27.747579018105178
            ],
            [
              85.3376739136431,
              27.747531156004673
            ],
            [
              85.33799762156934,
              27.74746029282384
            ],
            [
              85.33819140876656,
              27.74744492222571
            ],
            [
              85.33864159873578,
              27.747510486374487
            ],
            [
              85.33883382157441,
              27.74757179604836
            ],
            [
              85.33978799506885,
              27.748198693562525
            ],
            [
              85.34023612029138,
              27.748359061331634
            ],
            [
              85.34055782752299,
              27.748385251824075
            ],
            [
              85.3407520517277,
              27.748349570354208
            ],
            [
              85.34139483949613,
              27.748456071257948
            ],
            [
              85.34171692201572,
              27.748461950583152
            ],
            [
              85.34197419950712,
              27.74850463887712
            ],
            [
              85.34248650409263,
              27.74866657006753
            ],
            [
              85.34351573968156,
              27.748800950177415
            ],
            [
              85.34475337977234,
              27.749242367345033
            ],
            [
              85.34504964923303,
              27.749458291027256
            ],
            [
              85.34540603027416,
              27.74988338347925
            ],
            [
              85.34555238247802,
              27.7500760561369
            ],
            [
              85.34562181487262,
              27.749849702474332
            ],
            [
              85.34574156064306,
              27.749280068045106
            ],
            [
              85.34576070207035,
              27.74836402564939
            ],
            [
              85.34589662880973,
              27.748022120667553
            ],
            [
              85.34625103011395,
              27.747513297317788
            ],
            [
              85.34632052510185,
              27.747287069024
            ],
            [
              85.34630615959031,
              27.7469420372548
            ],
            [
              85.34626610464295,
              27.746827359731146
            ],
            [
              85.34589247985957,
              27.746190348252913
            ],
            [
              85.34573026096197,
              27.745731761590402
            ],
            [
              85.34581943942524,
              27.74556165346575
            ],
            [
              85.34601760609267,
              27.745334176759123
            ],
            [
              85.34606310253476,
              27.74522093773723
            ],
            [
              85.34609667234108,
              27.744649864847364
            ],
            [
              85.34620985005529,
              27.74436676726714
            ],
            [
              85.34645470085032,
              27.743969619551716
            ],
            [
              85.34659838345088,
              27.743284683692398
            ],
            [
              85.34660557711611,
              27.742941714009433
            ],
            [
              85.34665113620399,
              27.74282841282784
            ],
            [
              85.34678581133974,
              27.742545190310313
            ],
            [
              85.34683130797349,
              27.74243195104062
            ],
            [
              85.34689655041791,
              27.742374895049398
            ],
            [
              85.34718689769515,
              27.74186450771105
            ],
            [
              85.34736713224724,
              27.741467984194184
            ],
            [
              85.3473838966936,
              27.74066693147545
            ],
            [
              85.34745332951682,
              27.74043845270186
            ],
            [
              85.34743777470116,
              27.740152103555953
            ],
            [
              85.34733904641429,
              27.739751513286997
            ],
            [
              85.34736654845929,
              27.739464726655132
            ],
            [
              85.34743535618512,
              27.739236185381404
            ],
            [
              85.34744017301205,
              27.73900833148663
            ],
            [
              85.34717559665212,
              27.738316076251095
            ],
            [
              85.34716123094358,
              27.73797335692724
            ],
            [
              85.34723066405289,
              27.737744816850334
            ],
            [
              85.34717280315957,
              27.737420469865242
            ],
            [
              85.34713137317453,
              27.737344225388732
            ],
            [
              85.34681360652607,
              27.73712849001028
            ],
            [
              85.34664263042204,
              27.737087303422985
            ],
            [
              85.34621156140236,
              27.737136542012102
            ],
            [
              85.34595434648028,
              27.73709397940009
            ],
            [
              85.34574206361647,
              27.736994546727328
            ],
            [
              85.34547004497472,
              27.736627263482976
            ],
            [
              85.34536768775477,
              27.736395907550342
            ],
            [
              85.34528626640494,
              27.736166489222718
            ],
            [
              85.3452067201128,
              27.73587857626782
            ],
            [
              85.34489958857607,
              27.735128076417197
            ],
            [
              85.34460869896971,
              27.73466623798268
            ],
            [
              85.34448715997564,
              27.73432001714064
            ],
            [
              85.34444885687202,
              27.734090287402296
            ],
            [
              85.34432738018748,
              27.733744003495058
            ],
            [
              85.34434051678791,
              27.73311443561332
            ],
            [
              85.34444295649237,
              27.732317196413064
            ],
            [
              85.34460582177176,
              27.731747124865674
            ],
            [
              85.34507333862464,
              27.730953016778297
            ],
            [
              85.34575876658951,
              27.730050733745475
            ],
            [
              85.3459616868002,
              27.729595340605567
            ],
            [
              85.34605755823925,
              27.729141007612206
            ],
            [
              85.34606475264397,
              27.728798039072238
            ],
            [
              85.34594684121134,
              27.728280333249405
            ],
            [
              85.34591210378001,
              27.727879119310888
            ],
            [
              85.34579656979568,
              27.72724629890743
            ],
            [
              85.34557211097615,
              27.726670971968275
            ],
            [
              85.34548831184212,
              27.726554481228554
            ],
            [
              85.34524291917921,
              27.725977091356373
            ],
            [
              85.34514237673294,
              27.72563293307832
            ],
            [
              85.34507477831514,
              27.724774071503038
            ],
            [
              85.34501372771136,
              27.724600960974193
            ],
            [
              85.34501973231663,
              27.724314424617862
            ],
            [
              85.34506641722065,
              27.724142503811205
            ],
            [
              85.34522384141141,
              27.72380259908506
            ],
            [
              85.34529440007157,
              27.723517688325277
            ],
            [
              85.34572492798809,
              27.72243741732933
            ],
            [
              85.34583879510355,
              27.72211601064753
            ],
            [
              85.34596571263044,
              27.72223206479986
            ],
            [
              85.34602895409371,
              27.72227206211661
            ],
            [
              85.3460431313147,
              27.72265315344639
            ],
            [
              85.34616379546706,
              27.723037745045048
            ],
            [
              85.34639307010092,
              27.72338515568717
            ],
            [
              85.34664628170229,
              27.72361732652137
            ],
            [
              85.34690005739155,
              27.723795314698457
            ],
            [
              85.34728312831693,
              27.72397211758208
            ],
            [
              85.34811413663145,
              27.724293352201606
            ],
            [
              85.34856113552358,
              27.724510089579873
            ],
            [
              85.34881365993208,
              27.724742197952306
            ],
            [
              85.34912873620354,
              27.72511142005986
            ],
            [
              85.3492085942614,
              27.725417394172663
            ],
            [
              85.3491159745805,
              27.725722927627643
            ],
            [
              85.34899503886625,
              27.726407551143655
            ],
            [
              85.34903403031383,
              27.72658084858503
            ],
            [
              85.34967832010904,
              27.726610668848178
            ],
            [
              85.35012619475708,
              27.72675072618777
            ],
            [
              85.35038122131064,
              27.726870032243472
            ],
            [
              85.3505100793921,
              27.726891345260867
            ],
            [
              85.35083059770957,
              27.726973905230484
            ],
            [
              85.35138552067467,
              27.727155773421657
            ],
            [
              85.3519620661979,
              27.72729901926209
            ],
            [
              85.35304835080541,
              27.727755371248247
            ],
            [
              85.35368882460332,
              27.7279385526979
            ],
            [
              85.35407471023636,
              27.727982180299254
            ],
            [
              85.35452264812004,
              27.728124424211813
            ],
            [
              85.35496883458595,
              27.728379471933778
            ],
            [
              85.35554450389594,
              27.728599460954467
            ],
            [
              85.35625021992077,
              27.72872564891508
            ],
            [
              85.35650862409945,
              27.728711779446396
            ],
            [
              85.35708642049515,
              27.728798655403935
            ],
            [
              85.35725864861891,
              27.728781160380105
            ],
            [
              85.35854760350965,
              27.72876624541502
            ],
            [
              85.3588715624002,
              27.728675071004066
            ],
            [
              85.35913002859736,
              27.72866126371533
            ],
            [
              85.35926026284173,
              27.72858552294905
            ],
            [
              85.35945480040859,
              27.728531718166998
            ],
            [
              85.35964815048177,
              27.72853659588425
            ],
            [
              85.35994748424729,
              27.7285990955417
            ],
            [
              85.36009571310252,
              27.728696901138832
            ],
            [
              85.36032698945988,
              27.728947257866892
            ],
            [
              85.36065630675829,
              27.729641138060373
            ],
            [
              85.36090958086592,
              27.72987549608838
            ],
            [
              85.36116122820746,
              27.730184348125746
            ],
            [
              85.36126364751837,
              27.730415703873106
            ],
            [
              85.36143062062749,
              27.73064637288864
            ],
            [
              85.36180368210262,
              27.731339754442146
            ],
            [
              85.36199384121471,
              27.731495806218803
            ],
            [
              85.36218525225587,
              27.731595424821325
            ],
            [
              85.36239790959606,
              27.731674546312195
            ],
            [
              85.36261044176595,
              27.731794289050143
            ],
            [
              85.36293133552881,
              27.731856538919757
            ],
            [
              85.36344276326506,
              27.732056778843333
            ],
            [
              85.3637618432284,
              27.732234143400774
            ],
            [
              85.36509408341092,
              27.733247386880738
            ],
            [
              85.3664934424584,
              27.734149515766376
            ],
            [
              85.36668285085351,
              27.734343876618233
            ],
            [
              85.36682932667468,
              27.73455673458824
            ],
            [
              85.36693137116345,
              27.734806151671048
            ],
            [
              85.36716264760419,
              27.735058757308167
            ],
            [
              85.36773525147305,
              27.735432108629315
            ],
            [
              85.36824749373534,
              27.73559397742164
            ],
            [
              85.36882654150766,
              27.735622046666347
            ],
            [
              85.36915056303842,
              27.735530810333636
            ],
            [
              85.3695380747828,
              27.735500006860086
            ],
            [
              85.3700566340839,
              27.735354966195985
            ],
            [
              85.37035990890044,
              27.73522791968916
            ]
          ]
        ]
      }
    },
    {
      "type": "Feature",
      "id": "ktp-context-lalitpur",
      "properties": {
        "id": "ktp-context-lalitpur",
        "name": "Lalitpur Metropolitan City",
        "name_ne": "ललितपुर महानगरपालिका",
        "feature_class": "administrative_context",
        "admin_type": "metropolitan_city",
        "source_feature_code": 25004,
        "routing_enabled": false,
        "flood_model_input": false
      },
      "geometry": {
        "type": "Polygon",
        "coordinates": [
          [
            [
              85.34365567975088,
              27.671744811218584
            ],
            [
              85.34361575060751,
              27.6715917620925
            ],
            [
              85.34343065908335,
              27.671164984906998
            ],
            [
              85.34319713034851,
              27.671027367993133
            ],
            [
              85.3422535053923,
              27.67099141877815
            ],
            [
              85.34165045809647,
              27.671096462010752
            ],
            [
              85.34137124429061,
              27.67111045583294
            ],
            [
              85.34132975141802,
              27.671034150136602
            ],
            [
              85.34114028087014,
              27.670819415598363
            ],
            [
              85.34101824165363,
              27.670473195044092
            ],
            [
              85.34087220335466,
              27.67024008895224
            ],
            [
              85.34070335405434,
              27.67010403538765
            ],
            [
              85.3404478897243,
              27.66998466692418
            ],
            [
              85.34019180000153,
              27.669921730772867
            ],
            [
              85.33993596110827,
              27.669822673610305
            ],
            [
              85.33970124370728,
              27.669741489744986
            ],
            [
              85.33948964964945,
              27.66958562499206
            ],
            [
              85.33942747282762,
              27.669468947330838
            ],
            [
              85.33936635933185,
              27.669295836201407
            ],
            [
              85.33937586826923,
              27.668776882773
            ],
            [
              85.33916765338434,
              27.66842922380614
            ],
            [
              85.33910666460116,
              27.66825611311165
            ],
            [
              85.33911561050517,
              27.66779577915696
            ],
            [
              85.33903425082511,
              27.6675642367129
            ],
            [
              85.33890777111957,
              27.667427809197658
            ],
            [
              85.33873767027326,
              27.66734825144927
            ],
            [
              85.33856644323689,
              27.66732737534185
            ],
            [
              85.33770611738633,
              27.667425914805015
            ],
            [
              85.33734322965846,
              27.667325605730547
            ],
            [
              85.33706820796718,
              27.667109433074504
            ],
            [
              85.33689904577909,
              27.666953132080135
            ],
            [
              85.33687661193925,
              27.666930820926677
            ],
            [
              85.33652029073541,
              27.666582346739037
            ],
            [
              85.33635012698059,
              27.66650503798373
            ],
            [
              85.33611422180849,
              27.666480223773842
            ],
            [
              85.33598354912195,
              27.666573963704238
            ],
            [
              85.33570226717346,
              27.666930864450084
            ],
            [
              85.33543335819802,
              27.667271829617917
            ],
            [
              85.33500366403217,
              27.667303069126852
            ],
            [
              85.33489580256716,
              27.667340189428085
            ],
            [
              85.3346548297317,
              27.667586163414775
            ],
            [
              85.3345900874471,
              27.66762284650059
            ],
            [
              85.33443948148864,
              27.667637842418074
            ],
            [
              85.33433343468113,
              27.66755991010414
            ],
            [
              85.33429275468087,
              27.66744529508915
            ],
            [
              85.33427320525675,
              27.66693109140436
            ],
            [
              85.33426402368329,
              27.666696612056512
            ],
            [
              85.33416135495732,
              27.666485504500542
            ],
            [
              85.33403531151097,
              27.666331078524358
            ],
            [
              85.33388720825589,
              27.66623320951919
            ],
            [
              85.33393846049613,
              27.665813123248356
            ],
            [
              85.33435266180457,
              27.665495595966554
            ],
            [
              85.33440235031948,
              27.66515219066467
            ],
            [
              85.33434117328608,
              27.665017451657253
            ],
            [
              85.33417107228186,
              27.664937893508473
            ],
            [
              85.33389129624761,
              27.664951824958333
            ],
            [
              85.33367888929035,
              27.664834331800375
            ],
            [
              85.33361733788043,
              27.664719841572143
            ],
            [
              85.33364227601803,
              27.664527859192905
            ],
            [
              85.33373039078818,
              27.664434494067052
            ],
            [
              85.3340534117951,
              27.66438175361709
            ],
            [
              85.33459309342372,
              27.664220902272046
            ],
            [
              85.33472370382142,
              27.664127162460044
            ],
            [
              85.33474645158233,
              27.664070542661328
            ],
            [
              85.3347484534515,
              27.66397355131908
            ],
            [
              85.3346435953882,
              27.663839187115407
            ],
            [
              85.3345173641288,
              27.663723070595097
            ],
            [
              85.33419853463542,
              27.663545706676434
            ],
            [
              85.33415716673564,
              27.66348746095157
            ],
            [
              85.33409630339577,
              27.663314350062656
            ],
            [
              85.3341016210301,
              27.66302775097455
            ],
            [
              85.33421711391584,
              27.662627351116658
            ],
            [
              85.33430510442831,
              27.66251598821376
            ],
            [
              85.33456413401312,
              27.662461622240347
            ],
            [
              85.3346276254359,
              27.66248130866377
            ],
            [
              85.3351886780806,
              27.6623585792852
            ],
            [
              85.33540846693118,
              27.662094793777275
            ],
            [
              85.33532510618755,
              27.66196024182778
            ],
            [
              85.3352403684923,
              27.661920431878134
            ],
            [
              85.33498409113847,
              27.661839434499907
            ],
            [
              85.33476999395342,
              27.66183474431247
            ],
            [
              85.33464232578022,
              27.661756998622227
            ],
            [
              85.33457958482735,
              27.66169894078227
            ],
            [
              85.33460571098094,
              27.66145058846125
            ],
            [
              85.33475863142169,
              27.661318228121495
            ],
            [
              85.33506134368513,
              27.661209304789807
            ],
            [
              85.33519357933201,
              27.661041135152836
            ],
            [
              85.33535394413202,
              27.660527433869635
            ],
            [
              85.3355292364772,
              27.66035882649775
            ],
            [
              85.33578926808144,
              27.66022996724257
            ],
            [
              85.33604804781615,
              27.66015747788148
            ],
            [
              85.33635513795151,
              27.65983651178147
            ],
            [
              85.33659367256483,
              27.659707839394592
            ],
            [
              85.33670309764547,
              27.659593976311807
            ],
            [
              85.33674859423827,
              27.659480800148522
            ],
            [
              85.33675384806773,
              27.65923257209965
            ],
            [
              85.3366497407145,
              27.65905983605063
            ],
            [
              85.33656437728627,
              27.65902008883196
            ],
            [
              85.3363927126523,
              27.65901721071981
            ],
            [
              85.33604637980909,
              27.659183003154347
            ],
            [
              85.33587546554688,
              27.659141753890786
            ],
            [
              85.33581322696423,
              27.659025075688042
            ],
            [
              85.3358192313145,
              27.658738539349653
            ],
            [
              85.33590922451201,
              27.658530121817353
            ],
            [
              85.33586810672107,
              27.65843350452443
            ],
            [
              85.33580424082396,
              27.658395756799663
            ],
            [
              85.33565657489221,
              27.658277640497413
            ],
            [
              85.33570369737271,
              27.658087658326707
            ],
            [
              85.33596748245182,
              27.65774900533377
            ],
            [
              85.33594836203616,
              27.657634202637
            ],
            [
              85.33588555926758,
              27.65757608184109
            ],
            [
              85.3358041999197,
              27.657344476345596
            ],
            [
              85.33580582565196,
              27.657267795451517
            ],
            [
              85.33624271387694,
              27.65689358687255
            ],
            [
              85.33635514164999,
              27.65660823881572
            ],
            [
              85.33623622967131,
              27.656149216144826
            ],
            [
              85.3361946744786,
              27.656070659513404
            ],
            [
              85.3361309335173,
              27.656032911592703
            ],
            [
              85.33604575803889,
              27.656011162609555
            ],
            [
              85.33544120896188,
              27.656192948820973
            ],
            [
              85.33524760906248,
              27.65620838203559
            ],
            [
              85.33497221225419,
              27.656012520005795
            ],
            [
              85.33480780357178,
              27.655666673361228
            ],
            [
              85.33481180676077,
              27.655474877809255
            ],
            [
              85.33489929744452,
              27.655381512631532
            ],
            [
              85.33532980417932,
              27.655311963911327
            ],
            [
              85.33548309975875,
              27.655161605151484
            ],
            [
              85.33544498425059,
              27.65493187465668
            ],
            [
              85.33521583390797,
              27.65458440258432
            ],
            [
              85.3350262376189,
              27.654408039835914
            ],
            [
              85.33483457712103,
              27.654328668874555
            ],
            [
              85.3347939601309,
              27.65421399081737
            ],
            [
              85.33481670806697,
              27.65415737188463
            ],
            [
              85.33492531998118,
              27.654081880461028
            ],
            [
              85.33518384938903,
              27.654029701430776
            ],
            [
              85.33524959248408,
              27.65397270797309
            ],
            [
              85.33525078036259,
              27.65391633726925
            ],
            [
              85.33512636399568,
              27.653685169380953
            ],
            [
              85.33515392910545,
              27.65339838273621
            ],
            [
              85.33500676491758,
              27.653223833690504
            ],
            [
              85.33486585507343,
              27.652783057809998
            ],
            [
              85.3348883529887,
              27.65270612803687
            ],
            [
              85.33497653059463,
              27.652612762534606
            ],
            [
              85.33512751196025,
              27.652577393735783
            ],
            [
              85.33562276087751,
              27.652471223451574
            ],
            [
              85.33573462588588,
              27.652242245905406
            ],
            [
              85.33576093947114,
              27.65201414142992
            ],
            [
              85.33615677235903,
              27.651543377559367
            ],
            [
              85.33622439128372,
              27.65137351891817
            ],
            [
              85.33622676842016,
              27.651258467402034
            ],
            [
              85.33618527604457,
              27.65117991096468
            ],
            [
              85.33603798493398,
              27.651043732889196
            ],
            [
              85.33571777956404,
              27.650963298100145
            ],
            [
              85.3355901731625,
              27.650883365825656
            ],
            [
              85.3355070612559,
              27.650769062142693
            ],
            [
              85.33544607303324,
              27.65059595172114
            ],
            [
              85.3354484502372,
              27.65048083701919
            ],
            [
              85.33553681558875,
              27.650349225161868
            ],
            [
              85.33566698744792,
              27.65027348400079
            ],
            [
              85.33573160425573,
              27.650275110091165
            ],
            [
              85.33605556398615,
              27.650147939421526
            ],
            [
              85.33627316293416,
              27.650017267039544
            ],
            [
              85.33677679415534,
              27.6495093206585
            ],
            [
              85.33697539873053,
              27.64922766187882
            ],
            [
              85.33695665456209,
              27.64909248546476
            ],
            [
              85.33668275731995,
              27.64885825208398
            ],
            [
              85.3364106130237,
              27.64851121677842
            ],
            [
              85.33633413288442,
              27.648051756438157
            ],
            [
              85.33627351910633,
              27.647858398041308
            ],
            [
              85.33640287848598,
              27.64782321566705
            ],
            [
              85.3367490847157,
              27.647695857956982
            ],
            [
              85.33702698481527,
              27.64773829650779
            ],
            [
              85.3373703144868,
              27.64774398868927
            ],
            [
              85.33788168118431,
              27.64792404300899
            ],
            [
              85.33813883464835,
              27.647928297248885
            ],
            [
              85.33856996663127,
              27.64785874759254
            ],
            [
              85.33878731581187,
              27.64771001471417
            ],
            [
              85.33896054410722,
              27.647636149483883
            ],
            [
              85.33938898716985,
              27.647663590950227
            ],
            [
              85.34007364405447,
              27.647769780466163
            ],
            [
              85.34033329979822,
              27.64766123202091
            ],
            [
              85.34059189173604,
              27.647627113535894
            ],
            [
              85.34084704323037,
              27.647726171432712
            ],
            [
              85.34118956005567,
              27.64777023613038
            ],
            [
              85.34144721292253,
              27.64775649159083
            ],
            [
              85.3417298669573,
              27.64756876259022
            ],
            [
              85.34198414259028,
              27.647746750690654
            ],
            [
              85.34258087196437,
              27.647966553239172
            ],
            [
              85.34326690595017,
              27.647978000954925
            ],
            [
              85.34360629467805,
              27.64817548888449
            ],
            [
              85.34377714589336,
              27.64821667550376
            ],
            [
              85.34472095884834,
              27.648232314380355
            ],
            [
              85.34583236899849,
              27.648480997667118
            ],
            [
              85.34608989807761,
              27.648464940119382
            ],
            [
              85.34652071820447,
              27.648377268242424
            ],
            [
              85.34729974685229,
              27.64806518371558
            ],
            [
              85.34779999912602,
              27.647749032346496
            ],
            [
              85.34819339221568,
              27.647393258718783
            ],
            [
              85.34856322405453,
              27.64713247529202
            ],
            [
              85.3490008620386,
              27.64671989458864
            ],
            [
              85.34924208580836,
              27.646455859798785
            ],
            [
              85.34955242975481,
              27.64594528565893
            ],
            [
              85.35026959456661,
              27.645498399675066
            ],
            [
              85.35040095502832,
              27.645368538365005
            ],
            [
              85.3505746215946,
              27.645274237665134
            ],
            [
              85.35070566905584,
              27.645162499555614
            ],
            [
              85.35086015227716,
              27.644955707763923
            ],
            [
              85.3514517098505,
              27.644451387674412
            ],
            [
              85.35166930911942,
              27.64432071523017
            ],
            [
              85.35184241165891,
              27.644287408559503
            ],
            [
              85.35190166932142,
              27.64354466390723
            ],
            [
              85.35197103953287,
              27.64331612272161
            ],
            [
              85.35201653576853,
              27.64320288412409
            ],
            [
              85.35215490167971,
              27.642766113023026
            ],
            [
              85.35232383381536,
              27.641929815813587
            ],
            [
              85.35248465520507,
              27.640482197840626
            ],
            [
              85.35246791175703,
              27.64025453063074
            ],
            [
              85.35238880358058,
              27.639948494726568
            ],
            [
              85.3523935572138,
              27.639718327603873
            ],
            [
              85.3524931195702,
              27.639110509172642
            ],
            [
              85.35229497389061,
              27.63834319982769
            ],
            [
              85.35229972810629,
              27.638115282250613
            ],
            [
              85.3524185980623,
              27.637581707243857
            ],
            [
              85.35250790174773,
              27.63743197267698
            ],
            [
              85.35264733020966,
              27.636977140561097
            ],
            [
              85.35305091697349,
              27.636219777803166
            ],
            [
              85.35309841530018,
              27.63601179690009
            ],
            [
              85.35310354427965,
              27.635763569637255
            ],
            [
              85.35302606258259,
              27.635380789691027
            ],
            [
              85.35263050188782,
              27.634782399431284
            ],
            [
              85.35248834151128,
              27.634397931746307
            ],
            [
              85.3522822512839,
              27.634011963111565
            ],
            [
              85.3520410487369,
              27.633245028224678
            ],
            [
              85.35211523588505,
              27.63278857027777
            ],
            [
              85.35244782665056,
              27.63233642887372
            ],
            [
              85.35260137122424,
              27.6322063177935
            ],
            [
              85.35245258086164,
              27.632108512022196
            ],
            [
              85.3522825417694,
              27.632028953421067
            ],
            [
              85.3518533500953,
              27.631983512912466
            ],
            [
              85.35159507115803,
              27.631997319842643
            ],
            [
              85.35142465693788,
              27.631935822919623
            ],
            [
              85.35108114107989,
              27.63191206910986
            ],
            [
              85.35031174660207,
              27.631705262655853
            ],
            [
              85.35011795964813,
              27.631702634791882
            ],
            [
              85.34959996315061,
              27.631806929950525
            ],
            [
              85.34934299785917,
              27.631764366968408
            ],
            [
              85.34891011574376,
              27.631890348226367
            ],
            [
              85.34822264440231,
              27.631858715022666
            ],
            [
              85.34779564008339,
              27.631736532030498
            ],
            [
              85.34745493848072,
              27.631577415345692
            ],
            [
              85.34719791085327,
              27.63153479030113
            ],
            [
              85.34651106530653,
              27.6315030946306
            ],
            [
              85.34625453733024,
              27.631440158756043
            ],
            [
              85.34582528297605,
              27.63139471810711
            ],
            [
              85.34565480598974,
              27.631335470509438
            ],
            [
              85.34542259114994,
              27.63113917237054
            ],
            [
              85.34525255231794,
              27.631059613983993
            ],
            [
              85.34518874930956,
              27.63102186589818
            ],
            [
              85.34495246814693,
              27.631017424916376
            ],
            [
              85.34469243848628,
              27.631087602457487
            ],
            [
              85.3446508197786,
              27.631049666994805
            ],
            [
              85.34390361120447,
              27.630788428361946
            ],
            [
              85.34354360084347,
              27.630552819043935
            ],
            [
              85.34326707789717,
              27.630413389614244
            ],
            [
              85.34316203176475,
              27.630315209434258
            ],
            [
              85.34297524964546,
              27.63000785894884
            ],
            [
              85.34274178389953,
              27.62987024212699
            ],
            [
              85.34256868047567,
              27.62990354871772
            ],
            [
              85.34204411691259,
              27.63029438002788
            ],
            [
              85.3416969724245,
              27.630442111746383
            ],
            [
              85.34126752878767,
              27.63043273002023
            ],
            [
              85.34032715840051,
              27.63016886393818
            ],
            [
              85.33973086793888,
              27.629928687717314
            ],
            [
              85.33921631201568,
              27.62984343732248
            ],
            [
              85.33809946037145,
              27.629802360690164
            ],
            [
              85.33784124401471,
              27.62981835481832
            ],
            [
              85.33775431703229,
              27.62985303764826
            ],
            [
              85.3375575278071,
              27.630021894227113
            ],
            [
              85.33719489058055,
              27.629880963819947
            ],
            [
              85.3371310876331,
              27.629843278704563
            ],
            [
              85.33711077911316,
              27.629784783348626
            ],
            [
              85.33731601257014,
              27.62927295739998
            ],
            [
              85.33753354846745,
              27.629144535791166
            ],
            [
              85.33779876988373,
              27.628823880996006
            ],
            [
              85.33818859628094,
              27.628698336264506
            ],
            [
              85.33851899829558,
              27.628322937835364
            ],
            [
              85.33864860558688,
              27.6283058160615
            ],
            [
              85.33877515012706,
              27.628403934001227
            ],
            [
              85.33908409613575,
              27.629019071359256
            ],
            [
              85.33920982683121,
              27.629155436504476
            ],
            [
              85.33930986874063,
              27.629519967798515
            ],
            [
              85.3394149155508,
              27.629618210567013
            ],
            [
              85.33960770221069,
              27.629641149364808
            ],
            [
              85.34031829681723,
              27.62959591518112
            ],
            [
              85.34047059075921,
              27.629522236511377
            ],
            [
              85.34060464036095,
              27.629295384216917
            ],
            [
              85.3405855196331,
              27.62918051945104
            ],
            [
              85.34035768359232,
              27.62877661393072
            ],
            [
              85.34009223134252,
              27.62814297941733
            ],
            [
              85.34007736375945,
              27.627854442795623
            ],
            [
              85.34012404858754,
              27.62768477095691
            ],
            [
              85.3402340991276,
              27.62757315809307
            ],
            [
              85.34036389581354,
              27.627517789520144
            ],
            [
              85.34075046912939,
              27.627543293630257
            ],
            [
              85.34094081624372,
              27.627681409427634
            ],
            [
              85.34132451235416,
              27.62784008907972
            ],
            [
              85.34164934611707,
              27.627730916898823
            ],
            [
              85.34197536902823,
              27.627565373993573
            ],
            [
              85.34223514966266,
              27.627474886315955
            ],
            [
              85.34251949084205,
              27.62727134694473
            ],
            [
              85.34265166431386,
              27.627100863993686
            ],
            [
              85.34279472149393,
              27.6264746099019
            ],
            [
              85.34288646399446,
              27.626209760196357
            ],
            [
              85.34269530454246,
              27.626110078757875
            ],
            [
              85.34260994085274,
              27.62607033087609
            ],
            [
              85.34240203748276,
              27.62574298227977
            ],
            [
              85.34231973981967,
              27.625588119746308
            ],
            [
              85.34219319531626,
              27.62549006365675
            ],
            [
              85.34206477621015,
              27.6254506905311
            ],
            [
              85.34165632959149,
              27.62544337219423
            ],
            [
              85.34152853471299,
              27.625401748330052
            ],
            [
              85.34140130422453,
              27.62530369271185
            ],
            [
              85.34120208107412,
              27.62526725490299
            ],
            [
              85.34099898357982,
              27.62522863081817
            ],
            [
              85.34088318811222,
              27.625132762491738
            ],
            [
              85.33980602680629,
              27.62471003288673
            ],
            [
              85.33970279305468,
              27.624602728254526
            ],
            [
              85.3396383711992,
              27.6242559454628
            ],
            [
              85.33956731957923,
              27.62413932963869
            ],
            [
              85.33884098893276,
              27.62361392734724
            ],
            [
              85.33857215586167,
              27.623323261760085
            ],
            [
              85.33842374375027,
              27.623040472798948
            ],
            [
              85.337919629172,
              27.622722680150396
            ],
            [
              85.33797762651538,
              27.62249432678982
            ],
            [
              85.33793613729479,
              27.62220591458086
            ],
            [
              85.33775816143229,
              27.622200911996558
            ],
            [
              85.33729391051637,
              27.62218959324067
            ],
            [
              85.33652545081817,
              27.622102213293036
            ],
            [
              85.33557345063443,
              27.62212719563483
            ],
            [
              85.33367797442092,
              27.621001640830894
            ],
            [
              85.3327301767159,
              27.620275253046305
            ],
            [
              85.33248940128954,
              27.620002461112197
            ],
            [
              85.3323662980279,
              27.619766730673472
            ],
            [
              85.33184412625214,
              27.619318324464064
            ],
            [
              85.33169277491801,
              27.619103278949247
            ],
            [
              85.33138450195636,
              27.6191602692825
            ],
            [
              85.33108379092614,
              27.619217321737615
            ],
            [
              85.33058216781492,
              27.61931011719409
            ],
            [
              85.32920371331478,
              27.619880544293245
            ],
            [
              85.32811691255668,
              27.620172937276937
            ],
            [
              85.32724008891232,
              27.62028735087864
            ],
            [
              85.32664285222866,
              27.620435203061493
            ],
            [
              85.32625152684243,
              27.620538124888732
            ],
            [
              85.32589619453734,
              27.620735663957124
            ],
            [
              85.32537237158796,
              27.621564018346916
            ],
            [
              85.32520901471337,
              27.621770872058498
            ],
            [
              85.32458839236376,
              27.622555104498552
            ],
            [
              85.32401063077914,
              27.62379235876941
            ],
            [
              85.32401687144845,
              27.6242502554411
            ],
            [
              85.32465270370285,
              27.62526611170039
            ],
            [
              85.32468007186677,
              27.625437346651854
            ],
            [
              85.32472924678193,
              27.625732383972384
            ],
            [
              85.32472505553014,
              27.625962550298294
            ],
            [
              85.32486771565644,
              27.626346955573993
            ],
            [
              85.32497057268546,
              27.62657831195187
            ],
            [
              85.32517903837382,
              27.626905723181732
            ],
            [
              85.32538669125768,
              27.627271444000872
            ],
            [
              85.32534238293054,
              27.62732825045126
            ],
            [
              85.32519190306819,
              27.627345496970584
            ],
            [
              85.32484857382813,
              27.627281059052827
            ],
            [
              85.32407542765768,
              27.62722980108571
            ],
            [
              85.32381971358215,
              27.627130743768696
            ],
            [
              85.32341577183331,
              27.626875197400718
            ],
            [
              85.32315880697884,
              27.626832509483517
            ],
            [
              85.32279297917755,
              27.62684725236812
            ],
            [
              85.32247121105358,
              27.62678262811959
            ],
            [
              85.32204114285173,
              27.626775497030714
            ],
            [
              85.3216964998717,
              27.626808051016
            ],
            [
              85.32109639405618,
              27.626721299045503
            ],
            [
              85.3199872366888,
              27.626264884143097
            ],
            [
              85.31981694894144,
              27.626165015309894
            ],
            [
              85.31930364431703,
              27.62602320751923
            ],
            [
              85.31898406435,
              27.62588408928354
            ],
            [
              85.31885570785239,
              27.625844778684677
            ],
            [
              85.31859930608387,
              27.625743408875596
            ],
            [
              85.3183447807309,
              27.62558560599923
            ],
            [
              85.31808762828845,
              27.6255249196575
            ],
            [
              85.31705269913923,
              27.62566120313729
            ],
            [
              85.31679366974423,
              27.62571319479405
            ],
            [
              85.31661937885734,
              27.625805121231
            ],
            [
              85.31601526920215,
              27.625910101217926
            ],
            [
              85.31567218996211,
              27.625865974796387
            ],
            [
              85.31535079707639,
              27.62578328995821
            ],
            [
              85.31511783048042,
              27.62562761285145
            ],
            [
              85.31492810910217,
              27.625433126540216
            ],
            [
              85.31458515686738,
              27.625350628913974
            ],
            [
              85.31406841094666,
              27.6254006785076
            ],
            [
              85.31372533291481,
              27.625356551704943
            ],
            [
              85.3134665543668,
              27.625370233397433
            ],
            [
              85.31260141249452,
              27.62562207211105
            ],
            [
              85.31199630256623,
              27.625747363855318
            ],
            [
              85.31177876641979,
              27.625875785739733
            ],
            [
              85.31150568409815,
              27.625546748894674
            ],
            [
              85.31127628016763,
              27.625372947844856
            ],
            [
              85.3111408009477,
              27.62526820549264
            ],
            [
              85.31065955913384,
              27.624891481001928
            ],
            [
              85.31051633342894,
              27.624615379274758
            ],
            [
              85.30995379564263,
              27.62401154993374
            ],
            [
              85.30968224136473,
              27.62231313407512
            ],
            [
              85.30972674421173,
              27.62185023872667
            ],
            [
              85.30998627773715,
              27.62163345068333
            ],
            [
              85.31034330669023,
              27.620935269075424
            ],
            [
              85.31045417542593,
              27.620516870930583
            ],
            [
              85.3104700584959,
              27.620040726248945
            ],
            [
              85.31067029306989,
              27.61951996342346
            ],
            [
              85.30992003921831,
              27.61840811375557
            ],
            [
              85.30985836592552,
              27.61812445129414
            ],
            [
              85.31004472246079,
              27.617818106352814
            ],
            [
              85.31051329427147,
              27.617396338854466
            ],
            [
              85.31087537511972,
              27.617230485417615
            ],
            [
              85.31140311938418,
              27.617151062457495
            ],
            [
              85.31170202039968,
              27.61699483150159
            ],
            [
              85.3117810750044,
              27.616881280414834
            ],
            [
              85.31175133448475,
              27.61661761680842
            ],
            [
              85.31154836495638,
              27.61642556855965
            ],
            [
              85.31042307960836,
              27.616253440371946
            ],
            [
              85.3098677099143,
              27.61651359612977
            ],
            [
              85.30801501314906,
              27.616718360090314
            ],
            [
              85.3075272693867,
              27.616486059665462
            ],
            [
              85.30724674884257,
              27.616269886954797
            ],
            [
              85.30687930524205,
              27.615883041535366
            ],
            [
              85.30658203449723,
              27.615743737371428
            ],
            [
              85.30600292616252,
              27.61560255320609
            ],
            [
              85.3050742331634,
              27.61577589711545
            ],
            [
              85.30259600421957,
              27.615449573927336
            ],
            [
              85.30227811227665,
              27.615281146447906
            ],
            [
              85.3020800815722,
              27.615025790506802
            ],
            [
              85.30206277300438,
              27.61490186386541
            ],
            [
              85.30220813500539,
              27.614614016287813
            ],
            [
              85.30252372551733,
              27.614261366928943
            ],
            [
              85.303035352109,
              27.61394302802091
            ],
            [
              85.30315508919841,
              27.613792980871892
            ],
            [
              85.30322527153497,
              27.613623122600266
            ],
            [
              85.3032430921556,
              27.613097294107785
            ],
            [
              85.30301551581071,
              27.612163249322002
            ],
            [
              85.30242043090003,
              27.610991220175823
            ],
            [
              85.3023566981058,
              27.610579006070484
            ],
            [
              85.30221034831591,
              27.610300654062996
            ],
            [
              85.30135127794364,
              27.610094345643937
            ],
            [
              85.30080028898678,
              27.61008146347927
            ],
            [
              85.30000689116903,
              27.610176880274356
            ],
            [
              85.29974430316267,
              27.61008232059578
            ],
            [
              85.29962201080963,
              27.609860089545062
            ],
            [
              85.29958083481057,
              27.609589801239014
            ],
            [
              85.30020208635482,
              27.60853496706363
            ],
            [
              85.3002238350812,
              27.608446788263368
            ],
            [
              85.30035020418171,
              27.60794252350604
            ],
            [
              85.30039495037371,
              27.607813535519526
            ],
            [
              85.30041470055778,
              27.607718606649517
            ],
            [
              85.30055800211755,
              27.607311208030765
            ],
            [
              85.30060762719928,
              27.606956553487255
            ],
            [
              85.30056357410913,
              27.60681481502833
            ],
            [
              85.3003696651692,
              27.60664063974791
            ],
            [
              85.29998052265871,
              27.606978228484163
            ],
            [
              85.29970691966193,
              27.607668850475047
            ],
            [
              85.29948613416644,
              27.607790459472053
            ],
            [
              85.29873591957733,
              27.607842630861395
            ],
            [
              85.29868098841352,
              27.607861190801113
            ],
            [
              85.29842677163586,
              27.607881621882917
            ],
            [
              85.29807962993026,
              27.60791192576472
            ],
            [
              85.29790602615489,
              27.607958669647264
            ],
            [
              85.29762024415629,
              27.608315507597652
            ],
            [
              85.29745744265931,
              27.608847208460546
            ],
            [
              85.29734664286525,
              27.6089497588275
            ],
            [
              85.29671053235512,
              27.60928728056881
            ],
            [
              85.2964736257463,
              27.609280527256235
            ],
            [
              85.29634445583447,
              27.609277213116606
            ],
            [
              85.2960013151339,
              27.60921721280753
            ],
            [
              85.29576653652374,
              27.609070535696272
            ],
            [
              85.29570549523714,
              27.608401093686624
            ],
            [
              85.29558795549893,
              27.60804349937806
            ],
            [
              85.29548397158084,
              27.607927132431847
            ],
            [
              85.29534467958521,
              27.607817890841584
            ],
            [
              85.29525369389556,
              27.607726272048144
            ],
            [
              85.29508159615462,
              27.607518038151706
            ],
            [
              85.29437914906106,
              27.606410188488145
            ],
            [
              85.29432128436314,
              27.606390314488632
            ],
            [
              85.29404855779478,
              27.606669248955356
            ],
            [
              85.29403850045422,
              27.60667953516111
            ],
            [
              85.29402805652698,
              27.60699588633721
            ],
            [
              85.29401749685012,
              27.607315923010816
            ],
            [
              85.29407309906185,
              27.607574837896347
            ],
            [
              85.29406340931382,
              27.60788174126955
            ],
            [
              85.29388059382929,
              27.608322653060718
            ],
            [
              85.29383805400865,
              27.608425250020268
            ],
            [
              85.29374391908799,
              27.608510592575247
            ],
            [
              85.29310138662093,
              27.609093125153333
            ],
            [
              85.29265055064776,
              27.609682699944898
            ],
            [
              85.29235252971787,
              27.61007245216393
            ],
            [
              85.29211430636376,
              27.6102731183206
            ],
            [
              85.29174413412335,
              27.610463122701717
            ],
            [
              85.2913263476763,
              27.610677564523616
            ],
            [
              85.29084328209099,
              27.611056535802952
            ],
            [
              85.29044075509731,
              27.611389615629605
            ],
            [
              85.29044073127432,
              27.611389657360757
            ],
            [
              85.29013078511757,
              27.611900189877197
            ],
            [
              85.29014494521999,
              27.612053578919465
            ],
            [
              85.29015907758293,
              27.612206671329858
            ],
            [
              85.29053538547772,
              27.612491601499716
            ],
            [
              85.29054171431198,
              27.612496401066682
            ],
            [
              85.29066904887692,
              27.612492499575996
            ],
            [
              85.29117841180341,
              27.61247693462862
            ],
            [
              85.29165125339632,
              27.61235973579567
            ],
            [
              85.29191135164983,
              27.61225591889304
            ],
            [
              85.29212831148509,
              27.612170321702905
            ],
            [
              85.29292179734068,
              27.612077203717227
            ],
            [
              85.2930898499336,
              27.61210045319779
            ],
            [
              85.2933845034732,
              27.612283416371113
            ],
            [
              85.29361349301875,
              27.612427192419247
            ],
            [
              85.29368417681677,
              27.61263590604394
            ],
            [
              85.29368430812622,
              27.612636304575194
            ],
            [
              85.29368458888474,
              27.612643128482766
            ],
            [
              85.29370104093879,
              27.613033208676157
            ],
            [
              85.29355786412233,
              27.613406798097955
            ],
            [
              85.2926266386178,
              27.615195434022038
            ],
            [
              85.29232978600082,
              27.61601029414941
            ],
            [
              85.29224322224893,
              27.616622488996672
            ],
            [
              85.29211875970981,
              27.61750235130022
            ],
            [
              85.29211337565012,
              27.617540527103273
            ],
            [
              85.2921128589843,
              27.61754415137127
            ],
            [
              85.29210910461681,
              27.61755830772052
            ],
            [
              85.29172667993707,
              27.619005078018127
            ],
            [
              85.29175029360293,
              27.619395168271204
            ],
            [
              85.2919418130126,
              27.61978799476414
            ],
            [
              85.29213241083919,
              27.620178915568754
            ],
            [
              85.29279125011664,
              27.620856305500013
            ],
            [
              85.2927912696388,
              27.620856328780057
            ],
            [
              85.29303577487458,
              27.621187904164007
            ],
            [
              85.29303578236832,
              27.621187938384633
            ],
            [
              85.29313219392368,
              27.621473566655446
            ],
            [
              85.29315410030733,
              27.621639478288678
            ],
            [
              85.29317948391774,
              27.62183179006194
            ],
            [
              85.29315012394311,
              27.622016530428144
            ],
            [
              85.29304911838346,
              27.622651896808275
            ],
            [
              85.29305521292194,
              27.624084394127706
            ],
            [
              85.29294520143313,
              27.624900462213436
            ],
            [
              85.29289564737742,
              27.625267972233896
            ],
            [
              85.2928775850712,
              27.62539902287961
            ],
            [
              85.29276709134885,
              27.625801609708105
            ],
            [
              85.29291287427911,
              27.626032600542477
            ],
            [
              85.29303795112763,
              27.626138131260063
            ],
            [
              85.29316677958798,
              27.62624682762637
            ],
            [
              85.29348592119578,
              27.626406255178775
            ],
            [
              85.29351874741228,
              27.62640844955217
            ],
            [
              85.29387243909729,
              27.62643199920977
            ],
            [
              85.29392280575489,
              27.626447455487806
            ],
            [
              85.29400078996287,
              27.62647138283058
            ],
            [
              85.2943231842671,
              27.62647738774892
            ],
            [
              85.29480075102488,
              27.62627441303233
            ],
            [
              85.29512070543096,
              27.626395532133923
            ],
            [
              85.29520236438816,
              27.626606828198923
            ],
            [
              85.29520069737994,
              27.62668460371322
            ],
            [
              85.29519907728503,
              27.626760253682264
            ],
            [
              85.29508714126325,
              27.62698690668947
            ],
            [
              85.29504912018027,
              27.62706345240022
            ],
            [
              85.2949745832638,
              27.62721351939638
            ],
            [
              85.29449566058655,
              27.627759173874516
            ],
            [
              85.29424786350575,
              27.628041495099936
            ],
            [
              85.2941262208156,
              27.62815354265437
            ],
            [
              85.29365654162628,
              27.628586186902087
            ],
            [
              85.29352769219373,
              27.62873210706231
            ],
            [
              85.29352399375769,
              27.628736296116035
            ],
            [
              85.29330115315972,
              27.629115133531695
            ],
            [
              85.29318695753271,
              27.629418487768003
            ],
            [
              85.29319864713258,
              27.6302335254251
            ],
            [
              85.29320449759545,
              27.630640994984972
            ],
            [
              85.29313554898658,
              27.630867717600054
            ],
            [
              85.2931349968954,
              27.630869535630314
            ],
            [
              85.29313499015387,
              27.630869565471777
            ],
            [
              85.29310687460026,
              27.63117438286337
            ],
            [
              85.29299106977817,
              27.631554472315727
            ],
            [
              85.29285270279176,
              27.632011491489433
            ],
            [
              85.29282664723938,
              27.632221482800084
            ],
            [
              85.29286481449273,
              27.63245125386608
            ],
            [
              85.292838124768,
              27.6325782347883
            ],
            [
              85.29281681949738,
              27.632679555954336
            ],
            [
              85.2929378585129,
              27.63306189861791
            ],
            [
              85.29296067847748,
              27.633150309540138
            ],
            [
              85.2930174649833,
              27.633370246945226
            ],
            [
              85.29310293337761,
              27.633562671311
            ],
            [
              85.29312026065128,
              27.633601665828305
            ],
            [
              85.29311531886944,
              27.63382952050441
            ],
            [
              85.29306900911537,
              27.63398113077648
            ],
            [
              85.29268976594214,
              27.63436483468495
            ],
            [
              85.29258518820758,
              27.634470641692015
            ],
            [
              85.29257092832569,
              27.634479617931323
            ],
            [
              85.29249782350456,
              27.634525634884948
            ],
            [
              85.29208843435273,
              27.63464273288762
            ],
            [
              85.29180484937892,
              27.63472384673357
            ],
            [
              85.2910848918209,
              27.634870798515692
            ],
            [
              85.29050787953034,
              27.63498857167687
            ],
            [
              85.2900741218864,
              27.635152790018374
            ],
            [
              85.2898083071678,
              27.635294581156494
            ],
            [
              85.2897254856341,
              27.635338766793154
            ],
            [
              85.28942239579891,
              27.635576178141513
            ],
            [
              85.28922216967975,
              27.6357314742597
            ],
            [
              85.28916529491414,
              27.63576205228328
            ],
            [
              85.28898306401817,
              27.635860022171393
            ],
            [
              85.28856718378694,
              27.636197796107147
            ],
            [
              85.28837374511892,
              27.63631746424086
            ],
            [
              85.28817486111596,
              27.63644052421365
            ],
            [
              85.2881748360204,
              27.636440544299095
            ],
            [
              85.2881086130008,
              27.63651563566138
            ],
            [
              85.28715065107723,
              27.637072696651604
            ],
            [
              85.28695982582794,
              27.637210664169636
            ],
            [
              85.28686619898957,
              27.637278359806288
            ],
            [
              85.28665483870509,
              27.637459552942516
            ],
            [
              85.28658153108378,
              27.637522399058472
            ],
            [
              85.28640536598076,
              27.637729320630083
            ],
            [
              85.28635129231645,
              27.637821691874247
            ],
            [
              85.28627126413149,
              27.637958414048985
            ],
            [
              85.28552761374274,
              27.638798060042696
            ],
            [
              85.2855218354124,
              27.638804584587955
            ],
            [
              85.28508151914255,
              27.639275650965594
            ],
            [
              85.28466006181503,
              27.6398999632321
            ],
            [
              85.28417211281578,
              27.640579019444694
            ],
            [
              85.28340201004266,
              27.641389246403552
            ],
            [
              85.28333516167876,
              27.641520594921392
            ],
            [
              85.28320015840194,
              27.641785900107568
            ],
            [
              85.28319695877764,
              27.641796521870326
            ],
            [
              85.28317696825454,
              27.641862825251955
            ],
            [
              85.28277014597901,
              27.642587817867497
            ],
            [
              85.28275194562366,
              27.642620250893895
            ],
            [
              85.28259202015258,
              27.64307514447039
            ],
            [
              85.28259165728532,
              27.64307704643724
            ],
            [
              85.28251920945483,
              27.643457109248065
            ],
            [
              85.28235859695687,
              27.64391200349771
            ],
            [
              85.28239086324847,
              27.64413108744816
            ],
            [
              85.28241500828696,
              27.644295026191717
            ],
            [
              85.28251487613083,
              27.644659563132084
            ],
            [
              85.28278951923508,
              27.64491198281262
            ],
            [
              85.28304360712679,
              27.64508778418377
            ],
            [
              85.28362121488858,
              27.645251653839747
            ],
            [
              85.28394367240199,
              27.645255471023116
            ],
            [
              85.28478643987789,
              27.645078437569797
            ],
            [
              85.28511133602272,
              27.64496939038154
            ],
            [
              85.28543742208478,
              27.644801660443335
            ],
            [
              85.28580743973951,
              27.64459749750629
            ],
            [
              85.28604841171602,
              27.644410268194058
            ],
            [
              85.28630831612664,
              27.644319843446723
            ],
            [
              85.28669532736508,
              27.644325286951037
            ],
            [
              85.2869521044857,
              27.644406408142846
            ],
            [
              85.2873988529323,
              27.644641394852314
            ],
            [
              85.28754489306998,
              27.64483625400717
            ],
            [
              85.28764599784341,
              27.645142165726504
            ],
            [
              85.28764274531832,
              27.645295589692925
            ],
            [
              85.28755062635867,
              27.645598748812155
            ],
            [
              85.28725915379134,
              27.646129321490925
            ],
            [
              85.28721021646675,
              27.64643441841021
            ],
            [
              85.28709585030762,
              27.646737701674756
            ],
            [
              85.2870894076501,
              27.647044548972726
            ],
            [
              85.28701984977171,
              27.647273089847573
            ],
            [
              85.28700902738312,
              27.647807853937294
            ],
            [
              85.28686177986468,
              27.6486461509507
            ],
            [
              85.28685521204338,
              27.64895074880342
            ],
            [
              85.28691000772692,
              27.649410458238826
            ],
            [
              85.28725644355148,
              27.650332194217036
            ],
            [
              85.28738079769882,
              27.65056342465592
            ],
            [
              85.2876515653973,
              27.650969205731418
            ],
            [
              85.28788234221255,
              27.651260370289304
            ],
            [
              85.28819454080292,
              27.65174245753667
            ],
            [
              85.2885094286881,
              27.652129802587815
            ],
            [
              85.28876232822195,
              27.65236209803345
            ],
            [
              85.28901685421192,
              27.652519900932287
            ],
            [
              85.28942160603873,
              27.652838816282593
            ],
            [
              85.2899060965444,
              27.653222227636103
            ],
            [
              85.29009788258496,
              27.653319721575336
            ],
            [
              85.29041546075291,
              27.653555893036746
            ],
            [
              85.29096938110081,
              27.65385075072861
            ],
            [
              85.29135026229326,
              27.65414504268155
            ],
            [
              85.29141450380519,
              27.65416472963122
            ],
            [
              85.29185862408504,
              27.65455313908595
            ],
            [
              85.29236836285054,
              27.654868681829885
            ],
            [
              85.29262276331737,
              27.655064856168348
            ],
            [
              85.2931727439591,
              27.65551319971748
            ],
            [
              85.29340477118613,
              27.6557456195144
            ],
            [
              85.29373796516974,
              27.656286201290364
            ],
            [
              85.29392368371775,
              27.656672482663918
            ],
            [
              85.29398010553741,
              27.657055449091377
            ],
            [
              85.2938162401319,
              27.657663829282136
            ],
            [
              85.29375005986014,
              27.657738946406656
            ],
            [
              85.2937035622256,
              27.65789049430764
            ],
            [
              85.29364974636877,
              27.65842338377122
            ],
            [
              85.29370948385537,
              27.658655238797863
            ],
            [
              85.29402093132664,
              27.659175697274623
            ],
            [
              85.2942935761245,
              27.659525044971794
            ],
            [
              85.2946105277736,
              27.6598153986155
            ],
            [
              85.2947381970166,
              27.659895393714667
            ],
            [
              85.29505859016585,
              27.65999620239758
            ],
            [
              85.29525206435444,
              27.660019203402324
            ],
            [
              85.2954857181265,
              27.660174943532006
            ],
            [
              85.2956947475774,
              27.660445922239923
            ],
            [
              85.29594914687273,
              27.66064209617844
            ],
            [
              85.29607750434928,
              27.660681470300535
            ],
            [
              85.2963377215854,
              27.660609168244903
            ],
            [
              85.29661793530802,
              27.660577175466255
            ],
            [
              85.29678859829541,
              27.660656796139776
            ],
            [
              85.29691539184076,
              27.660772975416197
            ],
            [
              85.29701493320178,
              27.66115550497587
            ],
            [
              85.29697216816484,
              27.662148478180953
            ],
            [
              85.29687685939525,
              27.662605060027328
            ],
            [
              85.29675855188374,
              27.663100263929657
            ],
            [
              85.29669105878037,
              27.663234000421937
            ],
            [
              85.29657031230062,
              27.663841944547023
            ],
            [
              85.29640863530776,
              27.664373581256967
            ],
            [
              85.29638225837334,
              27.664603935637693
            ],
            [
              85.2965614713823,
              27.665294875626028
            ],
            [
              85.29718786917329,
              27.666202679324286
            ],
            [
              85.29752600567839,
              27.666512969864304
            ],
            [
              85.2977133503999,
              27.66682263241102
            ],
            [
              85.29772603325209,
              27.666928560766884
            ],
            [
              85.29774996431918,
              27.66712904293011
            ],
            [
              85.29771989552452,
              27.667589563825217
            ],
            [
              85.29758146790662,
              27.668046583063227
            ],
            [
              85.29736061612984,
              27.66833061618345
            ],
            [
              85.29703321746948,
              27.668554778441894
            ],
            [
              85.29686030158369,
              27.668608270863764
            ],
            [
              85.29642810623795,
              27.668698067969338
            ],
            [
              85.29539349244527,
              27.668737047936325
            ],
            [
              85.29504778643471,
              27.66880797383801
            ],
            [
              85.29487549680184,
              27.66880509558464
            ],
            [
              85.2947018942454,
              27.668858588152794
            ],
            [
              85.294530229155,
              27.668855648591133
            ],
            [
              85.29375126588867,
              27.669034432160682
            ],
            [
              85.29346942562856,
              27.66914529255941
            ],
            [
              85.29331638091104,
              27.66927759090129
            ],
            [
              85.29313958742354,
              27.669484507095515
            ],
            [
              85.29261345876033,
              27.66999251519892
            ],
            [
              85.29208507832084,
              27.670633636513447
            ],
            [
              85.29177460848904,
              27.67116664655888
            ],
            [
              85.29164005728393,
              27.6714701788135
            ],
            [
              85.29159337179085,
              27.671698470242372
            ],
            [
              85.29160898804048,
              27.672005130641846
            ],
            [
              85.29162160121473,
              27.672485525450224
            ],
            [
              85.29167896076463,
              27.672888802936384
            ],
            [
              85.29193029496813,
              27.67325646061775
            ],
            [
              85.29226705430756,
              27.67366392972403
            ],
            [
              85.29290233521846,
              27.67419264302881
            ],
            [
              85.29313623848562,
              27.674368755849137
            ],
            [
              85.29362767060293,
              27.67451300041041
            ],
            [
              85.29394668674949,
              27.674708488742866
            ],
            [
              85.29458747150204,
              27.674950664650016
            ],
            [
              85.295357552957,
              27.675193905345246
            ],
            [
              85.29574018518974,
              27.675411391839305
            ],
            [
              85.29586860461302,
              27.675453077854833
            ],
            [
              85.29605926430771,
              27.675609191830624
            ],
            [
              85.29669785914454,
              27.675984481095444
            ],
            [
              85.29688845606174,
              27.67614059445333
            ],
            [
              85.29727177572823,
              27.67635808182473
            ],
            [
              85.2977808262751,
              27.6767119328771
            ],
            [
              85.2986047630483,
              27.677550245987053
            ],
            [
              85.29883566377325,
              27.677841411427167
            ],
            [
              85.29908305560515,
              27.678459422100115
            ],
            [
              85.29914341831821,
              27.678688964869973
            ],
            [
              85.29939124922254,
              27.679230358314893
            ],
            [
              85.29945098614036,
              27.67951852042622
            ],
            [
              85.29965206825096,
              27.680288142350012
            ],
            [
              85.29963667826532,
              27.68112981642196
            ],
            [
              85.29958836599398,
              27.681437037716766
            ],
            [
              85.29945225129332,
              27.68181731404044
            ],
            [
              85.29940393875721,
              27.682122348815124
            ],
            [
              85.29943423263839,
              27.682812349231217
            ],
            [
              85.29955076627179,
              27.683503851458074
            ],
            [
              85.29950145180169,
              27.68388781622481
            ],
            [
              85.29951713084277,
              27.684194476746764
            ],
            [
              85.2997025344818,
              27.6846574383035
            ],
            [
              85.2998285778538,
              27.684811926517988
            ],
            [
              85.30023101799945,
              27.685144277586875
            ],
            [
              85.30054584175896,
              27.685572182080758
            ],
            [
              85.30060870681656,
              27.685686673120074
            ],
            [
              85.30099112691668,
              27.68711105114529
            ],
            [
              85.30150690816906,
              27.688347010775665
            ],
            [
              85.30158301222252,
              27.688885463580764
            ],
            [
              85.30174523013976,
              27.68942310600006
            ],
            [
              85.30186926965992,
              27.689733267263488
            ],
            [
              85.3022653277855,
              27.69042883635639
            ],
            [
              85.30243017315664,
              27.69081530402137
            ],
            [
              85.30251053120698,
              27.691123652824484
            ],
            [
              85.30259164051078,
              27.69139131740325
            ],
            [
              85.30303275751211,
              27.69199402026003
            ],
            [
              85.30322341632335,
              27.692150134785248
            ],
            [
              85.3036698507223,
              27.69244599010407
            ],
            [
              85.30430951089531,
              27.692744536890206
            ],
            [
              85.30540023444794,
              27.69308839840769
            ],
            [
              85.30552890495464,
              27.693091712623612
            ],
            [
              85.30578499320835,
              27.69321114338063
            ],
            [
              85.30610632428076,
              27.693273517764244
            ],
            [
              85.30681191385642,
              27.693515007426377
            ],
            [
              85.3074563908117,
              27.693526954363772
            ],
            [
              85.30816961285348,
              27.693348794566635
            ],
            [
              85.30847363904721,
              27.693181252379045
            ],
            [
              85.30890671006962,
              27.692996650597006
            ],
            [
              85.30929853813456,
              27.692756053771433
            ],
            [
              85.30955769262833,
              27.692701750460518
            ],
            [
              85.310466391185,
              27.692393105738915
            ],
            [
              85.31096289086406,
              27.69226656226464
            ],
            [
              85.31100719906748,
              27.6922097555581
            ],
            [
              85.31113662045672,
              27.692174698656718
            ],
            [
              85.31146220512572,
              27.6920069062563
            ],
            [
              85.31172173480836,
              27.691934541704615
            ],
            [
              85.31191721224562,
              27.691804119553225
            ],
            [
              85.31243771063659,
              27.69156458710326
            ],
            [
              85.31373642315909,
              27.691128147082782
            ],
            [
              85.31419286778004,
              27.6908869264951
            ],
            [
              85.31491390810686,
              27.69036123559851
            ],
            [
              85.31550121214354,
              27.690046585122346
            ],
            [
              85.31602596386394,
              27.68963325617119
            ],
            [
              85.31618044696047,
              27.689462649042767
            ],
            [
              85.31663970623082,
              27.689088252118815
            ],
            [
              85.31742598929526,
              27.688507817815527
            ],
            [
              85.31788224501202,
              27.688304967684257
            ],
            [
              85.31840574577743,
              27.68794800838889
            ],
            [
              85.31879776176704,
              27.68772547256552
            ],
            [
              85.31925282951089,
              27.68758130494235
            ],
            [
              85.3200950328416,
              27.68744014382764
            ],
            [
              85.32029094694495,
              27.687348030531094
            ],
            [
              85.32061553046732,
              27.68725923176551
            ],
            [
              85.32100717110325,
              27.68705469385259
            ],
            [
              85.32152804315974,
              27.68685128244212
            ],
            [
              85.32185018846707,
              27.686877472972665
            ],
            [
              85.32210952966652,
              27.686843418333734
            ],
            [
              85.32281868447366,
              27.686913360940462
            ],
            [
              85.32314264172197,
              27.686878681798593
            ],
            [
              85.32340217155347,
              27.686806255184997
            ],
            [
              85.32385480024604,
              27.686777139683343
            ],
            [
              85.32411495477294,
              27.686704712997983
            ],
            [
              85.32443609734077,
              27.68680539660388
            ],
            [
              85.3246513198253,
              27.686789838937525
            ],
            [
              85.32532217174688,
              27.68662998900912
            ],
            [
              85.32636254168881,
              27.68626360125201
            ],
            [
              85.32655845528696,
              27.68617148828409
            ],
            [
              85.32699571736283,
              27.685813089950056
            ],
            [
              85.32714894929833,
              27.685701164858994
            ],
            [
              85.32769895194079,
              27.685077730066936
            ],
            [
              85.32791980421183,
              27.684795883680707
            ],
            [
              85.32807603906498,
              27.684510099598263
            ],
            [
              85.32818615136354,
              27.684396299352414
            ],
            [
              85.3287894083512,
              27.683258035931917
            ],
            [
              85.32896595217262,
              27.683030746904674
            ],
            [
              85.32905994709895,
              27.682628284624194
            ],
            [
              85.32939685609965,
              27.68188735682348
            ],
            [
              85.3296015275399,
              27.681316973497665
            ],
            [
              85.32975695039146,
              27.681069498177695
            ],
            [
              85.3299773637956,
              27.680805712875827
            ],
            [
              85.3301738409173,
              27.680654916846386
            ],
            [
              85.33047949172081,
              27.680469251295808
            ],
            [
              85.33054585996007,
              27.680355825204888
            ],
            [
              85.33058979239402,
              27.680317079701283
            ],
            [
              85.33085545344451,
              27.67991974399952
            ],
            [
              85.3310828647861,
              27.679707766852484
            ],
            [
              85.33109661387516,
              27.679694081189393
            ],
            [
              85.33181365252415,
              27.679265318449236
            ],
            [
              85.33200812826482,
              27.679211576955225
            ],
            [
              85.33224703731851,
              27.679062656680358
            ],
            [
              85.33259705982061,
              27.678723129600307
            ],
            [
              85.33272723185651,
              27.678647451040977
            ],
            [
              85.33336040336125,
              27.6784089834243
            ],
            [
              85.33350544829074,
              27.678355677747007
            ],
            [
              85.33376591669376,
              27.678206570859814
            ],
            [
              85.33396032971918,
              27.67815282819403
            ],
            [
              85.33415361622535,
              27.678155456100455
            ],
            [
              85.33441208339862,
              27.678103340086018
            ],
            [
              85.33460630957944,
              27.678029350130345
            ],
            [
              85.33547545537745,
              27.67750653606506
            ],
            [
              85.33584703810878,
              27.67716907260948
            ],
            [
              85.33604245212042,
              27.6770386497114
            ],
            [
              85.33669162249015,
              27.676761622677464
            ],
            [
              85.3368880372205,
              27.676610889344627
            ],
            [
              85.33734348181693,
              27.676351545364025
            ],
            [
              85.33753839536872,
              27.676277492434103
            ],
            [
              85.33786398154913,
              27.676073578529763
            ],
            [
              85.33819113080021,
              27.6758291054963
            ],
            [
              85.33832092726942,
              27.675773613186355
            ],
            [
              85.33873456617664,
              27.675456022979333
            ],
            [
              85.33899422239921,
              27.675345287498725
            ],
            [
              85.33925544080122,
              27.6751577460361
            ],
            [
              85.33958008880056,
              27.675028262602524
            ],
            [
              85.339993665489,
              27.674710672977792
            ],
            [
              85.34030000554375,
              27.674428016100155
            ],
            [
              85.34058497501115,
              27.674107174228418
            ],
            [
              85.34128345832971,
              27.673466493104176
            ],
            [
              85.34350375990759,
              27.671856798893984
            ],
            [
              85.34365567975088,
              27.671744811218584
            ]
          ]
        ]
      }
    }
  ]
}
