event_id,source,year,month,day,region,district,municipality,cause,deaths,missing,injured,people_affected,houses_destroyed,houses_affected,evacuated,roads_damaged_km,transport_affected,latitude,longitude,district_area_sq_km,elevation_m,terrain_relief_m,households_2011,population_2011,population_density_2011,rainfall_1d_mm,rainfall_3d_mm,rainfall_7d_mm,rainfall_30d_mm,rainy_days_7d,rainfall_7d_anomaly,casualty_label_known,housing_label_known,transport_label_known,severe_label_known
bipad-448,Government of Nepal BIPAD Portal,2015,7,4,Eastern Region,Khotang,Halesi Tuwachung,FLOOD,0,0,2,0,3,0,0,0.0,False,27.15572,86.7091,,,,,,,,,,,,,True,True,False,True
bipad-449,Government of Nepal BIPAD Portal,2015,7,4,Eastern Region,Khotang,Halesi Tuwachung,FLOOD,0,0,0,0,1,0,0,0.0,False,27.15572,86.7091,,,,,,,,,,,,,True,True,False,True
bipad-455,Government of Nepal BIPAD Portal,2015,7,3,Eastern Region,Khotang,Halesi Tuwachung,FLOOD,0,0,0,0,0,0,0,0.0,False,27.15572,86.7091,,,,,,,,,,,,,True,True,False,True
bipad-456,Government of Nepal BIPAD Portal,2015,7,3,Eastern Region,Khotang,Halesi Tuwachung,FLOOD,0,0,0,0,0,0,0,0.0,False,27.15572,86.7091,,,,,,,,,,,,,True,True,False,True
bipad-467,Government of Nepal BIPAD Portal,2015,7,8,Mid-Western Region,Bardiya,Barbardiya,FLOOD,0,2,0,0,0,0,0,0.0,False,28.36918,81.41147,,,,,,,,,,,,,True,True,False,True
bipad-468,Government of Nepal BIPAD Portal,2015,7,15,Central Region,Sarlahi,Haripur,FLOOD,0,0,0,0,0,0,0,0.0,False,26.96729,85.57183,,,,,,,,,,,,,True,True,False,True
bipad-474,Government of Nepal BIPAD Portal,2015,7,16,Mid-Western Region,Bardiya,Barbardiya,FLOOD,0,0,0,0,2,0,0,0.0,False,28.36918,81.41147,,,,,,,,,,,,,True,True,False,True
bipad-495,Government of Nepal BIPAD Portal,2015,7,31,Far Western Region,Kanchanpur,Shuklaphanta National Park,FLOOD,0,0,0,0,3,0,0,0.0,False,28.84298,80.31147,,,,,,,,,,,,,True,True,False,True
bipad-496,Government of Nepal BIPAD Portal,2015,7,31,Far Western Region,Kanchanpur,Shuklaphanta National Park,FLOOD,0,0,0,0,3,0,0,0.0,False,28.84298,80.31147,,,,,,,,,,,,,True,True,False,True
bipad-500,Government of Nepal BIPAD Portal,2015,7,23,Eastern Region,Sankhuwasabha,Khandbari,FLOOD,0,0,0,0,0,0,0,0.0,False,27.3868814825,87.2156945863,,,,,,,,,,,,,True,True,False,True
bipad-545,Government of Nepal BIPAD Portal,2015,8,21,Mid-Western Region,Rolpa,Rolpa,FLOOD,0,0,0,0,0,0,0,0.0,False,28.32432,82.65523,,,,,,,,,,,,,True,True,False,True
bipad-546,Government of Nepal BIPAD Portal,2015,8,21,Mid-Western Region,Rolpa,Rolpa,FLOOD,0,0,0,0,0,4,0,0.0,False,28.32432,82.65523,,,,,,,,,,,,,True,True,False,True
bipad-547,Government of Nepal BIPAD Portal,2015,8,21,Central Region,Chitwan,Bharatpur,FLOOD,0,0,0,0,0,0,0,0.0,False,27.61645,84.36001,,,,,,,,,,,,,True,True,False,True
bipad-559,Government of Nepal BIPAD Portal,2015,9,1,Central Region,Sindhuli,Kamalamai,FLOOD,0,1,2,0,0,0,0,0.0,False,27.18536,85.90753,,,,,,,,,,,,,True,True,False,True
bipad-560,Government of Nepal BIPAD Portal,2015,8,30,Eastern Region,Okhaldhunga,Molung,FLOOD,0,0,2,0,2,0,0,0.0,False,27.33592,86.44629,,,,,,,,,,,,,True,True,False,True
bipad-1608,Government of Nepal BIPAD Portal,2016,5,4,Central Region,Makwanpur,Makawanpurgadhi,FLOOD,2,0,0,0,0,0,0,0.0,False,27.4427,85.08797,,,,,,,,,,,,,True,True,False,True
bipad-1646,Government of Nepal BIPAD Portal,2016,5,10,Far Western Region,Baitadi,Surnaya,FLOOD,0,0,0,0,0,1,0,0.0,False,29.50844,80.57647,,,,,,,,,,,,,True,True,False,True
bipad-1726,Government of Nepal BIPAD Portal,2016,5,12,Mid-Western Region,Rolpa,Rolpa,FLOOD,1,0,0,0,0,12,0,0.0,False,28.32432,82.65523,,,,,,,,,,,,,True,True,False,True
bipad-1727,Government of Nepal BIPAD Portal,2016,5,13,Mid-Western Region,Dailekh,Mahabu,FLOOD,2,0,0,0,0,5,0,0.0,False,28.88537,81.67138,,,,,,,,,,,,,True,True,False,True
bipad-1765,Government of Nepal BIPAD Portal,2016,5,12,Mid-Western Region,Salyan,Sharada,FLOOD,0,0,0,0,0,27,0,0.0,False,28.4,82.09154,,,,,,,,,,,,,True,True,False,True
bipad-1775,Government of Nepal BIPAD Portal,2016,5,14,Far Western Region,Bajhang,Surma,FLOOD,1,0,0,0,0,0,0,0.0,False,29.7171,81.15534,,,,,,,,,,,,,True,True,False,True
bipad-1796,Government of Nepal BIPAD Portal,2016,5,17,Central Region,Sindhuli,Kamalamai,FLOOD,0,1,0,0,0,0,0,0.0,False,27.18536,85.90753,,,,,,,,,,,,,True,True,False,True
bipad-1820,Government of Nepal BIPAD Portal,2016,5,14,Far Western Region,Bajhang,Surma,FLOOD,1,0,0,0,0,0,0,0.0,False,29.7171,81.15534,,,,,,,,,,,,,True,True,False,True
bipad-1822,Government of Nepal BIPAD Portal,2016,5,17,Eastern Region,Sankhuwasabha,Khandbari,FLOOD,1,0,0,0,0,0,0,0.0,False,27.3868814825,87.2156945863,,,,,,,,,,,,,True,True,False,True
bipad-1846,Government of Nepal BIPAD Portal,2016,5,21,Central Region,Chitwan,Bharatpur,FLOOD,2,0,0,0,0,0,0,0.0,False,27.61645,84.36001,,,,,,,,,,,,,True,True,False,True
bipad-1862,Government of Nepal BIPAD Portal,2016,5,24,Central Region,Sindhuli,Kamalamai,FLOOD,0,0,2,0,0,0,0,0.0,False,27.18536,85.90753,,,,,,,,,,,,,True,True,False,True
bipad-1863,Government of Nepal BIPAD Portal,2016,5,24,Central Region,Sindhuli,Kamalamai,FLOOD,1,0,0,0,0,0,0,0.0,False,27.18536,85.90753,,,,,,,,,,,,,True,True,False,True
bipad-1866,Government of Nepal BIPAD Portal,2016,5,25,Far Western Region,Bajura,Gaumul,FLOOD,2,0,7,0,16,63,0,0.0,False,29.5579,81.49045,,,,,,,,,,,,,True,True,False,True
bipad-1869,Government of Nepal BIPAD Portal,2016,5,25,Far Western Region,Baitadi,Surnaya,FLOOD,0,1,0,0,0,0,0,0.0,False,29.50844,80.57647,,,,,,,,,,,,,True,True,False,True
bipad-1872,Government of Nepal BIPAD Portal,2016,5,25,Far Western Region,Dadeldhura,Alital,FLOOD,0,1,0,0,0,0,0,0.0,False,29.20864,80.48616,,,,,,,,,,,,,True,True,False,True
bipad-1877,Government of Nepal BIPAD Portal,2016,5,28,Western Region,Lamjung,Marsyangdi,FLOOD,1,0,0,0,0,0,0,0.0,False,28.28362,84.43609,,,,,,,,,,,,,True,True,False,True
bipad-1881,Government of Nepal BIPAD Portal,2016,5,28,Far Western Region,Bajura,Gaumul,FLOOD,1,0,0,0,0,0,0,0.0,False,29.5579,81.49045,,,,,,,,,,,,,True,True,False,True
bipad-1883,Government of Nepal BIPAD Portal,2016,5,25,Far Western Region,Baitadi,Surnaya,FLOOD,1,0,0,0,0,0,0,0.0,False,29.50844,80.57647,,,,,,,,,,,,,True,True,False,True
bipad-1884,Government of Nepal BIPAD Portal,2016,5,25,Eastern Region,Sunsari,Inaruwa,FLOOD,0,0,0,0,0,5,0,0.0,False,26.64064,87.12722,,,,,,,,,,,,,True,True,False,True
bipad-1925,Government of Nepal BIPAD Portal,2016,6,4,Far Western Region,Kailali,Gauriganga,FLOOD,0,1,0,0,0,0,0,0.0,False,28.74013,80.89463,,,,,,,,,,,,,True,True,False,True
bipad-1959,Government of Nepal BIPAD Portal,2016,6,8,Far Western Region,Doti,Shikhar,FLOOD,0,0,0,0,1,0,0,0.0,False,29.18116,80.84086,,,,,,,,,,,,,True,True,False,True
bipad-1964,Government of Nepal BIPAD Portal,2016,6,11,Western Region,Myagdi,Raghuganga,FLOOD,0,0,0,0,0,0,0,0.0,False,28.54637,83.48729,,,,,,,,,,,,,True,True,False,True
bipad-1995,Government of Nepal BIPAD Portal,2016,6,20,Far Western Region,Doti,Shikhar,FLOOD,0,0,0,0,0,0,0,0.0,False,29.18116,80.84086,,,,,,,,,,,,,True,True,False,True
bipad-1996,Government of Nepal BIPAD Portal,2016,6,19,Mid-Western Region,Dailekh,Mahabu,FLOOD,2,0,0,0,0,0,0,0.0,False,28.88537,81.67138,,,,,,,,,,,,,True,True,False,True
bipad-2015,Government of Nepal BIPAD Portal,2016,6,21,Eastern Region,Morang,Belbari,FLOOD,0,0,0,0,18,0,0,0.0,False,26.61037,87.46726,,,,,,,,,,,,,True,True,False,True
bipad-2016,Government of Nepal BIPAD Portal,2016,6,21,Far Western Region,Bajura,Gaumul,FLOOD,0,0,0,0,0,2,0,0.0,False,29.5579,81.49045,,,,,,,,,,,,,True,True,False,True
bipad-2017,Government of Nepal BIPAD Portal,2016,6,21,Mid-Western Region,Humla,Simkot,FLOOD,0,0,0,0,2,0,0,0.0,False,30.02618,81.88546,,,,,,,,,,,,,True,True,False,True
bipad-2018,Government of Nepal BIPAD Portal,2016,6,21,Eastern Region,Sunsari,Inaruwa,FLOOD,0,0,0,0,0,0,0,0.0,False,26.64064,87.12722,,,,,,,,,,,,,True,True,False,True
bipad-2019,Government of Nepal BIPAD Portal,2016,6,22,Eastern Region,Jhapa,Barhadashi,FLOOD,0,0,0,0,0,0,0,0.0,False,26.58323,87.91446,,,,,,,,,,,,,True,True,False,True
bipad-2020,Government of Nepal BIPAD Portal,2016,6,21,Eastern Region,Sunsari,Inaruwa,FLOOD,0,0,0,0,0,0,0,0.0,False,26.64064,87.12722,,,,,,,,,,,,,True,True,False,True
bipad-2021,Government of Nepal BIPAD Portal,2016,6,21,Eastern Region,Jhapa,Barhadashi,FLOOD,0,0,0,0,0,0,0,0.0,False,26.58323,87.91446,,,,,,,,,,,,,True,True,False,True
bipad-2022,Government of Nepal BIPAD Portal,2016,6,21,Eastern Region,Morang,Belbari,FLOOD,0,0,0,0,0,0,0,0.0,False,26.61037,87.46726,,,,,,,,,,,,,True,True,False,True
bipad-2023,Government of Nepal BIPAD Portal,2016,6,21,Eastern Region,Sunsari,Inaruwa,FLOOD,0,0,0,0,0,0,0,0.0,False,26.64064,87.12722,,,,,,,,,,,,,True,True,False,True
bipad-2024,Government of Nepal BIPAD Portal,2016,6,21,Eastern Region,Sunsari,Inaruwa,FLOOD,0,0,0,0,0,0,0,0.0,False,26.64064,87.12722,,,,,,,,,,,,,True,True,False,True
bipad-2034,Government of Nepal BIPAD Portal,2016,6,22,Eastern Region,Morang,Belbari,FLOOD,1,0,0,0,0,0,0,0.0,False,26.61037,87.46726,,,,,,,,,,,,,True,True,False,True
bipad-2037,Government of Nepal BIPAD Portal,2016,6,22,Eastern Region,Morang,Belbari,FLOOD,1,0,0,0,0,0,0,0.0,False,26.61037,87.46726,,,,,,,,,,,,,True,True,False,True
bipad-2041,Government of Nepal BIPAD Portal,2016,6,23,Central Region,Sindhuli,Kamalamai,FLOOD,1,0,0,0,0,0,0,0.0,False,27.18536,85.90753,,,,,,,,,,,,,True,True,False,True
bipad-2045,Government of Nepal BIPAD Portal,2016,6,25,Eastern Region,Saptari,Rupani,FLOOD,0,0,0,0,0,0,0,0.0,False,26.60701,86.75179,,,,,,,,,,,,,True,True,False,True
bipad-2053,Government of Nepal BIPAD Portal,2016,6,27,Central Region,Sarlahi,Haripur,FLOOD,1,0,0,0,0,0,0,0.0,False,26.96729,85.57183,,,,,,,,,,,,,True,True,False,True
bipad-2102,Government of Nepal BIPAD Portal,2016,7,1,Central Region,Sarlahi,Haripur,FLOOD,1,0,1,0,0,0,0,0.0,False,26.96729,85.57183,,,,,,,,,,,,,True,True,False,True
bipad-2106,Government of Nepal BIPAD Portal,2016,7,1,Central Region,Sarlahi,Haripur,FLOOD,0,0,0,0,0,0,0,0.0,False,26.96729,85.57183,,,,,,,,,,,,,True,True,False,True
bipad-2107,Government of Nepal BIPAD Portal,2016,7,1,Mid-Western Region,Salyan,Sharada,FLOOD,0,1,0,0,0,0,0,0.0,False,28.4,82.09154,,,,,,,,,,,,,True,True,False,True
bipad-2118,Government of Nepal BIPAD Portal,2016,7,2,Eastern Region,Morang,Belbari,FLOOD,1,0,0,0,0,0,0,0.0,False,26.61037,87.46726,,,,,,,,,,,,,True,True,False,True
bipad-2126,Government of Nepal BIPAD Portal,2016,7,3,Central Region,Sindhuli,Kamalamai,FLOOD,1,0,1,0,0,0,0,0.0,False,27.18536,85.90753,,,,,,,,,,,,,True,True,False,True
bipad-2129,Government of Nepal BIPAD Portal,2016,7,2,Mid-Western Region,Dang,Ghorahi,FLOOD,1,0,0,0,0,0,0,0.0,False,27.9672,82.44665,,,,,,,,,,,,,True,True,False,True
bipad-2131,Government of Nepal BIPAD Portal,2016,5,27,Eastern Region,Udayapur,Rautamai,FLOOD,1,0,0,0,0,0,0,0.0,False,26.93279,86.66463,,,,,,,,,,,,,True,True,False,True
bipad-5633,Government of Nepal BIPAD Portal,2014,5,24,Eastern Region,Udayapur,Rautamai,FLOOD,2,0,0,0,0,0,0,0.0,False,26.93279,86.66463,,,,,,,,,,,,,True,True,False,True
bipad-5684,Government of Nepal BIPAD Portal,2014,6,4,Mid-Western Region,Kalikot,Pachaljharana,FLOOD,1,0,0,0,0,0,0,0.0,False,29.21559,81.74506,,,,,,,,,,,,,True,True,False,True
bipad-5707,Government of Nepal BIPAD Portal,2014,6,7,Far Western Region,Bajura,Gaumul,FLOOD,3,0,1,0,11,120,0,0.0,False,29.5579,81.49045,,,,,,,,,,,,,True,True,False,True
bipad-5728,Government of Nepal BIPAD Portal,2014,6,17,Central Region,Dolakha,Bigu,FLOOD,0,0,0,0,0,0,0,0.0,False,27.82349,86.22218,,,,,,,,,,,,,True,True,False,True
bipad-5731,Government of Nepal BIPAD Portal,2014,6,18,Far Western Region,Baitadi,Surnaya,FLOOD,1,0,0,0,0,0,0,0.0,False,29.50844,80.57647,,,,,,,,,,,,,True,True,False,True
bipad-5733,Government of Nepal BIPAD Portal,2014,6,18,Central Region,Mahottari,Aurahi,FLOOD,1,0,0,0,0,0,0,0.0,False,26.88482,85.81298,,,,,,,,,,,,,True,True,False,True
bipad-5738,Government of Nepal BIPAD Portal,2014,6,19,Western Region,Gulmi,Resunga,FLOOD,0,0,0,0,0,0,0,0.0,False,28.09848,83.31058,,,,,,,,,,,,,True,True,False,True
bipad-5750,Government of Nepal BIPAD Portal,2014,6,21,Central Region,Bara,Jitpur Simara,FLOOD,2,0,0,0,0,0,0,0.0,False,27.10642,85.06984,,,,,,,,,,,,,True,True,False,True
bipad-5793,Government of Nepal BIPAD Portal,2014,7,5,Mid-Western Region,Surkhet,Barahtal,FLOOD,0,2,0,0,0,0,0,0.0,False,28.65047,81.50876,,,,,,,,,,,,,True,True,False,True
bipad-5797,Government of Nepal BIPAD Portal,2014,7,7,Mid-Western Region,Banke,Rapti Sonari,FLOOD,1,0,0,0,0,0,0,0.0,False,28.09534,81.84765,,,,,,,,,,,,,True,True,False,True
bipad-5804,Government of Nepal BIPAD Portal,2014,7,11,Mid-Western Region,Dolpa,Shey Phoksundo,FLOOD,0,0,0,0,0,0,0,0.0,False,29.21277,83.03833,,,,,,,,,,,,,True,True,False,True
bipad-5808,Government of Nepal BIPAD Portal,2014,7,12,Central Region,Chitwan,Bharatpur,FLOOD,1,0,0,0,0,0,0,0.0,False,27.61645,84.36001,,,,,,,,,,,,,True,True,False,True
bipad-5815,Government of Nepal BIPAD Portal,2014,7,14,Eastern Region,Solukhumbu,Khumbu Pasanglhamu,FLOOD,0,0,0,0,0,0,0,0.0,False,27.72488,86.68194,,,,,,,,,,,,,True,True,False,True
bipad-5821,Government of Nepal BIPAD Portal,2014,7,18,Central Region,Sindhupalchok,Jugal,FLOOD,0,0,0,0,7,0,0,0.0,False,27.90711,85.75568,,,,,,,,,,,,,True,True,False,True
bipad-5822,Government of Nepal BIPAD Portal,2014,7,19,Central Region,Sindhupalchok,Jugal,FLOOD,0,0,0,0,0,0,0,0.0,False,27.90711,85.75568,,,,,,,,,,,,,True,True,False,True
bipad-5823,Government of Nepal BIPAD Portal,2014,7,19,Far Western Region,Kanchanpur,Shuklaphanta National Park,FLOOD,1,0,0,0,0,0,0,0.0,False,28.84298,80.31147,,,,,,,,,,,,,True,True,False,True
bipad-5824,Government of Nepal BIPAD Portal,2014,7,19,Eastern Region,Dhankuta,Dhankuta,FLOOD,0,1,0,0,0,0,0,0.0,False,27.00791,87.36671,,,,,,,,,,,,,True,True,False,True
bipad-5825,Government of Nepal BIPAD Portal,2014,7,19,Far Western Region,Kanchanpur,Shuklaphanta National Park,FLOOD,0,0,0,0,0,0,0,0.0,False,28.84298,80.31147,,,,,,,,,,,,,True,True,False,True
bipad-5826,Government of Nepal BIPAD Portal,2014,7,19,Far Western Region,Kanchanpur,Shuklaphanta National Park,FLOOD,0,0,0,0,0,0,0,0.0,False,28.84298,80.31147,,,,,,,,,,,,,True,True,False,True
bipad-5829,Government of Nepal BIPAD Portal,2014,7,20,Far Western Region,Kailali,Gauriganga,FLOOD,1,0,0,0,0,0,0,0.0,False,28.74013,80.89463,,,,,,,,,,,,,True,True,False,True
bipad-5831,Government of Nepal BIPAD Portal,2014,7,20,Far Western Region,Doti,Shikhar,FLOOD,0,1,0,0,0,0,0,0.0,False,29.18116,80.84086,,,,,,,,,,,,,True,True,False,True
bipad-5832,Government of Nepal BIPAD Portal,2014,7,20,Mid-Western Region,Jajarkot,Kushe,FLOOD,0,1,0,0,0,0,0,0.0,False,28.86981,82.19935,,,,,,,,,,,,,True,True,False,True
bipad-5833,Government of Nepal BIPAD Portal,2014,7,20,Mid-Western Region,Dailekh,Mahabu,FLOOD,0,1,0,0,0,0,0,0.0,False,28.88537,81.67138,,,,,,,,,,,,,True,True,False,True
bipad-5836,Government of Nepal BIPAD Portal,2014,7,20,Far Western Region,Dadeldhura,Alital,FLOOD,1,0,0,0,21,0,0,0.0,False,29.20864,80.48616,,,,,,,,,,,,,True,True,False,True
bipad-5840,Government of Nepal BIPAD Portal,2014,7,21,Central Region,Kathmandu,Kageshwori Manahora,FLOOD,0,1,0,0,0,0,0,0.0,False,27.69912,85.37856,,,,,,,,,,,,,True,True,False,True
bipad-5845,Government of Nepal BIPAD Portal,2014,7,23,Western Region,Rupandehi,Tilottama,FLOOD,1,0,0,0,0,0,0,0.0,False,27.57833,83.42932,,,,,,,,,,,,,True,True,False,True
bipad-5846,Government of Nepal BIPAD Portal,2014,7,24,Western Region,Nawalparasi East,Madhyabindu,FLOOD,1,0,0,0,0,0,0,0.0,False,27.61064,84.00745,,,,,,,,,,,,,True,True,False,True
bipad-5849,Government of Nepal BIPAD Portal,2014,7,26,Mid-Western Region,Jajarkot,Kushe,FLOOD,0,2,0,0,0,0,0,0.0,False,28.86981,82.19935,,,,,,,,,,,,,True,True,False,True
bipad-5853,Government of Nepal BIPAD Portal,2014,7,27,Central Region,Rasuwa,Gosaikunda,FLOOD,1,0,0,0,0,0,0,0.0,False,28.1755,85.46091,,,,,,,,,,,,,True,True,False,True
bipad-5861,Government of Nepal BIPAD Portal,2014,7,29,Western Region,Kaski,Machhapuchchhre,FLOOD,0,0,1,0,0,0,0,0.0,False,28.34628,83.99007,,,,,,,,,,,,,True,True,False,True
bipad-5862,Government of Nepal BIPAD Portal,2014,7,29,Far Western Region,Achham,Kamalbazar,FLOOD,1,0,2,0,0,0,0,0.0,False,29.06417,81.30663,,,,,,,,,,,,,True,True,False,True
bipad-5865,Government of Nepal BIPAD Portal,2014,7,29,Central Region,Rasuwa,Gosaikunda,FLOOD,1,0,0,0,0,0,0,0.0,False,28.1755,85.46091,,,,,,,,,,,,,True,True,False,True
bipad-5868,Government of Nepal BIPAD Portal,2014,7,30,Central Region,Kathmandu,Kageshwori Manahora,FLOOD,0,1,0,0,0,0,0,0.0,False,27.69912,85.37856,,,,,,,,,,,,,True,True,False,True
bipad-5872,Government of Nepal BIPAD Portal,2014,8,1,Central Region,Ramechhap,Gokulganga,FLOOD,0,0,0,0,0,0,0,0.0,False,27.53685,86.18811,,,,,,,,,,,,,True,True,False,True
bipad-5882,Government of Nepal BIPAD Portal,2014,8,5,Central Region,Dolakha,Bigu,FLOOD,0,0,0,0,0,0,0,0.0,False,27.82349,86.22218,,,,,,,,,,,,,True,True,False,True
bipad-5899,Government of Nepal BIPAD Portal,2014,8,13,Eastern Region,Morang,Belbari,FLOOD,1,0,0,0,0,0,0,0.0,False,26.61037,87.46726,,,,,,,,,,,,,True,True,False,True
bipad-5909,Government of Nepal BIPAD Portal,2014,8,14,Central Region,Lalitpur,Konjyosom,FLOOD,1,0,0,0,0,0,0,0.0,False,27.54796,85.33968,,,,,,,,,,,,,True,True,False,True
bipad-5910,Government of Nepal BIPAD Portal,2014,8,14,Eastern Region,Siraha,Golbazar,FLOOD,0,1,0,0,0,0,0,0.0,False,26.7425,86.3336,,,,,,,,,,,,,True,True,False,True
bipad-5911,Government of Nepal BIPAD Portal,2014,8,14,Eastern Region,Udayapur,Rautamai,FLOOD,1,0,0,0,0,0,0,0.0,False,26.93279,86.66463,,,,,,,,,,,,,True,True,False,True
bipad-5912,Government of Nepal BIPAD Portal,2014,8,14,Central Region,Dhanusa,Dhanusadham,FLOOD,1,0,0,0,0,0,0,0.0,False,26.83206,86.05628,,,,,,,,,,,,,True,True,False,True
bipad-5913,Government of Nepal BIPAD Portal,2014,8,14,Central Region,Rautahat,Brindaban,FLOOD,0,0,0,0,0,0,0,0.0,False,26.98914,85.33443,,,,,,,,,,,,,True,True,False,True
bipad-5915,Government of Nepal BIPAD Portal,2014,8,14,Eastern Region,Udayapur,Rautamai,FLOOD,0,0,0,0,1,0,0,0.0,False,26.93279,86.66463,,,,,,,,,,,,,True,True,False,True
bipad-5920,Government of Nepal BIPAD Portal,2014,8,15,Central Region,Parsa,Thori,FLOOD,0,0,0,0,1,0,0,0.0,False,27.22317,84.73056,,,,,,,,,,,,,True,True,False,True
bipad-5932,Government of Nepal BIPAD Portal,2014,8,16,Mid-Western Region,Salyan,Sharada,FLOOD,1,0,0,0,0,0,0,0.0,False,28.4,82.09154,,,,,,,,,,,,,True,True,False,True
bipad-5939,Government of Nepal BIPAD Portal,2014,8,17,Central Region,Mahottari,Aurahi,FLOOD,0,0,0,0,0,1,0,0.0,False,26.88482,85.81298,,,,,,,,,,,,,True,True,False,True
bipad-5946,Government of Nepal BIPAD Portal,2014,8,21,Central Region,Sindhuli,Kamalamai,FLOOD,2,2,0,0,0,0,0,0.0,False,27.18536,85.90753,,,,,,,,,,,,,True,True,False,True
bipad-5963,Government of Nepal BIPAD Portal,2014,8,28,Central Region,Mahottari,Aurahi,FLOOD,0,0,0,0,1,0,0,0.0,False,26.88482,85.81298,,,,,,,,,,,,,True,True,False,True
bipad-5964,Government of Nepal BIPAD Portal,2014,8,28,Central Region,Mahottari,Aurahi,FLOOD,0,0,0,0,2,0,0,0.0,False,26.88482,85.81298,,,,,,,,,,,,,True,True,False,True
bipad-5976,Government of Nepal BIPAD Portal,2014,8,28,Central Region,Ramechhap,Gokulganga,FLOOD,1,0,0,0,0,0,0,0.0,False,27.53685,86.18811,,,,,,,,,,,,,True,True,False,True
bipad-6008,Government of Nepal BIPAD Portal,2014,9,25,Central Region,Rautahat,Brindaban,FLOOD,1,1,0,0,0,0,0,0.0,False,26.98914,85.33443,,,,,,,,,,,,,True,True,False,True
bipad-6009,Government of Nepal BIPAD Portal,2014,9,19,Central Region,Kathmandu,Kageshwori Manahora,FLOOD,0,0,0,0,0,0,0,0.0,False,27.69912,85.37856,,,,,,,,,,,,,True,True,False,True
bipad-6011,Government of Nepal BIPAD Portal,2014,9,19,Eastern Region,Dhankuta,Dhankuta,FLOOD,0,0,0,0,0,4,0,0.0,False,27.00791,87.36671,,,,,,,,,,,,,True,True,False,True
bipad-6012,Government of Nepal BIPAD Portal,2014,9,19,Central Region,Kathmandu,Kageshwori Manahora,FLOOD,0,0,0,0,0,0,0,0.0,False,27.69912,85.37856,,,,,,,,,,,,,True,True,False,True
bipad-6013,Government of Nepal BIPAD Portal,2014,9,19,Mid-Western Region,Rukum East,Sisne,FLOOD,1,0,0,0,0,0,0,0.0,False,28.73381,82.67046,,,,,,,,,,,,,True,True,False,True
bipad-6027,Government of Nepal BIPAD Portal,2014,9,21,Eastern Region,Khotang,Halesi Tuwachung,FLOOD,0,0,0,0,0,0,0,0.0,False,27.15572,86.7091,,,,,,,,,,,,,True,True,False,True
bipad-6030,Government of Nepal BIPAD Portal,2014,9,13,Mid-Western Region,Bardiya,Barbardiya,FLOOD,0,1,0,0,0,0,0,0.0,False,28.36918,81.41147,,,,,,,,,,,,,True,True,False,True
bipad-6050,Government of Nepal BIPAD Portal,2014,9,29,Central Region,Makwanpur,Makawanpurgadhi,FLOOD,1,0,0,0,0,0,0,0.0,False,27.4427,85.08797,,,,,,,,,,,,,True,True,False,True
bipad-6059,Government of Nepal BIPAD Portal,2014,9,23,Far Western Region,Achham,Kamalbazar,FLOOD,1,0,0,0,0,0,0,0.0,False,29.06417,81.30663,,,,,,,,,,,,,True,True,False,True
bipad-6066,Government of Nepal BIPAD Portal,2014,10,13,Mid-Western Region,Surkhet,Barahtal,FLOOD,0,2,0,0,0,0,0,0.0,False,28.65047,81.50876,,,,,,,,,,,,,True,True,False,True
bipad-6072,Government of Nepal BIPAD Portal,2014,10,14,Central Region,Chitwan,Bharatpur,FLOOD,1,0,0,0,0,0,0,0.0,False,27.61645,84.36001,,,,,,,,,,,,,True,True,False,True
bipad-6077,Government of Nepal BIPAD Portal,2014,10,14,Western Region,Arghakhanchi,Bhumikasthan,FLOOD,0,1,0,0,0,0,0,0.0,False,27.94393,83.04234,,,,,,,,,,,,,True,True,False,True
bipad-6082,Government of Nepal BIPAD Portal,2014,8,14,Mid-Western Region,Surkhet,Barahtal,FLOOD,34,91,26,0,1427,2439,0,0.0,False,28.65047,81.50876,,,,,,,,,,,,,True,True,False,True
bipad-6083,Government of Nepal BIPAD Portal,2014,8,13,Mid-Western Region,Bardiya,Barbardiya,FLOOD,33,15,2,0,3859,13517,0,0.0,False,28.36918,81.41147,,,,,,,,,,,,,True,True,False,True
bipad-6084,Government of Nepal BIPAD Portal,2014,8,13,Mid-Western Region,Banke,Rapti Sonari,FLOOD,15,5,2,0,2771,7992,0,0.0,False,28.09534,81.84765,,,,,,,,,,,,,True,True,False,True
bipad-6085,Government of Nepal BIPAD Portal,2014,8,14,Mid-Western Region,Dang,Ghorahi,FLOOD,14,4,2,0,521,374,0,0.0,False,27.9672,82.44665,,,,,,,,,,,,,True,True,False,True
bipad-32715,Government of Nepal BIPAD Portal,2016,7,5,Western Region,Baglung,Dhorpatan,FLOOD,0,0,0,0,2,0,0,0.0,False,28.35288,83.27139,,,,,,,,,,,,,True,True,False,True
bipad-32720,Government of Nepal BIPAD Portal,2016,7,5,Western Region,Kapilbastu,Buddhabhumi,FLOOD,1,0,0,0,0,0,0,0.0,False,27.62682,82.96838,,,,,,,,,,,,,True,True,False,True
bipad-32724,Government of Nepal BIPAD Portal,2016,7,4,Central Region,Sindhupalchok,Jugal,FLOOD,0,0,0,0,88,30,0,0.0,False,27.90711,85.75568,,,,,,,,,,,,,True,True,False,True
bipad-32742,Government of Nepal BIPAD Portal,2016,7,10,Mid-Western Region,Dolpa,Shey Phoksundo,FLOOD,0,0,0,0,0,1,0,0.0,False,29.21277,83.03833,,,,,,,,,,,,,True,True,False,True
bipad-32760,Government of Nepal BIPAD Portal,2016,7,14,Mid-Western Region,Kalikot,Pachaljharana,FLOOD,2,0,1,0,0,0,0,0.0,False,29.21559,81.74506,,,,,,,,,,,,,True,True,False,True
bipad-32762,Government of Nepal BIPAD Portal,2016,7,15,Western Region,Tanahu,Rhishing,FLOOD,0,1,0,0,0,0,0,0.0,False,27.93572,84.24996,,,,,,,,,,,,,True,True,False,True
bipad-32765,Government of Nepal BIPAD Portal,2016,7,15,Western Region,Kaski,Machhapuchchhre,FLOOD,0,0,0,0,1,0,0,0.0,False,28.34628,83.99007,,,,,,,,,,,,,True,True,False,True
bipad-32770,Government of Nepal BIPAD Portal,2016,7,15,Mid-Western Region,Rukum East,Sisne,FLOOD,0,1,0,0,0,0,0,0.0,False,28.73381,82.67046,,,,,,,,,,,,,True,True,False,True
bipad-32776,Government of Nepal BIPAD Portal,2016,7,15,Mid-Western Region,Mugu,Mugum Karmarong,FLOOD,0,0,0,0,3,0,0,0.0,False,29.67916,82.30447,,,,,,,,,,,,,True,True,False,True
bipad-32781,Government of Nepal BIPAD Portal,2016,7,17,Eastern Region,Morang,Belbari,FLOOD,1,0,0,0,0,0,0,0.0,False,26.61037,87.46726,,,,,,,,,,,,,True,True,False,True
bipad-32784,Government of Nepal BIPAD Portal,2016,7,16,Eastern Region,Taplejung,Phaktanglung,FLOOD,0,1,0,0,0,0,0,0.0,False,27.60988,87.82613,,,,,,,,,,,,,True,True,False,True
bipad-32799,Government of Nepal BIPAD Portal,2016,7,19,Western Region,Gulmi,Resunga,FLOOD,1,0,0,0,0,0,0,0.0,False,28.09848,83.31058,,,,,,,,,,,,,True,True,False,True
bipad-32804,Government of Nepal BIPAD Portal,2016,7,20,Eastern Region,Sunsari,Inaruwa,FLOOD,0,0,0,0,7,0,0,0.0,False,26.64064,87.12722,,,,,,,,,,,,,True,True,False,True
bipad-32805,Government of Nepal BIPAD Portal,2016,7,19,Eastern Region,Jhapa,Barhadashi,FLOOD,0,0,0,0,0,0,0,0.0,False,26.58323,87.91446,,,,,,,,,,,,,True,True,False,True
bipad-32812,Government of Nepal BIPAD Portal,2016,7,20,Central Region,Rautahat,Brindaban,FLOOD,0,1,0,0,0,0,0,0.0,False,26.98914,85.33443,,,,,,,,,,,,,True,True,False,True
bipad-32814,Government of Nepal BIPAD Portal,2016,7,20,Eastern Region,Jhapa,Barhadashi,FLOOD,0,0,0,0,0,0,0,0.0,False,26.58323,87.91446,,,,,,,,,,,,,True,True,False,True
bipad-32816,Government of Nepal BIPAD Portal,2016,7,20,Eastern Region,Okhaldhunga,Molung,FLOOD,1,0,0,0,0,0,0,0.0,False,27.33592,86.44629,,,,,,,,,,,,,True,True,False,True
bipad-32819,Government of Nepal BIPAD Portal,2016,7,21,Eastern Region,Jhapa,Barhadashi,FLOOD,0,0,0,0,0,0,0,0.0,False,26.58323,87.91446,,,,,,,,,,,,,True,True,False,True
bipad-32821,Government of Nepal BIPAD Portal,2016,7,22,Eastern Region,Udayapur,Rautamai,FLOOD,0,0,0,0,0,0,0,0.0,False,26.93279,86.66463,,,,,,,,,,,,,True,True,False,True
bipad-32822,Government of Nepal BIPAD Portal,2016,7,22,Western Region,Gulmi,Resunga,FLOOD,0,0,0,0,0,0,0,0.0,False,28.09848,83.31058,,,,,,,,,,,,,True,True,False,True
bipad-32828,Government of Nepal BIPAD Portal,2016,7,21,Central Region,Sindhuli,Kamalamai,FLOOD,0,1,0,0,0,0,0,0.0,False,27.18536,85.90753,,,,,,,,,,,,,True,True,False,True
bipad-32829,Government of Nepal BIPAD Portal,2016,7,21,Mid-Western Region,Banke,Rapti Sonari,FLOOD,1,0,0,0,0,0,0,0.0,False,28.09534,81.84765,,,,,,,,,,,,,True,True,False,True
bipad-32834,Government of Nepal BIPAD Portal,2016,7,22,Central Region,Sindhuli,Kamalamai,FLOOD,1,0,0,0,0,0,0,0.0,False,27.18536,85.90753,,,,,,,,,,,,,True,True,False,True
bipad-32841,Government of Nepal BIPAD Portal,2016,7,22,Central Region,Dolakha,Bigu,FLOOD,0,1,0,0,0,0,0,0.0,False,27.82349,86.22218,,,,,,,,,,,,,True,True,False,True
bipad-32842,Government of Nepal BIPAD Portal,2016,7,22,Far Western Region,Baitadi,Surnaya,FLOOD,1,0,0,0,0,0,0,0.0,False,29.50844,80.57647,,,,,,,,,,,,,True,True,False,True
bipad-32846,Government of Nepal BIPAD Portal,2016,7,23,Eastern Region,Morang,Belbari,FLOOD,0,0,0,0,0,0,0,0.0,False,26.61037,87.46726,,,,,,,,,,,,,True,True,False,True
bipad-32847,Government of Nepal BIPAD Portal,2016,7,23,Eastern Region,Saptari,Rupani,FLOOD,0,0,0,0,0,0,0,0.0,False,26.60701,86.75179,,,,,,,,,,,,,True,True,False,True
bipad-32852,Government of Nepal BIPAD Portal,2016,7,23,Eastern Region,Morang,Belbari,FLOOD,0,0,0,0,0,0,0,0.0,False,26.61037,87.46726,,,,,,,,,,,,,True,True,False,True
bipad-32855,Government of Nepal BIPAD Portal,2016,7,23,Western Region,Nawalparasi East,Madhyabindu,FLOOD,0,1,0,0,0,0,0,0.0,False,27.61064,84.00745,,,,,,,,,,,,,True,True,False,True
bipad-32857,Government of Nepal BIPAD Portal,2016,7,23,Central Region,Sindhupalchok,Jugal,FLOOD,0,0,0,0,0,0,0,0.0,False,27.90711,85.75568,,,,,,,,,,,,,True,True,False,True
bipad-32861,Government of Nepal BIPAD Portal,2016,7,23,Eastern Region,Morang,Belbari,FLOOD,0,0,0,0,26,0,0,0.0,False,26.61037,87.46726,,,,,,,,,,,,,True,True,False,True
bipad-32862,Government of Nepal BIPAD Portal,2016,7,23,Eastern Region,Saptari,Rupani,FLOOD,0,0,0,0,0,0,0,0.0,False,26.60701,86.75179,,,,,,,,,,,,,True,True,False,True
bipad-32863,Government of Nepal BIPAD Portal,2016,7,23,Eastern Region,Morang,Belbari,FLOOD,0,0,0,0,0,0,0,0.0,False,26.61037,87.46726,,,,,,,,,,,,,True,True,False,True
bipad-32864,Government of Nepal BIPAD Portal,2016,7,24,Eastern Region,Morang,Belbari,FLOOD,0,0,0,0,0,0,0,0.0,False,26.61037,87.46726,,,,,,,,,,,,,True,True,False,True
bipad-32865,Government of Nepal BIPAD Portal,2016,7,23,Mid-Western Region,Dailekh,Mahabu,FLOOD,1,0,0,0,0,0,0,0.0,False,28.88537,81.67138,,,,,,,,,,,,,True,True,False,True
bipad-32866,Government of Nepal BIPAD Portal,2016,7,23,Central Region,Makwanpur,Makawanpurgadhi,FLOOD,1,0,0,0,0,0,0,0.0,False,27.4427,85.08797,,,,,,,,,,,,,True,True,False,True
bipad-32867,Government of Nepal BIPAD Portal,2016,7,23,Western Region,Kapilbastu,Buddhabhumi,FLOOD,1,0,0,0,0,0,0,0.0,False,27.62682,82.96838,,,,,,,,,,,,,True,True,False,True
bipad-32868,Government of Nepal BIPAD Portal,2016,7,23,Central Region,Kathmandu,Kageshwori Manahora,FLOOD,1,0,0,0,0,0,0,0.0,False,27.69912,85.37856,,,,,,,,,,,,,True,True,False,True
bipad-32873,Government of Nepal BIPAD Portal,2016,7,24,Eastern Region,Sunsari,Inaruwa,FLOOD,0,0,0,0,0,0,0,0.0,False,26.64064,87.12722,,,,,,,,,,,,,True,True,False,True
bipad-32877,Government of Nepal BIPAD Portal,2016,7,24,Eastern Region,Jhapa,Barhadashi,FLOOD,0,0,0,0,0,0,0,0.0,False,26.58323,87.91446,,,,,,,,,,,,,True,True,False,True
bipad-32879,Government of Nepal BIPAD Portal,2016,7,24,Eastern Region,Jhapa,Barhadashi,FLOOD,0,0,0,0,0,0,0,0.0,False,26.58323,87.91446,,,,,,,,,,,,,True,True,False,True
bipad-32881,Government of Nepal BIPAD Portal,2016,7,24,Eastern Region,Sunsari,Inaruwa,FLOOD,0,0,0,0,4,0,0,0.0,False,26.64064,87.12722,,,,,,,,,,,,,True,True,False,True
bipad-32884,Government of Nepal BIPAD Portal,2016,7,24,Eastern Region,Jhapa,Barhadashi,FLOOD,0,0,0,0,0,2,0,0.0,False,26.58323,87.91446,,,,,,,,,,,,,True,True,False,True
bipad-32886,Government of Nepal BIPAD Portal,2016,7,24,Western Region,Gulmi,Resunga,FLOOD,1,0,0,0,0,0,0,0.0,False,28.09848,83.31058,,,,,,,,,,,,,True,True,False,True
bipad-32887,Government of Nepal BIPAD Portal,2016,7,24,Eastern Region,Jhapa,Barhadashi,FLOOD,0,1,0,0,0,0,0,0.0,False,26.58323,87.91446,,,,,,,,,,,,,True,True,False,True
bipad-32889,Government of Nepal BIPAD Portal,2016,7,24,Eastern Region,Siraha,Golbazar,FLOOD,1,2,0,0,0,0,0,0.0,False,26.7425,86.3336,,,,,,,,,,,,,True,True,False,True
bipad-32891,Government of Nepal BIPAD Portal,2016,7,25,Eastern Region,Jhapa,Barhadashi,FLOOD,0,0,0,0,1,0,0,0.0,False,26.58323,87.91446,,,,,,,,,,,,,True,True,False,True
bipad-32892,Government of Nepal BIPAD Portal,2016,7,25,Eastern Region,Sunsari,Inaruwa,FLOOD,0,0,0,0,0,0,0,0.0,False,26.64064,87.12722,,,,,,,,,,,,,True,True,False,True
bipad-32893,Government of Nepal BIPAD Portal,2016,7,26,Western Region,Baglung,Dhorpatan,FLOOD,0,0,0,0,0,0,0,0.0,False,28.35288,83.27139,,,,,,,,,,,,,True,True,False,True
bipad-32894,Government of Nepal BIPAD Portal,2016,7,26,Western Region,Kaski,Machhapuchchhre,FLOOD,0,0,0,0,0,0,0,0.0,False,28.34628,83.99007,,,,,,,,,,,,,True,True,False,True
bipad-32895,Government of Nepal BIPAD Portal,2016,7,26,Western Region,Gulmi,Resunga,FLOOD,0,0,0,0,0,0,0,0.0,False,28.09848,83.31058,,,,,,,,,,,,,True,True,False,True
bipad-32896,Government of Nepal BIPAD Portal,2016,7,25,Central Region,Sarlahi,Haripur,FLOOD,1,0,0,0,0,0,0,0.0,False,26.96729,85.57183,,,,,,,,,,,,,True,True,False,True
bipad-32897,Government of Nepal BIPAD Portal,2016,7,25,Western Region,Kaski,Machhapuchchhre,FLOOD,0,1,0,0,0,0,0,0.0,False,28.34628,83.99007,,,,,,,,,,,,,True,True,False,True
bipad-32898,Government of Nepal BIPAD Portal,2016,7,25,Eastern Region,Sunsari,Inaruwa,FLOOD,0,1,1,0,0,0,0,0.0,False,26.64064,87.12722,,,,,,,,,,,,,True,True,False,True
bipad-32899,Government of Nepal BIPAD Portal,2016,7,25,Central Region,Bara,Jitpur Simara,FLOOD,1,0,0,0,0,0,0,0.0,False,27.10642,85.06984,,,,,,,,,,,,,True,True,False,True
bipad-32900,Government of Nepal BIPAD Portal,2016,7,25,Eastern Region,Saptari,Rupani,FLOOD,1,0,0,0,0,0,0,0.0,False,26.60701,86.75179,,,,,,,,,,,,,True,True,False,True
bipad-32915,Government of Nepal BIPAD Portal,2016,7,26,Western Region,Gulmi,Resunga,FLOOD,0,0,0,0,6,15,0,0.0,False,28.09848,83.31058,,,,,,,,,,,,,True,True,False,True
bipad-32921,Government of Nepal BIPAD Portal,2016,7,24,Eastern Region,Jhapa,Barhadashi,FLOOD,0,0,0,0,4,7,0,0.0,False,26.58323,87.91446,,,,,,,,,,,,,True,True,False,True
bipad-32922,Government of Nepal BIPAD Portal,2016,7,24,Eastern Region,Jhapa,Barhadashi,FLOOD,0,0,0,0,3,0,0,0.0,False,26.58323,87.91446,,,,,,,,,,,,,True,True,False,True
bipad-32924,Government of Nepal BIPAD Portal,2016,7,25,Central Region,Chitwan,Bharatpur,FLOOD,0,0,0,0,0,1,0,0.0,False,27.61645,84.36001,,,,,,,,,,,,,True,True,False,True
bipad-32925,Government of Nepal BIPAD Portal,2016,7,25,Eastern Region,Sunsari,Inaruwa,FLOOD,0,0,0,0,0,0,0,0.0,False,26.64064,87.12722,,,,,,,,,,,,,True,True,False,True
bipad-32926,Government of Nepal BIPAD Portal,2016,7,25,Eastern Region,Sunsari,Inaruwa,FLOOD,0,0,0,0,0,0,0,0.0,False,26.64064,87.12722,,,,,,,,,,,,,True,True,False,True
bipad-32927,Government of Nepal BIPAD Portal,2016,7,25,Eastern Region,Udayapur,Rautamai,FLOOD,1,0,0,0,0,0,0,0.0,False,26.93279,86.66463,,,,,,,,,,,,,True,True,False,True
bipad-32930,Government of Nepal BIPAD Portal,2016,7,26,Central Region,Bhaktapur,Bhaktapur,FLOOD,0,0,0,0,0,0,0,0.0,False,27.67418,85.44123,,,,,,,,,,,,,True,True,False,True
bipad-32932,Government of Nepal BIPAD Portal,2016,7,26,Mid-Western Region,Bardiya,Barbardiya,FLOOD,0,0,0,0,0,0,0,0.0,False,28.36918,81.41147,,,,,,,,,,,,,True,True,False,True
bipad-32933,Government of Nepal BIPAD Portal,2016,7,26,Western Region,Rupandehi,Tilottama,FLOOD,0,0,0,0,6,0,0,0.0,False,27.57833,83.42932,,,,,,,,,,,,,True,True,False,True
bipad-32934,Government of Nepal BIPAD Portal,2016,7,26,Western Region,Rupandehi,Tilottama,FLOOD,0,0,1,0,21,0,0,0.0,False,27.57833,83.42932,,,,,,,,,,,,,True,True,False,True
bipad-32935,Government of Nepal BIPAD Portal,2016,7,26,Western Region,Rupandehi,Tilottama,FLOOD,0,0,0,0,1,0,0,0.0,False,27.57833,83.42932,,,,,,,,,,,,,True,True,False,True
bipad-32936,Government of Nepal BIPAD Portal,2016,7,26,Western Region,Syangja,Bhirkot,FLOOD,0,0,0,0,0,0,0,0.0,False,28.05026,83.73811,,,,,,,,,,,,,True,True,False,True
bipad-32937,Government of Nepal BIPAD Portal,2016,7,26,Mid-Western Region,Dang,Ghorahi,FLOOD,0,0,0,0,0,0,0,0.0,False,27.9672,82.44665,,,,,,,,,,,,,True,True,False,True
bipad-32938,Government of Nepal BIPAD Portal,2016,7,26,Mid-Western Region,Dang,Ghorahi,FLOOD,0,0,0,0,0,0,0,0.0,False,27.9672,82.44665,,,,,,,,,,,,,True,True,False,True
bipad-32939,Government of Nepal BIPAD Portal,2016,7,26,Mid-Western Region,Banke,Rapti Sonari,FLOOD,0,0,0,0,0,0,0,0.0,False,28.09534,81.84765,,,,,,,,,,,,,True,True,False,True
bipad-32940,Government of Nepal BIPAD Portal,2016,7,26,Eastern Region,Jhapa,Barhadashi,FLOOD,0,0,0,0,3,0,0,0.0,False,26.58323,87.91446,,,,,,,,,,,,,True,True,False,True
bipad-32943,Government of Nepal BIPAD Portal,2016,7,26,Eastern Region,Jhapa,Barhadashi,FLOOD,0,1,0,0,0,0,0,0.0,False,26.58323,87.91446,,,,,,,,,,,,,True,True,False,True
bipad-32945,Government of Nepal BIPAD Portal,2016,7,26,Western Region,Kapilbastu,Buddhabhumi,FLOOD,1,0,0,0,0,0,0,0.0,False,27.62682,82.96838,,,,,,,,,,,,,True,True,False,True
bipad-32950,Government of Nepal BIPAD Portal,2016,7,26,Mid-Western Region,Bardiya,Barbardiya,FLOOD,0,0,0,0,0,0,0,0.0,False,28.36918,81.41147,,,,,,,,,,,,,True,True,False,True
bipad-32951,Government of Nepal BIPAD Portal,2016,7,26,Mid-Western Region,Bardiya,Barbardiya,FLOOD,0,0,0,0,0,0,0,0.0,False,28.36918,81.41147,,,,,,,,,,,,,True,True,False,True
bipad-32952,Government of Nepal BIPAD Portal,2016,7,26,Mid-Western Region,Banke,Rapti Sonari,FLOOD,0,0,0,0,0,0,0,0.0,False,28.09534,81.84765,,,,,,,,,,,,,True,True,False,True
bipad-32953,Government of Nepal BIPAD Portal,2016,7,26,Central Region,Parsa,Thori,FLOOD,0,0,0,0,0,0,0,0.0,False,27.22317,84.73056,,,,,,,,,,,,,True,True,False,True
bipad-32954,Government of Nepal BIPAD Portal,2016,7,26,Eastern Region,Jhapa,Barhadashi,FLOOD,0,0,0,0,0,0,0,0.0,False,26.58323,87.91446,,,,,,,,,,,,,True,True,False,True
bipad-32955,Government of Nepal BIPAD Portal,2016,7,26,Central Region,Chitwan,Bharatpur,FLOOD,0,0,0,0,2,0,0,0.0,False,27.61645,84.36001,,,,,,,,,,,,,True,True,False,True
bipad-32956,Government of Nepal BIPAD Portal,2016,7,26,Eastern Region,Morang,Belbari,FLOOD,0,0,0,0,55,0,0,0.0,False,26.61037,87.46726,,,,,,,,,,,,,True,True,False,True
bipad-32957,Government of Nepal BIPAD Portal,2016,7,26,Mid-Western Region,Bardiya,Barbardiya,FLOOD,0,0,0,0,0,0,0,0.0,False,28.36918,81.41147,,,,,,,,,,,,,True,True,False,True
bipad-32958,Government of Nepal BIPAD Portal,2016,7,26,Western Region,Kaski,Machhapuchchhre,FLOOD,0,0,0,0,2,0,0,0.0,False,28.34628,83.99007,,,,,,,,,,,,,True,True,False,True
bipad-32959,Government of Nepal BIPAD Portal,2016,7,26,Mid-Western Region,Banke,Rapti Sonari,FLOOD,0,0,0,0,0,0,0,0.0,False,28.09534,81.84765,,,,,,,,,,,,,True,True,False,True
bipad-32961,Government of Nepal BIPAD Portal,2016,7,26,Eastern Region,Jhapa,Barhadashi,FLOOD,0,1,0,0,0,0,0,0.0,False,26.58323,87.91446,,,,,,,,,,,,,True,True,False,True
bipad-32962,Government of Nepal BIPAD Portal,2016,7,26,Mid-Western Region,Dang,Ghorahi,FLOOD,1,0,0,0,0,0,0,0.0,False,27.9672,82.44665,,,,,,,,,,,,,True,True,False,True
bipad-32963,Government of Nepal BIPAD Portal,2016,7,26,Western Region,Arghakhanchi,Bhumikasthan,FLOOD,1,0,0,0,0,0,0,0.0,False,27.94393,83.04234,,,,,,,,,,,,,True,True,False,True
bipad-32976,Government of Nepal BIPAD Portal,2016,7,26,Mid-Western Region,Pyuthan,Pyuthan,FLOOD,1,0,0,0,0,0,0,0.0,False,28.1203,82.85541,,,,,,,,,,,,,True,True,False,True
bipad-32989,Government of Nepal BIPAD Portal,2016,7,26,Western Region,Gulmi,Resunga,FLOOD,0,0,0,0,1,0,0,0.0,False,28.09848,83.31058,,,,,,,,,,,,,True,True,False,True
bipad-32990,Government of Nepal BIPAD Portal,2016,7,26,Western Region,Gulmi,Resunga,FLOOD,0,0,0,0,2,0,0,0.0,False,28.09848,83.31058,,,,,,,,,,,,,True,True,False,True
bipad-32991,Government of Nepal BIPAD Portal,2016,7,24,Eastern Region,Jhapa,Barhadashi,FLOOD,1,0,0,0,0,0,0,0.0,False,26.58323,87.91446,,,,,,,,,,,,,True,True,False,True
bipad-32992,Government of Nepal BIPAD Portal,2016,7,24,Eastern Region,Jhapa,Barhadashi,FLOOD,1,0,0,0,0,0,0,0.0,False,26.58323,87.91446,,,,,,,,,,,,,True,True,False,True
bipad-32993,Government of Nepal BIPAD Portal,2016,7,25,Eastern Region,Jhapa,Barhadashi,FLOOD,0,0,0,0,0,0,0,0.0,False,26.58323,87.91446,,,,,,,,,,,,,True,True,False,True
bipad-32994,Government of Nepal BIPAD Portal,2016,7,25,Eastern Region,Jhapa,Barhadashi,FLOOD,0,0,0,0,0,0,0,0.0,False,26.58323,87.91446,,,,,,,,,,,,,True,True,False,True
bipad-32995,Government of Nepal BIPAD Portal,2016,7,25,Eastern Region,Jhapa,Barhadashi,FLOOD,0,0,0,0,0,0,0,0.0,False,26.58323,87.91446,,,,,,,,,,,,,True,True,False,True
bipad-32996,Government of Nepal BIPAD Portal,2016,7,25,Eastern Region,Jhapa,Barhadashi,FLOOD,0,0,0,0,0,0,0,0.0,False,26.58323,87.91446,,,,,,,,,,,,,True,True,False,True
bipad-32997,Government of Nepal BIPAD Portal,2016,7,25,Eastern Region,Jhapa,Barhadashi,FLOOD,0,0,0,0,0,0,0,0.0,False,26.58323,87.91446,,,,,,,,,,,,,True,True,False,True
bipad-33002,Government of Nepal BIPAD Portal,2016,7,24,Eastern Region,Jhapa,Barhadashi,FLOOD,1,0,0,0,0,0,0,0.0,False,26.58323,87.91446,,,,,,,,,,,,,True,True,False,True
bipad-33004,Government of Nepal BIPAD Portal,2016,7,26,Western Region,Kapilbastu,Buddhabhumi,FLOOD,1,0,0,0,0,0,0,0.0,False,27.62682,82.96838,,,,,,,,,,,,,True,True,False,True
bipad-33005,Government of Nepal BIPAD Portal,2016,7,26,Western Region,Kapilbastu,Buddhabhumi,FLOOD,1,0,0,0,0,0,0,0.0,False,27.62682,82.96838,,,,,,,,,,,,,True,True,False,True
bipad-33008,Government of Nepal BIPAD Portal,2016,7,26,Mid-Western Region,Dang,Ghorahi,FLOOD,1,0,0,0,0,0,0,0.0,False,27.9672,82.44665,,,,,,,,,,,,,True,True,False,True
bipad-33018,Government of Nepal BIPAD Portal,2016,7,27,Central Region,Chitwan,Bharatpur,FLOOD,0,0,0,0,0,0,0,0.0,False,27.61645,84.36001,,,,,,,,,,,,,True,True,False,True
bipad-33025,Government of Nepal BIPAD Portal,2016,7,28,Far Western Region,Dadeldhura,Alital,FLOOD,1,0,0,0,0,0,0,0.0,False,29.20864,80.48616,,,,,,,,,,,,,True,True,False,True
bipad-33028,Government of Nepal BIPAD Portal,2016,7,28,Central Region,Sarlahi,Haripur,FLOOD,1,0,0,0,0,0,0,0.0,False,26.96729,85.57183,,,,,,,,,,,,,True,True,False,True
bipad-33039,Government of Nepal BIPAD Portal,2016,7,26,Eastern Region,Sunsari,Inaruwa,FLOOD,0,0,0,0,0,0,0,0.0,False,26.64064,87.12722,,,,,,,,,,,,,True,True,False,True
bipad-33040,Government of Nepal BIPAD Portal,2016,7,26,Eastern Region,Sunsari,Inaruwa,FLOOD,0,0,0,0,0,0,0,0.0,False,26.64064,87.12722,,,,,,,,,,,,,True,True,False,True
bipad-33041,Government of Nepal BIPAD Portal,2016,7,26,Eastern Region,Sunsari,Inaruwa,FLOOD,0,0,0,0,0,0,0,0.0,False,26.64064,87.12722,,,,,,,,,,,,,True,True,False,True
bipad-33042,Government of Nepal BIPAD Portal,2016,7,26,Eastern Region,Sunsari,Inaruwa,FLOOD,0,0,0,0,0,0,0,0.0,False,26.64064,87.12722,,,,,,,,,,,,,True,True,False,True
bipad-33047,Government of Nepal BIPAD Portal,2016,7,29,Western Region,Baglung,Dhorpatan,FLOOD,0,1,0,0,0,0,0,0.0,False,28.35288,83.27139,,,,,,,,,,,,,True,True,False,True
bipad-33049,Government of Nepal BIPAD Portal,2016,7,28,Western Region,Baglung,Dhorpatan,FLOOD,0,1,0,0,0,0,0,0.0,False,28.35288,83.27139,,,,,,,,,,,,,True,True,False,True
bipad-33050,Government of Nepal BIPAD Portal,2016,7,25,Western Region,Rupandehi,Tilottama,FLOOD,2,0,0,0,0,0,0,0.0,False,27.57833,83.42932,,,,,,,,,,,,,True,True,False,True
bipad-33051,Government of Nepal BIPAD Portal,2016,7,26,Western Region,Baglung,Dhorpatan,FLOOD,0,0,0,0,18,0,0,0.0,False,28.35288,83.27139,,,,,,,,,,,,,True,True,False,True
bipad-33052,Government of Nepal BIPAD Portal,2016,7,26,Western Region,Baglung,Dhorpatan,FLOOD,0,0,0,0,62,0,0,0.0,False,28.35288,83.27139,,,,,,,,,,,,,True,True,False,True
bipad-33058,Government of Nepal BIPAD Portal,2016,7,21,Eastern Region,Saptari,Rupani,FLOOD,0,0,0,0,0,0,0,0.0,False,26.60701,86.75179,,,,,,,,,,,,,True,True,False,True
bipad-33069,Government of Nepal BIPAD Portal,2016,7,29,Mid-Western Region,Kalikot,Pachaljharana,FLOOD,1,0,0,0,0,0,0,0.0,False,29.21559,81.74506,,,,,,,,,,,,,True,True,False,True
bipad-33086,Government of Nepal BIPAD Portal,2016,7,31,Central Region,Kathmandu,Kageshwori Manahora,FLOOD,1,0,0,0,0,0,0,0.0,False,27.69912,85.37856,,,,,,,,,,,,,True,True,False,True
bipad-33087,Government of Nepal BIPAD Portal,2016,7,31,Far Western Region,Kanchanpur,Shuklaphanta National Park,FLOOD,1,0,0,0,0,0,0,0.0,False,28.84298,80.31147,,,,,,,,,,,,,True,True,False,True
bipad-33089,Government of Nepal BIPAD Portal,2016,7,26,Western Region,Kapilbastu,Buddhabhumi,FLOOD,1,0,0,0,0,0,0,0.0,False,27.62682,82.96838,,,,,,,,,,,,,True,True,False,True
bipad-33090,Government of Nepal BIPAD Portal,2016,7,26,Western Region,Kapilbastu,Buddhabhumi,FLOOD,1,0,0,0,0,0,0,0.0,False,27.62682,82.96838,,,,,,,,,,,,,True,True,False,True
bipad-33111,Government of Nepal BIPAD Portal,2016,7,26,Western Region,Kapilbastu,Buddhabhumi,FLOOD,0,0,0,0,124,0,0,0.0,False,27.62682,82.96838,,,,,,,,,,,,,True,True,False,True
bipad-33120,Government of Nepal BIPAD Portal,2016,8,3,Eastern Region,Sunsari,Inaruwa,FLOOD,1,0,0,0,0,0,0,0.0,False,26.64064,87.12722,,,,,,,,,,,,,True,True,False,True
bipad-33129,Government of Nepal BIPAD Portal,2016,8,5,Mid-Western Region,Rolpa,Rolpa,FLOOD,0,1,0,0,0,0,0,0.0,False,28.32432,82.65523,,,,,,,,,,,,,True,True,False,True
bipad-33135,Government of Nepal BIPAD Portal,2016,8,1,Western Region,Gulmi,Resunga,FLOOD,1,0,0,0,0,0,0,0.0,False,28.09848,83.31058,,,,,,,,,,,,,True,True,False,True
bipad-33141,Government of Nepal BIPAD Portal,2016,8,6,Far Western Region,Baitadi,Surnaya,FLOOD,1,0,0,0,0,0,0,0.0,False,29.50844,80.57647,,,,,,,,,,,,,True,True,False,True
bipad-33142,Government of Nepal BIPAD Portal,2016,8,6,Mid-Western Region,Kalikot,Pachaljharana,FLOOD,0,1,0,0,0,0,0,0.0,False,29.21559,81.74506,,,,,,,,,,,,,True,True,False,True
bipad-33161,Government of Nepal BIPAD Portal,2016,8,7,Far Western Region,Baitadi,Surnaya,FLOOD,0,1,0,0,0,0,0,0.0,False,29.50844,80.57647,,,,,,,,,,,,,True,True,False,True
bipad-33166,Government of Nepal BIPAD Portal,2016,7,26,Western Region,Nawalparasi East,Madhyabindu,FLOOD,1,0,0,0,0,0,0,0.0,False,27.61064,84.00745,,,,,,,,,,,,,True,True,False,True
bipad-33167,Government of Nepal BIPAD Portal,2016,7,25,Mid-Western Region,Jumla,Guthichaur,FLOOD,1,0,0,0,0,0,0,0.0,False,29.23923,82.21605,,,,,,,,,,,,,True,True,False,True
bipad-33175,Government of Nepal BIPAD Portal,2016,8,8,Far Western Region,Dadeldhura,Alital,FLOOD,1,0,0,0,0,0,0,0.0,False,29.20864,80.48616,,,,,,,,,,,,,True,True,False,True
bipad-33183,Government of Nepal BIPAD Portal,2016,8,9,Eastern Region,Taplejung,Phaktanglung,FLOOD,1,0,0,0,0,0,0,0.0,False,27.60988,87.82613,,,,,,,,,,,,,True,True,False,True
bipad-33184,Government of Nepal BIPAD Portal,2016,8,9,Central Region,Nuwakot,Suryagadhi,FLOOD,0,1,0,0,0,0,0,0.0,False,27.92448,85.24446,,,,,,,,,,,,,True,True,False,True
bipad-33185,Government of Nepal BIPAD Portal,2016,8,9,Western Region,Syangja,Bhirkot,FLOOD,0,1,0,0,0,0,0,0.0,False,28.05026,83.73811,,,,,,,,,,,,,True,True,False,True
bipad-33186,Government of Nepal BIPAD Portal,2016,8,9,Mid-Western Region,Salyan,Sharada,FLOOD,0,1,0,0,0,0,0,0.0,False,28.4,82.09154,,,,,,,,,,,,,True,True,False,True
bipad-33193,Government of Nepal BIPAD Portal,2016,8,9,Mid-Western Region,Dolpa,Shey Phoksundo,FLOOD,1,0,0,0,0,0,0,0.0,False,29.21277,83.03833,,,,,,,,,,,,,True,True,False,True
bipad-33196,Government of Nepal BIPAD Portal,2016,8,11,Mid-Western Region,Dang,Ghorahi,FLOOD,1,0,2,0,0,0,0,0.0,False,27.9672,82.44665,,,,,,,,,,,,,True,True,False,True
bipad-33204,Government of Nepal BIPAD Portal,2016,8,14,Mid-Western Region,Rolpa,Rolpa,FLOOD,0,0,0,0,0,0,0,0.0,False,28.32432,82.65523,,,,,,,,,,,,,True,True,False,True
bipad-33205,Government of Nepal BIPAD Portal,2016,8,14,Central Region,Rasuwa,Gosaikunda,FLOOD,2,0,0,0,0,0,0,0.0,False,28.1755,85.46091,,,,,,,,,,,,,True,True,False,True
bipad-33208,Government of Nepal BIPAD Portal,2016,8,15,Mid-Western Region,Salyan,Sharada,FLOOD,0,1,0,0,0,0,0,0.0,False,28.4,82.09154,,,,,,,,,,,,,True,True,False,True
bipad-33209,Government of Nepal BIPAD Portal,2016,8,15,Mid-Western Region,Pyuthan,Pyuthan,FLOOD,0,1,0,0,0,0,0,0.0,False,28.1203,82.85541,,,,,,,,,,,,,True,True,False,True
bipad-33251,Government of Nepal BIPAD Portal,2016,7,2,Mid-Western Region,Banke,Rapti Sonari,FLOOD,0,1,0,0,0,0,0,0.0,False,28.09534,81.84765,,,,,,,,,,,,,True,True,False,True
bipad-33256,Government of Nepal BIPAD Portal,2016,8,22,Western Region,Arghakhanchi,Bhumikasthan,FLOOD,1,0,0,0,0,0,0,0.0,False,27.94393,83.04234,,,,,,,,,,,,,True,True,False,True
bipad-33260,Government of Nepal BIPAD Portal,2016,7,21,Eastern Region,Morang,Belbari,FLOOD,0,0,0,0,32,0,0,0.0,False,26.61037,87.46726,,,,,,,,,,,,,True,True,False,True
bipad-33261,Government of Nepal BIPAD Portal,2016,7,22,Eastern Region,Morang,Belbari,FLOOD,0,0,0,0,23,0,0,0.0,False,26.61037,87.46726,,,,,,,,,,,,,True,True,False,True
bipad-33262,Government of Nepal BIPAD Portal,2016,7,23,Eastern Region,Morang,Belbari,FLOOD,0,0,0,0,14,0,0,0.0,False,26.61037,87.46726,,,,,,,,,,,,,True,True,False,True
bipad-33286,Government of Nepal BIPAD Portal,2016,8,29,Mid-Western Region,Pyuthan,Pyuthan,FLOOD,1,0,0,0,0,0,0,0.0,False,28.1203,82.85541,,,,,,,,,,,,,True,True,False,True
bipad-33292,Government of Nepal BIPAD Portal,2016,8,30,Eastern Region,Morang,Belbari,FLOOD,0,0,0,0,3,0,0,0.0,False,26.61037,87.46726,,,,,,,,,,,,,True,True,False,True
bipad-33295,Government of Nepal BIPAD Portal,2016,8,31,Western Region,Kaski,Machhapuchchhre,FLOOD,1,0,0,0,0,0,0,0.0,False,28.34628,83.99007,,,,,,,,,,,,,True,True,False,True
bipad-33302,Government of Nepal BIPAD Portal,2016,9,1,Western Region,Myagdi,Raghuganga,FLOOD,0,1,1,0,12,6,0,0.0,False,28.54637,83.48729,,,,,,,,,,,,,True,True,False,True
bipad-33310,Government of Nepal BIPAD Portal,2016,9,3,Central Region,Bara,Jitpur Simara,FLOOD,2,0,0,0,0,0,0,0.0,False,27.10642,85.06984,,,,,,,,,,,,,True,True,False,True
bipad-33311,Government of Nepal BIPAD Portal,2016,9,3,Central Region,Mahottari,Aurahi,FLOOD,1,0,0,0,0,0,0,0.0,False,26.88482,85.81298,,,,,,,,,,,,,True,True,False,True
bipad-33325,Government of Nepal BIPAD Portal,2016,9,3,Central Region,Sarlahi,Haripur,FLOOD,1,0,0,0,0,0,0,0.0,False,26.96729,85.57183,,,,,,,,,,,,,True,True,False,True
bipad-33326,Government of Nepal BIPAD Portal,2016,9,4,Eastern Region,Udayapur,Rautamai,FLOOD,1,0,0,0,0,0,0,0.0,False,26.93279,86.66463,,,,,,,,,,,,,True,True,False,True
bipad-33329,Government of Nepal BIPAD Portal,2016,9,5,Eastern Region,Jhapa,Barhadashi,FLOOD,1,0,0,0,0,0,0,0.0,False,26.58323,87.91446,,,,,,,,,,,,,True,True,False,True
bipad-33330,Government of Nepal BIPAD Portal,2016,9,5,Central Region,Sindhupalchok,Jugal,FLOOD,0,0,0,0,5,0,0,0.0,False,27.90711,85.75568,,,,,,,,,,,,,True,True,False,True
bipad-33336,Government of Nepal BIPAD Portal,2016,9,6,Central Region,Mahottari,Aurahi,FLOOD,1,0,0,0,0,0,0,0.0,False,26.88482,85.81298,,,,,,,,,,,,,True,True,False,True
bipad-33342,Government of Nepal BIPAD Portal,2016,9,7,Mid-Western Region,Dang,Ghorahi,FLOOD,1,0,0,0,0,0,0,0.0,False,27.9672,82.44665,,,,,,,,,,,,,True,True,False,True
bipad-33343,Government of Nepal BIPAD Portal,2016,9,8,Western Region,Parbat,Kushma,FLOOD,0,0,0,0,3,2,0,0.0,False,28.20228,83.69519,,,,,,,,,,,,,True,True,False,True
bipad-33347,Government of Nepal BIPAD Portal,2016,9,8,Western Region,Kaski,Machhapuchchhre,FLOOD,0,1,0,0,0,0,0,0.0,False,28.34628,83.99007,,,,,,,,,,,,,True,True,False,True
bipad-33355,Government of Nepal BIPAD Portal,2016,9,9,Eastern Region,Udayapur,Rautamai,FLOOD,1,0,0,0,0,0,0,0.0,False,26.93279,86.66463,,,,,,,,,,,,,True,True,False,True
bipad-33356,Government of Nepal BIPAD Portal,2016,9,9,Eastern Region,Udayapur,Rautamai,FLOOD,1,0,0,0,0,0,0,0.0,False,26.93279,86.66463,,,,,,,,,,,,,True,True,False,True
bipad-33366,Government of Nepal BIPAD Portal,2016,9,11,Eastern Region,Solukhumbu,Khumbu Pasanglhamu,FLOOD,0,2,0,0,0,0,0,0.0,False,27.72488,86.68194,,,,,,,,,,,,,True,True,False,True
bipad-33367,Government of Nepal BIPAD Portal,2016,9,11,Eastern Region,Solukhumbu,Khumbu Pasanglhamu,FLOOD,0,2,0,0,0,0,0,0.0,False,27.72488,86.68194,,,,,,,,,,,,,True,True,False,True
bipad-33368,Government of Nepal BIPAD Portal,2016,9,12,Central Region,Kavrepalanchok,Namobuddha,FLOOD,0,0,0,0,0,0,0,0.0,False,27.54493,85.63649,,,,,,,,,,,,,True,True,False,True
bipad-33369,Government of Nepal BIPAD Portal,2016,9,12,Central Region,Ramechhap,Gokulganga,FLOOD,0,0,0,0,3,0,0,0.0,False,27.53685,86.18811,,,,,,,,,,,,,True,True,False,True
bipad-33384,Government of Nepal BIPAD Portal,2016,9,13,Central Region,Sindhupalchok,Jugal,FLOOD,1,0,0,0,0,0,0,0.0,False,27.90711,85.75568,,,,,,,,,,,,,True,True,False,True
bipad-33439,Government of Nepal BIPAD Portal,2016,9,10,Central Region,Sarlahi,Haripur,FLOOD,0,0,0,0,3,0,0,0.0,False,26.96729,85.57183,,,,,,,,,,,,,True,True,False,True
bipad-33462,Government of Nepal BIPAD Portal,2016,9,17,Mid-Western Region,Rukum East,Sisne,FLOOD,1,0,0,0,0,0,0,0.0,False,28.73381,82.67046,,,,,,,,,,,,,True,True,False,True
bipad-33463,Government of Nepal BIPAD Portal,2016,9,17,Western Region,Kaski,Machhapuchchhre,FLOOD,1,0,0,0,0,0,0,0.0,False,28.34628,83.99007,,,,,,,,,,,,,True,True,False,True
bipad-33465,Government of Nepal BIPAD Portal,2016,9,17,Western Region,Myagdi,Raghuganga,FLOOD,0,0,0,0,1,0,0,0.0,False,28.54637,83.48729,,,,,,,,,,,,,True,True,False,True
bipad-33479,Government of Nepal BIPAD Portal,2016,9,20,Western Region,Lamjung,Marsyangdi,FLOOD,2,0,0,0,0,0,0,0.0,False,28.28362,84.43609,,,,,,,,,,,,,True,True,False,True
bipad-33484,Government of Nepal BIPAD Portal,2016,9,21,Central Region,Dhanusa,Dhanusadham,FLOOD,0,0,0,0,0,0,0,0.0,False,26.83206,86.05628,,,,,,,,,,,,,True,True,False,True
bipad-33485,Government of Nepal BIPAD Portal,2016,9,21,Eastern Region,Udayapur,Rautamai,FLOOD,0,0,0,0,0,0,0,0.0,False,26.93279,86.66463,,,,,,,,,,,,,True,True,False,True
bipad-33486,Government of Nepal BIPAD Portal,2016,9,21,Central Region,Kavrepalanchok,Namobuddha,FLOOD,0,0,0,0,0,1,0,0.0,False,27.54493,85.63649,,,,,,,,,,,,,True,True,False,True
bipad-33488,Government of Nepal BIPAD Portal,2016,9,21,Eastern Region,Morang,Belbari,FLOOD,0,0,0,0,3,0,0,0.0,False,26.61037,87.46726,,,,,,,,,,,,,True,True,False,True
bipad-33489,Government of Nepal BIPAD Portal,2016,9,21,Eastern Region,Morang,Belbari,FLOOD,0,0,0,0,1,0,0,0.0,False,26.61037,87.46726,,,,,,,,,,,,,True,True,False,True
bipad-33490,Government of Nepal BIPAD Portal,2016,9,21,Eastern Region,Morang,Belbari,FLOOD,1,0,0,0,0,0,0,0.0,False,26.61037,87.46726,,,,,,,,,,,,,True,True,False,True
bipad-33522,Government of Nepal BIPAD Portal,2016,9,23,Western Region,Kapilbastu,Buddhabhumi,FLOOD,2,0,0,0,0,0,0,0.0,False,27.62682,82.96838,,,,,,,,,,,,,True,True,False,True
bipad-33523,Government of Nepal BIPAD Portal,2016,9,26,Eastern Region,Morang,Belbari,FLOOD,1,0,0,0,0,0,0,0.0,False,26.61037,87.46726,,,,,,,,,,,,,True,True,False,True
bipad-33526,Government of Nepal BIPAD Portal,2016,9,25,Eastern Region,Dhankuta,Dhankuta,FLOOD,1,0,0,0,0,0,0,0.0,False,27.00791,87.36671,,,,,,,,,,,,,True,True,False,True
bipad-33538,Government of Nepal BIPAD Portal,2016,10,1,Central Region,Sindhuli,Kamalamai,FLOOD,1,0,0,0,0,0,0,0.0,False,27.18536,85.90753,,,,,,,,,,,,,True,True,False,True
bipad-33540,Government of Nepal BIPAD Portal,2016,10,3,Western Region,Lamjung,Marsyangdi,FLOOD,0,0,0,0,1,0,0,0.0,False,28.28362,84.43609,,,,,,,,,,,,,True,True,False,True
bipad-33571,Government of Nepal BIPAD Portal,2016,10,12,Eastern Region,Jhapa,Barhadashi,FLOOD,1,0,0,0,0,0,0,0.0,False,26.58323,87.91446,,,,,,,,,,,,,True,True,False,True
bipad-33847,Government of Nepal BIPAD Portal,2016,12,18,Western Region,Mustang,Lo Ghekar Damodarkunda,FLOOD,0,0,0,0,0,0,0,0.0,False,28.9548,83.86811,,,,,,,,,,,,,True,True,False,True
bipad-34637,Government of Nepal BIPAD Portal,2017,4,20,Eastern Region,Sankhuwasabha,Khandbari,FLOOD,0,0,0,0,0,0,0,0.0,False,27.3868814825,87.2156945863,,,,,,,,,,,,,True,True,False,True
bipad-34919,Government of Nepal BIPAD Portal,2017,5,26,Eastern Region,Taplejung,Phaktanglung,FLOOD,1,0,0,0,0,0,0,0.0,False,27.60988,87.82613,,,,,,,,,,,,,True,True,False,True
bipad-34981,Government of Nepal BIPAD Portal,2017,6,10,Eastern Region,Saptari,Rupani,FLOOD,0,0,1,0,0,0,0,0.0,False,26.60701,86.75179,,,,,,,,,,,,,True,True,False,True
bipad-34985,Government of Nepal BIPAD Portal,2017,6,10,Eastern Region,Saptari,Rupani,FLOOD,0,0,0,0,0,0,0,0.0,False,26.60701,86.75179,,,,,,,,,,,,,True,True,False,True
bipad-35022,Government of Nepal BIPAD Portal,2017,6,22,Eastern Region,Solukhumbu,Khumbu Pasanglhamu,FLOOD,2,0,2,0,0,0,0,0.0,False,27.72488,86.68194,,,,,,,,,,,,,True,True,False,True
bipad-35027,Government of Nepal BIPAD Portal,2017,6,24,Central Region,Kathmandu,Kageshwori Manahora,FLOOD,0,0,0,0,0,0,0,0.0,False,27.69912,85.37856,,,,,,,,,,,,,True,True,False,True
bipad-35039,Government of Nepal BIPAD Portal,2017,6,27,Western Region,Kaski,Machhapuchchhre,FLOOD,0,0,0,0,0,0,0,0.0,False,28.34628,83.99007,,,,,,,,,,,,,True,True,False,True
bipad-35040,Government of Nepal BIPAD Portal,2017,6,26,Eastern Region,Okhaldhunga,Molung,FLOOD,1,0,0,0,0,0,0,0.0,False,27.33592,86.44629,,,,,,,,,,,,,True,True,False,True
bipad-35058,Government of Nepal BIPAD Portal,2017,7,1,Eastern Region,Saptari,Rupani,FLOOD,1,0,0,0,0,0,0,0.0,False,26.60701,86.75179,,,,,,,,,,,,,True,True,False,True
bipad-35064,Government of Nepal BIPAD Portal,2017,7,1,Western Region,Syangja,Bhirkot,FLOOD,0,1,0,0,0,0,0,0.0,False,28.05026,83.73811,,,,,,,,,,,,,True,True,False,True
bipad-35069,Government of Nepal BIPAD Portal,2017,7,1,Mid-Western Region,Mugu,Mugum Karmarong,FLOOD,0,3,0,0,0,0,0,0.0,False,29.67916,82.30447,,,,,,,,,,,,,True,True,False,True
bipad-35070,Government of Nepal BIPAD Portal,2017,7,1,Western Region,Kaski,Machhapuchchhre,FLOOD,0,1,0,0,0,0,0,0.0,False,28.34628,83.99007,,,,,,,,,,,,,True,True,False,True
bipad-35080,Government of Nepal BIPAD Portal,2017,7,2,Western Region,Syangja,Bhirkot,FLOOD,0,1,2,0,0,0,0,0.0,False,28.05026,83.73811,,,,,,,,,,,,,True,True,False,True
bipad-35081,Government of Nepal BIPAD Portal,2017,7,2,Central Region,Sindhuli,Kamalamai,FLOOD,1,0,0,0,0,0,0,0.0,False,27.18536,85.90753,,,,,,,,,,,,,True,True,False,True
bipad-35086,Government of Nepal BIPAD Portal,2017,7,1,Eastern Region,Saptari,Rupani,FLOOD,0,0,0,0,3,0,0,0.0,False,26.60701,86.75179,,,,,,,,,,,,,True,True,False,True
bipad-35089,Government of Nepal BIPAD Portal,2017,7,2,Western Region,Parbat,Kushma,FLOOD,1,0,0,0,0,0,0,0.0,False,28.20228,83.69519,,,,,,,,,,,,,True,True,False,True
bipad-35120,Government of Nepal BIPAD Portal,2017,7,9,Mid-Western Region,Rukum East,Sisne,FLOOD,0,0,0,0,1,2,0,0.0,False,28.73381,82.67046,,,,,,,,,,,,,True,True,False,True
bipad-35121,Government of Nepal BIPAD Portal,2017,7,9,Western Region,Parbat,Kushma,FLOOD,0,0,1,0,0,0,0,0.0,False,28.20228,83.69519,,,,,,,,,,,,,True,True,False,True
bipad-35127,Government of Nepal BIPAD Portal,2017,7,10,Western Region,Palpa,Mathagadhi,FLOOD,4,0,0,0,0,0,0,0.0,False,27.82173,83.63419,,,,,,,,,,,,,True,True,False,True
bipad-35140,Government of Nepal BIPAD Portal,2017,7,10,Western Region,Kaski,Machhapuchchhre,FLOOD,2,0,0,0,0,0,0,0.0,False,28.34628,83.99007,,,,,,,,,,,,,True,True,False,True
bipad-35141,Government of Nepal BIPAD Portal,2017,7,10,Western Region,Tanahu,Rhishing,FLOOD,1,0,0,0,0,0,0,0.0,False,27.93572,84.24996,,,,,,,,,,,,,True,True,False,True
bipad-35147,Government of Nepal BIPAD Portal,2017,7,11,Western Region,Kaski,Machhapuchchhre,FLOOD,1,0,0,0,0,0,0,0.0,False,28.34628,83.99007,,,,,,,,,,,,,True,True,False,True
bipad-35160,Government of Nepal BIPAD Portal,2017,7,15,Central Region,Sindhupalchok,Jugal,FLOOD,0,1,0,0,0,0,0,0.0,False,27.90711,85.75568,,,,,,,,,,,,,True,True,False,True
bipad-35161,Government of Nepal BIPAD Portal,2017,7,15,Central Region,Sindhupalchok,Jugal,FLOOD,0,0,0,0,3,0,0,0.0,False,27.90711,85.75568,,,,,,,,,,,,,True,True,False,True
bipad-35162,Government of Nepal BIPAD Portal,2017,7,16,Central Region,Ramechhap,Gokulganga,FLOOD,2,3,9,0,3,0,0,0.0,False,27.53685,86.18811,,,,,,,,,,,,,True,True,False,True
bipad-35164,Government of Nepal BIPAD Portal,2017,7,14,Central Region,Kathmandu,Kageshwori Manahora,FLOOD,1,0,0,0,0,0,0,0.0,False,27.69912,85.37856,,,,,,,,,,,,,True,True,False,True
bipad-35168,Government of Nepal BIPAD Portal,2017,7,16,Eastern Region,Jhapa,Barhadashi,FLOOD,1,0,0,0,0,0,0,0.0,False,26.58323,87.91446,,,,,,,,,,,,,True,True,False,True
bipad-35190,Government of Nepal BIPAD Portal,2017,7,18,Central Region,Nuwakot,Suryagadhi,FLOOD,0,0,0,0,0,0,0,0.0,False,27.92448,85.24446,,,,,,,,,,,,,True,True,False,True
bipad-35251,Government of Nepal BIPAD Portal,2017,7,29,Central Region,Nuwakot,Suryagadhi,FLOOD,1,0,0,0,0,0,0,0.0,False,27.92448,85.24446,,,,,,,,,,,,,True,True,False,True
bipad-35253,Government of Nepal BIPAD Portal,2017,7,30,Western Region,Baglung,Dhorpatan,FLOOD,0,1,0,0,0,0,0,0.0,False,28.35288,83.27139,,,,,,,,,,,,,True,True,False,True
bipad-35256,Government of Nepal BIPAD Portal,2017,7,30,Eastern Region,Solukhumbu,Khumbu Pasanglhamu,FLOOD,0,0,0,0,5,0,0,0.0,False,27.72488,86.68194,,,,,,,,,,,,,True,True,False,True
bipad-35262,Government of Nepal BIPAD Portal,2017,8,2,Western Region,Kapilbastu,Buddhabhumi,FLOOD,0,1,0,0,0,0,0,0.0,False,27.62682,82.96838,,,,,,,,,,,,,True,True,False,True
bipad-35265,Government of Nepal BIPAD Portal,2017,8,2,Eastern Region,Solukhumbu,Khumbu Pasanglhamu,FLOOD,1,0,0,0,0,0,0,0.0,False,27.72488,86.68194,,,,,,,,,,,,,True,True,False,True
bipad-35275,Government of Nepal BIPAD Portal,2017,8,2,Eastern Region,Saptari,Rupani,FLOOD,0,0,0,0,0,0,0,0.0,False,26.60701,86.75179,,,,,,,,,,,,,True,True,False,True
bipad-35278,Government of Nepal BIPAD Portal,2017,8,3,Western Region,Kapilbastu,Buddhabhumi,FLOOD,2,0,0,0,0,0,0,0.0,False,27.62682,82.96838,,,,,,,,,,,,,True,True,False,True
bipad-35279,Government of Nepal BIPAD Portal,2017,8,3,Western Region,Syangja,Bhirkot,FLOOD,1,0,0,0,0,0,0,0.0,False,28.05026,83.73811,,,,,,,,,,,,,True,True,False,True
bipad-35281,Government of Nepal BIPAD Portal,2017,8,3,Central Region,Bhaktapur,Bhaktapur,FLOOD,1,0,0,0,0,0,0,0.0,False,27.67418,85.44123,,,,,,,,,,,,,True,True,False,True
bipad-35283,Government of Nepal BIPAD Portal,2017,8,3,Western Region,Nawalparasi East,Madhyabindu,FLOOD,1,0,0,0,0,0,0,0.0,False,27.61064,84.00745,,,,,,,,,,,,,True,True,False,True
bipad-35284,Government of Nepal BIPAD Portal,2017,8,3,Far Western Region,Kanchanpur,Shuklaphanta National Park,FLOOD,0,1,0,0,0,0,0,0.0,False,28.84298,80.31147,,,,,,,,,,,,,True,True,False,True
bipad-35285,Government of Nepal BIPAD Portal,2017,8,3,Eastern Region,Sunsari,Inaruwa,FLOOD,0,1,0,0,0,0,0,0.0,False,26.64064,87.12722,,,,,,,,,,,,,True,True,False,True
bipad-35289,Government of Nepal BIPAD Portal,2017,8,4,Western Region,Nawalparasi East,Madhyabindu,FLOOD,0,0,0,0,0,55,0,0.0,False,27.61064,84.00745,,,,,,,,,,,,,True,True,False,True
bipad-35290,Government of Nepal BIPAD Portal,2017,8,4,Western Region,Nawalparasi East,Madhyabindu,FLOOD,0,0,0,0,0,80,0,0.0,False,27.61064,84.00745,,,,,,,,,,,,,True,True,False,True
bipad-35300,Government of Nepal BIPAD Portal,2017,8,4,Western Region,Nawalparasi East,Madhyabindu,FLOOD,0,0,0,0,0,0,0,0.0,False,27.61064,84.00745,,,,,,,,,,,,,True,True,False,True
bipad-35303,Government of Nepal BIPAD Portal,2017,8,4,Central Region,Bara,Jitpur Simara,FLOOD,0,0,0,0,0,10,0,0.0,False,27.10642,85.06984,,,,,,,,,,,,,True,True,False,True
bipad-35304,Government of Nepal BIPAD Portal,2017,8,4,Western Region,Rupandehi,Tilottama,FLOOD,0,0,0,0,0,4,0,0.0,False,27.57833,83.42932,,,,,,,,,,,,,True,True,False,True
bipad-35306,Government of Nepal BIPAD Portal,2017,8,4,Central Region,Parsa,Thori,FLOOD,0,0,0,0,1,0,0,0.0,False,27.22317,84.73056,,,,,,,,,,,,,True,True,False,True
bipad-35307,Government of Nepal BIPAD Portal,2017,8,4,Far Western Region,Kailali,Gauriganga,FLOOD,0,0,0,0,0,0,0,0.0,False,28.74013,80.89463,,,,,,,,,,,,,True,True,False,True
bipad-35308,Government of Nepal BIPAD Portal,2017,8,4,Central Region,Bara,Jitpur Simara,FLOOD,0,0,0,0,0,0,0,0.0,False,27.10642,85.06984,,,,,,,,,,,,,True,True,False,True
bipad-35310,Government of Nepal BIPAD Portal,2017,8,4,Western Region,Nawalparasi East,Madhyabindu,FLOOD,2,0,0,0,0,0,0,0.0,False,27.61064,84.00745,,,,,,,,,,,,,True,True,False,True
bipad-35312,Government of Nepal BIPAD Portal,2017,8,4,Central Region,Bara,Jitpur Simara,FLOOD,0,0,0,0,7,0,0,0.0,False,27.10642,85.06984,,,,,,,,,,,,,True,True,False,True
bipad-35313,Government of Nepal BIPAD Portal,2017,8,4,Mid-Western Region,Bardiya,Barbardiya,FLOOD,0,0,0,0,0,10,0,0.0,False,28.36918,81.41147,,,,,,,,,,,,,True,True,False,True
bipad-35314,Government of Nepal BIPAD Portal,2017,8,4,Central Region,Parsa,Thori,FLOOD,0,0,0,0,0,0,0,0.0,False,27.22317,84.73056,,,,,,,,,,,,,True,True,False,True
bipad-35321,Government of Nepal BIPAD Portal,2017,8,4,Western Region,Palpa,Mathagadhi,FLOOD,1,0,0,0,0,0,0,0.0,False,27.82173,83.63419,,,,,,,,,,,,,True,True,False,True
bipad-35322,Government of Nepal BIPAD Portal,2017,8,5,Mid-Western Region,Bardiya,Barbardiya,FLOOD,0,1,0,0,0,0,0,0.0,False,28.36918,81.41147,,,,,,,,,,,,,True,True,False,True
bipad-35328,Government of Nepal BIPAD Portal,2017,8,6,Central Region,Rasuwa,Gosaikunda,FLOOD,0,0,0,0,1,2,0,0.0,False,28.1755,85.46091,,,,,,,,,,,,,True,True,False,True
bipad-35335,Government of Nepal BIPAD Portal,2017,8,8,Central Region,Kathmandu,Kageshwori Manahora,FLOOD,0,0,1,0,0,0,0,0.0,False,27.69912,85.37856,,,,,,,,,,,,,True,True,False,True
bipad-35339,Government of Nepal BIPAD Portal,2017,8,9,Western Region,Kaski,Machhapuchchhre,FLOOD,0,0,0,0,13,0,0,0.0,False,28.34628,83.99007,,,,,,,,,,,,,True,True,False,True
bipad-35340,Government of Nepal BIPAD Portal,2017,8,8,Far Western Region,Dadeldhura,Alital,FLOOD,0,0,1,0,0,0,0,0.0,False,29.20864,80.48616,,,,,,,,,,,,,True,True,False,True
bipad-35341,Government of Nepal BIPAD Portal,2017,8,8,Eastern Region,Sunsari,Inaruwa,FLOOD,0,1,0,0,0,0,0,0.0,False,26.64064,87.12722,,,,,,,,,,,,,True,True,False,True
bipad-35352,Government of Nepal BIPAD Portal,2017,8,9,Mid-Western Region,Dang,Ghorahi,FLOOD,1,0,0,0,0,0,0,0.0,False,27.9672,82.44665,,,,,,,,,,,,,True,True,False,True
bipad-35354,Government of Nepal BIPAD Portal,2017,8,10,Eastern Region,Jhapa,Barhadashi,FLOOD,0,0,0,0,0,9,0,0.0,False,26.58323,87.91446,,,,,,,,,,,,,True,True,False,True
bipad-35361,Government of Nepal BIPAD Portal,2017,8,10,Eastern Region,Saptari,Rupani,FLOOD,0,0,0,0,0,0,0,0.0,False,26.60701,86.75179,,,,,,,,,,,,,True,True,False,True
bipad-35362,Government of Nepal BIPAD Portal,2017,8,10,Eastern Region,Saptari,Rupani,FLOOD,1,0,0,0,0,0,0,0.0,False,26.60701,86.75179,,,,,,,,,,,,,True,True,False,True
bipad-35374,Government of Nepal BIPAD Portal,2017,8,11,Central Region,Mahottari,Aurahi,FLOOD,0,0,0,0,5,0,0,0.0,False,26.88482,85.81298,,,,,,,,,,,,,True,True,False,True
bipad-35375,Government of Nepal BIPAD Portal,2017,8,11,Eastern Region,Jhapa,Barhadashi,FLOOD,0,0,0,0,0,60,0,0.0,False,26.58323,87.91446,,,,,,,,,,,,,True,True,False,True
bipad-35376,Government of Nepal BIPAD Portal,2017,8,11,Eastern Region,Saptari,Rupani,FLOOD,0,0,0,0,0,60,0,0.0,False,26.60701,86.75179,,,,,,,,,,,,,True,True,False,True
bipad-35379,Government of Nepal BIPAD Portal,2017,8,11,Western Region,Nawalparasi East,Madhyabindu,FLOOD,0,1,0,0,0,0,0,0.0,False,27.61064,84.00745,,,,,,,,,,,,,True,True,False,True
bipad-35380,Government of Nepal BIPAD Portal,2017,8,11,Central Region,Rautahat,Brindaban,FLOOD,0,0,0,0,4,0,0,0.0,False,26.98914,85.33443,,,,,,,,,,,,,True,True,False,True
bipad-35381,Government of Nepal BIPAD Portal,2017,8,12,Eastern Region,Morang,Belbari,FLOOD,0,0,0,0,0,15,0,0.0,False,26.61037,87.46726,,,,,,,,,,,,,True,True,False,True
bipad-35382,Government of Nepal BIPAD Portal,2017,8,12,Eastern Region,Morang,Belbari,FLOOD,0,0,0,0,0,18,0,0.0,False,26.61037,87.46726,,,,,,,,,,,,,True,True,False,True
bipad-35383,Government of Nepal BIPAD Portal,2017,8,12,Eastern Region,Morang,Belbari,FLOOD,0,0,0,0,0,350,0,0.0,False,26.61037,87.46726,,,,,,,,,,,,,True,True,False,True
bipad-35384,Government of Nepal BIPAD Portal,2017,8,12,Eastern Region,Saptari,Rupani,FLOOD,0,0,0,0,0,50,0,0.0,False,26.60701,86.75179,,,,,,,,,,,,,True,True,False,True
bipad-35385,Government of Nepal BIPAD Portal,2017,8,12,Eastern Region,Sunsari,Inaruwa,FLOOD,0,0,0,0,0,40,0,0.0,False,26.64064,87.12722,,,,,,,,,,,,,True,True,False,True
bipad-35386,Government of Nepal BIPAD Portal,2017,8,12,Eastern Region,Morang,Belbari,FLOOD,0,0,0,0,0,600,0,0.0,False,26.61037,87.46726,,,,,,,,,,,,,True,True,False,True
bipad-35387,Government of Nepal BIPAD Portal,2017,8,12,Eastern Region,Morang,Belbari,FLOOD,0,0,0,0,0,700,0,0.0,False,26.61037,87.46726,,,,,,,,,,,,,True,True,False,True
bipad-35388,Government of Nepal BIPAD Portal,2017,8,12,Eastern Region,Sunsari,Inaruwa,FLOOD,7,0,0,0,0,230,0,0.0,False,26.64064,87.12722,,,,,,,,,,,,,True,True,False,True
bipad-35389,Government of Nepal BIPAD Portal,2017,8,12,Central Region,Sarlahi,Haripur,FLOOD,1,0,0,0,0,0,0,0.0,False,26.96729,85.57183,,,,,,,,,,,,,True,True,False,True
bipad-35390,Government of Nepal BIPAD Portal,2017,8,12,Eastern Region,Morang,Belbari,FLOOD,1,0,0,0,0,0,0,0.0,False,26.61037,87.46726,,,,,,,,,,,,,True,True,False,True
bipad-35391,Government of Nepal BIPAD Portal,2017,8,12,Eastern Region,Morang,Belbari,FLOOD,1,0,0,0,0,0,0,0.0,False,26.61037,87.46726,,,,,,,,,,,,,True,True,False,True
bipad-35392,Government of Nepal BIPAD Portal,2017,8,12,Eastern Region,Morang,Belbari,FLOOD,1,0,0,0,0,0,0,0.0,False,26.61037,87.46726,,,,,,,,,,,,,True,True,False,True
bipad-35399,Government of Nepal BIPAD Portal,2017,8,12,Eastern Region,Morang,Belbari,FLOOD,0,0,0,0,0,150,0,0.0,False,26.61037,87.46726,,,,,,,,,,,,,True,True,False,True
bipad-35400,Government of Nepal BIPAD Portal,2017,8,12,Eastern Region,Morang,Belbari,FLOOD,0,0,0,0,0,4,0,0.0,False,26.61037,87.46726,,,,,,,,,,,,,True,True,False,True
bipad-35401,Government of Nepal BIPAD Portal,2017,8,12,Central Region,Dhanusa,Dhanusadham,FLOOD,0,0,0,0,0,32,0,0.0,False,26.83206,86.05628,,,,,,,,,,,,,True,True,False,True
bipad-35402,Government of Nepal BIPAD Portal,2017,8,12,Central Region,Dhanusa,Dhanusadham,FLOOD,0,0,0,0,10,0,0,0.0,False,26.83206,86.05628,,,,,,,,,,,,,True,True,False,True
bipad-35403,Government of Nepal BIPAD Portal,2017,8,12,Central Region,Dhanusa,Dhanusadham,FLOOD,0,0,0,0,0,35,0,0.0,False,26.83206,86.05628,,,,,,,,,,,,,True,True,False,True
bipad-35404,Government of Nepal BIPAD Portal,2017,8,12,Central Region,Dhanusa,Dhanusadham,FLOOD,0,0,0,0,0,100,0,0.0,False,26.83206,86.05628,,,,,,,,,,,,,True,True,False,True
bipad-35405,Government of Nepal BIPAD Portal,2017,8,12,Central Region,Dhanusa,Dhanusadham,FLOOD,0,0,0,0,2,9,0,0.0,False,26.83206,86.05628,,,,,,,,,,,,,True,True,False,True
bipad-35406,Government of Nepal BIPAD Portal,2017,8,12,Central Region,Dhanusa,Dhanusadham,FLOOD,0,0,0,0,2,0,0,0.0,False,26.83206,86.05628,,,,,,,,,,,,,True,True,False,True
bipad-35407,Government of Nepal BIPAD Portal,2017,8,12,Eastern Region,Saptari,Rupani,FLOOD,0,0,0,0,0,50,0,0.0,False,26.60701,86.75179,,,,,,,,,,,,,True,True,False,True
bipad-35408,Government of Nepal BIPAD Portal,2017,8,12,Eastern Region,Saptari,Rupani,FLOOD,0,0,0,0,0,25,0,0.0,False,26.60701,86.75179,,,,,,,,,,,,,True,True,False,True
bipad-35410,Government of Nepal BIPAD Portal,2017,8,12,Mid-Western Region,Dang,Ghorahi,FLOOD,0,0,0,0,7,0,0,0.0,False,27.9672,82.44665,,,,,,,,,,,,,True,True,False,True
bipad-35411,Government of Nepal BIPAD Portal,2017,8,12,Mid-Western Region,Dang,Ghorahi,FLOOD,0,0,2,0,14,0,0,0.0,False,27.9672,82.44665,,,,,,,,,,,,,True,True,False,True
bipad-35412,Government of Nepal BIPAD Portal,2017,8,12,Mid-Western Region,Dang,Ghorahi,FLOOD,1,0,0,0,0,0,0,0.0,False,27.9672,82.44665,,,,,,,,,,,,,True,True,False,True
bipad-35421,Government of Nepal BIPAD Portal,2017,8,12,Mid-Western Region,Bardiya,Barbardiya,FLOOD,1,0,0,0,0,0,0,0.0,False,28.36918,81.41147,,,,,,,,,,,,,True,True,False,True
bipad-35422,Government of Nepal BIPAD Portal,2017,8,12,Western Region,Nawalparasi East,Madhyabindu,FLOOD,0,0,0,0,0,120,0,0.0,False,27.61064,84.00745,,,,,,,,,,,,,True,True,False,True
bipad-35423,Government of Nepal BIPAD Portal,2017,8,12,Central Region,Dhanusa,Dhanusadham,FLOOD,0,0,0,0,1,57,0,0.0,False,26.83206,86.05628,,,,,,,,,,,,,True,True,False,True
bipad-35424,Government of Nepal BIPAD Portal,2017,8,12,Central Region,Dhanusa,Dhanusadham,FLOOD,0,0,0,0,0,20,0,0.0,False,26.83206,86.05628,,,,,,,,,,,,,True,True,False,True
bipad-35425,Government of Nepal BIPAD Portal,2017,8,12,Central Region,Dhanusa,Dhanusadham,FLOOD,0,0,0,0,2,0,0,0.0,False,26.83206,86.05628,,,,,,,,,,,,,True,True,False,True
bipad-35426,Government of Nepal BIPAD Portal,2017,8,12,Central Region,Dhanusa,Dhanusadham,FLOOD,0,0,0,0,1,0,0,0.0,False,26.83206,86.05628,,,,,,,,,,,,,True,True,False,True
bipad-35427,Government of Nepal BIPAD Portal,2017,8,12,Central Region,Chitwan,Bharatpur,FLOOD,0,0,0,0,16,300,0,0.0,False,27.61645,84.36001,,,,,,,,,,,,,True,True,False,True
bipad-35428,Government of Nepal BIPAD Portal,2017,8,12,Eastern Region,Morang,Belbari,FLOOD,0,0,0,0,0,50,0,0.0,False,26.61037,87.46726,,,,,,,,,,,,,True,True,False,True
bipad-35429,Government of Nepal BIPAD Portal,2017,8,12,Eastern Region,Morang,Belbari,FLOOD,0,0,0,0,0,300,0,0.0,False,26.61037,87.46726,,,,,,,,,,,,,True,True,False,True
bipad-35430,Government of Nepal BIPAD Portal,2017,8,12,Eastern Region,Morang,Belbari,FLOOD,0,0,0,0,0,30,0,0.0,False,26.61037,87.46726,,,,,,,,,,,,,True,True,False,True
bipad-35431,Government of Nepal BIPAD Portal,2017,8,12,Mid-Western Region,Bardiya,Barbardiya,FLOOD,0,0,0,0,12,124,0,0.0,False,28.36918,81.41147,,,,,,,,,,,,,True,True,False,True
bipad-35432,Government of Nepal BIPAD Portal,2017,8,12,Eastern Region,Morang,Belbari,FLOOD,0,0,0,0,1,1,0,0.0,False,26.61037,87.46726,,,,,,,,,,,,,True,True,False,True
bipad-35433,Government of Nepal BIPAD Portal,2017,8,12,Eastern Region,Morang,Belbari,FLOOD,0,0,0,0,0,80,0,0.0,False,26.61037,87.46726,,,,,,,,,,,,,True,True,False,True
bipad-35434,Government of Nepal BIPAD Portal,2017,8,12,Eastern Region,Saptari,Rupani,FLOOD,0,0,0,0,0,100,0,0.0,False,26.60701,86.75179,,,,,,,,,,,,,True,True,False,True
bipad-35435,Government of Nepal BIPAD Portal,2017,8,12,Eastern Region,Saptari,Rupani,FLOOD,0,0,0,0,3,0,0,0.0,False,26.60701,86.75179,,,,,,,,,,,,,True,True,False,True
bipad-35436,Government of Nepal BIPAD Portal,2017,8,12,Eastern Region,Saptari,Rupani,FLOOD,0,0,0,0,0,40,0,0.0,False,26.60701,86.75179,,,,,,,,,,,,,True,True,False,True
bipad-35437,Government of Nepal BIPAD Portal,2017,8,12,Eastern Region,Saptari,Rupani,FLOOD,0,0,0,0,0,150,0,0.0,False,26.60701,86.75179,,,,,,,,,,,,,True,True,False,True
bipad-35438,Government of Nepal BIPAD Portal,2017,8,12,Eastern Region,Jhapa,Barhadashi,FLOOD,1,1,0,0,0,0,0,0.0,False,26.58323,87.91446,,,,,,,,,,,,,True,True,False,True
bipad-35439,Government of Nepal BIPAD Portal,2017,8,12,Eastern Region,Jhapa,Barhadashi,FLOOD,0,0,0,0,0,50,0,0.0,False,26.58323,87.91446,,,,,,,,,,,,,True,True,False,True
bipad-35440,Government of Nepal BIPAD Portal,2017,8,12,Eastern Region,Jhapa,Barhadashi,FLOOD,0,0,0,0,0,35,0,0.0,False,26.58323,87.91446,,,,,,,,,,,,,True,True,False,True
bipad-35441,Government of Nepal BIPAD Portal,2017,8,12,Eastern Region,Jhapa,Barhadashi,FLOOD,0,0,0,0,0,10,0,0.0,False,26.58323,87.91446,,,,,,,,,,,,,True,True,False,True
bipad-35442,Government of Nepal BIPAD Portal,2017,8,12,Eastern Region,Jhapa,Barhadashi,FLOOD,0,0,0,0,0,600,0,0.0,False,26.58323,87.91446,,,,,,,,,,,,,True,True,False,True
bipad-35443,Government of Nepal BIPAD Portal,2017,8,12,Eastern Region,Jhapa,Barhadashi,FLOOD,0,0,0,0,0,170,0,0.0,False,26.58323,87.91446,,,,,,,,,,,,,True,True,False,True
bipad-35444,Government of Nepal BIPAD Portal,2017,8,12,Eastern Region,Jhapa,Barhadashi,FLOOD,0,0,0,0,0,184,0,0.0,False,26.58323,87.91446,,,,,,,,,,,,,True,True,False,True
bipad-35445,Government of Nepal BIPAD Portal,2017,8,12,Eastern Region,Jhapa,Barhadashi,FLOOD,0,0,0,0,0,3,0,0.0,False,26.58323,87.91446,,,,,,,,,,,,,True,True,False,True
bipad-35446,Government of Nepal BIPAD Portal,2017,8,12,Eastern Region,Jhapa,Barhadashi,FLOOD,0,0,0,0,0,40,0,0.0,False,26.58323,87.91446,,,,,,,,,,,,,True,True,False,True
bipad-35447,Government of Nepal BIPAD Portal,2017,8,12,Central Region,Rautahat,Brindaban,FLOOD,0,0,0,0,0,15,0,0.0,False,26.98914,85.33443,,,,,,,,,,,,,True,True,False,True
bipad-35448,Government of Nepal BIPAD Portal,2017,8,12,Central Region,Mahottari,Aurahi,FLOOD,0,0,0,0,1,0,0,0.0,False,26.88482,85.81298,,,,,,,,,,,,,True,True,False,True
bipad-35449,Government of Nepal BIPAD Portal,2017,8,12,Eastern Region,Saptari,Rupani,FLOOD,0,0,0,0,0,500,0,0.0,False,26.60701,86.75179,,,,,,,,,,,,,True,True,False,True
bipad-35450,Government of Nepal BIPAD Portal,2017,8,12,Central Region,Bara,Jitpur Simara,FLOOD,1,0,0,0,1,0,0,0.0,False,27.10642,85.06984,,,,,,,,,,,,,True,True,False,True
bipad-35451,Government of Nepal BIPAD Portal,2017,8,12,Eastern Region,Siraha,Golbazar,FLOOD,0,0,0,0,5,0,0,0.0,False,26.7425,86.3336,,,,,,,,,,,,,True,True,False,True
bipad-35452,Government of Nepal BIPAD Portal,2017,8,12,Eastern Region,Jhapa,Barhadashi,FLOOD,2,0,0,0,0,0,0,0.0,False,26.58323,87.91446,,,,,,,,,,,,,True,True,False,True
bipad-35453,Government of Nepal BIPAD Portal,2017,8,12,Western Region,Nawalparasi East,Madhyabindu,FLOOD,0,0,0,0,0,12,0,0.0,False,27.61064,84.00745,,,,,,,,,,,,,True,True,False,True
bipad-35454,Government of Nepal BIPAD Portal,2017,8,12,Mid-Western Region,Bardiya,Barbardiya,FLOOD,0,0,0,0,0,18,0,0.0,False,28.36918,81.41147,,,,,,,,,,,,,True,True,False,True
bipad-35455,Government of Nepal BIPAD Portal,2017,8,12,Mid-Western Region,Bardiya,Barbardiya,FLOOD,0,0,0,0,0,70,0,0.0,False,28.36918,81.41147,,,,,,,,,,,,,True,True,False,True
bipad-35456,Government of Nepal BIPAD Portal,2017,8,12,Mid-Western Region,Bardiya,Barbardiya,FLOOD,0,0,0,0,1,0,0,0.0,False,28.36918,81.41147,,,,,,,,,,,,,True,True,False,True
bipad-35457,Government of Nepal BIPAD Portal,2017,8,12,Central Region,Bara,Jitpur Simara,FLOOD,0,0,0,0,0,25,0,0.0,False,27.10642,85.06984,,,,,,,,,,,,,True,True,False,True
bipad-35458,Government of Nepal BIPAD Portal,2017,8,12,Central Region,Bara,Jitpur Simara,FLOOD,0,0,0,0,0,35,0,0.0,False,27.10642,85.06984,,,,,,,,,,,,,True,True,False,True
bipad-35459,Government of Nepal BIPAD Portal,2017,8,12,Central Region,Bara,Jitpur Simara,FLOOD,0,0,0,0,0,35,0,0.0,False,27.10642,85.06984,,,,,,,,,,,,,True,True,False,True
bipad-35460,Government of Nepal BIPAD Portal,2017,8,12,Central Region,Bara,Jitpur Simara,FLOOD,0,0,0,0,0,3,0,0.0,False,27.10642,85.06984,,,,,,,,,,,,,True,True,False,True
bipad-35461,Government of Nepal BIPAD Portal,2017,8,12,Central Region,Bara,Jitpur Simara,FLOOD,0,0,0,0,0,7,0,0.0,False,27.10642,85.06984,,,,,,,,,,,,,True,True,False,True
bipad-35462,Government of Nepal BIPAD Portal,2017,8,12,Central Region,Bara,Jitpur Simara,FLOOD,0,0,0,0,0,35,0,0.0,False,27.10642,85.06984,,,,,,,,,,,,,True,True,False,True
bipad-35463,Government of Nepal BIPAD Portal,2017,8,12,Central Region,Bara,Jitpur Simara,FLOOD,0,0,0,0,0,15,0,0.0,False,27.10642,85.06984,,,,,,,,,,,,,True,True,False,True
bipad-35464,Government of Nepal BIPAD Portal,2017,8,12,Central Region,Bara,Jitpur Simara,FLOOD,0,0,0,0,0,76,0,0.0,False,27.10642,85.06984,,,,,,,,,,,,,True,True,False,True
bipad-35465,Government of Nepal BIPAD Portal,2017,8,12,Central Region,Bara,Jitpur Simara,FLOOD,0,0,0,0,0,40,0,0.0,False,27.10642,85.06984,,,,,,,,,,,,,True,True,False,True
bipad-35466,Government of Nepal BIPAD Portal,2017,8,12,Central Region,Mahottari,Aurahi,FLOOD,0,0,0,0,2,0,0,0.0,False,26.88482,85.81298,,,,,,,,,,,,,True,True,False,True
bipad-35467,Government of Nepal BIPAD Portal,2017,8,12,Central Region,Mahottari,Aurahi,FLOOD,0,0,0,0,7,0,0,0.0,False,26.88482,85.81298,,,,,,,,,,,,,True,True,False,True
bipad-35468,Government of Nepal BIPAD Portal,2017,8,12,Central Region,Mahottari,Aurahi,FLOOD,0,0,0,0,1,0,0,0.0,False,26.88482,85.81298,,,,,,,,,,,,,True,True,False,True
bipad-35470,Government of Nepal BIPAD Portal,2017,8,12,Central Region,Mahottari,Aurahi,FLOOD,0,0,0,0,0,0,0,0.0,False,26.88482,85.81298,,,,,,,,,,,,,True,True,False,True
bipad-35471,Government of Nepal BIPAD Portal,2017,8,12,Central Region,Mahottari,Aurahi,FLOOD,0,0,0,0,12,35,0,0.0,False,26.88482,85.81298,,,,,,,,,,,,,True,True,False,True
bipad-35472,Government of Nepal BIPAD Portal,2017,8,12,Central Region,Mahottari,Aurahi,FLOOD,0,0,0,0,1,0,0,0.0,False,26.88482,85.81298,,,,,,,,,,,,,True,True,False,True
bipad-35473,Government of Nepal BIPAD Portal,2017,8,12,Central Region,Mahottari,Aurahi,FLOOD,0,0,0,0,1,0,0,0.0,False,26.88482,85.81298,,,,,,,,,,,,,True,True,False,True
bipad-35474,Government of Nepal BIPAD Portal,2017,8,12,Eastern Region,Jhapa,Barhadashi,FLOOD,1,0,0,0,0,0,0,0.0,False,26.58323,87.91446,,,,,,,,,,,,,True,True,False,True
bipad-35475,Government of Nepal BIPAD Portal,2017,8,12,Eastern Region,Jhapa,Barhadashi,FLOOD,1,0,0,0,0,0,0,0.0,False,26.58323,87.91446,,,,,,,,,,,,,True,True,False,True
bipad-35478,Government of Nepal BIPAD Portal,2017,8,12,Central Region,Dhanusa,Dhanusadham,FLOOD,0,0,0,0,5,0,0,0.0,False,26.83206,86.05628,,,,,,,,,,,,,True,True,False,True
bipad-35479,Government of Nepal BIPAD Portal,2017,8,12,Central Region,Dhanusa,Dhanusadham,FLOOD,0,0,0,0,6,0,0,0.0,False,26.83206,86.05628,,,,,,,,,,,,,True,True,False,True
bipad-35480,Government of Nepal BIPAD Portal,2017,8,12,Central Region,Dhanusa,Dhanusadham,FLOOD,0,0,0,0,1,0,0,0.0,False,26.83206,86.05628,,,,,,,,,,,,,True,True,False,True
bipad-35481,Government of Nepal BIPAD Portal,2017,8,12,Mid-Western Region,Dang,Ghorahi,FLOOD,1,0,0,0,0,0,0,0.0,False,27.9672,82.44665,,,,,,,,,,,,,True,True,False,True
bipad-35482,Government of Nepal BIPAD Portal,2017,8,12,Central Region,Mahottari,Aurahi,FLOOD,0,0,0,0,2,0,0,0.0,False,26.88482,85.81298,,,,,,,,,,,,,True,True,False,True
bipad-35483,Government of Nepal BIPAD Portal,2017,8,12,Central Region,Bara,Jitpur Simara,FLOOD,0,0,0,0,5,30,0,0.0,False,27.10642,85.06984,,,,,,,,,,,,,True,True,False,True
bipad-35484,Government of Nepal BIPAD Portal,2017,8,12,Central Region,Bara,Jitpur Simara,FLOOD,0,0,0,0,0,6,0,0.0,False,27.10642,85.06984,,,,,,,,,,,,,True,True,False,True
bipad-35485,Government of Nepal BIPAD Portal,2017,8,12,Central Region,Bara,Jitpur Simara,FLOOD,0,0,0,0,0,25,0,0.0,False,27.10642,85.06984,,,,,,,,,,,,,True,True,False,True
bipad-35486,Government of Nepal BIPAD Portal,2017,8,12,Central Region,Bara,Jitpur Simara,FLOOD,0,0,0,0,0,18,0,0.0,False,27.10642,85.06984,,,,,,,,,,,,,True,True,False,True
bipad-35487,Government of Nepal BIPAD Portal,2017,8,12,Central Region,Dhanusa,Dhanusadham,FLOOD,1,0,0,0,0,0,0,0.0,False,26.83206,86.05628,,,,,,,,,,,,,True,True,False,True
bipad-35489,Government of Nepal BIPAD Portal,2017,8,12,Eastern Region,Sunsari,Inaruwa,FLOOD,1,0,0,0,0,0,0,0.0,False,26.64064,87.12722,,,,,,,,,,,,,True,True,False,True
bipad-35490,Government of Nepal BIPAD Portal,2017,8,12,Eastern Region,Morang,Belbari,FLOOD,0,3,0,0,0,0,0,0.0,False,26.61037,87.46726,,,,,,,,,,,,,True,True,False,True
bipad-35492,Government of Nepal BIPAD Portal,2017,8,12,Eastern Region,Jhapa,Barhadashi,FLOOD,0,1,0,0,0,0,0,0.0,False,26.58323,87.91446,,,,,,,,,,,,,True,True,False,True
bipad-35496,Government of Nepal BIPAD Portal,2017,8,13,Central Region,Rautahat,Brindaban,FLOOD,6,0,0,0,0,0,0,0.0,False,26.98914,85.33443,,,,,,,,,,,,,True,True,False,True
bipad-35497,Government of Nepal BIPAD Portal,2017,8,13,Central Region,Rautahat,Brindaban,FLOOD,0,0,2,0,0,0,0,0.0,False,26.98914,85.33443,,,,,,,,,,,,,True,True,False,True
bipad-35499,Government of Nepal BIPAD Portal,2017,8,13,Central Region,Parsa,Thori,FLOOD,1,0,0,0,0,0,0,0.0,False,27.22317,84.73056,,,,,,,,,,,,,True,True,False,True
bipad-35500,Government of Nepal BIPAD Portal,2017,8,12,Central Region,Makwanpur,Makawanpurgadhi,FLOOD,0,0,1,0,0,0,0,0.0,False,27.4427,85.08797,,,,,,,,,,,,,True,True,False,True
bipad-35501,Government of Nepal BIPAD Portal,2017,8,12,Central Region,Makwanpur,Makawanpurgadhi,FLOOD,1,0,0,0,0,0,0,0.0,False,27.4427,85.08797,,,,,,,,,,,,,True,True,False,True
bipad-35502,Government of Nepal BIPAD Portal,2017,8,12,Central Region,Sarlahi,Haripur,FLOOD,1,0,0,0,0,0,0,0.0,False,26.96729,85.57183,,,,,,,,,,,,,True,True,False,True
bipad-35504,Government of Nepal BIPAD Portal,2017,8,12,Central Region,Sindhuli,Kamalamai,FLOOD,0,0,1,0,0,0,0,0.0,False,27.18536,85.90753,,,,,,,,,,,,,True,True,False,True
bipad-35505,Government of Nepal BIPAD Portal,2017,8,13,Central Region,Mahottari,Aurahi,FLOOD,1,0,0,0,0,0,0,0.0,False,26.88482,85.81298,,,,,,,,,,,,,True,True,False,True
bipad-35507,Government of Nepal BIPAD Portal,2017,8,12,Eastern Region,Morang,Belbari,FLOOD,2,0,0,0,0,0,0,0.0,False,26.61037,87.46726,,,,,,,,,,,,,True,True,False,True
bipad-35508,Government of Nepal BIPAD Portal,2017,8,13,Central Region,Chitwan,Bharatpur,FLOOD,1,0,0,0,0,0,0,0.0,False,27.61645,84.36001,,,,,,,,,,,,,True,True,False,True
bipad-35509,Government of Nepal BIPAD Portal,2017,8,13,Central Region,Chitwan,Bharatpur,FLOOD,1,0,0,0,0,0,0,0.0,False,27.61645,84.36001,,,,,,,,,,,,,True,True,False,True
bipad-35510,Government of Nepal BIPAD Portal,2017,8,13,Central Region,Dhanusa,Dhanusadham,FLOOD,1,0,0,0,0,0,0,0.0,False,26.83206,86.05628,,,,,,,,,,,,,True,True,False,True
bipad-35513,Government of Nepal BIPAD Portal,2017,8,13,Mid-Western Region,Dang,Ghorahi,FLOOD,1,0,0,0,0,0,0,0.0,False,27.9672,82.44665,,,,,,,,,,,,,True,True,False,True
bipad-35514,Government of Nepal BIPAD Portal,2017,8,13,Mid-Western Region,Kalikot,Pachaljharana,FLOOD,1,0,0,0,0,0,0,0.0,False,29.21559,81.74506,,,,,,,,,,,,,True,True,False,True
bipad-35515,Government of Nepal BIPAD Portal,2017,8,13,Central Region,Makwanpur,Makawanpurgadhi,FLOOD,1,0,0,0,0,0,0,0.0,False,27.4427,85.08797,,,,,,,,,,,,,True,True,False,True
bipad-35520,Government of Nepal BIPAD Portal,2017,8,13,Central Region,Sarlahi,Haripur,FLOOD,0,1,0,0,0,0,0,0.0,False,26.96729,85.57183,,,,,,,,,,,,,True,True,False,True
bipad-35522,Government of Nepal BIPAD Portal,2017,8,12,Central Region,Makwanpur,Makawanpurgadhi,FLOOD,1,0,1,0,0,0,0,0.0,False,27.4427,85.08797,,,,,,,,,,,,,True,True,False,True
bipad-35524,Government of Nepal BIPAD Portal,2017,8,13,Central Region,Parsa,Thori,FLOOD,1,0,0,0,0,0,0,0.0,False,27.22317,84.73056,,,,,,,,,,,,,True,True,False,True
bipad-35525,Government of Nepal BIPAD Portal,2017,8,13,Far Western Region,Kailali,Gauriganga,FLOOD,0,0,0,0,0,2500,0,0.0,False,28.74013,80.89463,,,,,,,,,,,,,True,True,False,True
bipad-35526,Government of Nepal BIPAD Portal,2017,8,13,Western Region,Nawalparasi East,Madhyabindu,FLOOD,0,0,0,0,0,4,0,0.0,False,27.61064,84.00745,,,,,,,,,,,,,True,True,False,True
bipad-35527,Government of Nepal BIPAD Portal,2017,8,13,Central Region,Sindhuli,Kamalamai,FLOOD,0,0,0,0,5,0,0,0.0,False,27.18536,85.90753,,,,,,,,,,,,,True,True,False,True
bipad-35528,Government of Nepal BIPAD Portal,2017,8,13,Central Region,Sindhuli,Kamalamai,FLOOD,0,0,0,0,1,0,0,0.0,False,27.18536,85.90753,,,,,,,,,,,,,True,True,False,True
bipad-35533,Government of Nepal BIPAD Portal,2017,8,12,Eastern Region,Ilam,Ilam,FLOOD,0,0,0,0,1,0,0,0.0,False,26.88507,87.89616,,,,,,,,,,,,,True,True,False,True
bipad-35534,Government of Nepal BIPAD Portal,2017,8,12,Western Region,Nawalparasi East,Madhyabindu,FLOOD,0,0,0,0,1,0,0,0.0,False,27.61064,84.00745,,,,,,,,,,,,,True,True,False,True
bipad-35535,Government of Nepal BIPAD Portal,2017,8,12,Mid-Western Region,Bardiya,Barbardiya,FLOOD,0,0,0,0,0,245,0,0.0,False,28.36918,81.41147,,,,,,,,,,,,,True,True,False,True
bipad-35536,Government of Nepal BIPAD Portal,2017,8,12,Central Region,Rautahat,Brindaban,FLOOD,0,0,0,0,0,0,0,0.0,False,26.98914,85.33443,,,,,,,,,,,,,True,True,False,True
bipad-35537,Government of Nepal BIPAD Portal,2017,8,12,Central Region,Rautahat,Brindaban,FLOOD,0,0,0,0,0,0,0,0.0,False,26.98914,85.33443,,,,,,,,,,,,,True,True,False,True
bipad-35538,Government of Nepal BIPAD Portal,2017,8,12,Central Region,Rautahat,Brindaban,FLOOD,0,0,0,0,0,79,0,0.0,False,26.98914,85.33443,,,,,,,,,,,,,True,True,False,True
bipad-35539,Government of Nepal BIPAD Portal,2017,8,12,Central Region,Rautahat,Brindaban,FLOOD,0,0,0,0,0,0,0,0.0,False,26.98914,85.33443,,,,,,,,,,,,,True,True,False,True
bipad-35540,Government of Nepal BIPAD Portal,2017,8,12,Eastern Region,Jhapa,Barhadashi,FLOOD,0,0,0,0,20,0,0,0.0,False,26.58323,87.91446,,,,,,,,,,,,,True,True,False,True
bipad-35541,Government of Nepal BIPAD Portal,2017,8,12,Eastern Region,Jhapa,Barhadashi,FLOOD,0,0,0,0,0,1200,0,0.0,False,26.58323,87.91446,,,,,,,,,,,,,True,True,False,True
bipad-35542,Government of Nepal BIPAD Portal,2017,8,12,Eastern Region,Saptari,Rupani,FLOOD,0,0,0,0,10,0,0,0.0,False,26.60701,86.75179,,,,,,,,,,,,,True,True,False,True
bipad-35543,Government of Nepal BIPAD Portal,2017,8,12,Eastern Region,Saptari,Rupani,FLOOD,0,0,0,0,0,1150,0,0.0,False,26.60701,86.75179,,,,,,,,,,,,,True,True,False,True
bipad-35544,Government of Nepal BIPAD Portal,2017,8,12,Eastern Region,Morang,Belbari,FLOOD,0,0,0,0,0,550,0,0.0,False,26.61037,87.46726,,,,,,,,,,,,,True,True,False,True
bipad-35545,Government of Nepal BIPAD Portal,2017,8,12,Eastern Region,Morang,Belbari,FLOOD,0,0,0,0,0,12,0,0.0,False,26.61037,87.46726,,,,,,,,,,,,,True,True,False,True
bipad-35546,Government of Nepal BIPAD Portal,2017,8,12,Eastern Region,Solukhumbu,Khumbu Pasanglhamu,FLOOD,0,0,0,0,0,1,0,0.0,False,27.72488,86.68194,,,,,,,,,,,,,True,True,False,True
bipad-35547,Government of Nepal BIPAD Portal,2017,8,12,Central Region,Lalitpur,Konjyosom,FLOOD,0,0,0,0,4,0,0,0.0,False,27.54796,85.33968,,,,,,,,,,,,,True,True,False,True
bipad-35548,Government of Nepal BIPAD Portal,2017,8,12,Western Region,Gorkha,Dharche,FLOOD,0,0,0,0,0,7,0,0.0,False,28.27345,84.8101,,,,,,,,,,,,,True,True,False,True
bipad-35549,Government of Nepal BIPAD Portal,2017,8,12,Far Western Region,Kailali,Gauriganga,FLOOD,0,0,0,0,0,50,0,0.0,False,28.74013,80.89463,,,,,,,,,,,,,True,True,False,True
bipad-35550,Government of Nepal BIPAD Portal,2017,8,12,Central Region,Mahottari,Aurahi,FLOOD,0,0,0,0,0,0,0,0.0,False,26.88482,85.81298,,,,,,,,,,,,,True,True,False,True
bipad-35551,Government of Nepal BIPAD Portal,2017,8,12,Central Region,Rautahat,Brindaban,FLOOD,0,0,0,0,0,0,0,0.0,False,26.98914,85.33443,,,,,,,,,,,,,True,True,False,True
bipad-35552,Government of Nepal BIPAD Portal,2017,8,12,Central Region,Parsa,Thori,FLOOD,0,0,0,0,0,250,0,0.0,False,27.22317,84.73056,,,,,,,,,,,,,True,True,False,True
bipad-35553,Government of Nepal BIPAD Portal,2017,8,12,Central Region,Makwanpur,Makawanpurgadhi,FLOOD,0,0,0,0,0,0,0,0.0,False,27.4427,85.08797,,,,,,,,,,,,,True,True,False,True
bipad-35555,Government of Nepal BIPAD Portal,2017,8,13,Central Region,Rautahat,Brindaban,FLOOD,1,0,0,0,0,0,0,0.0,False,26.98914,85.33443,,,,,,,,,,,,,True,True,False,True
bipad-35556,Government of Nepal BIPAD Portal,2017,8,13,Western Region,Nawalparasi East,Madhyabindu,FLOOD,0,1,0,0,0,0,0,0.0,False,27.61064,84.00745,,,,,,,,,,,,,True,True,False,True
bipad-35557,Government of Nepal BIPAD Portal,2017,8,13,Mid-Western Region,Dang,Ghorahi,FLOOD,0,1,0,0,0,0,0,0.0,False,27.9672,82.44665,,,,,,,,,,,,,True,True,False,True
bipad-35558,Government of Nepal BIPAD Portal,2017,8,13,Central Region,Rautahat,Brindaban,FLOOD,0,1,0,0,0,0,0,0.0,False,26.98914,85.33443,,,,,,,,,,,,,True,True,False,True
bipad-35559,Government of Nepal BIPAD Portal,2017,8,13,Central Region,Rautahat,Brindaban,FLOOD,0,1,0,0,0,0,0,0.0,False,26.98914,85.33443,,,,,,,,,,,,,True,True,False,True
bipad-35560,Government of Nepal BIPAD Portal,2017,8,13,Central Region,Rautahat,Brindaban,FLOOD,1,0,0,0,0,0,0,0.0,False,26.98914,85.33443,,,,,,,,,,,,,True,True,False,True
bipad-35561,Government of Nepal BIPAD Portal,2017,8,13,Central Region,Bara,Jitpur Simara,FLOOD,1,0,1,0,0,0,0,0.0,False,27.10642,85.06984,,,,,,,,,,,,,True,True,False,True
bipad-35562,Government of Nepal BIPAD Portal,2017,8,13,Central Region,Rautahat,Brindaban,FLOOD,1,0,0,0,0,0,0,0.0,False,26.98914,85.33443,,,,,,,,,,,,,True,True,False,True
bipad-35564,Government of Nepal BIPAD Portal,2017,8,13,Central Region,Sarlahi,Haripur,FLOOD,1,0,0,0,0,0,0,0.0,False,26.96729,85.57183,,,,,,,,,,,,,True,True,False,True
bipad-35565,Government of Nepal BIPAD Portal,2017,8,13,Central Region,Bara,Jitpur Simara,FLOOD,0,1,0,0,0,0,0,0.0,False,27.10642,85.06984,,,,,,,,,,,,,True,True,False,True
bipad-35566,Government of Nepal BIPAD Portal,2017,8,13,Central Region,Makwanpur,Makawanpurgadhi,FLOOD,1,0,0,0,0,0,0,0.0,False,27.4427,85.08797,,,,,,,,,,,,,True,True,False,True
bipad-35567,Government of Nepal BIPAD Portal,2017,8,13,Eastern Region,Jhapa,Barhadashi,FLOOD,1,0,0,0,0,0,0,0.0,False,26.58323,87.91446,,,,,,,,,,,,,True,True,False,True
bipad-35571,Government of Nepal BIPAD Portal,2017,8,13,Central Region,Makwanpur,Makawanpurgadhi,FLOOD,0,0,0,0,1,0,0,0.0,False,27.4427,85.08797,,,,,,,,,,,,,True,True,False,True
bipad-35572,Government of Nepal BIPAD Portal,2017,8,13,Western Region,Nawalparasi East,Madhyabindu,FLOOD,0,0,0,0,0,20,0,0.0,False,27.61064,84.00745,,,,,,,,,,,,,True,True,False,True
bipad-35573,Government of Nepal BIPAD Portal,2017,8,13,Central Region,Bara,Jitpur Simara,FLOOD,0,0,0,0,0,0,0,0.0,False,27.10642,85.06984,,,,,,,,,,,,,True,True,False,True
bipad-35574,Government of Nepal BIPAD Portal,2017,8,13,Eastern Region,Saptari,Rupani,FLOOD,0,0,0,0,2,0,0,0.0,False,26.60701,86.75179,,,,,,,,,,,,,True,True,False,True
bipad-35575,Government of Nepal BIPAD Portal,2017,8,13,Eastern Region,Saptari,Rupani,FLOOD,0,0,0,0,0,300,0,0.0,False,26.60701,86.75179,,,,,,,,,,,,,True,True,False,True
bipad-35576,Government of Nepal BIPAD Portal,2017,8,13,Western Region,Nawalparasi East,Madhyabindu,FLOOD,0,0,0,0,0,27,0,0.0,False,27.61064,84.00745,,,,,,,,,,,,,True,True,False,True
bipad-35577,Government of Nepal BIPAD Portal,2017,8,13,Western Region,Rupandehi,Tilottama,FLOOD,0,0,0,0,1,0,0,0.0,False,27.57833,83.42932,,,,,,,,,,,,,True,True,False,True
bipad-35578,Government of Nepal BIPAD Portal,2017,8,13,Eastern Region,Udayapur,Rautamai,FLOOD,0,0,0,0,0,490,0,0.0,False,26.93279,86.66463,,,,,,,,,,,,,True,True,False,True
bipad-35579,Government of Nepal BIPAD Portal,2017,8,13,Eastern Region,Saptari,Rupani,FLOOD,0,0,0,0,4,0,0,0.0,False,26.60701,86.75179,,,,,,,,,,,,,True,True,False,True
bipad-35580,Government of Nepal BIPAD Portal,2017,8,13,Western Region,Nawalparasi East,Madhyabindu,FLOOD,0,0,0,0,0,200,0,0.0,False,27.61064,84.00745,,,,,,,,,,,,,True,True,False,True
bipad-35581,Government of Nepal BIPAD Portal,2017,8,13,Western Region,Nawalparasi East,Madhyabindu,FLOOD,0,0,0,0,0,60,0,0.0,False,27.61064,84.00745,,,,,,,,,,,,,True,True,False,True
bipad-35582,Government of Nepal BIPAD Portal,2017,8,14,Central Region,Parsa,Thori,FLOOD,1,0,0,0,0,0,0,0.0,False,27.22317,84.73056,,,,,,,,,,,,,True,True,False,True
bipad-35583,Government of Nepal BIPAD Portal,2017,8,14,Central Region,Parsa,Thori,FLOOD,1,0,0,0,0,0,0,0.0,False,27.22317,84.73056,,,,,,,,,,,,,True,True,False,True
bipad-35585,Government of Nepal BIPAD Portal,2017,8,14,Mid-Western Region,Bardiya,Barbardiya,FLOOD,1,0,0,0,0,0,0,0.0,False,28.36918,81.41147,,,,,,,,,,,,,True,True,False,True
bipad-35586,Government of Nepal BIPAD Portal,2017,8,14,Eastern Region,Saptari,Rupani,FLOOD,1,0,0,0,0,0,0,0.0,False,26.60701,86.75179,,,,,,,,,,,,,True,True,False,True
bipad-35587,Government of Nepal BIPAD Portal,2017,8,14,Central Region,Rautahat,Brindaban,FLOOD,1,0,0,0,0,0,0,0.0,False,26.98914,85.33443,,,,,,,,,,,,,True,True,False,True
bipad-35588,Government of Nepal BIPAD Portal,2017,8,14,Eastern Region,Udayapur,Rautamai,FLOOD,2,0,0,0,0,0,0,0.0,False,26.93279,86.66463,,,,,,,,,,,,,True,True,False,True
bipad-35589,Government of Nepal BIPAD Portal,2017,8,13,Central Region,Rautahat,Brindaban,FLOOD,1,0,0,0,0,0,0,0.0,False,26.98914,85.33443,,,,,,,,,,,,,True,True,False,True
bipad-35590,Government of Nepal BIPAD Portal,2017,8,13,Central Region,Rautahat,Brindaban,FLOOD,1,0,0,0,0,0,0,0.0,False,26.98914,85.33443,,,,,,,,,,,,,True,True,False,True
bipad-35592,Government of Nepal BIPAD Portal,2017,8,14,Eastern Region,Jhapa,Barhadashi,FLOOD,1,0,0,0,0,0,0,0.0,False,26.58323,87.91446,,,,,,,,,,,,,True,True,False,True
bipad-35593,Government of Nepal BIPAD Portal,2017,8,14,Eastern Region,Jhapa,Barhadashi,FLOOD,1,0,0,0,0,0,0,0.0,False,26.58323,87.91446,,,,,,,,,,,,,True,True,False,True
bipad-35594,Government of Nepal BIPAD Portal,2017,8,12,Eastern Region,Morang,Belbari,FLOOD,0,1,0,0,0,0,0,0.0,False,26.61037,87.46726,,,,,,,,,,,,,True,True,False,True
bipad-35595,Government of Nepal BIPAD Portal,2017,8,14,Eastern Region,Sunsari,Inaruwa,FLOOD,1,0,0,0,0,0,0,0.0,False,26.64064,87.12722,,,,,,,,,,,,,True,True,False,True
bipad-35596,Government of Nepal BIPAD Portal,2017,8,14,Central Region,Dhanusa,Dhanusadham,FLOOD,0,0,1,0,0,0,0,0.0,False,26.83206,86.05628,,,,,,,,,,,,,True,True,False,True
bipad-35597,Government of Nepal BIPAD Portal,2017,8,12,Central Region,Rautahat,Brindaban,FLOOD,0,1,0,0,0,0,0,0.0,False,26.98914,85.33443,,,,,,,,,,,,,True,True,False,True
bipad-35598,Government of Nepal BIPAD Portal,2017,8,14,Mid-Western Region,Banke,Rapti Sonari,FLOOD,1,0,0,0,0,0,0,0.0,False,28.09534,81.84765,,,,,,,,,,,,,True,True,False,True
bipad-35599,Government of Nepal BIPAD Portal,2017,8,14,Central Region,Sarlahi,Haripur,FLOOD,1,0,0,0,0,0,0,0.0,False,26.96729,85.57183,,,,,,,,,,,,,True,True,False,True
bipad-35600,Government of Nepal BIPAD Portal,2017,8,14,Central Region,Sarlahi,Haripur,FLOOD,0,1,0,0,0,0,0,0.0,False,26.96729,85.57183,,,,,,,,,,,,,True,True,False,True
bipad-35601,Government of Nepal BIPAD Portal,2017,8,14,Mid-Western Region,Bardiya,Barbardiya,FLOOD,0,0,1,0,0,0,0,0.0,False,28.36918,81.41147,,,,,,,,,,,,,True,True,False,True
bipad-35602,Government of Nepal BIPAD Portal,2017,8,13,Central Region,Parsa,Thori,FLOOD,1,0,0,0,0,0,0,0.0,False,27.22317,84.73056,,,,,,,,,,,,,True,True,False,True
bipad-35603,Government of Nepal BIPAD Portal,2017,8,14,Eastern Region,Saptari,Rupani,FLOOD,1,0,0,0,0,0,0,0.0,False,26.60701,86.75179,,,,,,,,,,,,,True,True,False,True
bipad-35604,Government of Nepal BIPAD Portal,2017,8,14,Central Region,Dhanusa,Dhanusadham,FLOOD,1,0,0,0,0,0,0,0.0,False,26.83206,86.05628,,,,,,,,,,,,,True,True,False,True
bipad-35605,Government of Nepal BIPAD Portal,2017,8,14,Central Region,Rautahat,Brindaban,FLOOD,2,0,0,0,0,0,0,0.0,False,26.98914,85.33443,,,,,,,,,,,,,True,True,False,True
bipad-35610,Government of Nepal BIPAD Portal,2017,8,14,Eastern Region,Morang,Belbari,FLOOD,1,0,0,0,0,0,0,0.0,False,26.61037,87.46726,,,,,,,,,,,,,True,True,False,True
bipad-35611,Government of Nepal BIPAD Portal,2017,8,14,Eastern Region,Morang,Belbari,FLOOD,1,0,0,0,0,0,0,0.0,False,26.61037,87.46726,,,,,,,,,,,,,True,True,False,True
bipad-35612,Government of Nepal BIPAD Portal,2017,8,14,Eastern Region,Morang,Belbari,FLOOD,1,0,0,0,0,0,0,0.0,False,26.61037,87.46726,,,,,,,,,,,,,True,True,False,True
bipad-35613,Government of Nepal BIPAD Portal,2017,8,14,Eastern Region,Morang,Belbari,FLOOD,1,0,0,0,0,0,0,0.0,False,26.61037,87.46726,,,,,,,,,,,,,True,True,False,True
bipad-35614,Government of Nepal BIPAD Portal,2017,8,14,Eastern Region,Morang,Belbari,FLOOD,1,0,0,0,0,0,0,0.0,False,26.61037,87.46726,,,,,,,,,,,,,True,True,False,True
bipad-35615,Government of Nepal BIPAD Portal,2017,8,14,Eastern Region,Morang,Belbari,FLOOD,1,0,0,0,0,0,0,0.0,False,26.61037,87.46726,,,,,,,,,,,,,True,True,False,True
bipad-35616,Government of Nepal BIPAD Portal,2017,8,13,Mid-Western Region,Bardiya,Barbardiya,FLOOD,1,0,0,0,0,0,0,0.0,False,28.36918,81.41147,,,,,,,,,,,,,True,True,False,True
bipad-35624,Government of Nepal BIPAD Portal,2017,8,15,Western Region,Palpa,Mathagadhi,FLOOD,1,0,0,0,0,0,0,0.0,False,27.82173,83.63419,,,,,,,,,,,,,True,True,False,True
bipad-35625,Government of Nepal BIPAD Portal,2017,8,15,Central Region,Makwanpur,Makawanpurgadhi,FLOOD,1,0,0,0,0,0,0,0.0,False,27.4427,85.08797,,,,,,,,,,,,,True,True,False,True
bipad-35626,Government of Nepal BIPAD Portal,2017,8,15,Mid-Western Region,Banke,Rapti Sonari,FLOOD,3,0,0,0,0,0,0,0.0,False,28.09534,81.84765,,,,,,,,,,,,,True,True,False,True
bipad-35627,Government of Nepal BIPAD Portal,2017,8,15,Central Region,Parsa,Thori,FLOOD,1,0,0,0,0,0,0,0.0,False,27.22317,84.73056,,,,,,,,,,,,,True,True,False,True
bipad-35628,Government of Nepal BIPAD Portal,2017,8,27,Far Western Region,Achham,Kamalbazar,FLOOD,0,0,0,0,0,0,0,0.0,False,29.06417,81.30663,,,,,,,,,,,,,True,True,False,True
bipad-35630,Government of Nepal BIPAD Portal,2017,8,15,Central Region,Rautahat,Brindaban,FLOOD,1,0,0,0,0,0,0,0.0,False,26.98914,85.33443,,,,,,,,,,,,,True,True,False,True
bipad-35631,Government of Nepal BIPAD Portal,2017,8,15,Central Region,Rautahat,Brindaban,FLOOD,1,0,0,0,0,0,0,0.0,False,26.98914,85.33443,,,,,,,,,,,,,True,True,False,True
bipad-35632,Government of Nepal BIPAD Portal,2017,8,14,Central Region,Sarlahi,Haripur,FLOOD,1,0,0,0,0,0,0,0.0,False,26.96729,85.57183,,,,,,,,,,,,,True,True,False,True
bipad-35633,Government of Nepal BIPAD Portal,2017,8,16,Western Region,Rupandehi,Tilottama,FLOOD,0,0,0,0,4,0,0,0.0,False,27.57833,83.42932,,,,,,,,,,,,,True,True,False,True
bipad-35634,Government of Nepal BIPAD Portal,2017,8,16,Eastern Region,Ilam,Ilam,FLOOD,0,0,0,0,1,0,0,0.0,False,26.88507,87.89616,,,,,,,,,,,,,True,True,False,True
bipad-35635,Government of Nepal BIPAD Portal,2017,8,16,Mid-Western Region,Dang,Ghorahi,FLOOD,0,1,0,0,0,0,0,0.0,False,27.9672,82.44665,,,,,,,,,,,,,True,True,False,True
bipad-35649,Government of Nepal BIPAD Portal,2017,8,14,Western Region,Nawalparasi East,Madhyabindu,FLOOD,0,0,0,0,0,14,0,0.0,False,27.61064,84.00745,,,,,,,,,,,,,True,True,False,True
bipad-35650,Government of Nepal BIPAD Portal,2017,8,14,Western Region,Kapilbastu,Buddhabhumi,FLOOD,0,0,0,0,1,1,0,0.0,False,27.62682,82.96838,,,,,,,,,,,,,True,True,False,True
bipad-35651,Government of Nepal BIPAD Portal,2017,8,14,Western Region,Nawalparasi East,Madhyabindu,FLOOD,0,0,0,0,5,35,0,0.0,False,27.61064,84.00745,,,,,,,,,,,,,True,True,False,True
bipad-35652,Government of Nepal BIPAD Portal,2017,8,14,Western Region,Rupandehi,Tilottama,FLOOD,0,0,0,0,0,300,0,0.0,False,27.57833,83.42932,,,,,,,,,,,,,True,True,False,True
bipad-35653,Government of Nepal BIPAD Portal,2017,8,14,Eastern Region,Siraha,Golbazar,FLOOD,0,0,0,0,0,0,0,0.0,False,26.7425,86.3336,,,,,,,,,,,,,True,True,False,True
bipad-35654,Government of Nepal BIPAD Portal,2017,8,14,Eastern Region,Siraha,Golbazar,FLOOD,0,0,0,0,4,0,0,0.0,False,26.7425,86.3336,,,,,,,,,,,,,True,True,False,True
bipad-35659,Government of Nepal BIPAD Portal,2017,8,14,Central Region,Chitwan,Bharatpur,FLOOD,0,0,0,0,13,200,0,0.0,False,27.61645,84.36001,,,,,,,,,,,,,True,True,False,True
bipad-35660,Government of Nepal BIPAD Portal,2017,8,14,Central Region,Makwanpur,Makawanpurgadhi,FLOOD,0,0,0,0,14,11,0,0.0,False,27.4427,85.08797,,,,,,,,,,,,,True,True,False,True
bipad-35661,Government of Nepal BIPAD Portal,2017,8,14,Eastern Region,Jhapa,Barhadashi,FLOOD,0,0,0,0,0,10,0,0.0,False,26.58323,87.91446,,,,,,,,,,,,,True,True,False,True
bipad-35665,Government of Nepal BIPAD Portal,2017,8,15,Mid-Western Region,Dang,Ghorahi,FLOOD,1,0,0,0,0,0,0,0.0,False,27.9672,82.44665,,,,,,,,,,,,,True,True,False,True
bipad-35666,Government of Nepal BIPAD Portal,2017,8,16,Mid-Western Region,Banke,Rapti Sonari,FLOOD,1,0,0,0,0,0,0,0.0,False,28.09534,81.84765,,,,,,,,,,,,,True,True,False,True
bipad-35671,Government of Nepal BIPAD Portal,2017,8,13,Eastern Region,Jhapa,Barhadashi,FLOOD,1,1,0,0,0,0,0,0.0,False,26.58323,87.91446,,,,,,,,,,,,,True,True,False,True
bipad-35672,Government of Nepal BIPAD Portal,2017,8,14,Eastern Region,Jhapa,Barhadashi,FLOOD,1,0,0,0,0,0,0,0.0,False,26.58323,87.91446,,,,,,,,,,,,,True,True,False,True
bipad-35673,Government of Nepal BIPAD Portal,2017,8,15,Eastern Region,Jhapa,Barhadashi,FLOOD,1,0,0,0,0,0,0,0.0,False,26.58323,87.91446,,,,,,,,,,,,,True,True,False,True
bipad-35674,Government of Nepal BIPAD Portal,2017,8,13,Central Region,Chitwan,Bharatpur,FLOOD,1,0,0,0,0,0,0,0.0,False,27.61645,84.36001,,,,,,,,,,,,,True,True,False,True
bipad-35675,Government of Nepal BIPAD Portal,2017,8,13,Central Region,Chitwan,Bharatpur,FLOOD,0,0,1,0,0,0,0,0.0,False,27.61645,84.36001,,,,,,,,,,,,,True,True,False,True
bipad-35676,Government of Nepal BIPAD Portal,2017,8,16,Mid-Western Region,Dang,Ghorahi,FLOOD,1,0,0,0,0,0,0,0.0,False,27.9672,82.44665,,,,,,,,,,,,,True,True,False,True
bipad-35682,Government of Nepal BIPAD Portal,2017,8,18,Central Region,Sarlahi,Haripur,FLOOD,1,0,0,0,0,0,0,0.0,False,26.96729,85.57183,,,,,,,,,,,,,True,True,False,True
bipad-35683,Government of Nepal BIPAD Portal,2017,8,18,Central Region,Chitwan,Bharatpur,FLOOD,1,0,0,0,0,0,0,0.0,False,27.61645,84.36001,,,,,,,,,,,,,True,True,False,True
bipad-35684,Government of Nepal BIPAD Portal,2017,8,18,Western Region,Nawalparasi East,Madhyabindu,FLOOD,1,0,0,0,0,0,0,0.0,False,27.61064,84.00745,,,,,,,,,,,,,True,True,False,True
bipad-35685,Government of Nepal BIPAD Portal,2017,8,17,Central Region,Sindhuli,Kamalamai,FLOOD,1,0,0,0,0,0,0,0.0,False,27.18536,85.90753,,,,,,,,,,,,,True,True,False,True
bipad-35689,Government of Nepal BIPAD Portal,2017,8,18,Eastern Region,Saptari,Rupani,FLOOD,0,0,0,0,1,0,0,0.0,False,26.60701,86.75179,,,,,,,,,,,,,True,True,False,True
bipad-35699,Government of Nepal BIPAD Portal,2017,8,17,Central Region,Sindhuli,Kamalamai,FLOOD,1,0,0,0,0,0,0,0.0,False,27.18536,85.90753,,,,,,,,,,,,,True,True,False,True
bipad-35706,Government of Nepal BIPAD Portal,2017,8,19,Far Western Region,Bajura,Gaumul,FLOOD,0,0,0,0,1,0,0,0.0,False,29.5579,81.49045,,,,,,,,,,,,,True,True,False,True
bipad-35710,Government of Nepal BIPAD Portal,2017,8,20,Far Western Region,Dadeldhura,Alital,FLOOD,1,0,0,0,0,0,0,0.0,False,29.20864,80.48616,,,,,,,,,,,,,True,True,False,True
bipad-35718,Government of Nepal BIPAD Portal,2017,8,18,Eastern Region,Jhapa,Barhadashi,FLOOD,1,0,0,0,0,0,0,0.0,False,26.58323,87.91446,,,,,,,,,,,,,True,True,False,True
bipad-35719,Government of Nepal BIPAD Portal,2017,8,19,Eastern Region,Jhapa,Barhadashi,FLOOD,1,0,0,0,0,0,0,0.0,False,26.58323,87.91446,,,,,,,,,,,,,True,True,False,True
bipad-35720,Government of Nepal BIPAD Portal,2017,8,19,Eastern Region,Jhapa,Barhadashi,FLOOD,1,0,0,0,0,0,0,0.0,False,26.58323,87.91446,,,,,,,,,,,,,True,True,False,True
bipad-35721,Government of Nepal BIPAD Portal,2017,8,19,Eastern Region,Jhapa,Barhadashi,FLOOD,1,0,0,0,0,0,0,0.0,False,26.58323,87.91446,,,,,,,,,,,,,True,True,False,True
bipad-35726,Government of Nepal BIPAD Portal,2017,8,12,Eastern Region,Panchthar,Phidim,FLOOD,0,1,0,0,0,0,0,0.0,False,27.14773,87.78498,,,,,,,,,,,,,True,True,False,True
bipad-35727,Government of Nepal BIPAD Portal,2017,8,13,Eastern Region,Udayapur,Rautamai,FLOOD,1,0,0,0,0,0,0,0.0,False,26.93279,86.66463,,,,,,,,,,,,,True,True,False,True
bipad-35728,Government of Nepal BIPAD Portal,2017,8,13,Mid-Western Region,Kalikot,Pachaljharana,FLOOD,0,0,1,0,0,0,0,0.0,False,29.21559,81.74506,,,,,,,,,,,,,True,True,False,True
bipad-35729,Government of Nepal BIPAD Portal,2017,8,22,Central Region,Sarlahi,Haripur,FLOOD,1,0,0,0,0,0,0,0.0,False,26.96729,85.57183,,,,,,,,,,,,,True,True,False,True
bipad-35730,Government of Nepal BIPAD Portal,2017,8,13,Central Region,Sarlahi,Haripur,FLOOD,0,1,0,0,0,0,0,0.0,False,26.96729,85.57183,,,,,,,,,,,,,True,True,False,True
bipad-35731,Government of Nepal BIPAD Portal,2017,8,14,Mid-Western Region,Bardiya,Barbardiya,FLOOD,0,0,1,0,0,0,0,0.0,False,28.36918,81.41147,,,,,,,,,,,,,True,True,False,True
bipad-35733,Government of Nepal BIPAD Portal,2017,8,20,Western Region,Nawalparasi East,Madhyabindu,FLOOD,1,0,0,0,0,0,0,0.0,False,27.61064,84.00745,,,,,,,,,,,,,True,True,False,True
bipad-35734,Government of Nepal BIPAD Portal,2017,8,14,Mid-Western Region,Surkhet,Barahtal,FLOOD,1,0,0,0,0,0,0,0.0,False,28.65047,81.50876,,,,,,,,,,,,,True,True,False,True
bipad-35735,Government of Nepal BIPAD Portal,2017,8,13,Mid-Western Region,Dang,Ghorahi,FLOOD,1,0,0,0,0,0,0,0.0,False,27.9672,82.44665,,,,,,,,,,,,,True,True,False,True
bipad-35736,Government of Nepal BIPAD Portal,2017,8,20,Central Region,Sarlahi,Haripur,FLOOD,1,0,0,0,0,0,0,0.0,False,26.96729,85.57183,,,,,,,,,,,,,True,True,False,True
bipad-35737,Government of Nepal BIPAD Portal,2017,8,21,Central Region,Sarlahi,Haripur,FLOOD,1,0,0,0,0,0,0,0.0,False,26.96729,85.57183,,,,,,,,,,,,,True,True,False,True
bipad-35738,Government of Nepal BIPAD Portal,2017,8,23,Central Region,Sarlahi,Haripur,FLOOD,1,0,0,0,0,0,0,0.0,False,26.96729,85.57183,,,,,,,,,,,,,True,True,False,True
bipad-35739,Government of Nepal BIPAD Portal,2017,8,23,Central Region,Sarlahi,Haripur,FLOOD,1,0,0,0,0,0,0,0.0,False,26.96729,85.57183,,,,,,,,,,,,,True,True,False,True
bipad-35740,Government of Nepal BIPAD Portal,2017,8,23,Central Region,Sindhupalchok,Jugal,FLOOD,0,1,0,0,0,0,0,0.0,False,27.90711,85.75568,,,,,,,,,,,,,True,True,False,True
bipad-35741,Government of Nepal BIPAD Portal,2017,8,14,Central Region,Mahottari,Aurahi,FLOOD,1,0,0,0,0,0,0,0.0,False,26.88482,85.81298,,,,,,,,,,,,,True,True,False,True
bipad-35742,Government of Nepal BIPAD Portal,2017,8,14,Central Region,Mahottari,Aurahi,FLOOD,1,0,0,0,0,0,0,0.0,False,26.88482,85.81298,,,,,,,,,,,,,True,True,False,True
bipad-35743,Government of Nepal BIPAD Portal,2017,8,14,Central Region,Mahottari,Aurahi,FLOOD,1,0,0,0,0,0,0,0.0,False,26.88482,85.81298,,,,,,,,,,,,,True,True,False,True
bipad-35744,Government of Nepal BIPAD Portal,2017,8,14,Central Region,Mahottari,Aurahi,FLOOD,1,0,0,0,0,0,0,0.0,False,26.88482,85.81298,,,,,,,,,,,,,True,True,False,True
bipad-35745,Government of Nepal BIPAD Portal,2017,8,17,Central Region,Mahottari,Aurahi,FLOOD,1,0,0,0,0,0,0,0.0,False,26.88482,85.81298,,,,,,,,,,,,,True,True,False,True
bipad-35746,Government of Nepal BIPAD Portal,2017,8,17,Central Region,Mahottari,Aurahi,FLOOD,1,0,0,0,0,0,0,0.0,False,26.88482,85.81298,,,,,,,,,,,,,True,True,False,True
bipad-35747,Government of Nepal BIPAD Portal,2017,8,19,Central Region,Mahottari,Aurahi,FLOOD,1,0,0,0,0,0,0,0.0,False,26.88482,85.81298,,,,,,,,,,,,,True,True,False,True
bipad-35748,Government of Nepal BIPAD Portal,2017,8,12,Central Region,Mahottari,Aurahi,FLOOD,1,0,0,0,0,0,0,0.0,False,26.88482,85.81298,,,,,,,,,,,,,True,True,False,True
bipad-35754,Government of Nepal BIPAD Portal,2017,8,14,Eastern Region,Sunsari,Inaruwa,FLOOD,1,0,0,0,0,0,0,0.0,False,26.64064,87.12722,,,,,,,,,,,,,True,True,False,True
bipad-35755,Government of Nepal BIPAD Portal,2017,8,14,Eastern Region,Sunsari,Inaruwa,FLOOD,1,0,0,0,0,0,0,0.0,False,26.64064,87.12722,,,,,,,,,,,,,True,True,False,True
bipad-35756,Government of Nepal BIPAD Portal,2017,8,12,Eastern Region,Sunsari,Inaruwa,FLOOD,1,0,0,0,0,0,0,0.0,False,26.64064,87.12722,,,,,,,,,,,,,True,True,False,True
bipad-35757,Government of Nepal BIPAD Portal,2017,8,12,Eastern Region,Sunsari,Inaruwa,FLOOD,0,1,0,0,0,0,0,0.0,False,26.64064,87.12722,,,,,,,,,,,,,True,True,False,True
bipad-35758,Government of Nepal BIPAD Portal,2017,8,12,Eastern Region,Sunsari,Inaruwa,FLOOD,0,1,0,0,0,0,0,0.0,False,26.64064,87.12722,,,,,,,,,,,,,True,True,False,True
bipad-35759,Government of Nepal BIPAD Portal,2017,8,12,Eastern Region,Sunsari,Inaruwa,FLOOD,0,1,0,0,0,0,0,0.0,False,26.64064,87.12722,,,,,,,,,,,,,True,True,False,True
bipad-35760,Government of Nepal BIPAD Portal,2017,8,12,Eastern Region,Sunsari,Inaruwa,FLOOD,0,0,1,0,0,0,0,0.0,False,26.64064,87.12722,,,,,,,,,,,,,True,True,False,True
bipad-35761,Government of Nepal BIPAD Portal,2017,8,12,Eastern Region,Sunsari,Inaruwa,FLOOD,0,0,1,0,0,0,0,0.0,False,26.64064,87.12722,,,,,,,,,,,,,True,True,False,True
bipad-35762,Government of Nepal BIPAD Portal,2017,8,12,Eastern Region,Sunsari,Inaruwa,FLOOD,0,0,1,0,0,0,0,0.0,False,26.64064,87.12722,,,,,,,,,,,,,True,True,False,True
bipad-35775,Government of Nepal BIPAD Portal,2017,8,13,Eastern Region,Morang,Belbari,FLOOD,1,0,0,0,0,0,0,0.0,False,26.61037,87.46726,,,,,,,,,,,,,True,True,False,True
bipad-35776,Government of Nepal BIPAD Portal,2017,8,14,Eastern Region,Morang,Belbari,FLOOD,1,0,0,0,0,0,0,0.0,False,26.61037,87.46726,,,,,,,,,,,,,True,True,False,True
bipad-35777,Government of Nepal BIPAD Portal,2017,8,12,Eastern Region,Morang,Belbari,FLOOD,1,0,0,0,0,0,0,0.0,False,26.61037,87.46726,,,,,,,,,,,,,True,True,False,True
bipad-35778,Government of Nepal BIPAD Portal,2017,8,14,Eastern Region,Morang,Belbari,FLOOD,1,0,0,0,0,0,0,0.0,False,26.61037,87.46726,,,,,,,,,,,,,True,True,False,True
bipad-35779,Government of Nepal BIPAD Portal,2017,8,12,Eastern Region,Morang,Belbari,FLOOD,0,1,0,0,0,0,0,0.0,False,26.61037,87.46726,,,,,,,,,,,,,True,True,False,True
bipad-35780,Government of Nepal BIPAD Portal,2017,8,13,Eastern Region,Morang,Belbari,FLOOD,0,0,1,0,0,0,0,0.0,False,26.61037,87.46726,,,,,,,,,,,,,True,True,False,True
bipad-35790,Government of Nepal BIPAD Portal,2017,8,13,Central Region,Makwanpur,Makawanpurgadhi,FLOOD,1,0,0,0,0,0,0,0.0,False,27.4427,85.08797,,,,,,,,,,,,,True,True,False,True
bipad-35791,Government of Nepal BIPAD Portal,2017,8,13,Eastern Region,Saptari,Rupani,FLOOD,1,0,0,0,0,0,0,0.0,False,26.60701,86.75179,,,,,,,,,,,,,True,True,False,True
bipad-35792,Government of Nepal BIPAD Portal,2017,8,15,Eastern Region,Saptari,Rupani,FLOOD,1,0,0,0,0,0,0,0.0,False,26.60701,86.75179,,,,,,,,,,,,,True,True,False,True
bipad-35835,Government of Nepal BIPAD Portal,2017,9,11,Central Region,Sindhupalchok,Jugal,FLOOD,0,0,0,0,2,6,0,0.0,False,27.90711,85.75568,,,,,,,,,,,,,True,True,False,True
bipad-35880,Government of Nepal BIPAD Portal,2017,9,23,Western Region,Palpa,Mathagadhi,FLOOD,3,0,1,0,0,0,0,0.0,False,27.82173,83.63419,,,,,,,,,,,,,True,True,False,True
bipad-35919,Government of Nepal BIPAD Portal,2017,10,2,Central Region,Sarlahi,Haripur,FLOOD,4,2,0,0,0,0,0,0.0,False,26.96729,85.57183,,,,,,,,,,,,,True,True,False,True
bipad-37680,Government of Nepal BIPAD Portal,2018,4,26,Mid-Western Region,Pyuthan,Sworgadwary,FLOOD,0,0,0,0,0,0,0,0.0,False,28.12668916,82.71995199,,,,,,,,,,,,,True,True,False,True
bipad-37681,Government of Nepal BIPAD Portal,2018,4,27,Far Western Region,Achham,Chaurpati,FLOOD,0,0,0,0,0,0,0,0.0,False,29.15248141,81.11783225,,,,,,,,,,,,,True,True,False,True
bipad-37784,Government of Nepal BIPAD Portal,2018,5,5,Far Western Region,Bajhang,Durgathali,FLOOD,0,0,0,0,0,0,0,0.0,False,29.4894399,81.0324834,,,,,,,,,,,,,True,True,False,True
bipad-37787,Government of Nepal BIPAD Portal,2018,5,5,Far Western Region,Bajhang,Surma,FLOOD,5,0,0,0,0,0,0,0.0,False,29.7171,81.15534,,,,,,,,,,,,,True,True,False,True
bipad-37881,Government of Nepal BIPAD Portal,2018,5,14,Central Region,Ramechhap,Manthali,FLOOD,0,1,2,0,0,0,0,0.0,False,27.37782753,86.06492121,,,,,,,,,,,,,True,True,False,True
bipad-37967,Government of Nepal BIPAD Portal,2018,5,2,Far Western Region,Bajhang,JayaPrithivi,FLOOD,3,0,0,0,0,0,0,0.0,False,29.53267008,81.13704849,,,,,,,,,,,,,True,True,False,True
bipad-38225,Government of Nepal BIPAD Portal,2018,6,7,Mid-Western Region,Rukum West,Sanibheri,FLOOD,0,0,0,0,0,0,0,0.0,False,28.69530049,82.25290491,,,,,,,,,,,,,True,True,False,True
bipad-38250,Government of Nepal BIPAD Portal,2018,6,9,Central Region,Rasuwa,Aamachhodingmo,FLOOD,0,0,0,0,0,0,0,0.0,False,28.23333042,85.27153387,,,,,,,,,,,,,True,True,False,True
bipad-38347,Government of Nepal BIPAD Portal,2018,6,17,Western Region,Baglung,Kanthekhola,FLOOD,0,0,0,0,0,0,0,0.0,False,28.22674366,83.51082721,,,,,,,,,,,,,True,True,False,True
bipad-38351,Government of Nepal BIPAD Portal,2018,6,17,Central Region,Mahottari,Bardibas,FLOOD,0,0,0,0,0,0,0,0.0,False,27.04202777,85.88097946,,,,,,,,,,,,,True,True,False,True
bipad-38441,Government of Nepal BIPAD Portal,2018,6,25,Western Region,Baglung,Bareng,FLOOD,0,0,0,0,0,0,0,0.0,False,28.14908597,83.49657696,,,,,,,,,,,,,True,True,False,True
bipad-38454,Government of Nepal BIPAD Portal,2018,6,27,Central Region,Sindhupalchok,Bhotekoshi,FLOOD,0,0,0,0,0,0,0,0.0,False,27.99329527,85.92629877,,,,,,,,,,,,,True,True,False,True
bipad-38503,Government of Nepal BIPAD Portal,2018,7,2,Mid-Western Region,Bardiya,Madhuwan,FLOOD,0,0,0,0,0,9,0,0.0,False,28.27766536,81.25883746,,,,,,,,,,,,,True,True,False,True
bipad-38505,Government of Nepal BIPAD Portal,2018,7,2,Western Region,Nawalparasi West,Bardaghat,FLOOD,0,0,0,0,0,42,0,0.0,False,27.52844515,83.77207256,,,,,,,,,,,,,True,True,False,True
bipad-38513,Government of Nepal BIPAD Portal,2018,7,2,Central Region,Parsa,Thori,FLOOD,2,0,2,0,0,0,0,0.0,False,27.22317,84.73056,,,,,,,,,,,,,True,True,False,True
bipad-38524,Government of Nepal BIPAD Portal,2018,7,2,Eastern Region,Udayapur,Triyuga,FLOOD,0,0,1,0,0,0,0,0.0,False,26.82610801,86.70993158,,,,,,,,,,,,,True,True,False,True
bipad-38532,Government of Nepal BIPAD Portal,2018,7,2,Central Region,Bara,Jitpur Simara,FLOOD,0,0,0,0,0,10,0,0.0,False,27.08692321,84.95530632,,,,,,,,,,,,,True,True,False,True
bipad-38535,Government of Nepal BIPAD Portal,2018,7,2,Mid-Western Region,Bardiya,Rajapur,FLOOD,0,0,0,0,0,16,0,0.0,False,28.38402154,81.12269579,,,,,,,,,,,,,True,True,False,True
bipad-38536,Government of Nepal BIPAD Portal,2018,7,2,Western Region,Nawalparasi West,Sarawal,FLOOD,0,0,0,0,2,51,0,0.0,False,27.4682598,83.7381245,,,,,,,,,,,,,True,True,False,True
bipad-38537,Government of Nepal BIPAD Portal,2018,7,2,Western Region,Nawalparasi West,Sarawal,FLOOD,0,0,0,0,0,40,0,0.0,False,27.42358446,83.74428798,,,,,,,,,,,,,True,True,False,True
bipad-38547,Government of Nepal BIPAD Portal,2018,7,3,Central Region,Sarlahi,Haripur,FLOOD,0,0,0,0,0,2,0,0.0,False,26.96729,85.57183,,,,,,,,,,,,,True,True,False,True
bipad-38548,Government of Nepal BIPAD Portal,2018,7,3,Central Region,Sarlahi,Dhankaul,FLOOD,0,0,0,0,0,2,0,0.0,False,26.86819896,85.38778194,,,,,,,,,,,,,True,True,False,True
bipad-38549,Government of Nepal BIPAD Portal,2018,7,2,Far Western Region,Kailali,Bhajani,FLOOD,0,0,0,0,0,14,0,0.0,False,28.46255487,80.96082558,,,,,,,,,,,,,True,True,False,True
bipad-38550,Government of Nepal BIPAD Portal,2018,7,2,Far Western Region,Kailali,Bhajani,FLOOD,0,0,0,0,0,8,0,0.0,False,28.47920896,80.91850582,,,,,,,,,,,,,True,True,False,True
bipad-38551,Government of Nepal BIPAD Portal,2018,7,2,Far Western Region,Kailali,Bhajani,FLOOD,0,0,0,0,0,60,0,0.0,False,28.4824643,81.02741626,,,,,,,,,,,,,True,True,False,True
bipad-38552,Government of Nepal BIPAD Portal,2018,7,2,Eastern Region,Udayapur,Triyuga,FLOOD,1,0,0,0,0,0,0,0.0,False,26.8539628,86.61833354,,,,,,,,,,,,,True,True,False,True
bipad-38561,Government of Nepal BIPAD Portal,2018,7,2,Central Region,Parsa,Chhipaharmai,FLOOD,0,0,0,0,2,0,0,0.0,False,27.03649055,84.69183504,,,,,,,,,,,,,True,True,False,True
bipad-38569,Government of Nepal BIPAD Portal,2018,7,5,Eastern Region,Jhapa,Gauradhaha,FLOOD,0,0,0,0,0,0,0,0.0,False,26.50130238,87.66554417,,,,,,,,,,,,,True,True,False,True
bipad-38570,Government of Nepal BIPAD Portal,2018,7,5,Eastern Region,Sunsari,Itahari,FLOOD,0,0,0,0,0,0,0,0.0,False,26.65318574,87.25054865,,,,,,,,,,,,,True,True,False,True
bipad-38571,Government of Nepal BIPAD Portal,2018,7,5,Eastern Region,Sunsari,Barah,FLOOD,0,0,0,0,0,0,0,0.0,False,26.78880585,87.1876118,,,,,,,,,,,,,True,True,False,True
bipad-38572,Government of Nepal BIPAD Portal,2018,7,5,Eastern Region,Morang,Jahada,FLOOD,0,0,0,0,0,0,0,0.0,False,26.377617,87.34761477,,,,,,,,,,,,,True,True,False,True
bipad-38592,Government of Nepal BIPAD Portal,2018,7,6,Eastern Region,Sunsari,Inaruwa,FLOOD,1,0,0,0,0,0,0,0.0,False,26.64064,87.12722,,,,,,,,,,,,,True,True,False,True
bipad-38602,Government of Nepal BIPAD Portal,2018,7,7,Mid-Western Region,Pyuthan,Sarumarani,FLOOD,1,0,0,0,0,0,0,0.0,False,27.97909135,82.83663031,,,,,,,,,,,,,True,True,False,True
bipad-38676,Government of Nepal BIPAD Portal,2018,7,12,Central Region,Kathmandu,Kathmandu,FLOOD,0,0,0,0,0,0,0,0.0,False,27.68337593,85.355644,,,,,,,,,,,,,True,True,False,True
bipad-38687,Government of Nepal BIPAD Portal,2018,7,13,Eastern Region,Saptari,Tilathi Koiladi,FLOOD,0,0,0,0,0,0,0,0.0,False,26.48616586,86.833727,,,,,,,,,,,,,True,True,False,True
bipad-38702,Government of Nepal BIPAD Portal,2018,7,14,Eastern Region,Okhaldhunga,Sunkoshi,FLOOD,0,0,0,0,0,0,0,0.0,False,27.32574107,86.380631,,,,,,,,,,,,,True,True,False,True
bipad-38733,Government of Nepal BIPAD Portal,2018,7,16,Central Region,Sindhupalchok,Bhotekoshi,FLOOD,0,0,0,0,2,0,0,0.0,False,27.99329527,85.92629877,,,,,,,,,,,,,True,True,False,True
bipad-38739,Government of Nepal BIPAD Portal,2018,7,16,Western Region,Kaski,Pokhara,FLOOD,0,0,0,0,0,0,0,0.0,False,28.15340665,84.0822179,,,,,,,,,,,,,True,True,False,True
bipad-38763,Government of Nepal BIPAD Portal,2018,7,18,Western Region,Gorkha,Gorkha,FLOOD,0,0,0,0,1,0,0,0.0,False,27.9569067,84.56377099,,,,,,,,,,,,,True,True,False,True
bipad-38808,Government of Nepal BIPAD Portal,2018,7,20,Eastern Region,Sankhuwasabha,Chainpur,FLOOD,0,0,0,0,0,0,0,0.0,False,27.315511,87.47233031,,,,,,,,,,,,,True,True,False,True
bipad-38948,Government of Nepal BIPAD Portal,2018,8,1,Western Region,Tanahu,Devghat,FLOOD,1,0,0,0,0,0,0,0.0,False,27.78263524,84.35529785,,,,,,,,,,,,,True,True,False,True
bipad-39079,Government of Nepal BIPAD Portal,2018,8,5,Central Region,Bhaktapur,Suryabinayak,FLOOD,0,0,0,0,0,1,0,0.0,False,27.66539467,85.40610191,,,,,,,,,,,,,True,True,False,True
bipad-39087,Government of Nepal BIPAD Portal,2018,8,1,Far Western Region,Achham,Ramaroshan,FLOOD,0,0,0,0,0,0,0,0.0,False,29.22497589,81.45997459,,,,,,,,,,,,,True,True,False,True
bipad-39095,Government of Nepal BIPAD Portal,2018,8,5,Mid-Western Region,Dang,Tulsipur,FLOOD,0,0,19,0,0,0,0,0.0,False,28.13732184,82.32530367,,,,,,,,,,,,,True,True,False,True
bipad-39096,Government of Nepal BIPAD Portal,2018,8,5,Central Region,Kathmandu,Kathmandu,FLOOD,0,0,0,0,0,0,0,0.0,False,27.69542056,85.30641671,,,,,,,,,,,,,True,True,False,True
bipad-39121,Government of Nepal BIPAD Portal,2018,8,6,Eastern Region,Taplejung,Phungling,FLOOD,0,0,0,0,0,2,0,0.0,False,27.35985231,87.68455462,,,,,,,,,,,,,True,True,False,True
bipad-39130,Government of Nepal BIPAD Portal,2018,8,6,Eastern Region,Taplejung,Phungling,FLOOD,0,0,0,0,0,0,0,0.0,False,27.37392835,87.66032704,,,,,,,,,,,,,True,True,False,True
bipad-39246,Government of Nepal BIPAD Portal,2018,8,14,Mid-Western Region,Rukum West,Aathbiskot,FLOOD,0,0,0,0,3,0,0,0.0,False,28.86752349,82.53170643,,,,,,,,,,,,,True,True,False,True
bipad-39256,Government of Nepal BIPAD Portal,2018,8,15,Central Region,Kathmandu,Kageshwori Manahora,FLOOD,0,0,0,0,0,0,0,0.0,False,27.69912,85.37856,,,,,,,,,,,,,True,True,False,True
bipad-39257,Government of Nepal BIPAD Portal,2018,8,15,Central Region,Kathmandu,Budhanilkantha,FLOOD,0,0,0,0,0,25,0,0.0,False,27.75834517,85.37434162,,,,,,,,,,,,,True,True,False,True
bipad-39258,Government of Nepal BIPAD Portal,2018,8,15,Central Region,Kathmandu,Gokarneshwor,FLOOD,0,0,0,0,0,10,0,0.0,False,27.73677411,85.39605017,,,,,,,,,,,,,True,True,False,True
bipad-39259,Government of Nepal BIPAD Portal,2018,8,15,Central Region,Kathmandu,Kageshwori Manahora,FLOOD,0,0,0,0,0,15,0,0.0,False,27.69912,85.37856,,,,,,,,,,,,,True,True,False,True
bipad-39260,Government of Nepal BIPAD Portal,2018,8,15,Central Region,Kathmandu,Kageshwori Manahora,FLOOD,0,0,0,0,0,5,0,0.0,False,27.69912,85.37856,,,,,,,,,,,,,True,True,False,True
bipad-39261,Government of Nepal BIPAD Portal,2018,8,15,Central Region,Kathmandu,Kageshwori Manahora,FLOOD,0,0,0,0,0,10,0,0.0,False,27.69912,85.37856,,,,,,,,,,,,,True,True,False,True
bipad-39262,Government of Nepal BIPAD Portal,2018,8,15,Central Region,Kathmandu,Kageshwori Manahora,FLOOD,0,0,0,0,0,150,0,0.0,False,27.69912,85.37856,,,,,,,,,,,,,True,True,False,True
bipad-39263,Government of Nepal BIPAD Portal,2018,8,15,Central Region,Kathmandu,Kageshwori Manahora,FLOOD,0,0,0,0,0,10,0,0.0,False,27.69912,85.37856,,,,,,,,,,,,,True,True,False,True
bipad-39266,Government of Nepal BIPAD Portal,2018,8,15,Western Region,Myagdi,Annapurna,FLOOD,0,0,0,0,0,0,0,0.0,False,28.57902425,83.75474863,,,,,,,,,,,,,True,True,False,True
bipad-39268,Government of Nepal BIPAD Portal,2018,8,15,Mid-Western Region,Jajarkot,Nalgaad,FLOOD,0,0,0,0,2,0,0,0.0,False,28.78784492,82.26293857,,,,,,,,,,,,,True,True,False,True
bipad-39269,Government of Nepal BIPAD Portal,2018,8,14,Mid-Western Region,Jajarkot,Nalgaad,FLOOD,0,0,0,0,1,0,0,0.0,False,28.89929684,82.49285008,,,,,,,,,,,,,True,True,False,True
bipad-39271,Government of Nepal BIPAD Portal,2018,8,11,Western Region,Mustang,Gharapjhong,FLOOD,0,0,0,0,4,0,0,0.0,False,28.73752896,83.78315429,,,,,,,,,,,,,True,True,False,True
bipad-39281,Government of Nepal BIPAD Portal,2018,8,15,Mid-Western Region,Jajarkot,Nalgaad,FLOOD,0,0,0,0,0,0,0,0.0,False,28.83872682,82.28331151,,,,,,,,,,,,,True,True,False,True
bipad-39312,Government of Nepal BIPAD Portal,2018,8,16,Central Region,Bhaktapur,Changunarayan,FLOOD,0,0,0,0,0,0,0,0.0,False,27.69529678,85.4878684,,,,,,,,,,,,,True,True,False,True
bipad-39327,Government of Nepal BIPAD Portal,2018,8,18,Central Region,Sindhupalchok,Barhabise,FLOOD,0,0,0,0,0,0,0,0.0,False,27.80548502,85.92205632,,,,,,,,,,,,,True,True,False,True
bipad-39328,Government of Nepal BIPAD Portal,2018,8,18,Central Region,Nuwakot,Belkotgadhi,FLOOD,0,0,0,0,0,2,0,0.0,False,27.82934157,85.16131498,,,,,,,,,,,,,True,True,False,True
bipad-39329,Government of Nepal BIPAD Portal,2018,8,17,Central Region,Nuwakot,Shivapuri,FLOOD,0,0,2,0,0,2,0,0.0,False,27.84035961,85.34583048,,,,,,,,,,,,,True,True,False,True
bipad-39332,Government of Nepal BIPAD Portal,2018,8,18,Western Region,Myagdi,Annapurna,FLOOD,0,0,0,0,0,0,0,0.0,False,28.4921789,83.61614744,,,,,,,,,,,,,True,True,False,True
bipad-39355,Government of Nepal BIPAD Portal,2018,8,18,Central Region,Sindhupalchok,Barhabise,FLOOD,0,0,0,0,1,25,0,0.0,False,27.80548502,85.92205632,,,,,,,,,,,,,True,True,False,True
bipad-39358,Government of Nepal BIPAD Portal,2018,8,18,Central Region,Nuwakot,Kispang,FLOOD,0,0,0,0,1,1,0,0.0,False,27.99861001,85.13345826,,,,,,,,,,,,,True,True,False,True
bipad-39453,Government of Nepal BIPAD Portal,2018,8,27,Eastern Region,Saptari,Rupani,FLOOD,0,0,0,0,0,0,0,0.0,False,26.60701,86.75179,,,,,,,,,,,,,True,True,False,True
bipad-39479,Government of Nepal BIPAD Portal,2018,8,30,Eastern Region,Morang,Biratnagar,FLOOD,0,0,0,0,0,17,0,0.0,False,26.44795637,87.29713012,,,,,,,,,,,,,True,True,False,True
bipad-39536,Government of Nepal BIPAD Portal,2018,9,1,Mid-Western Region,Dolpa,Jagadulla,FLOOD,0,0,0,0,0,0,0,0.0,False,29.13412244,82.49098066,,,,,,,,,,,,,True,True,False,True
bipad-39634,Government of Nepal BIPAD Portal,2018,9,10,Western Region,Kaski,Pokhara,FLOOD,0,0,0,0,0,0,0,0.0,False,28.12357064,84.10491112,,,,,,,,,,,,,True,True,False,True
bipad-39636,Government of Nepal BIPAD Portal,2018,9,10,Eastern Region,Terhathum,Phedap,FLOOD,1,0,0,0,0,0,0,0.0,False,27.19922077,87.59900238,,,,,,,,,,,,,True,True,False,True
bipad-39647,Government of Nepal BIPAD Portal,2018,9,11,Central Region,Chitwan,Bharatpur,FLOOD,0,0,0,0,1,0,0,0.0,False,27.58541776,84.23329382,,,,,,,,,,,,,True,True,False,True
bipad-39657,Government of Nepal BIPAD Portal,2018,9,12,Eastern Region,Jhapa,Kankai,FLOOD,0,0,0,0,0,7,0,0.0,False,26.63792809,87.89489385,,,,,,,,,,,,,True,True,False,True
bipad-39658,Government of Nepal BIPAD Portal,2018,9,12,Western Region,Myagdi,Raghuganga,FLOOD,1,0,0,0,0,1,0,0.0,False,28.58868167,83.48907935,,,,,,,,,,,,,True,True,False,True
bipad-39665,Government of Nepal BIPAD Portal,2018,9,12,Western Region,Lamjung,Besishahar,FLOOD,0,2,0,0,0,0,0,0.0,False,28.19766428,84.43897371,,,,,,,,,,,,,True,True,False,True
bipad-39675,Government of Nepal BIPAD Portal,2018,9,12,Western Region,Mustang,Thasang,FLOOD,0,0,0,0,0,1,0,0.0,False,28.68987876,83.58687182,,,,,,,,,,,,,True,True,False,True
bipad-39676,Government of Nepal BIPAD Portal,2018,9,12,Western Region,Myagdi,Raghuganga,FLOOD,0,0,0,0,2,0,0,0.0,False,28.58868167,83.48907935,,,,,,,,,,,,,True,True,False,True
bipad-39686,Government of Nepal BIPAD Portal,2018,9,12,Far Western Region,Dadeldhura,Parashuram,FLOOD,1,0,0,0,0,0,0,0.0,False,29.0745572,80.37652774,,,,,,,,,,,,,True,True,False,True
bipad-42157,Government of Nepal BIPAD Portal,2019,4,5,Western Region,Baglung,Baglung,FLOOD,0,0,0,0,0,0,0,0.0,False,28.2443577,83.58070437,,,,,,,,,,,,,True,True,False,True
bipad-42163,Government of Nepal BIPAD Portal,2019,4,6,Eastern Region,Panchthar,Phidim,FLOOD,0,0,1,0,0,0,0,0.0,False,27.16896061,87.8197721,,,,,,,,,,,,,True,True,False,True
bipad-42281,Government of Nepal BIPAD Portal,2019,4,14,Eastern Region,Terhathum,Chhathar,FLOOD,0,0,0,0,1,0,0,0.0,False,27.0374728,87.4446871,,,,,,,,,,,,,True,True,False,True
bipad-42394,Government of Nepal BIPAD Portal,2019,4,20,Central Region,Kathmandu,Kathmandu,FLOOD,0,0,0,0,0,0,0,0.0,False,27.69151769,85.33523491,,,,,,,,,,,,,True,True,False,True
bipad-42440,Government of Nepal BIPAD Portal,2019,4,21,Eastern Region,Bhojpur,Ramprasadrai,FLOOD,0,0,0,0,1,0,0,0.0,False,27.05189461,87.04302693,,,,,,,,,,,,,True,True,False,True
bipad-42848,Government of Nepal BIPAD Portal,2019,5,19,Eastern Region,Sankhuwasabha,Bhotkhola,FLOOD,0,0,0,0,0,0,0,0.0,False,27.77304107,87.34104656,,,,,,,,,,,,,True,True,False,True
bipad-42946,Government of Nepal BIPAD Portal,2019,5,25,Western Region,Myagdi,Annapurna,FLOOD,0,0,0,0,0,0,0,0.0,False,28.5414392,83.61639972,,,,,,,,,,,,,True,True,False,True
bipad-43076,Government of Nepal BIPAD Portal,2019,6,1,Mid-Western Region,Dolpa,Thuli Bheri,FLOOD,0,0,0,0,1,0,0,0.0,False,28.90204758,82.85321848,,,,,,,,,,,,,True,True,False,True
bipad-43090,Government of Nepal BIPAD Portal,2019,6,1,Eastern Region,Sankhuwasabha,Chainpur,FLOOD,0,0,0,0,0,0,0,0.0,False,27.26747641,87.234409,,,,,,,,,,,,,True,True,False,True
bipad-43161,Government of Nepal BIPAD Portal,2019,6,6,Mid-Western Region,Dolpa,Mudkechula,FLOOD,0,0,0,0,0,0,0,0.0,False,29.02269671,82.53343551,,,,,,,,,,,,,True,True,False,True
bipad-43253,Government of Nepal BIPAD Portal,2019,6,17,Eastern Region,Taplejung,Sirijangha,FLOOD,0,0,0,0,0,0,0,0.0,False,27.52177439,88.00156704,,,,,,,,,,,,,True,True,False,True
bipad-43254,Government of Nepal BIPAD Portal,2019,6,17,Eastern Region,Sankhuwasabha,Khandbari,FLOOD,0,0,0,0,0,0,0,0.0,False,27.41125563,87.15107671,,,,,,,,,,,,,True,True,False,True
bipad-43263,Government of Nepal BIPAD Portal,2019,6,17,Eastern Region,Sankhuwasabha,Makalu,FLOOD,0,0,0,0,0,0,0,0.0,False,27.61175664,87.31716373,,,,,,,,,,,,,True,True,False,True
bipad-43301,Government of Nepal BIPAD Portal,2019,6,22,Central Region,Chitwan,Madi,FLOOD,0,0,0,0,0,0,0,0.0,False,27.47147831,84.3182053,,,,,,,,,,,,,True,True,False,True
bipad-43311,Government of Nepal BIPAD Portal,2019,6,23,Western Region,Kaski,Madi,FLOOD,0,0,0,0,0,0,0,0.0,False,28.27083086,84.07388797,,,,,,,,,,,,,True,True,False,True
bipad-43312,Government of Nepal BIPAD Portal,2019,6,23,Western Region,Manang,Chame,FLOOD,0,0,0,0,0,0,0,0.0,False,28.53691888,84.26401675,,,,,,,,,,,,,True,True,False,True
bipad-43317,Government of Nepal BIPAD Portal,2019,6,23,Western Region,Lamjung,Marsyangdi,FLOOD,0,0,0,0,0,3,0,0.0,False,28.36927197,84.3268337,,,,,,,,,,,,,True,True,False,True
bipad-43318,Government of Nepal BIPAD Portal,2019,6,23,Western Region,Lamjung,Marsyangdi,FLOOD,0,0,0,0,0,0,0,0.0,False,28.29032963,84.29072353,,,,,,,,,,,,,True,True,False,True
bipad-43326,Government of Nepal BIPAD Portal,2019,6,24,Mid-Western Region,Banke,Narainapur,FLOOD,0,0,0,0,0,0,0,0.0,False,27.96300925,81.79188862,,,,,,,,,,,,,True,True,False,True
bipad-43352,Government of Nepal BIPAD Portal,2019,6,24,Eastern Region,Sankhuwasabha,Savapokhari,FLOOD,0,0,0,0,0,0,0,0.0,False,27.41285836,87.34043115,,,,,,,,,,,,,True,True,False,True
bipad-43423,Government of Nepal BIPAD Portal,2019,7,2,Central Region,Sindhupalchok,Indrawati,FLOOD,0,0,0,0,0,0,0,0.0,False,27.72940699,85.64221356,,,,,,,,,,,,,True,True,False,True
bipad-43429,Government of Nepal BIPAD Portal,2019,7,4,Central Region,Rasuwa,Kalika,FLOOD,0,0,0,0,0,0,0,0.0,False,27.99819542,85.23113083,,,,,,,,,,,,,True,True,False,True
bipad-43438,Government of Nepal BIPAD Portal,2019,7,4,Central Region,Nuwakot,Tadi,FLOOD,0,2,0,0,0,0,0,0.0,False,27.94685944,85.34588844,,,,,,,,,,,,,True,True,False,True
bipad-43445,Government of Nepal BIPAD Portal,2019,7,5,Central Region,Nuwakot,Suryagadhi,FLOOD,0,0,0,0,0,2,0,0.0,False,27.93208277,85.24226386,,,,,,,,,,,,,True,True,False,True
bipad-43446,Government of Nepal BIPAD Portal,2019,7,5,Central Region,Sindhupalchok,Jugal,FLOOD,0,1,0,0,0,0,0,0.0,False,27.92278498,85.75018747,,,,,,,,,,,,,True,True,False,True
bipad-43466,Government of Nepal BIPAD Portal,2019,7,6,Central Region,Sindhupalchok,Bhotekoshi,FLOOD,1,1,2,0,0,0,0,0.0,False,27.84779054,85.94270238,,,,,,,,,,,,,True,True,False,True
bipad-43490,Government of Nepal BIPAD Portal,2019,7,8,Mid-Western Region,Banke,Baijanath,FLOOD,0,0,0,0,0,5,0,0.0,False,28.29632129,81.68972871,,,,,,,,,,,,,True,True,False,True
bipad-43494,Government of Nepal BIPAD Portal,2019,7,8,Mid-Western Region,Banke,Duduwa,FLOOD,0,0,0,0,0,0,0,0.0,False,28.04151212,81.70715585,,,,,,,,,,,,,True,True,False,True
bipad-43496,Government of Nepal BIPAD Portal,2019,7,9,Mid-Western Region,Bardiya,Bansagadhi,FLOOD,0,0,0,0,0,9,0,0.0,False,28.27554601,81.58878759,,,,,,,,,,,,,True,True,False,True
bipad-43497,Government of Nepal BIPAD Portal,2019,7,9,Mid-Western Region,Bardiya,Bansagadhi,FLOOD,0,0,0,0,0,50,0,0.0,False,28.2475442,81.59390046,,,,,,,,,,,,,True,True,False,True
bipad-43503,Government of Nepal BIPAD Portal,2019,7,9,Mid-Western Region,Bardiya,Bansagadhi,FLOOD,0,0,0,0,0,0,0,0.0,False,28.23205192,81.44412175,,,,,,,,,,,,,True,True,False,True
bipad-43509,Government of Nepal BIPAD Portal,2019,7,10,Central Region,Makwanpur,Makawanpurgadhi,FLOOD,0,0,1,0,0,0,0,0.0,False,27.46165434,85.08968495,,,,,,,,,,,,,True,True,False,True
bipad-43510,Government of Nepal BIPAD Portal,2019,7,10,Central Region,Makwanpur,Hetauda,FLOOD,0,0,1,0,0,0,0,0.0,False,27.45795458,85.02166264,,,,,,,,,,,,,True,True,False,True
bipad-43525,Government of Nepal BIPAD Portal,2019,7,11,Eastern Region,Khotang,Diprung Chuichumma,FLOOD,0,0,0,0,0,1,0,0.0,False,27.07126593,86.74561443,,,,,,,,,,,,,True,True,False,True
bipad-43526,Government of Nepal BIPAD Portal,2019,7,11,Eastern Region,Ilam,Deumai,FLOOD,0,0,0,0,0,1,0,0.0,False,26.94235063,87.82907664,,,,,,,,,,,,,True,True,False,True
bipad-43533,Government of Nepal BIPAD Portal,2019,7,11,Eastern Region,Morang,Kanepokhari,FLOOD,1,0,0,0,0,0,0,0.0,False,26.56697958,87.49276102,,,,,,,,,,,,,True,True,False,True
bipad-43534,Government of Nepal BIPAD Portal,2019,7,11,Eastern Region,Morang,Biratnagar,FLOOD,0,0,0,0,0,0,0,0.0,False,26.44795637,87.29713012,,,,,,,,,,,,,True,True,False,True
bipad-43535,Government of Nepal BIPAD Portal,2019,7,11,Eastern Region,Morang,Budhiganga,FLOOD,0,0,0,0,0,0,0,0.0,False,26.59992106,87.33103529,,,,,,,,,,,,,True,True,False,True
bipad-43536,Government of Nepal BIPAD Portal,2019,7,11,Eastern Region,Morang,Biratnagar,FLOOD,0,0,0,0,0,0,0,0.0,False,26.48447488,87.29181217,,,,,,,,,,,,,True,True,False,True
bipad-43537,Government of Nepal BIPAD Portal,2019,7,11,Eastern Region,Sunsari,Harinagar,FLOOD,0,0,0,0,0,0,0,0.0,False,26.49594699,87.10027176,,,,,,,,,,,,,True,True,False,True
bipad-43538,Government of Nepal BIPAD Portal,2019,7,11,Eastern Region,Sunsari,Ramdhuni,FLOOD,0,0,0,0,0,0,0,0.0,False,26.71616874,87.20618216,,,,,,,,,,,,,True,True,False,True
bipad-43556,Government of Nepal BIPAD Portal,2019,7,11,Central Region,Lalitpur,Mahankal,FLOOD,0,0,0,0,0,0,0,0.0,False,27.49805504,85.39853307,,,,,,,,,,,,,True,True,False,True
bipad-43561,Government of Nepal BIPAD Portal,2019,7,11,Eastern Region,Jhapa,Kankai,FLOOD,0,0,0,0,0,0,0,0.0,False,26.61718739,87.91738567,,,,,,,,,,,,,True,True,False,True
bipad-43562,Government of Nepal BIPAD Portal,2019,7,11,Eastern Region,Jhapa,Birtamode,FLOOD,0,0,0,0,0,0,0,0.0,False,26.62134148,87.98902453,,,,,,,,,,,,,True,True,False,True
bipad-43563,Government of Nepal BIPAD Portal,2019,7,11,Eastern Region,Jhapa,Shivasataxi,FLOOD,0,0,0,0,0,0,0,0.0,False,26.66298418,87.81850673,,,,,,,,,,,,,True,True,False,True
bipad-43564,Government of Nepal BIPAD Portal,2019,7,12,Eastern Region,Jhapa,Kamal,FLOOD,0,0,0,0,0,0,0,0.0,False,26.64778157,87.7696465,,,,,,,,,,,,,True,True,False,True
bipad-43565,Government of Nepal BIPAD Portal,2019,7,12,Eastern Region,Udayapur,Katari,FLOOD,0,0,0,0,0,0,0,0.0,False,27.14273328,86.40070193,,,,,,,,,,,,,True,True,False,True
bipad-43566,Government of Nepal BIPAD Portal,2019,7,12,Eastern Region,Ilam,Chulachuli,FLOOD,1,0,0,0,0,0,0,0.0,False,26.69124756,87.7892798,,,,,,,,,,,,,True,True,False,True
bipad-43568,Government of Nepal BIPAD Portal,2019,7,12,Eastern Region,Panchthar,Miklajung,FLOOD,1,0,0,0,0,0,0,0.0,False,26.92558227,87.67289485,,,,,,,,,,,,,True,True,False,True
bipad-43574,Government of Nepal BIPAD Portal,2019,7,12,Eastern Region,Morang,Ratuwamai,FLOOD,0,0,0,0,0,0,0,0.0,False,26.56517668,87.62507417,,,,,,,,,,,,,True,True,False,True
bipad-43575,Government of Nepal BIPAD Portal,2019,7,11,Eastern Region,Sunsari,Itahari,FLOOD,0,1,0,0,0,0,0,0.0,False,26.67313872,87.26312892,,,,,,,,,,,,,True,True,False,True
bipad-43576,Government of Nepal BIPAD Portal,2019,7,12,Eastern Region,Sunsari,Inaruwa,FLOOD,0,0,0,0,0,0,0,0.0,False,26.6142501,87.15070056,,,,,,,,,,,,,True,True,False,True
bipad-43577,Government of Nepal BIPAD Portal,2019,7,12,Eastern Region,Sunsari,Inaruwa,FLOOD,0,0,0,0,0,0,0,0.0,False,26.61179278,87.13925656,,,,,,,,,,,,,True,True,False,True
bipad-43580,Government of Nepal BIPAD Portal,2019,7,12,Central Region,Mahottari,Balwa,FLOOD,1,0,0,0,0,0,0,0.0,False,26.72390833,85.82490802,,,,,,,,,,,,,True,True,False,True
bipad-43581,Government of Nepal BIPAD Portal,2019,7,12,Central Region,Rautahat,Gadhimai,FLOOD,0,1,0,0,0,0,0,0.0,False,26.9048997,85.35795608,,,,,,,,,,,,,True,True,False,True
bipad-43582,Government of Nepal BIPAD Portal,2019,7,12,Central Region,Sindhuli,Hariharpurgadhi,FLOOD,0,0,0,0,0,1,0,0.0,False,27.29119793,85.49259399,,,,,,,,,,,,,True,True,False,True
bipad-43592,Government of Nepal BIPAD Portal,2019,7,12,Central Region,Makwanpur,Thaha,FLOOD,1,0,1,0,0,0,0,0.0,False,27.61770339,85.05787827,,,,,,,,,,,,,True,True,False,True
bipad-43597,Government of Nepal BIPAD Portal,2019,7,12,Central Region,Dhading,Thakre,FLOOD,0,0,0,0,0,0,0,0.0,False,27.71585114,85.0632215,,,,,,,,,,,,,True,True,False,True
bipad-43602,Government of Nepal BIPAD Portal,2019,7,12,Western Region,Syangja,Kaligandagi,FLOOD,0,0,0,0,0,3,0,0.0,False,27.95760958,83.50180185,,,,,,,,,,,,,True,True,False,True
bipad-43603,Government of Nepal BIPAD Portal,2019,7,12,Western Region,Mustang,Thasang,FLOOD,0,0,0,0,0,0,0,0.0,False,28.60648598,83.64879703,,,,,,,,,,,,,True,True,False,True
bipad-43605,Government of Nepal BIPAD Portal,2019,7,12,Central Region,Parsa,Parsagadhi,FLOOD,1,0,0,0,0,0,0,0.0,False,27.20260901,84.88414531,,,,,,,,,,,,,True,True,False,True
bipad-43606,Government of Nepal BIPAD Portal,2019,7,12,Eastern Region,Jhapa,Damak,FLOOD,1,0,0,0,0,0,0,0.0,False,26.61639955,87.6653462,,,,,,,,,,,,,True,True,False,True
bipad-43607,Government of Nepal BIPAD Portal,2019,7,12,Eastern Region,Okhaldhunga,Chisankhugadhi,FLOOD,1,0,0,0,0,0,0,0.0,False,27.32233441,86.59757104,,,,,,,,,,,,,True,True,False,True
bipad-43608,Government of Nepal BIPAD Portal,2019,7,12,Eastern Region,Okhaldhunga,Khijidemba,FLOOD,0,0,0,0,1,0,0,0.0,False,27.44240934,86.35017381,,,,,,,,,,,,,True,True,False,True
bipad-43609,Government of Nepal BIPAD Portal,2019,7,12,Central Region,Bara,Parwanipur,FLOOD,1,0,0,0,0,0,0,0.0,False,27.05871593,84.93536422,,,,,,,,,,,,,True,True,False,True
bipad-43610,Government of Nepal BIPAD Portal,2019,7,12,Central Region,Dhading,Thakre,FLOOD,0,1,0,0,0,0,0,0.0,False,27.71850652,85.03076643,,,,,,,,,,,,,True,True,False,True
bipad-43611,Government of Nepal BIPAD Portal,2019,7,12,Central Region,Sindhuli,Dudhouli,FLOOD,0,0,0,0,0,3,0,0.0,False,27.03395128,86.17332767,,,,,,,,,,,,,True,True,False,True
bipad-43613,Government of Nepal BIPAD Portal,2019,7,12,Central Region,Kathmandu,Kageshwori Manahora,FLOOD,0,1,0,0,0,0,0,0.0,False,27.69912,85.37856,,,,,,,,,,,,,True,True,False,True
bipad-43618,Government of Nepal BIPAD Portal,2019,7,12,Central Region,Makwanpur,Kailash,FLOOD,1,0,0,0,0,0,0,0.0,False,27.56964174,84.97694986,,,,,,,,,,,,,True,True,False,True
bipad-43619,Government of Nepal BIPAD Portal,2019,7,12,Eastern Region,Jhapa,Bhadrapur,FLOOD,0,1,0,0,0,0,0,0.0,False,26.58788662,88.08476223,,,,,,,,,,,,,True,True,False,True
bipad-43620,Government of Nepal BIPAD Portal,2019,7,13,Eastern Region,Jhapa,Shivasataxi,FLOOD,1,0,0,0,0,0,0,0.0,False,26.55738509,87.82154151,,,,,,,,,,,,,True,True,False,True
bipad-43621,Government of Nepal BIPAD Portal,2019,7,12,Eastern Region,Morang,Katahari,FLOOD,0,1,0,0,0,0,0,0.0,False,26.47187676,87.34291776,,,,,,,,,,,,,True,True,False,True
bipad-43622,Government of Nepal BIPAD Portal,2019,7,12,Eastern Region,Ilam,Suryodaya,FLOOD,0,0,0,0,0,1,0,0.0,False,26.95166075,88.11895227,,,,,,,,,,,,,True,True,False,True
bipad-43625,Government of Nepal BIPAD Portal,2019,7,13,Eastern Region,Ilam,Mai,FLOOD,0,3,0,0,0,0,0,0.0,False,26.80006335,87.8363802,,,,,,,,,,,,,True,True,False,True
bipad-43628,Government of Nepal BIPAD Portal,2019,7,13,Central Region,Parsa,Birgunj,FLOOD,1,0,0,0,0,0,0,0.0,False,27.03058765,84.86816766,,,,,,,,,,,,,True,True,False,True
bipad-43629,Government of Nepal BIPAD Portal,2019,7,12,Central Region,Sindhuli,Dudhouli,FLOOD,2,2,0,0,0,0,0,0.0,False,27.03395128,86.17332767,,,,,,,,,,,,,True,True,False,True
bipad-43636,Government of Nepal BIPAD Portal,2019,7,13,Central Region,Lalitpur,Konjyosom,FLOOD,1,0,0,0,0,0,0,0.0,False,27.54796,85.33968,,,,,,,,,,,,,True,True,False,True
bipad-43639,Government of Nepal BIPAD Portal,2019,7,12,Central Region,Makwanpur,Hetauda,FLOOD,0,0,0,0,1,0,0,0.0,False,27.39760435,85.07847898,,,,,,,,,,,,,True,True,False,True
bipad-43640,Government of Nepal BIPAD Portal,2019,7,12,Central Region,Dhading,Benighat Rorang,FLOOD,1,0,0,0,0,0,0,0.0,False,27.8033709,84.81638922,,,,,,,,,,,,,True,True,False,True
bipad-43642,Government of Nepal BIPAD Portal,2019,7,13,Mid-Western Region,Dang,Rapti,FLOOD,0,0,0,0,0,0,0,0.0,False,27.85853783,82.77289178,,,,,,,,,,,,,True,True,False,True
bipad-43643,Government of Nepal BIPAD Portal,2019,7,13,Eastern Region,Sunsari,Barah,FLOOD,0,0,1,0,0,0,0,0.0,False,26.84280449,87.18167684,,,,,,,,,,,,,True,True,False,True
bipad-43649,Government of Nepal BIPAD Portal,2019,7,13,Eastern Region,Siraha,Mirchaiya,FLOOD,1,0,0,0,0,0,0,0.0,False,26.81912666,86.23220938,,,,,,,,,,,,,True,True,False,True
bipad-43650,Government of Nepal BIPAD Portal,2019,7,13,Central Region,Rautahat,Gaur,FLOOD,1,0,0,0,0,0,0,0.0,False,26.76303838,85.26996157,,,,,,,,,,,,,True,True,False,True
bipad-43651,Government of Nepal BIPAD Portal,2019,7,13,Central Region,Dhanusa,Ganeshman Charnath,FLOOD,1,0,0,0,0,0,0,0.0,False,26.90843819,86.09046117,,,,,,,,,,,,,True,True,False,True
bipad-43652,Government of Nepal BIPAD Portal,2019,7,13,Central Region,Bara,Kalaiya,FLOOD,1,0,0,0,0,0,0,0.0,False,26.98282721,85.00068689,,,,,,,,,,,,,True,True,False,True
bipad-43653,Government of Nepal BIPAD Portal,2019,7,13,Central Region,Parsa,Kalikamai,FLOOD,0,0,1,0,0,0,0,0.0,False,27.06508849,84.74494892,,,,,,,,,,,,,True,True,False,True
bipad-43655,Government of Nepal BIPAD Portal,2019,7,12,Central Region,Sindhupalchok,Indrawati,FLOOD,0,0,0,0,0,0,0,0.0,False,27.75240122,85.66023963,,,,,,,,,,,,,True,True,False,True
bipad-43668,Government of Nepal BIPAD Portal,2019,7,14,Eastern Region,Sunsari,Harinagar,FLOOD,1,0,0,0,0,0,0,0.0,False,26.51906982,87.10976377,,,,,,,,,,,,,True,True,False,True
bipad-43674,Government of Nepal BIPAD Portal,2019,7,13,Central Region,Dhanusa,Ganeshman Charnath,FLOOD,1,0,0,0,0,0,0,0.0,False,26.95816863,86.13453474,,,,,,,,,,,,,True,True,False,True
bipad-43675,Government of Nepal BIPAD Portal,2019,7,14,Central Region,Rautahat,Durga Bhagwati,FLOOD,1,0,0,0,0,0,0,0.0,False,26.84110496,85.30955484,,,,,,,,,,,,,True,True,False,True
bipad-43676,Government of Nepal BIPAD Portal,2019,7,14,Central Region,Rautahat,Ishanath,FLOOD,1,0,0,0,0,0,0,0.0,False,26.76744745,85.2466068,,,,,,,,,,,,,True,True,False,True
bipad-43677,Government of Nepal BIPAD Portal,2019,7,14,Central Region,Rautahat,Gaur,FLOOD,1,0,0,0,0,0,0,0.0,False,26.76303838,85.26996157,,,,,,,,,,,,,True,True,False,True
bipad-43681,Government of Nepal BIPAD Portal,2019,7,12,Mid-Western Region,Dang,Babai,FLOOD,1,0,0,0,0,0,0,0.0,False,28.16390027,82.03465631,,,,,,,,,,,,,True,True,False,True
bipad-43682,Government of Nepal BIPAD Portal,2019,7,13,Mid-Western Region,Dang,Gadhawa,FLOOD,0,0,0,0,0,1,0,0.0,False,27.78534903,82.57493135,,,,,,,,,,,,,True,True,False,True
bipad-43686,Government of Nepal BIPAD Portal,2019,7,14,Eastern Region,Morang,Ratuwamai,FLOOD,1,0,0,0,0,0,0,0.0,False,26.47668608,87.61271668,,,,,,,,,,,,,True,True,False,True
bipad-43696,Government of Nepal BIPAD Portal,2019,7,14,Eastern Region,Udayapur,Chaudandigadhi,FLOOD,1,0,0,0,0,0,0,0.0,False,26.79614011,86.93061362,,,,,,,,,,,,,True,True,False,True
bipad-43697,Government of Nepal BIPAD Portal,2019,7,14,Eastern Region,Udayapur,Chaudandigadhi,FLOOD,0,0,0,0,0,0,0,0.0,False,26.819432,86.91568501,,,,,,,,,,,,,True,True,False,True
bipad-43703,Government of Nepal BIPAD Portal,2019,7,14,Central Region,Mahottari,Bhangaha,FLOOD,1,0,0,0,0,0,0,0.0,False,26.88788805,85.88988391,,,,,,,,,,,,,True,True,False,True
bipad-43704,Government of Nepal BIPAD Portal,2019,7,14,Central Region,Mahottari,Jaleswor,FLOOD,0,2,0,0,0,0,0,0.0,False,26.66127802,85.80225713,,,,,,,,,,,,,True,True,False,True
bipad-43705,Government of Nepal BIPAD Portal,2019,7,14,Eastern Region,Siraha,Siraha,FLOOD,1,0,0,0,0,0,0,0.0,False,26.61953507,86.17165886,,,,,,,,,,,,,True,True,False,True
bipad-43706,Government of Nepal BIPAD Portal,2019,7,14,Eastern Region,Siraha,Siraha,FLOOD,1,0,0,0,0,0,0,0.0,False,26.60992441,86.20135828,,,,,,,,,,,,,True,True,False,True
bipad-43707,Government of Nepal BIPAD Portal,2019,7,14,Eastern Region,Siraha,Mirchaiya,FLOOD,1,0,0,0,0,0,0,0.0,False,26.81912666,86.23220938,,,,,,,,,,,,,True,True,False,True
bipad-43708,Government of Nepal BIPAD Portal,2019,7,14,Eastern Region,Siraha,Naraha,FLOOD,1,0,0,0,0,0,0,0.0,False,26.79746343,86.28716073,,,,,,,,,,,,,True,True,False,True
bipad-43710,Government of Nepal BIPAD Portal,2019,7,14,Central Region,Parsa,Birgunj,FLOOD,0,1,0,0,0,0,0,0.0,False,27.01907188,84.8565501,,,,,,,,,,,,,True,True,False,True
bipad-43713,Government of Nepal BIPAD Portal,2019,7,14,Western Region,Tanahu,Aanbookhaireni,FLOOD,0,1,0,0,0,0,0,0.0,False,27.90448061,84.49255763,,,,,,,,,,,,,True,True,False,True
bipad-43715,Government of Nepal BIPAD Portal,2019,7,14,Western Region,Kapilbastu,Mayadevi,FLOOD,1,0,0,0,0,0,0,0.0,False,27.45973585,83.10603478,,,,,,,,,,,,,True,True,False,True
bipad-43716,Government of Nepal BIPAD Portal,2019,7,14,Mid-Western Region,Dang,Ghorahi,FLOOD,1,0,0,0,0,0,0,0.0,False,27.99668657,82.45117837,,,,,,,,,,,,,True,True,False,True
bipad-43717,Government of Nepal BIPAD Portal,2019,7,15,Eastern Region,Jhapa,Mechinagar,FLOOD,1,0,0,0,0,0,0,0.0,False,26.63954531,88.0559474,,,,,,,,,,,,,True,True,False,True
bipad-43721,Government of Nepal BIPAD Portal,2019,7,15,Central Region,Dhanusa,Dhanusadham,FLOOD,1,0,0,0,0,0,0,0.0,False,26.85308485,86.079074,,,,,,,,,,,,,True,True,False,True
bipad-43726,Government of Nepal BIPAD Portal,2019,7,15,Central Region,Dhading,Benighat Rorang,FLOOD,0,0,0,0,0,0,0,0.0,False,27.71710576,84.81888951,,,,,,,,,,,,,True,True,False,True
bipad-43727,Government of Nepal BIPAD Portal,2019,7,15,Eastern Region,Udayapur,Rautamai,FLOOD,1,0,2,0,0,0,0,0.0,False,26.92291654,86.63279474,,,,,,,,,,,,,True,True,False,True
bipad-43730,Government of Nepal BIPAD Portal,2019,7,15,Eastern Region,Ilam,Chulachuli,FLOOD,0,0,0,0,0,0,0,0.0,False,26.69124756,87.7892798,,,,,,,,,,,,,True,True,False,True
bipad-43732,Government of Nepal BIPAD Portal,2019,7,15,Eastern Region,Sunsari,Duhabi,FLOOD,1,0,0,0,0,0,0,0.0,False,26.57526091,87.26714457,,,,,,,,,,,,,True,True,False,True
bipad-43733,Government of Nepal BIPAD Portal,2019,7,15,Central Region,Dhanusa,Janaknandani,FLOOD,1,0,0,0,0,0,0,0.0,False,26.61962473,86.14805717,,,,,,,,,,,,,True,True,False,True
bipad-43734,Government of Nepal BIPAD Portal,2019,7,15,Central Region,Dhanusa,Mukhiyapatti Musaharmiya,FLOOD,1,0,0,0,0,0,0,0.0,False,26.58311269,85.85983332,,,,,,,,,,,,,True,True,False,True
bipad-43735,Government of Nepal BIPAD Portal,2019,7,15,Central Region,Rautahat,Rajpur,FLOOD,1,0,0,0,0,0,0,0.0,False,26.80825399,85.27912702,,,,,,,,,,,,,True,True,False,True
bipad-43736,Government of Nepal BIPAD Portal,2019,7,15,Central Region,Rautahat,Rajdevi,FLOOD,1,0,0,0,0,0,0,0.0,False,26.7576351,85.29960857,,,,,,,,,,,,,True,True,False,True
bipad-43737,Government of Nepal BIPAD Portal,2019,7,15,Central Region,Rautahat,Brindaban,FLOOD,1,0,0,0,0,0,0,0.0,False,26.99478052,85.37159423,,,,,,,,,,,,,True,True,False,True
bipad-43738,Government of Nepal BIPAD Portal,2019,7,15,Central Region,Rautahat,Gadhimai,FLOOD,1,0,0,0,0,0,0,0.0,False,26.98133896,85.39122015,,,,,,,,,,,,,True,True,False,True
bipad-43739,Government of Nepal BIPAD Portal,2019,7,15,Central Region,Rautahat,Rajdevi,FLOOD,1,0,0,0,0,0,0,0.0,False,26.7576351,85.29960857,,,,,,,,,,,,,True,True,False,True
bipad-43740,Government of Nepal BIPAD Portal,2019,7,15,Central Region,Sarlahi,Kaudena,FLOOD,1,0,0,0,0,0,0,0.0,False,26.85339164,85.51619743,,,,,,,,,,,,,True,True,False,True
bipad-43750,Government of Nepal BIPAD Portal,2019,7,14,Eastern Region,Morang,Kanepokhari,FLOOD,0,1,0,0,0,0,0,0.0,False,26.54755542,87.47078731,,,,,,,,,,,,,True,True,False,True
bipad-43751,Government of Nepal BIPAD Portal,2019,7,13,Eastern Region,Morang,Jahada,FLOOD,0,1,0,0,0,0,0,0.0,False,26.41612616,87.35068023,,,,,,,,,,,,,True,True,False,True
bipad-43752,Government of Nepal BIPAD Portal,2019,7,16,Central Region,Rautahat,Katahariya,FLOOD,1,0,0,0,0,0,0,0.0,False,27.01612742,85.25856631,,,,,,,,,,,,,True,True,False,True
bipad-43754,Government of Nepal BIPAD Portal,2019,7,16,Central Region,Makwanpur,Indrasarowar,FLOOD,0,0,0,0,5,0,0,0.0,False,27.56243878,85.21962797,,,,,,,,,,,,,True,True,False,True
bipad-43756,Government of Nepal BIPAD Portal,2019,7,16,Eastern Region,Morang,Sunwarshi,FLOOD,2,0,0,0,0,0,0,0.0,False,26.50461265,87.54039824,,,,,,,,,,,,,True,True,False,True
bipad-43757,Government of Nepal BIPAD Portal,2019,7,16,Eastern Region,Morang,Biratnagar,FLOOD,0,0,1,0,0,0,0,0.0,False,26.49237159,87.26778256,,,,,,,,,,,,,True,True,False,True
bipad-43759,Government of Nepal BIPAD Portal,2019,7,15,Eastern Region,Sankhuwasabha,Makalu,FLOOD,1,0,0,0,0,0,0,0.0,False,27.61175664,87.31716373,,,,,,,,,,,,,True,True,False,True
bipad-43762,Government of Nepal BIPAD Portal,2019,7,16,Central Region,Parsa,Birgunj,FLOOD,1,0,0,0,0,0,0,0.0,False,27.09457995,84.88778934,,,,,,,,,,,,,True,True,False,True
bipad-43766,Government of Nepal BIPAD Portal,2019,7,16,Far Western Region,Kanchanpur,Dodhara Chandani,FLOOD,1,0,0,0,0,0,0,0.0,False,28.84457075,80.0751576,,,,,,,,,,,,,True,True,False,True
bipad-43783,Government of Nepal BIPAD Portal,2019,7,17,Eastern Region,Siraha,Siraha,FLOOD,1,0,0,0,0,0,0,0.0,False,26.60992441,86.20135828,,,,,,,,,,,,,True,True,False,True
bipad-43801,Government of Nepal BIPAD Portal,2019,7,15,Central Region,Mahottari,Sonama,FLOOD,2,0,0,0,0,0,0,0.0,False,26.85283421,85.74789093,,,,,,,,,,,,,True,True,False,True
bipad-43811,Government of Nepal BIPAD Portal,2019,7,21,Central Region,Sindhuli,Kamalamai,FLOOD,0,0,1,0,0,0,0,0.0,False,27.21853044,85.96040847,,,,,,,,,,,,,True,True,False,True
bipad-43844,Government of Nepal BIPAD Portal,2019,7,22,Central Region,Sindhuli,Golanjor,FLOOD,1,0,0,0,0,0,0,0.0,False,27.22204636,86.05941672,,,,,,,,,,,,,True,True,False,True
bipad-43852,Government of Nepal BIPAD Portal,2019,7,23,Far Western Region,Bajhang,Masta,FLOOD,0,0,0,0,0,0,0,0.0,False,29.57055787,81.24371174,,,,,,,,,,,,,True,True,False,True
bipad-43863,Government of Nepal BIPAD Portal,2019,7,24,Eastern Region,Jhapa,Bhadrapur,FLOOD,0,0,0,0,0,0,0,0.0,False,26.5433358,88.1007003,,,,,,,,,,,,,True,True,False,True
bipad-43873,Government of Nepal BIPAD Portal,2019,7,24,Eastern Region,Saptari,Rupani,FLOOD,0,0,0,0,0,0,0,0.0,False,26.615599,86.71677658,,,,,,,,,,,,,True,True,False,True
bipad-43877,Government of Nepal BIPAD Portal,2019,7,24,Western Region,Rupandehi,Butwal,FLOOD,0,0,0,0,1,0,0,0.0,False,27.71040913,83.41097202,,,,,,,,,,,,,True,True,False,True
bipad-43882,Government of Nepal BIPAD Portal,2019,7,24,Mid-Western Region,Surkhet,Birendranagar,FLOOD,0,0,0,0,0,15,0,0.0,False,28.54388617,81.59371774,,,,,,,,,,,,,True,True,False,True
bipad-43885,Government of Nepal BIPAD Portal,2019,7,22,Central Region,Sindhuli,Dudhouli,FLOOD,0,0,0,0,3,0,0,0.0,False,27.03920173,86.34198165,,,,,,,,,,,,,True,True,False,True
bipad-43887,Government of Nepal BIPAD Portal,2019,7,24,Western Region,Lamjung,Dordi,FLOOD,6,4,8,0,0,0,0,0.0,False,28.29561022,84.57919043,,,,,,,,,,,,,True,True,False,True
bipad-43897,Government of Nepal BIPAD Portal,2019,7,25,Eastern Region,Saptari,Agnisair Krishna Savaran,FLOOD,0,0,0,0,1,0,0,0.0,False,26.6561312,86.80627046,,,,,,,,,,,,,True,True,False,True
bipad-43902,Government of Nepal BIPAD Portal,2019,7,25,Eastern Region,Jhapa,Gauradhaha,FLOOD,0,0,0,0,0,0,0,0.0,False,26.5864186,87.71740817,,,,,,,,,,,,,True,True,False,True
bipad-43903,Government of Nepal BIPAD Portal,2019,7,25,Eastern Region,Jhapa,Jhapa,FLOOD,0,0,0,0,0,0,0,0.0,False,26.45732782,87.84146049,,,,,,,,,,,,,True,True,False,True
bipad-43916,Government of Nepal BIPAD Portal,2019,7,26,Eastern Region,Sankhuwasabha,Khandbari,FLOOD,0,0,0,0,0,0,0,0.0,False,27.4022335,87.20566233,,,,,,,,,,,,,True,True,False,True
bipad-43921,Government of Nepal BIPAD Portal,2019,7,26,Eastern Region,Morang,Jahada,FLOOD,0,0,0,0,1,1,0,0.0,False,26.44694694,87.34622179,,,,,,,,,,,,,True,True,False,True
bipad-43950,Government of Nepal BIPAD Portal,2019,7,27,Mid-Western Region,Pyuthan,Gaumukhi,FLOOD,1,0,0,0,0,0,0,0.0,False,28.1985216,83.01932003,,,,,,,,,,,,,True,True,False,True
bipad-43964,Government of Nepal BIPAD Portal,2019,7,29,Western Region,Kaski,Annapurna,FLOOD,0,0,0,0,0,0,0,0.0,False,28.3632732,83.79669769,,,,,,,,,,,,,True,True,False,True
bipad-44029,Government of Nepal BIPAD Portal,2019,7,11,Mid-Western Region,Dang,Rapti,FLOOD,0,0,0,0,0,1,0,0.0,False,27.88136635,82.65327086,,,,,,,,,,,,,True,True,False,True
bipad-44030,Government of Nepal BIPAD Portal,2019,7,11,Mid-Western Region,Dang,Gadhawa,FLOOD,0,0,0,0,1,0,0,0.0,False,27.76579697,82.53006929,,,,,,,,,,,,,True,True,False,True
bipad-44031,Government of Nepal BIPAD Portal,2019,7,11,Mid-Western Region,Dang,Lamahi,FLOOD,0,0,0,0,1,0,0,0.0,False,27.88571843,82.52783565,,,,,,,,,,,,,True,True,False,True
bipad-44032,Government of Nepal BIPAD Portal,2019,7,11,Mid-Western Region,Dang,Rapti,FLOOD,0,0,0,0,1,0,0,0.0,False,27.85853783,82.77289178,,,,,,,,,,,,,True,True,False,True
bipad-44054,Government of Nepal BIPAD Portal,2019,8,5,Central Region,Kathmandu,Kageshwori Manahora,FLOOD,0,0,0,0,0,1,0,0.0,False,27.69912,85.37856,,,,,,,,,,,,,True,True,False,True
bipad-44055,Government of Nepal BIPAD Portal,2019,8,5,Central Region,Kathmandu,Nagarjun,FLOOD,0,0,0,0,0,0,0,0.0,False,27.72084148,85.26025025,,,,,,,,,,,,,True,True,False,True
bipad-44101,Government of Nepal BIPAD Portal,2019,8,8,Far Western Region,Bajura,Swami Kartik,FLOOD,0,0,0,0,0,1,0,0.0,False,29.41316542,81.73907675,,,,,,,,,,,,,True,True,False,True
bipad-44106,Government of Nepal BIPAD Portal,2019,8,11,Central Region,Kavrepalanchok,Bhumlu,FLOOD,0,0,0,0,0,0,0,0.0,False,27.62895905,85.70556229,,,,,,,,,,,,,True,True,False,True
bipad-44107,Government of Nepal BIPAD Portal,2019,8,10,Central Region,Kavrepalanchok,Panchkhal,FLOOD,0,0,0,0,0,0,0,0.0,False,27.65040626,85.66271587,,,,,,,,,,,,,True,True,False,True
bipad-44108,Government of Nepal BIPAD Portal,2019,8,11,Central Region,Kathmandu,Kageshwori Manahora,FLOOD,0,0,0,0,0,0,0,0.0,False,27.71306935,85.40030133,,,,,,,,,,,,,True,True,False,True
bipad-44118,Government of Nepal BIPAD Portal,2019,8,10,Central Region,Sindhupalchok,Balephi,FLOOD,0,0,0,0,0,1,0,0.0,False,27.82386087,85.78376376,,,,,,,,,,,,,True,True,False,True
bipad-44119,Government of Nepal BIPAD Portal,2019,8,11,Central Region,Bhaktapur,Changunarayan,FLOOD,0,0,0,0,0,0,0,0.0,False,27.70395992,85.45695878,,,,,,,,,,,,,True,True,False,True
bipad-44122,Government of Nepal BIPAD Portal,2019,8,11,Western Region,Kaski,Pokhara,FLOOD,0,0,0,0,0,0,0,0.0,False,28.2375664,83.95315063,,,,,,,,,,,,,True,True,False,True
bipad-44166,Government of Nepal BIPAD Portal,2019,8,14,Mid-Western Region,Rukum West,Aathbiskot,FLOOD,0,0,0,0,7,0,0,0.0,False,28.91065011,82.59524969,,,,,,,,,,,,,True,True,False,True
bipad-44168,Government of Nepal BIPAD Portal,2019,7,13,Eastern Region,Sunsari,Gadhi,FLOOD,0,0,0,0,1,0,0,0.0,False,26.5808311,87.20881172,,,,,,,,,,,,,True,True,False,True
bipad-44169,Government of Nepal BIPAD Portal,2019,7,13,Eastern Region,Sunsari,Duhabi,FLOOD,0,0,0,0,4,0,0,0.0,False,26.57593592,87.28909531,,,,,,,,,,,,,True,True,False,True
bipad-44170,Government of Nepal BIPAD Portal,2019,7,13,Eastern Region,Sunsari,Duhabi,FLOOD,0,0,0,0,0,4,0,0.0,False,26.5060623,87.23291578,,,,,,,,,,,,,True,True,False,True
bipad-44171,Government of Nepal BIPAD Portal,2019,7,14,Eastern Region,Sunsari,Devangunj,FLOOD,0,0,0,0,1,0,0,0.0,False,26.43374752,87.13271293,,,,,,,,,,,,,True,True,False,True
bipad-44172,Government of Nepal BIPAD Portal,2019,7,14,Eastern Region,Sunsari,Dharan,FLOOD,0,0,0,0,0,1,0,0.0,False,26.83644735,87.32609627,,,,,,,,,,,,,True,True,False,True
bipad-44173,Government of Nepal BIPAD Portal,2019,7,14,Eastern Region,Sunsari,Duhabi,FLOOD,0,0,0,0,0,1,0,0.0,False,26.5911966,87.25858447,,,,,,,,,,,,,True,True,False,True
bipad-44174,Government of Nepal BIPAD Portal,2019,7,11,Eastern Region,Morang,Belbari,FLOOD,0,0,0,0,96,125,0,0.0,False,26.61037,87.46726,,,,,,,,,,,,,True,True,False,True
bipad-44175,Government of Nepal BIPAD Portal,2019,7,11,Eastern Region,Morang,Belbari,FLOOD,0,0,0,0,5,222,0,0.0,False,26.61037,87.46726,,,,,,,,,,,,,True,True,False,True
bipad-44176,Government of Nepal BIPAD Portal,2019,7,11,Eastern Region,Morang,Belbari,FLOOD,0,0,0,0,0,155,0,0.0,False,26.61037,87.46726,,,,,,,,,,,,,True,True,False,True
bipad-44177,Government of Nepal BIPAD Portal,2019,7,11,Eastern Region,Morang,Belbari,FLOOD,0,0,0,0,1,73,0,0.0,False,26.61037,87.46726,,,,,,,,,,,,,True,True,False,True
bipad-44178,Government of Nepal BIPAD Portal,2019,7,11,Eastern Region,Morang,Belbari,FLOOD,0,0,0,0,31,206,0,0.0,False,26.61037,87.46726,,,,,,,,,,,,,True,True,False,True
bipad-44179,Government of Nepal BIPAD Portal,2019,7,11,Eastern Region,Morang,Belbari,FLOOD,0,0,0,0,1,2,0,0.0,False,26.61037,87.46726,,,,,,,,,,,,,True,True,False,True
bipad-44180,Government of Nepal BIPAD Portal,2019,7,11,Eastern Region,Morang,Belbari,FLOOD,0,0,0,0,1,0,0,0.0,False,26.61037,87.46726,,,,,,,,,,,,,True,True,False,True
bipad-44181,Government of Nepal BIPAD Portal,2019,7,11,Eastern Region,Morang,Belbari,FLOOD,0,0,0,0,122,261,0,0.0,False,26.61037,87.46726,,,,,,,,,,,,,True,True,False,True
bipad-44182,Government of Nepal BIPAD Portal,2019,7,11,Eastern Region,Morang,Belbari,FLOOD,0,0,0,0,15,68,0,0.0,False,26.61037,87.46726,,,,,,,,,,,,,True,True,False,True
bipad-44183,Government of Nepal BIPAD Portal,2019,7,11,Eastern Region,Morang,Belbari,FLOOD,0,0,0,0,144,553,0,0.0,False,26.61037,87.46726,,,,,,,,,,,,,True,True,False,True
bipad-44184,Government of Nepal BIPAD Portal,2019,7,11,Eastern Region,Morang,Belbari,FLOOD,0,0,0,0,0,133,0,0.0,False,26.61037,87.46726,,,,,,,,,,,,,True,True,False,True
bipad-44191,Government of Nepal BIPAD Portal,2019,8,15,Far Western Region,Bajura,Swami Kartik,FLOOD,0,0,0,0,0,0,0,0.0,False,29.40051823,81.76874584,,,,,,,,,,,,,True,True,False,True
bipad-44200,Government of Nepal BIPAD Portal,2019,8,16,Mid-Western Region,Rukum West,Aathbiskot,FLOOD,0,0,0,0,2,0,0,0.0,False,28.91065011,82.59524969,,,,,,,,,,,,,True,True,False,True
bipad-44203,Government of Nepal BIPAD Portal,2019,8,17,Central Region,Bhaktapur,Changunarayan,FLOOD,0,0,0,0,0,0,0,0.0,False,27.69529678,85.4878684,,,,,,,,,,,,,True,True,False,True
bipad-44213,Government of Nepal BIPAD Portal,2019,8,17,Mid-Western Region,Mugu,Chhayanath Rara,FLOOD,0,0,0,0,0,0,0,0.0,False,29.45292222,82.18398871,,,,,,,,,,,,,True,True,False,True
bipad-44219,Government of Nepal BIPAD Portal,2019,8,18,Central Region,Rasuwa,Gosaikunda,FLOOD,0,0,0,0,0,0,0,0.0,False,28.28116996,85.45901226,,,,,,,,,,,,,True,True,False,True
bipad-44222,Government of Nepal BIPAD Portal,2019,8,18,Western Region,Lamjung,Marsyangdi,FLOOD,0,0,0,0,0,0,0,0.0,False,28.36927197,84.3268337,,,,,,,,,,,,,True,True,False,True
bipad-44223,Government of Nepal BIPAD Portal,2019,8,18,Western Region,Baglung,Badigad,FLOOD,1,0,0,0,0,0,0,0.0,False,28.29849935,83.21601416,,,,,,,,,,,,,True,True,False,True
bipad-44243,Government of Nepal BIPAD Portal,2019,8,18,Far Western Region,Darchula,Byas,FLOOD,0,0,0,0,0,0,0,0.0,False,29.98328196,80.79009022,,,,,,,,,,,,,True,True,False,True
bipad-44244,Government of Nepal BIPAD Portal,2019,8,19,Far Western Region,Darchula,Byas,FLOOD,0,0,0,0,0,0,0,0.0,False,29.94298684,80.64138434,,,,,,,,,,,,,True,True,False,True
bipad-44285,Government of Nepal BIPAD Portal,2019,8,22,Eastern Region,Jhapa,Shivasataxi,FLOOD,0,1,0,0,0,0,0,0.0,False,26.66356499,87.86357553,,,,,,,,,,,,,True,True,False,True
bipad-44291,Government of Nepal BIPAD Portal,2019,8,23,Central Region,Nuwakot,Bidur,FLOOD,0,0,0,0,0,0,0,0.0,False,27.95391867,85.18955271,,,,,,,,,,,,,True,True,False,True
bipad-44368,Government of Nepal BIPAD Portal,2019,9,1,Central Region,Nuwakot,Tadi,FLOOD,0,0,0,0,0,1,0,0.0,False,27.93647987,85.31729397,,,,,,,,,,,,,True,True,False,True
bipad-44377,Government of Nepal BIPAD Portal,2019,9,1,Central Region,Nuwakot,Tadi,FLOOD,0,0,0,0,0,0,0,0.0,False,27.94685944,85.34588844,,,,,,,,,,,,,True,True,False,True
bipad-44381,Government of Nepal BIPAD Portal,2019,9,1,Eastern Region,Okhaldhunga,Siddhicharan,FLOOD,1,0,0,0,0,0,0,0.0,False,27.29678346,86.55315075,,,,,,,,,,,,,True,True,False,True
bipad-44487,Government of Nepal BIPAD Portal,2019,9,13,Eastern Region,Solukhumbu,Khumbu Pasanglhamu,FLOOD,0,0,0,0,0,0,0,0.0,False,27.68485239,86.71833058,,,,,,,,,,,,,True,True,False,True
bipad-44499,Government of Nepal BIPAD Portal,2019,7,7,Mid-Western Region,Rukum West,Aathbiskot,FLOOD,1,0,0,0,0,0,0,0.0,False,28.74774676,82.32568323,,,,,,,,,,,,,True,True,False,True
bipad-44500,Government of Nepal BIPAD Portal,2019,7,9,Mid-Western Region,Rukum West,Aathbiskot,FLOOD,1,0,0,0,0,0,0,0.0,False,28.8187077,82.44116796,,,,,,,,,,,,,True,True,False,True
bipad-44502,Government of Nepal BIPAD Portal,2019,7,19,Mid-Western Region,Rukum West,Aathbiskot,FLOOD,1,0,0,0,0,0,0,0.0,False,28.86752349,82.53170643,,,,,,,,,,,,,True,True,False,True
bipad-44503,Government of Nepal BIPAD Portal,2019,8,2,Mid-Western Region,Rukum West,Aathbiskot,FLOOD,1,0,0,0,0,0,0,0.0,False,28.74774676,82.32568323,,,,,,,,,,,,,True,True,False,True
bipad-44504,Government of Nepal BIPAD Portal,2019,8,20,Mid-Western Region,Rukum West,Chaurjahari,FLOOD,1,0,0,0,0,0,0,0.0,False,28.62907463,82.20417016,,,,,,,,,,,,,True,True,False,True
bipad-44525,Government of Nepal BIPAD Portal,2019,9,16,Eastern Region,Udayapur,Triyuga,FLOOD,0,0,0,0,0,0,0,0.0,False,26.75078756,86.68175936,,,,,,,,,,,,,True,True,False,True
bipad-44536,Government of Nepal BIPAD Portal,2019,9,17,Eastern Region,Udayapur,Belaka,FLOOD,0,0,0,0,0,0,0,0.0,False,26.86358669,87.05571313,,,,,,,,,,,,,True,True,False,True
bipad-44541,Government of Nepal BIPAD Portal,2019,9,17,Western Region,Kaski,Pokhara,FLOOD,0,0,0,0,0,0,0,0.0,False,28.25429755,83.90601128,,,,,,,,,,,,,True,True,False,True
bipad-44555,Government of Nepal BIPAD Portal,2019,9,17,Far Western Region,Kailali,Gauriganga,FLOOD,0,0,0,0,0,0,0,0.0,False,28.78399043,80.70257318,,,,,,,,,,,,,True,True,False,True
bipad-44559,Government of Nepal BIPAD Portal,2019,9,18,Eastern Region,Udayapur,Belaka,FLOOD,0,0,0,0,0,0,0,0.0,False,26.75808953,86.96589276,,,,,,,,,,,,,True,True,False,True
bipad-44595,Government of Nepal BIPAD Portal,2019,9,22,Western Region,Myagdi,Beni,FLOOD,1,1,0,0,2,0,0,0.0,False,28.32569552,83.55715269,,,,,,,,,,,,,True,True,False,True
bipad-44654,Government of Nepal BIPAD Portal,2019,9,29,Eastern Region,Sunsari,Ramdhuni,FLOOD,0,0,0,0,0,2,0,0.0,False,26.71616874,87.20618216,,,,,,,,,,,,,True,True,False,True
bipad-46457,Government of Nepal BIPAD Portal,2020,4,14,Far Western Region,Bajura,Himali,FLOOD,0,0,2,0,0,0,0,0.0,False,29.51610303,81.72931935,,,,,,,,,,,,,True,True,False,True
bipad-46668,Government of Nepal BIPAD Portal,2020,5,5,Central Region,Makwanpur,Bhimphedi,FLOOD,1,0,0,0,0,0,0,0.0,False,27.49477174,85.22413017,,,,,,,,,,,,,True,True,False,True
bipad-46669,Government of Nepal BIPAD Portal,2020,5,5,Central Region,Bhaktapur,Suryabinayak,FLOOD,0,0,0,0,0,1,0,0.0,False,27.66539467,85.40610191,,,,,,,,,,,,,True,True,False,True
bipad-46685,Government of Nepal BIPAD Portal,2020,5,6,Eastern Region,Khotang,Halesi Tuwachung,FLOOD,0,0,0,0,0,1,0,0.0,False,27.13744066,86.71239634,,,,,,,,,,,,,True,True,False,True
bipad-46770,Government of Nepal BIPAD Portal,2020,5,16,Eastern Region,Panchthar,Falelung,FLOOD,0,0,0,0,0,1,0,0.0,False,27.20900864,87.94642285,,,,,,,,,,,,,True,True,False,True
bipad-46883,Government of Nepal BIPAD Portal,2020,5,27,Central Region,Bhaktapur,Suryabinayak,FLOOD,0,0,0,0,0,0,0,0.0,False,27.64583221,85.43785166,,,,,,,,,,,,,True,True,False,True
bipad-46885,Government of Nepal BIPAD Portal,2020,5,27,Central Region,Kavrepalanchok,Panauti,FLOOD,0,0,0,0,0,0,0,0.0,False,27.59656292,85.47641364,,,,,,,,,,,,,True,True,False,True
bipad-46917,Government of Nepal BIPAD Portal,2020,6,1,Far Western Region,Kailali,Chure,FLOOD,1,1,0,0,0,0,0,0.0,False,29.01042715,80.6345869,,,,,,,,,,,,,True,True,False,True
bipad-46981,Government of Nepal BIPAD Portal,2020,6,10,Central Region,Bhaktapur,Bhaktapur,FLOOD,1,0,0,0,0,0,0,0.0,False,27.6724945,85.41634955,,,,,,,,,,,,,True,True,False,True
bipad-46987,Government of Nepal BIPAD Portal,2020,6,12,Mid-Western Region,Pyuthan,Naubahini,FLOOD,0,0,0,0,0,0,0,0.0,False,28.20794405,82.85389054,,,,,,,,,,,,,True,True,False,True
bipad-47032,Government of Nepal BIPAD Portal,2020,6,18,Central Region,Dolakha,Gaurishankar,FLOOD,0,0,0,0,0,2,0,0.0,False,27.72226752,86.25160546,,,,,,,,,,,,,True,True,False,True
bipad-47057,Government of Nepal BIPAD Portal,2020,6,20,Western Region,Palpa,Tansen,FLOOD,0,0,0,0,0,0,0,0.0,False,27.91678675,83.52123084,,,,,,,,,,,,,True,True,False,True
bipad-47058,Government of Nepal BIPAD Portal,2020,6,20,Western Region,Palpa,Bagnaskali,FLOOD,0,0,0,0,1,0,0,0.0,False,27.91483155,83.55038387,,,,,,,,,,,,,True,True,False,True
bipad-47063,Government of Nepal BIPAD Portal,2020,6,20,Western Region,Myagdi,Beni,FLOOD,0,0,0,0,1,1,0,0.0,False,28.34876765,83.56778151,,,,,,,,,,,,,True,True,False,True
bipad-47069,Government of Nepal BIPAD Portal,2020,6,21,Central Region,Rasuwa,Gosaikunda,FLOOD,0,0,0,0,0,0,0,0.0,False,28.28116996,85.45901226,,,,,,,,,,,,,True,True,False,True
bipad-47106,Government of Nepal BIPAD Portal,2020,6,25,Central Region,Nuwakot,Kakani,FLOOD,0,0,0,0,0,0,0,0.0,False,27.79152675,85.24012105,,,,,,,,,,,,,True,True,False,True
bipad-47222,Government of Nepal BIPAD Portal,2020,7,3,Mid-Western Region,Pyuthan,Naubahini,FLOOD,0,0,0,0,0,0,0,0.0,False,28.18358068,82.91096541,,,,,,,,,,,,,True,True,False,True
bipad-47226,Government of Nepal BIPAD Portal,2020,7,3,Far Western Region,Kailali,Bardagoriya,FLOOD,0,0,0,0,0,0,0,0.0,False,28.6365496,81.02150707,,,,,,,,,,,,,True,True,False,True
bipad-47234,Government of Nepal BIPAD Portal,2020,7,4,Eastern Region,Jhapa,Kamal,FLOOD,1,0,0,0,0,0,0,0.0,False,26.66640522,87.72757006,,,,,,,,,,,,,True,True,False,True
bipad-47242,Government of Nepal BIPAD Portal,2020,7,4,Far Western Region,Kailali,Dhangadhi,FLOOD,0,0,0,0,0,0,0,0.0,False,28.70135924,80.64578011,,,,,,,,,,,,,True,True,False,True
bipad-47250,Government of Nepal BIPAD Portal,2020,7,4,Far Western Region,Bajhang,Bungal,FLOOD,0,0,0,0,0,0,0,0.0,False,29.62478101,80.91993439,,,,,,,,,,,,,True,True,False,True
bipad-47255,Government of Nepal BIPAD Portal,2020,7,4,Far Western Region,Doti,Aadarsha,FLOOD,0,0,0,0,0,0,0,0.0,False,29.34349196,80.81647243,,,,,,,,,,,,,True,True,False,True
bipad-47275,Government of Nepal BIPAD Portal,2020,7,6,Mid-Western Region,Rukum West,Chaurjahari,FLOOD,0,0,0,0,0,0,0,0.0,False,28.64975293,82.23435194,,,,,,,,,,,,,True,True,False,True
bipad-47325,Government of Nepal BIPAD Portal,2020,7,9,Central Region,Sindhuli,Phikkal,FLOOD,0,0,0,0,0,0,0,0.0,False,27.16930122,86.34760085,,,,,,,,,,,,,True,True,False,True
bipad-47335,Government of Nepal BIPAD Portal,2020,7,10,Central Region,Kathmandu,Tarakeshwor,FLOOD,0,0,0,0,0,0,0,0.0,False,27.75962741,85.28564095,,,,,,,,,,,,,True,True,False,True
bipad-47355,Government of Nepal BIPAD Portal,2020,7,10,Western Region,Kaski,Pokhara,FLOOD,0,0,0,0,0,0,0,0.0,False,28.20471015,84.00227962,,,,,,,,,,,,,True,True,False,True
bipad-47363,Government of Nepal BIPAD Portal,2020,7,10,Western Region,Myagdi,Raghuganga,FLOOD,1,0,0,0,0,0,0,0.0,False,28.45120473,83.48314912,,,,,,,,,,,,,True,True,False,True
bipad-47378,Government of Nepal BIPAD Portal,2020,7,10,Western Region,Kaski,Pokhara,FLOOD,0,0,0,0,0,0,0,0.0,False,28.27727981,83.92497561,,,,,,,,,,,,,True,True,False,True
bipad-47385,Government of Nepal BIPAD Portal,2020,7,10,Mid-Western Region,Jajarkot,Barekot,FLOOD,0,2,1,0,0,0,0,0.0,False,29.03239286,82.36021035,,,,,,,,,,,,,True,True,False,True
bipad-47390,Government of Nepal BIPAD Portal,2020,7,11,Eastern Region,Sunsari,Dharan,FLOOD,0,1,0,0,0,0,0,0.0,False,26.84035744,87.29821826,,,,,,,,,,,,,True,True,False,True
bipad-47403,Government of Nepal BIPAD Portal,2020,7,11,Western Region,Nawalparasi East,Gaidakot,FLOOD,0,0,0,0,0,0,0,0.0,False,27.70640023,84.36607985,,,,,,,,,,,,,True,True,False,True
bipad-47408,Government of Nepal BIPAD Portal,2020,7,10,Mid-Western Region,Dang,Ghorahi,FLOOD,0,0,0,0,0,0,0,0.0,False,28.05635026,82.42886578,,,,,,,,,,,,,True,True,False,True
bipad-47415,Government of Nepal BIPAD Portal,2020,7,11,Eastern Region,Sunsari,Dharan,FLOOD,0,0,0,0,0,2,0,0.0,False,26.80206223,87.31970779,,,,,,,,,,,,,True,True,False,True
bipad-47416,Government of Nepal BIPAD Portal,2020,7,11,Central Region,Sarlahi,Ishworpur,FLOOD,0,0,0,0,0,1,0,0.0,False,26.98133624,85.64176959,,,,,,,,,,,,,True,True,False,True
bipad-47423,Government of Nepal BIPAD Portal,2020,7,10,Mid-Western Region,Jajarkot,Nalgaad,FLOOD,0,0,0,0,1,0,0,0.0,False,28.87119535,82.39890892,,,,,,,,,,,,,True,True,False,True
bipad-47426,Government of Nepal BIPAD Portal,2020,7,11,Eastern Region,Morang,Kanepokhari,FLOOD,0,0,0,0,2,0,0,0.0,False,26.56697958,87.49276102,,,,,,,,,,,,,True,True,False,True
bipad-47429,Government of Nepal BIPAD Portal,2020,7,12,Eastern Region,Sunsari,Dharan,FLOOD,0,0,0,0,6,0,0,0.0,False,26.79359689,87.23593385,,,,,,,,,,,,,True,True,False,True
bipad-47454,Government of Nepal BIPAD Portal,2020,7,12,Eastern Region,Morang,Ratuwamai,FLOOD,1,0,0,0,0,0,0,0.0,False,26.43251106,87.6635528,,,,,,,,,,,,,True,True,False,True
bipad-47462,Government of Nepal BIPAD Portal,2020,7,13,Eastern Region,Siraha,Lahan,FLOOD,0,1,0,0,0,0,0,0.0,False,26.75076084,86.51174236,,,,,,,,,,,,,True,True,False,True
bipad-47497,Government of Nepal BIPAD Portal,2020,7,14,Western Region,Palpa,Tinau,FLOOD,0,0,0,0,0,0,0,0.0,False,27.74194234,83.50899655,,,,,,,,,,,,,True,True,False,True
bipad-47517,Government of Nepal BIPAD Portal,2020,7,10,Mid-Western Region,Jajarkot,Junichande,FLOOD,0,1,0,0,0,0,0,0.0,False,28.83888407,81.9660703,,,,,,,,,,,,,True,True,False,True
bipad-47550,Government of Nepal BIPAD Portal,2020,7,13,Eastern Region,Morang,Kanepokhari,FLOOD,0,0,0,0,0,0,0,0.0,False,26.61733975,87.49059298,,,,,,,,,,,,,True,True,False,True
bipad-47562,Government of Nepal BIPAD Portal,2020,7,20,Far Western Region,Bajura,Budhiganga,FLOOD,0,0,0,0,0,0,0,0.0,False,29.39676829,81.35935798,,,,,,,,,,,,,True,True,False,True
bipad-47582,Government of Nepal BIPAD Portal,2020,7,19,Far Western Region,Bajura,Budhiganga,FLOOD,0,0,0,0,0,0,0,0.0,False,29.39676829,81.35935798,,,,,,,,,,,,,True,True,False,True
bipad-47591,Government of Nepal BIPAD Portal,2020,7,20,Far Western Region,Darchula,Mahakali,FLOOD,0,0,0,0,1,0,0,0.0,False,29.81788748,80.61048569,,,,,,,,,,,,,True,True,False,True
bipad-47602,Government of Nepal BIPAD Portal,2020,7,20,Eastern Region,Jhapa,Jhapa,FLOOD,0,0,0,0,0,0,0,0.0,False,26.4995622,87.84286026,,,,,,,,,,,,,True,True,False,True
bipad-47606,Government of Nepal BIPAD Portal,2020,7,20,Eastern Region,Saptari,Tilathi Koiladi,FLOOD,0,0,0,0,0,0,0,0.0,False,26.4640253,86.77556081,,,,,,,,,,,,,True,True,False,True
bipad-47609,Government of Nepal BIPAD Portal,2020,7,20,Central Region,Rautahat,Garuda,FLOOD,0,0,0,0,0,23,0,0.0,False,26.94589525,85.3095308,,,,,,,,,,,,,True,True,False,True
bipad-47615,Government of Nepal BIPAD Portal,2020,7,20,Central Region,Kathmandu,Kathmandu,FLOOD,0,0,0,0,0,0,0,0.0,False,27.69542056,85.30641671,,,,,,,,,,,,,True,True,False,True
bipad-47620,Government of Nepal BIPAD Portal,2020,7,20,Western Region,Mustang,Thasang,FLOOD,0,0,0,0,0,0,0,0.0,False,28.60648598,83.64879703,,,,,,,,,,,,,True,True,False,True
bipad-47623,Government of Nepal BIPAD Portal,2020,7,20,Western Region,Palpa,Rampur,FLOOD,0,0,0,0,0,2,0,0.0,False,27.83943704,83.97524709,,,,,,,,,,,,,True,True,False,True
bipad-47632,Government of Nepal BIPAD Portal,2020,7,21,Western Region,Myagdi,Annapurna,FLOOD,0,0,0,0,1,0,0,0.0,False,28.5414392,83.61639972,,,,,,,,,,,,,True,True,False,True
bipad-47639,Government of Nepal BIPAD Portal,2020,7,21,Central Region,Rasuwa,Uttargaya,FLOOD,0,0,0,0,1,0,0,0.0,False,28.11340183,85.18913217,,,,,,,,,,,,,True,True,False,True
bipad-47646,Government of Nepal BIPAD Portal,2020,7,21,Central Region,Chitwan,Bharatpur,FLOOD,0,0,0,0,1,0,0,0.0,False,27.77921008,84.48542046,,,,,,,,,,,,,True,True,False,True
bipad-47662,Government of Nepal BIPAD Portal,2020,7,21,Western Region,Nawalparasi West,Susta,FLOOD,0,0,0,0,0,0,0,0.0,False,27.37901214,83.86081498,,,,,,,,,,,,,True,True,False,True
bipad-47720,Government of Nepal BIPAD Portal,2020,7,24,Western Region,Gorkha,Chum Nubri,FLOOD,0,1,0,0,0,0,0,0.0,False,28.40410576,84.84107962,,,,,,,,,,,,,True,True,False,True
bipad-47758,Government of Nepal BIPAD Portal,2020,7,27,Eastern Region,Terhathum,Chhathar,FLOOD,0,0,0,0,0,0,0,0.0,False,27.0374728,87.4446871,,,,,,,,,,,,,True,True,False,True
bipad-47773,Government of Nepal BIPAD Portal,2020,7,28,Eastern Region,Udayapur,Chaudandigadhi,FLOOD,0,0,0,0,0,0,0,0.0,False,26.79614011,86.93061362,,,,,,,,,,,,,True,True,False,True
bipad-47776,Government of Nepal BIPAD Portal,2020,7,28,Eastern Region,Udayapur,Chaudandigadhi,FLOOD,0,0,0,0,0,0,0,0.0,False,26.79614011,86.93061362,,,,,,,,,,,,,True,True,False,True
bipad-47790,Government of Nepal BIPAD Portal,2020,7,28,Mid-Western Region,Kalikot,Raskot,FLOOD,2,3,0,0,0,0,0,0.0,False,29.26654459,81.61855599,,,,,,,,,,,,,True,True,False,True
bipad-47797,Government of Nepal BIPAD Portal,2020,7,28,Eastern Region,Terhathum,Menchayam,FLOOD,0,0,0,0,0,0,0,0.0,False,27.21175445,87.50237713,,,,,,,,,,,,,True,True,False,True
bipad-47799,Government of Nepal BIPAD Portal,2020,7,28,Central Region,Dhanusa,Ganeshman Charnath,FLOOD,0,0,0,0,0,3,0,0.0,False,26.95816863,86.13453474,,,,,,,,,,,,,True,True,False,True
bipad-47816,Government of Nepal BIPAD Portal,2020,7,29,Mid-Western Region,Bardiya,Geruwa,FLOOD,0,0,0,0,1,0,0,0.0,False,28.50526531,81.1780606,,,,,,,,,,,,,True,True,False,True
bipad-47879,Government of Nepal BIPAD Portal,2020,8,2,Eastern Region,Morang,Miklajung,FLOOD,0,0,0,0,0,1,0,0.0,False,26.77751713,87.61565854,,,,,,,,,,,,,True,True,False,True
bipad-47891,Government of Nepal BIPAD Portal,2020,8,1,Western Region,Nawalparasi West,Bardaghat,FLOOD,0,0,0,0,0,1,0,0.0,False,27.49000369,83.81452956,,,,,,,,,,,,,True,True,False,True
bipad-47907,Government of Nepal BIPAD Portal,2020,8,3,Eastern Region,Panchthar,Phidim,FLOOD,0,0,0,0,0,0,0,0.0,False,27.13359746,87.7825651,,,,,,,,,,,,,True,True,False,True
bipad-47915,Government of Nepal BIPAD Portal,2020,8,4,Eastern Region,Panchthar,Falelung,FLOOD,0,0,0,0,0,0,0,0.0,False,27.16219065,87.88318321,,,,,,,,,,,,,True,True,False,True
bipad-47931,Government of Nepal BIPAD Portal,2020,8,5,Central Region,Kavrepalanchok,Mandandeupur,FLOOD,0,0,0,0,1,0,0,0.0,False,27.68090218,85.64277878,,,,,,,,,,,,,True,True,False,True
bipad-47941,Government of Nepal BIPAD Portal,2020,8,6,Central Region,Dolakha,Bigu,FLOOD,0,0,0,0,0,0,0,0.0,False,27.7781347,86.16435983,,,,,,,,,,,,,True,True,False,True
bipad-47942,Government of Nepal BIPAD Portal,2020,8,6,Central Region,Dolakha,Gaurishankar,FLOOD,0,0,0,0,1,2,0,0.0,False,27.72226752,86.25160546,,,,,,,,,,,,,True,True,False,True
bipad-47943,Government of Nepal BIPAD Portal,2020,8,6,Central Region,Dolakha,Gaurishankar,FLOOD,0,0,0,0,4,0,0,0.0,False,27.82051023,86.29980511,,,,,,,,,,,,,True,True,False,True
bipad-47944,Government of Nepal BIPAD Portal,2020,8,6,Central Region,Dolakha,Gaurishankar,FLOOD,0,0,0,0,2,0,0,0.0,False,27.743439,86.27396231,,,,,,,,,,,,,True,True,False,True
bipad-47945,Government of Nepal BIPAD Portal,2020,8,7,Mid-Western Region,Surkhet,Birendranagar,FLOOD,0,0,0,0,0,0,0,0.0,False,28.54358793,81.6296405,,,,,,,,,,,,,True,True,False,True
bipad-47962,Government of Nepal BIPAD Portal,2020,8,10,Far Western Region,Bajura,Budhiganga,FLOOD,0,0,0,0,0,0,0,0.0,False,29.38536737,81.35860978,,,,,,,,,,,,,True,True,False,True
bipad-47963,Government of Nepal BIPAD Portal,2020,8,10,Far Western Region,Bajura,Badimalika,FLOOD,0,0,0,0,0,0,0,0.0,False,29.41351199,81.39995167,,,,,,,,,,,,,True,True,False,True
bipad-47972,Government of Nepal BIPAD Portal,2020,8,10,Far Western Region,Bajura,Gaumul,FLOOD,0,0,0,0,7,0,0,0.0,False,29.56660929,81.43276191,,,,,,,,,,,,,True,True,False,True
bipad-47973,Government of Nepal BIPAD Portal,2020,8,10,Far Western Region,Bajura,Badimalika,FLOOD,0,0,0,0,9,0,0,0.0,False,29.4798251,81.45240696,,,,,,,,,,,,,True,True,False,True
bipad-47980,Government of Nepal BIPAD Portal,2020,8,10,Far Western Region,Bajura,Gaumul,FLOOD,0,0,0,0,0,0,0,0.0,False,29.56660929,81.43276191,,,,,,,,,,,,,True,True,False,True
bipad-48056,Government of Nepal BIPAD Portal,2020,8,19,Far Western Region,Achham,Ramaroshan,FLOOD,8,9,3,0,22,0,0,0.0,False,29.22497589,81.45997459,,,,,,,,,,,,,True,True,False,True
bipad-48059,Government of Nepal BIPAD Portal,2020,8,18,Far Western Region,Bajura,Budhiganga,FLOOD,1,0,0,0,0,0,0,0.0,False,29.3601582,81.33910738,,,,,,,,,,,,,True,True,False,True
bipad-48060,Government of Nepal BIPAD Portal,2020,8,18,Central Region,Nuwakot,Kispang,FLOOD,0,0,0,0,0,0,0,0.0,False,28.00632684,85.15523129,,,,,,,,,,,,,True,True,False,True
bipad-48074,Government of Nepal BIPAD Portal,2020,8,19,Mid-Western Region,Salyan,Bangad Kupinde,FLOOD,0,1,1,0,0,0,0,0.0,False,28.52289855,82.11085147,,,,,,,,,,,,,True,True,False,True
bipad-48103,Government of Nepal BIPAD Portal,2020,8,21,Mid-Western Region,Rolpa,Tribeni,FLOOD,0,0,0,0,1,0,0,0.0,False,28.32008429,82.44873333,,,,,,,,,,,,,True,True,False,True
bipad-48158,Government of Nepal BIPAD Portal,2020,8,27,Mid-Western Region,Mugu,Khatyad,FLOOD,0,0,0,0,2,0,0,0.0,False,29.53287116,81.91832052,,,,,,,,,,,,,True,True,False,True
bipad-48189,Government of Nepal BIPAD Portal,2020,9,1,Eastern Region,Jhapa,Mechinagar,FLOOD,0,0,0,0,0,0,0,0.0,False,26.7315198,88.13419786,,,,,,,,,,,,,True,True,False,True
bipad-48204,Government of Nepal BIPAD Portal,2020,9,3,Western Region,Baglung,Dhorpatan,FLOOD,22,16,4,0,98,0,0,0.0,False,28.44286342,83.05274166,,,,,,,,,,,,,True,True,False,True
bipad-48224,Government of Nepal BIPAD Portal,2020,9,7,Eastern Region,Sunsari,Dharan,FLOOD,0,0,0,0,0,2,0,0.0,False,26.80206223,87.31970779,,,,,,,,,,,,,True,True,False,True
bipad-48234,Government of Nepal BIPAD Portal,2020,9,8,Eastern Region,Jhapa,Shivasataxi,FLOOD,0,0,0,0,0,2,0,0.0,False,26.66356499,87.86357553,,,,,,,,,,,,,True,True,False,True
bipad-48287,Government of Nepal BIPAD Portal,2020,9,14,Mid-Western Region,Dang,Tulsipur,FLOOD,0,0,0,0,0,0,0,0.0,False,28.13206547,82.26956136,,,,,,,,,,,,,True,True,False,True
bipad-48320,Government of Nepal BIPAD Portal,2020,9,17,Western Region,Kaski,Pokhara,FLOOD,0,0,0,0,0,0,0,0.0,False,28.1575328,83.97176405,,,,,,,,,,,,,True,True,False,True
bipad-48337,Government of Nepal BIPAD Portal,2020,9,18,Western Region,Palpa,Rampur,FLOOD,0,0,0,0,0,0,0,0.0,False,27.85768502,83.90064873,,,,,,,,,,,,,True,True,False,True
bipad-48340,Government of Nepal BIPAD Portal,2020,9,18,Western Region,Rupandehi,Devdaha,FLOOD,0,0,0,0,0,0,0,0.0,False,27.69222839,83.52566731,,,,,,,,,,,,,True,True,False,True
bipad-48374,Government of Nepal BIPAD Portal,2020,9,23,Western Region,Kapilbastu,Banganga,FLOOD,3,0,0,0,0,0,0,0.0,False,27.68850343,83.13011359,,,,,,,,,,,,,True,True,False,True
bipad-48379,Government of Nepal BIPAD Portal,2020,9,23,Western Region,Nawalparasi East,Binayee Tribeni,FLOOD,0,1,0,0,0,0,0,0.0,False,27.68977149,83.87184166,,,,,,,,,,,,,True,True,False,True
bipad-48402,Government of Nepal BIPAD Portal,2020,9,24,Western Region,Rupandehi,Butwal,FLOOD,0,0,0,0,1,0,0,0.0,False,27.66186097,83.44480462,,,,,,,,,,,,,True,True,False,True
bipad-48421,Government of Nepal BIPAD Portal,2020,9,24,Western Region,Rupandehi,Lumbini Sanskritik,FLOOD,0,0,0,0,1,2,0,0.0,False,27.4374688,83.28627996,,,,,,,,,,,,,True,True,False,True
bipad-48477,Government of Nepal BIPAD Portal,2020,9,25,Western Region,Palpa,Tinau,FLOOD,0,0,0,0,1,1,0,0.0,False,27.75564821,83.43863063,,,,,,,,,,,,,True,True,False,True
bipad-55268,Government of Nepal BIPAD Portal,2021,5,3,Eastern Region,Ilam,Phakphokthum,FLOOD,0,0,0,0,0,1,0,0.0,False,26.99496342,87.74475357,,,,,,,,,,,,,True,True,False,True
bipad-55287,Government of Nepal BIPAD Portal,2021,5,6,Eastern Region,Solukhumbu,Thulung Dudhkoshi,FLOOD,0,0,0,0,0,0,0,0.0,False,27.4146883,86.6576961,,,,,,,,,,,,,True,True,False,True
bipad-55288,Government of Nepal BIPAD Portal,2021,5,6,Far Western Region,Bajura,Budhiganga,FLOOD,0,0,0,0,0,1,0,0.0,False,29.40589087,81.37709802,,,,,,,,,,,,,True,True,False,True
bipad-55377,Government of Nepal BIPAD Portal,2021,5,21,Far Western Region,Kanchanpur,Bhimdatta,FLOOD,0,0,0,0,0,0,0,0.0,False,28.9498172,80.11933039,,,,,,,,,,,,,True,True,False,True
bipad-55404,Government of Nepal BIPAD Portal,2021,5,26,Eastern Region,Okhaldhunga,Sunkoshi,FLOOD,0,0,0,0,0,0,0,0.0,False,27.25810711,86.31444541,,,,,,,,,,,,,True,True,False,True
bipad-55405,Government of Nepal BIPAD Portal,2021,5,27,Western Region,Manang,Chame,FLOOD,0,0,0,0,0,0,0,0.0,False,28.51788295,84.29347264,,,,,,,,,,,,,True,True,False,True
bipad-55417,Government of Nepal BIPAD Portal,2021,5,28,Western Region,Manang,Chame,FLOOD,0,0,0,0,0,5,0,0.0,False,28.507958,84.23835529,,,,,,,,,,,,,True,True,False,True
bipad-55418,Government of Nepal BIPAD Portal,2021,5,28,Central Region,Sindhuli,Sunkoshi,FLOOD,0,0,0,0,0,0,0,0.0,False,27.40767958,85.81461904,,,,,,,,,,,,,True,True,False,True
bipad-55419,Government of Nepal BIPAD Portal,2021,5,28,Central Region,Kavrepalanchok,Roshi,FLOOD,0,0,0,0,0,0,0,0.0,False,27.42107605,85.77066028,,,,,,,,,,,,,True,True,False,True
bipad-55425,Government of Nepal BIPAD Portal,2021,5,29,Western Region,Rupandehi,Lumbini Sanskritik Development Area,FLOOD,0,0,0,0,0,0,0,0.0,False,27.48803378,83.26842496,,,,,,,,,,,,,True,True,False,True
bipad-55501,Government of Nepal BIPAD Portal,2021,6,10,Mid-Western Region,Dailekh,Bhairabi,FLOOD,0,1,0,0,0,0,0,0.0,False,28.88474303,81.64381744,,,,,,,,,,,,,True,True,False,True
bipad-55530,Government of Nepal BIPAD Portal,2021,6,14,Western Region,Mustang,Gharapjhong,FLOOD,0,0,0,0,0,0,0,0.0,False,28.7543083,83.66739517,,,,,,,,,,,,,True,True,False,True
bipad-55531,Government of Nepal BIPAD Portal,2021,6,15,Western Region,Manang,Chame,FLOOD,0,0,0,0,1,0,0,0.0,False,28.507958,84.23835529,,,,,,,,,,,,,True,True,False,True
bipad-55553,Government of Nepal BIPAD Portal,2021,6,15,Western Region,Manang,Chame,FLOOD,0,0,0,0,0,1,0,0.0,False,28.507958,84.23835529,,,,,,,,,,,,,True,True,False,True
bipad-55554,Government of Nepal BIPAD Portal,2021,6,15,Central Region,Sindhupalchok,Helambu,FLOOD,5,20,6,0,349,38,0,0.0,False,27.92996624,85.58077501,,,,,,,,,,,,,True,True,False,True
bipad-55565,Government of Nepal BIPAD Portal,2021,6,15,Western Region,Lamjung,Sundarbazar,FLOOD,0,0,0,0,0,0,0,0.0,False,28.1225865,84.4275612,,,,,,,,,,,,,True,True,False,True
bipad-55569,Government of Nepal BIPAD Portal,2021,6,15,Western Region,Tanahu,Bandipur,FLOOD,0,0,0,0,0,0,0,0.0,False,27.96867576,84.39108521,,,,,,,,,,,,,True,True,False,True
bipad-55573,Government of Nepal BIPAD Portal,2021,6,15,Western Region,Rupandehi,Butwal,FLOOD,0,0,0,0,16,2,0,0.0,False,27.68143397,83.45941241,,,,,,,,,,,,,True,True,False,True
bipad-55579,Government of Nepal BIPAD Portal,2021,6,15,Mid-Western Region,Pyuthan,Mallarani,FLOOD,1,0,0,0,0,0,0,0.0,False,28.06250547,82.90787959,,,,,,,,,,,,,True,True,False,True
bipad-55581,Government of Nepal BIPAD Portal,2021,6,15,Western Region,Gorkha,Aarughat,FLOOD,1,0,0,0,11,56,0,0.0,False,28.12402593,84.88521364,,,,,,,,,,,,,True,True,False,True
bipad-55583,Government of Nepal BIPAD Portal,2021,6,16,Western Region,Gorkha,Chum Nubri,FLOOD,0,0,0,0,4,0,0,0.0,False,28.40410576,84.84107962,,,,,,,,,,,,,True,True,False,True
bipad-55586,Government of Nepal BIPAD Portal,2021,6,16,Western Region,Lamjung,Dordi,FLOOD,0,0,0,0,24,56,0,0.0,False,28.27543099,84.46540516,,,,,,,,,,,,,True,True,False,True
bipad-55587,Government of Nepal BIPAD Portal,2021,6,16,Western Region,Syangja,Galyang,FLOOD,0,0,0,0,8,0,0,0.0,False,27.9895609,83.61844626,,,,,,,,,,,,,True,True,False,True
bipad-55588,Government of Nepal BIPAD Portal,2021,6,16,Central Region,Kavrepalanchok,Bhumlu,FLOOD,0,0,0,0,0,0,0,0.0,False,27.62895905,85.70556229,,,,,,,,,,,,,True,True,False,True
bipad-55591,Government of Nepal BIPAD Portal,2021,6,14,Far Western Region,Bajura,Budhinanda,FLOOD,1,0,0,0,0,0,0,0.0,False,29.53410965,81.64303346,,,,,,,,,,,,,True,True,False,True
bipad-55592,Government of Nepal BIPAD Portal,2021,6,14,Far Western Region,Bajura,Tribeni,FLOOD,0,1,0,0,0,0,0,0.0,False,29.30788924,81.44121616,,,,,,,,,,,,,True,True,False,True
bipad-55599,Government of Nepal BIPAD Portal,2021,6,16,Western Region,Arghakhanchi,Chhatradev,FLOOD,1,0,0,0,0,0,0,0.0,False,27.952803,83.23425485,,,,,,,,,,,,,True,True,False,True
bipad-55602,Government of Nepal BIPAD Portal,2021,6,15,Western Region,Kaski,Madi,FLOOD,0,0,0,0,13,0,0,0.0,False,28.30925353,84.05755544,,,,,,,,,,,,,True,True,False,True
bipad-55603,Government of Nepal BIPAD Portal,2021,6,15,Western Region,Gorkha,Dharche,FLOOD,0,0,0,0,0,0,0,0.0,False,28.25120896,84.82312649,,,,,,,,,,,,,True,True,False,True
bipad-55604,Government of Nepal BIPAD Portal,2021,6,16,Western Region,Baglung,Tara Khola,FLOOD,0,0,0,0,3,0,0,0.0,False,28.33886641,83.35744069,,,,,,,,,,,,,True,True,False,True
bipad-55605,Government of Nepal BIPAD Portal,2021,6,16,Central Region,Lalitpur,Mahalaxmi,FLOOD,0,0,0,0,0,0,0,0.0,False,27.65399931,85.34759841,,,,,,,,,,,,,True,True,False,True
bipad-55606,Government of Nepal BIPAD Portal,2021,6,17,Central Region,Kavrepalanchok,Temal,FLOOD,1,0,0,0,0,0,0,0.0,False,27.4934372,85.76271634,,,,,,,,,,,,,True,True,False,True
bipad-55607,Government of Nepal BIPAD Portal,2021,6,15,Far Western Region,Bajura,Jagannath,FLOOD,0,0,0,0,0,0,0,0.0,False,29.36312549,81.67764452,,,,,,,,,,,,,True,True,False,True
bipad-55608,Government of Nepal BIPAD Portal,2021,6,15,Western Region,Kaski,Machhapuchchhre,FLOOD,1,0,0,0,0,0,0,0.0,False,28.31239843,83.92797928,,,,,,,,,,,,,True,True,False,True
bipad-55617,Government of Nepal BIPAD Portal,2021,6,16,Eastern Region,Saptari,Balan Bihul,FLOOD,1,0,0,0,0,0,0,0.0,False,26.55188784,86.50782712,,,,,,,,,,,,,True,True,False,True
bipad-55620,Government of Nepal BIPAD Portal,2021,6,17,Western Region,Rupandehi,Mayadevi,FLOOD,0,1,0,0,0,0,0,0.0,False,27.48393933,83.35568566,,,,,,,,,,,,,True,True,False,True
bipad-55621,Government of Nepal BIPAD Portal,2021,6,16,Western Region,Palpa,Rainadevi Chhahara,FLOOD,0,0,0,0,0,0,0,0.0,False,27.91029823,83.38631532,,,,,,,,,,,,,True,True,False,True
bipad-55649,Government of Nepal BIPAD Portal,2021,6,19,Western Region,Gorkha,Dharche,FLOOD,0,0,0,0,0,0,0,0.0,False,28.24031912,84.92457906,,,,,,,,,,,,,True,True,False,True
bipad-55693,Government of Nepal BIPAD Portal,2021,6,23,Mid-Western Region,Dang,Lamahi,FLOOD,1,0,0,0,0,0,0,0.0,False,27.87550807,82.56479724,,,,,,,,,,,,,True,True,False,True
bipad-55715,Government of Nepal BIPAD Portal,2021,6,26,Far Western Region,Doti,Purbichauki,FLOOD,1,0,0,0,0,0,0,0.0,False,29.26575368,81.07223384,,,,,,,,,,,,,True,True,False,True
bipad-55716,Government of Nepal BIPAD Portal,2021,6,26,Mid-Western Region,Dang,Ghorahi,FLOOD,0,1,0,0,0,0,0,0.0,False,28.09918472,82.41050238,,,,,,,,,,,,,True,True,False,True
bipad-55718,Government of Nepal BIPAD Portal,2021,6,26,Mid-Western Region,Bardiya,Rajapur,FLOOD,0,0,0,0,0,0,0,0.0,False,28.42151901,81.08907488,,,,,,,,,,,,,True,True,False,True
bipad-55733,Government of Nepal BIPAD Portal,2021,6,27,Central Region,Rautahat,Madhav Narayan,FLOOD,1,0,0,0,0,0,0,0.0,False,26.88336772,85.35528132,,,,,,,,,,,,,True,True,False,True
bipad-55743,Government of Nepal BIPAD Portal,2021,6,28,Mid-Western Region,Dang,Banglachuli,FLOOD,0,1,0,0,0,0,0,0.0,False,28.00739793,82.64836061,,,,,,,,,,,,,True,True,False,True
bipad-55757,Government of Nepal BIPAD Portal,2021,6,30,Central Region,Parsa,Jagarnathpur,FLOOD,0,0,0,0,0,0,0,0.0,False,27.1438842,84.73666204,,,,,,,,,,,,,True,True,False,True
bipad-55769,Government of Nepal BIPAD Portal,2021,6,30,Central Region,Rautahat,Gaur,FLOOD,1,0,0,0,0,0,0,0.0,False,26.77449723,85.26075406,,,,,,,,,,,,,True,True,False,True
bipad-55774,Government of Nepal BIPAD Portal,2021,7,1,Central Region,Dhading,Benighat Rorang,FLOOD,0,0,0,0,0,0,0,0.0,False,27.71710576,84.81888951,,,,,,,,,,,,,True,True,False,True
bipad-55779,Government of Nepal BIPAD Portal,2021,7,1,Central Region,Sindhuli,Dudhouli,FLOOD,0,0,0,0,0,0,0,0.0,False,27.05323053,86.12988096,,,,,,,,,,,,,True,True,False,True
bipad-55792,Government of Nepal BIPAD Portal,2021,7,1,Central Region,Dhading,Benighat Rorang,FLOOD,0,1,0,0,0,0,0,0.0,False,27.79916364,84.77442098,,,,,,,,,,,,,True,True,False,True
bipad-55795,Government of Nepal BIPAD Portal,2021,7,1,Eastern Region,Morang,Ratuwamai,FLOOD,0,0,0,0,0,0,0,0.0,False,26.43251106,87.6635528,,,,,,,,,,,,,True,True,False,True
bipad-55797,Government of Nepal BIPAD Portal,2021,6,30,Central Region,Chitwan,Ichchhakamana,FLOOD,0,0,0,0,0,0,0,0.0,False,27.76560495,84.55053184,,,,,,,,,,,,,True,True,False,True
bipad-55803,Government of Nepal BIPAD Portal,2021,7,1,Western Region,Tanahu,Vyas,FLOOD,0,0,0,0,0,1,0,0.0,False,28.06155498,84.21300832,,,,,,,,,,,,,True,True,False,True
bipad-55805,Government of Nepal BIPAD Portal,2021,7,1,Western Region,Kaski,Madi,FLOOD,0,0,1,0,0,0,0,0.0,False,28.21988489,84.18910768,,,,,,,,,,,,,True,True,False,True
bipad-55808,Government of Nepal BIPAD Portal,2021,7,2,Central Region,Rautahat,Rajpur,FLOOD,0,0,0,0,1,0,0,0.0,False,26.82868596,85.26005234,,,,,,,,,,,,,True,True,False,True
bipad-55814,Government of Nepal BIPAD Portal,2021,7,2,Western Region,Tanahu,Bhanu,FLOOD,0,0,0,0,0,0,0,0.0,False,28.03597207,84.40828187,,,,,,,,,,,,,True,True,False,True
bipad-55858,Government of Nepal BIPAD Portal,2021,7,3,Western Region,Tanahu,Bandipur,FLOOD,0,0,0,0,0,0,0,0.0,False,27.96867576,84.39108521,,,,,,,,,,,,,True,True,False,True
bipad-55859,Government of Nepal BIPAD Portal,2021,7,3,Central Region,Sindhuli,Phikkal,FLOOD,0,0,0,0,0,0,0,0.0,False,27.16930122,86.34760085,,,,,,,,,,,,,True,True,False,True
bipad-55863,Government of Nepal BIPAD Portal,2021,7,3,Central Region,Sarlahi,Kaudena,FLOOD,0,0,0,0,0,1,0,0.0,False,26.83572062,85.5104574,,,,,,,,,,,,,True,True,False,True
bipad-55871,Government of Nepal BIPAD Portal,2021,7,3,Western Region,Syangja,Bhirkot,FLOOD,0,0,0,0,0,1,0,0.0,False,28.04971939,83.77121145,,,,,,,,,,,,,True,True,False,True
bipad-55878,Government of Nepal BIPAD Portal,2021,7,5,Mid-Western Region,Dang,Ghorahi,FLOOD,1,0,0,0,0,0,0,0.0,False,28.10257078,82.54067537,,,,,,,,,,,,,True,True,False,True
bipad-55882,Government of Nepal BIPAD Portal,2021,7,4,Central Region,Sarlahi,Ishworpur,FLOOD,1,0,0,0,0,0,0,0.0,False,26.99603983,85.72413245,,,,,,,,,,,,,True,True,False,True
bipad-55893,Government of Nepal BIPAD Portal,2021,7,2,Western Region,Tanahu,Vyas,FLOOD,0,1,0,0,0,0,0,0.0,False,28.0556343,84.30275221,,,,,,,,,,,,,True,True,False,True
bipad-55894,Government of Nepal BIPAD Portal,2021,7,5,Central Region,Makwanpur,Raksirang,FLOOD,1,0,0,0,0,0,0,0.0,False,27.65898814,84.84753754,,,,,,,,,,,,,True,True,False,True
bipad-55906,Government of Nepal BIPAD Portal,2021,7,6,Western Region,Myagdi,Mangala,FLOOD,2,0,0,0,0,0,0,0.0,False,28.37538,83.42003343,,,,,,,,,,,,,True,True,False,True
bipad-55909,Government of Nepal BIPAD Portal,2021,7,6,Eastern Region,Saptari,Agnisair Krishna Savaran,FLOOD,1,0,0,0,0,0,0,0.0,False,26.66023148,86.78249022,,,,,,,,,,,,,True,True,False,True
bipad-55910,Government of Nepal BIPAD Portal,2021,7,3,Western Region,Gorkha,Aarughat,FLOOD,1,1,0,0,0,0,0,0.0,False,28.13625497,84.84003535,,,,,,,,,,,,,True,True,False,True
bipad-55922,Government of Nepal BIPAD Portal,2021,7,7,Western Region,Kaski,Pokhara,FLOOD,0,0,0,0,0,0,0,0.0,False,28.2375664,83.95315063,,,,,,,,,,,,,True,True,False,True
bipad-55930,Government of Nepal BIPAD Portal,2021,7,8,Western Region,Nawalparasi East,Madhyabindu,FLOOD,0,0,0,0,1,0,0,0.0,False,27.59314518,83.98797629,,,,,,,,,,,,,True,True,False,True
bipad-55931,Government of Nepal BIPAD Portal,2021,7,8,Western Region,Nawalparasi East,Madhyabindu,FLOOD,0,0,0,0,2,1,0,0.0,False,27.69138678,83.95200466,,,,,,,,,,,,,True,True,False,True
bipad-55934,Government of Nepal BIPAD Portal,2021,7,8,Western Region,Tanahu,Bandipur,FLOOD,0,0,0,0,2,0,0,0.0,False,27.9396598,84.36627335,,,,,,,,,,,,,True,True,False,True
bipad-55935,Government of Nepal BIPAD Portal,2021,7,8,Western Region,Tanahu,Myagde,FLOOD,1,0,0,0,0,0,0,0.0,False,28.01760579,84.18820676,,,,,,,,,,,,,True,True,False,True
bipad-55984,Government of Nepal BIPAD Portal,2021,7,11,Central Region,Sindhuli,Marin,FLOOD,1,0,0,0,0,0,0,0.0,False,27.21567789,85.7810486,,,,,,,,,,,,,True,True,False,True
bipad-55995,Government of Nepal BIPAD Portal,2021,7,14,Far Western Region,Achham,Sanphebagar,FLOOD,1,0,0,0,0,0,0,0.0,False,29.20553055,81.19711854,,,,,,,,,,,,,True,True,False,True
bipad-56009,Government of Nepal BIPAD Portal,2021,7,14,Western Region,Rupandehi,Sainamaina,FLOOD,1,1,0,0,0,0,0,0.0,False,27.72965531,83.24680668,,,,,,,,,,,,,True,True,False,True
bipad-56015,Government of Nepal BIPAD Portal,2021,7,14,Mid-Western Region,Dang,Rajpur,FLOOD,0,0,0,0,0,0,0,0.0,False,27.84132008,82.35162415,,,,,,,,,,,,,True,True,False,True
bipad-56026,Government of Nepal BIPAD Portal,2021,7,16,Western Region,Nawalparasi East,Hupsekot,FLOOD,0,0,0,0,3,0,0,0.0,False,27.75148741,84.08632297,,,,,,,,,,,,,True,True,False,True
bipad-56050,Government of Nepal BIPAD Portal,2021,7,18,Central Region,Dhanusa,Hansapur,FLOOD,0,0,0,0,0,1,0,0.0,False,26.76291153,86.03714487,,,,,,,,,,,,,True,True,False,True
bipad-56074,Government of Nepal BIPAD Portal,2021,7,21,Central Region,Dhanusa,Janakpurdham,FLOOD,0,0,0,0,0,1,0,0.0,False,26.73236121,85.97762118,,,,,,,,,,,,,True,True,False,True
bipad-56097,Government of Nepal BIPAD Portal,2021,7,22,Far Western Region,Darchula,Apihimal,FLOOD,0,0,0,0,0,0,0,0.0,False,29.80188531,80.9824561,,,,,,,,,,,,,True,True,False,True
bipad-56121,Government of Nepal BIPAD Portal,2021,7,26,Mid-Western Region,Jumla,Patrasi,FLOOD,1,0,0,0,0,0,0,0.0,False,29.34583554,82.37157646,,,,,,,,,,,,,True,True,False,True
bipad-56156,Government of Nepal BIPAD Portal,2021,7,31,Central Region,Sindhupalchok,Melamchi,FLOOD,0,0,0,0,0,0,0,0.0,False,27.83135195,85.55807341,,,,,,,,,,,,,True,True,False,True
bipad-56157,Government of Nepal BIPAD Portal,2021,8,1,Central Region,Sindhupalchok,Helambu,FLOOD,0,0,0,0,1,0,0,0.0,False,27.91747245,85.51167873,,,,,,,,,,,,,True,True,False,True
bipad-56158,Government of Nepal BIPAD Portal,2021,8,1,Central Region,Sindhupalchok,Helambu,FLOOD,0,0,0,0,2,0,0,0.0,False,27.88497727,85.52959607,,,,,,,,,,,,,True,True,False,True
bipad-56159,Government of Nepal BIPAD Portal,2021,8,1,Central Region,Sindhupalchok,Helambu,FLOOD,0,0,0,0,1,0,0,0.0,False,27.88888196,85.56126653,,,,,,,,,,,,,True,True,False,True
bipad-56160,Government of Nepal BIPAD Portal,2021,8,1,Central Region,Sindhupalchok,Helambu,FLOOD,0,0,0,0,5,0,0,0.0,False,27.92996624,85.58077501,,,,,,,,,,,,,True,True,False,True
bipad-56161,Government of Nepal BIPAD Portal,2021,8,1,Central Region,Sindhupalchok,Helambu,FLOOD,0,0,0,0,4,0,0,0.0,False,27.98293173,85.539721,,,,,,,,,,,,,True,True,False,True
bipad-56162,Government of Nepal BIPAD Portal,2021,7,31,Central Region,Sindhupalchok,Helambu,FLOOD,0,0,0,0,0,0,0,0.0,False,27.91747245,85.51167873,,,,,,,,,,,,,True,True,False,True
bipad-56174,Government of Nepal BIPAD Portal,2021,8,1,Central Region,Sindhupalchok,Tripurasundari,FLOOD,0,0,0,0,1,0,0,0.0,False,27.75838429,85.97554239,,,,,,,,,,,,,True,True,False,True
bipad-56185,Government of Nepal BIPAD Portal,2021,8,4,Eastern Region,Khotang,Halesi Tuwachung,FLOOD,0,0,0,0,0,0,0,0.0,False,27.15977179,86.47762775,,,,,,,,,,,,,True,True,False,True
bipad-56197,Government of Nepal BIPAD Portal,2021,8,7,Mid-Western Region,Salyan,Chhatreshwori,FLOOD,1,0,1,0,0,0,0,0.0,False,28.34922,82.34383317,,,,,,,,,,,,,True,True,False,True
bipad-56216,Government of Nepal BIPAD Portal,2021,8,9,Mid-Western Region,Dang,Tulsipur,FLOOD,2,0,0,0,0,0,0,0.0,False,28.1717083,82.35205499,,,,,,,,,,,,,True,True,False,True
bipad-56241,Government of Nepal BIPAD Portal,2021,8,12,Mid-Western Region,Rolpa,Sunil Smriti,FLOOD,0,0,0,0,0,0,0,0.0,False,28.25927071,82.71242961,,,,,,,,,,,,,True,True,False,True
bipad-56312,Government of Nepal BIPAD Portal,2021,8,19,Central Region,Kathmandu,Kageshwori Manahora,FLOOD,0,0,0,0,0,0,0,0.0,False,27.72530702,85.40867266,,,,,,,,,,,,,True,True,False,True
bipad-56354,Government of Nepal BIPAD Portal,2021,8,24,Mid-Western Region,Salyan,Kumakh,FLOOD,1,0,0,0,0,0,0,0.0,False,28.59848964,82.20180413,,,,,,,,,,,,,True,True,False,True
bipad-56356,Government of Nepal BIPAD Portal,2021,8,24,Far Western Region,Kailali,Bhajani,FLOOD,0,0,0,0,0,0,0,0.0,False,28.46255487,80.96082558,,,,,,,,,,,,,True,True,False,True
bipad-56358,Government of Nepal BIPAD Portal,2021,8,24,Far Western Region,Kailali,Dhangadhi,FLOOD,0,0,0,0,0,0,0,0.0,False,28.587294,80.72204309,,,,,,,,,,,,,True,True,False,True
bipad-56393,Government of Nepal BIPAD Portal,2021,8,27,Far Western Region,Kailali,Godawari_Kailali,FLOOD,0,0,0,0,0,0,0,0.0,False,28.88523021,80.61128404,,,,,,,,,,,,,True,True,False,True
bipad-56400,Government of Nepal BIPAD Portal,2021,8,27,Western Region,Rupandehi,Omsatiya,FLOOD,1,0,0,0,0,0,0,0.0,False,27.51255767,83.49215377,,,,,,,,,,,,,True,True,False,True
bipad-56401,Government of Nepal BIPAD Portal,2021,8,27,Mid-Western Region,Dang,Dangisharan,FLOOD,1,0,0,0,0,0,0,0.0,False,28.07940487,82.14397523,,,,,,,,,,,,,True,True,False,True
bipad-56415,Government of Nepal BIPAD Portal,2021,8,26,Far Western Region,Kanchanpur,Bedkot,FLOOD,0,0,0,0,0,0,0,0.0,False,29.01197505,80.29297881,,,,,,,,,,,,,True,True,False,True
bipad-56421,Government of Nepal BIPAD Portal,2021,8,27,Western Region,Nawalparasi East,Binayee Tribeni,FLOOD,0,0,0,0,0,0,0,0.0,False,27.64254068,83.85153652,,,,,,,,,,,,,True,True,False,True
bipad-56424,Government of Nepal BIPAD Portal,2021,8,26,Central Region,Chitwan,Madi,FLOOD,0,0,0,0,0,0,0,0.0,False,27.42249933,84.29286963,,,,,,,,,,,,,True,True,False,True
bipad-56426,Government of Nepal BIPAD Portal,2021,8,27,Central Region,Sindhuli,Golanjor,FLOOD,0,1,1,0,0,0,0,0.0,False,27.23796494,86.10586071,,,,,,,,,,,,,True,True,False,True
bipad-56436,Government of Nepal BIPAD Portal,2021,8,28,Far Western Region,Kailali,Dhangadhi,FLOOD,0,1,0,0,0,0,0,0.0,False,28.71638226,80.5584272,,,,,,,,,,,,,True,True,False,True
bipad-56439,Government of Nepal BIPAD Portal,2021,8,30,Western Region,Myagdi,Raghuganga,FLOOD,0,0,3,0,0,5,0,0.0,False,28.54637,83.48729,,,,,,,,,,,,,True,True,False,True
bipad-56468,Government of Nepal BIPAD Portal,2021,8,29,Far Western Region,Darchula,Mahakali,FLOOD,0,0,0,0,10,0,0,0.0,False,29.84391521,80.60089311,,,,,,,,,,,,,True,True,False,True
bipad-56469,Government of Nepal BIPAD Portal,2021,8,29,Far Western Region,Darchula,Dunhu,FLOOD,0,0,0,0,0,0,0,0.0,False,29.87278413,80.5742035,,,,,,,,,,,,,True,True,False,True
bipad-56471,Government of Nepal BIPAD Portal,2021,8,30,Far Western Region,Darchula,Apihimal,FLOOD,0,0,0,0,0,0,0,0.0,False,29.80188531,80.9824561,,,,,,,,,,,,,True,True,False,True
bipad-56481,Government of Nepal BIPAD Portal,2021,8,31,Central Region,Nuwakot,Likhu,FLOOD,0,0,0,0,0,0,0,0.0,False,27.86568312,85.26825445,,,,,,,,,,,,,True,True,False,True
bipad-56500,Government of Nepal BIPAD Portal,2021,9,1,Mid-Western Region,Dang,Ghorahi,FLOOD,4,0,1,0,0,0,0,0.0,False,28.01626102,82.53221592,,,,,,,,,,,,,True,True,False,True
bipad-56507,Government of Nepal BIPAD Portal,2021,9,1,Western Region,Kaski,Pokhara,FLOOD,0,0,0,0,0,0,0,0.0,False,28.21178819,83.98393372,,,,,,,,,,,,,True,True,False,True
bipad-56513,Government of Nepal BIPAD Portal,2021,9,2,Western Region,Kaski,Pokhara,FLOOD,0,0,0,0,0,0,0,0.0,False,28.2317188,84.03736973,,,,,,,,,,,,,True,True,False,True
bipad-56526,Government of Nepal BIPAD Portal,2021,9,2,Western Region,Kaski,Pokhara,FLOOD,0,0,0,0,0,0,0,0.0,False,28.22989519,84.0088699,,,,,,,,,,,,,True,True,False,True
bipad-56536,Government of Nepal BIPAD Portal,2021,9,3,Central Region,Makwanpur,Hetauda,FLOOD,2,0,0,0,0,0,0,0.0,False,27.38610021,85.11563707,,,,,,,,,,,,,True,True,False,True
bipad-56553,Government of Nepal BIPAD Portal,2021,9,6,Mid-Western Region,Rolpa,Sunil Smriti,FLOOD,0,0,0,0,0,0,0,0.0,False,28.22837116,82.72371514,,,,,,,,,,,,,True,True,False,True
bipad-56556,Government of Nepal BIPAD Portal,2021,9,6,Central Region,Kathmandu,Kageshwori Manahora,FLOOD,0,0,0,0,0,0,0,0.0,False,27.7106988,85.37787074,,,,,,,,,,,,,True,True,False,True
bipad-56580,Government of Nepal BIPAD Portal,2021,9,8,Mid-Western Region,Banke,Khajura,FLOOD,1,0,0,0,0,0,0,0.0,False,28.14893239,81.54994039,,,,,,,,,,,,,True,True,False,True
bipad-56643,Government of Nepal BIPAD Portal,2021,9,20,Central Region,Kathmandu,Chandragiri,FLOOD,0,0,0,0,0,0,0,0.0,False,27.70894357,85.23213587,,,,,,,,,,,,,True,True,False,True
bipad-56647,Government of Nepal BIPAD Portal,2021,9,21,Far Western Region,Bajura,Badimalika,FLOOD,0,0,0,0,2,0,0,0.0,False,29.46406866,81.54845574,,,,,,,,,,,,,True,True,False,True
bipad-56661,Government of Nepal BIPAD Portal,2021,9,22,Western Region,Baglung,Dhorpatan,FLOOD,0,0,0,0,1,0,0,0.0,False,28.32445641,83.16754955,,,,,,,,,,,,,True,True,False,True
bipad-56693,Government of Nepal BIPAD Portal,2021,9,5,Central Region,Kathmandu,Budhanilkantha,FLOOD,1,0,0,0,0,0,0,0.0,False,27.73231956,85.36271154,,,,,,,,,,,,,True,True,False,True
bipad-56700,Government of Nepal BIPAD Portal,2021,9,28,Central Region,Makwanpur,Raksirang,FLOOD,1,0,0,0,0,0,0,0.0,False,27.61106936,84.77593981,,,,,,,,,,,,,True,True,False,True
bipad-56740,Government of Nepal BIPAD Portal,2021,10,5,Central Region,Kathmandu,Kathmandu,FLOOD,0,0,0,0,0,0,0,0.0,False,27.70979168,85.31599758,,,,,,,,,,,,,True,True,False,True
bipad-56799,Government of Nepal BIPAD Portal,2021,10,19,Western Region,Gulmi,Satyawati,FLOOD,0,0,0,0,0,0,0,0.0,False,28.03663484,83.43184319,,,,,,,,,,,,,True,True,False,True
bipad-56809,Government of Nepal BIPAD Portal,2021,10,19,Eastern Region,Dhankuta,Mahalaxmi,FLOOD,0,0,0,0,0,1,0,0.0,False,27.16761516,87.29508958,,,,,,,,,,,,,True,True,False,True
bipad-56811,Government of Nepal BIPAD Portal,2021,10,19,Eastern Region,Dhankuta,Mahalaxmi,FLOOD,0,0,0,0,0,0,0,0.0,False,27.17166806,87.33980697,,,,,,,,,,,,,True,True,False,True
bipad-56819,Government of Nepal BIPAD Portal,2021,10,19,Eastern Region,Jhapa,Damak,FLOOD,0,0,0,0,7,0,0,0.0,False,26.66209158,87.70973971,,,,,,,,,,,,,True,True,False,True
bipad-56821,Government of Nepal BIPAD Portal,2021,10,20,Far Western Region,Bajhang,Bitthadchir,FLOOD,0,0,0,0,3,0,0,0.0,False,29.54015753,80.76735821,,,,,,,,,,,,,True,True,False,True
bipad-56823,Government of Nepal BIPAD Portal,2021,10,19,Far Western Region,Bajhang,JayaPrithivi,FLOOD,0,0,0,0,5,0,0,0.0,False,29.52898101,81.20973013,,,,,,,,,,,,,True,True,False,True
bipad-56824,Government of Nepal BIPAD Portal,2021,10,19,Western Region,Baglung,Tara Khola,FLOOD,0,0,0,0,0,0,0,0.0,False,28.32479163,83.41013649,,,,,,,,,,,,,True,True,False,True
bipad-56825,Government of Nepal BIPAD Portal,2021,10,19,Far Western Region,Bajhang,Bungal,FLOOD,0,0,0,0,1,0,0,0.0,False,29.60885749,80.8762805,,,,,,,,,,,,,True,True,False,True
bipad-56827,Government of Nepal BIPAD Portal,2021,10,18,Mid-Western Region,Jumla,Tatopani,FLOOD,0,1,0,0,0,0,0,0.0,False,29.06449086,82.090205,,,,,,,,,,,,,True,True,False,True
bipad-56834,Government of Nepal BIPAD Portal,2021,10,19,Far Western Region,Kanchanpur,Belauri,FLOOD,0,0,0,0,0,0,0,0.0,False,28.71930562,80.3227293,,,,,,,,,,,,,True,True,False,True
bipad-56836,Government of Nepal BIPAD Portal,2021,10,19,Far Western Region,Doti,Sayal,FLOOD,0,1,0,0,0,0,0,0.0,False,29.39915531,80.92044471,,,,,,,,,,,,,True,True,False,True
bipad-56844,Government of Nepal BIPAD Portal,2021,10,19,Eastern Region,Udayapur,Triyuga,FLOOD,1,0,0,0,0,0,0,0.0,False,26.75050424,86.60267658,,,,,,,,,,,,,True,True,False,True
bipad-56851,Government of Nepal BIPAD Portal,2021,10,19,Central Region,Sindhuli,Phikkal,FLOOD,1,0,0,0,0,0,0,0.0,False,27.22642333,86.27392507,,,,,,,,,,,,,True,True,False,True
bipad-56852,Government of Nepal BIPAD Portal,2021,10,20,Far Western Region,Kailali,Tikapur,FLOOD,1,1,0,0,0,0,0,0.0,False,28.42468673,81.05355962,,,,,,,,,,,,,True,True,False,True
bipad-56871,Government of Nepal BIPAD Portal,2021,10,19,Eastern Region,Saptari,Saptakoshi,FLOOD,0,0,0,0,0,0,0,0.0,False,26.69379001,86.96369217,,,,,,,,,,,,,True,True,False,True
bipad-56886,Government of Nepal BIPAD Portal,2021,10,20,Eastern Region,Solukhumbu,Mahakulung,FLOOD,1,0,0,0,0,0,0,0.0,False,27.56765565,86.83176576,,,,,,,,,,,,,True,True,False,True
bipad-56897,Government of Nepal BIPAD Portal,2021,10,20,Mid-Western Region,Jumla,Tila,FLOOD,0,0,0,0,0,0,0,0.0,False,29.21103508,82.00462541,,,,,,,,,,,,,True,True,False,True
bipad-56899,Government of Nepal BIPAD Portal,2021,10,20,Mid-Western Region,Pyuthan,Mandavi,FLOOD,3,0,0,0,0,0,0,0.0,False,28.06222739,82.73268803,,,,,,,,,,,,,True,True,False,True
bipad-56900,Government of Nepal BIPAD Portal,2021,10,20,Eastern Region,Saptari,Hanumannagar Kankalini,FLOOD,1,0,0,0,0,0,0,0.0,False,26.50782205,86.85693176,,,,,,,,,,,,,True,True,False,True
bipad-56918,Government of Nepal BIPAD Portal,2021,10,21,Western Region,Nawalparasi East,Binayee Tribeni,FLOOD,2,0,0,0,0,0,0,0.0,False,27.69260189,83.75814891,,,,,,,,,,,,,True,True,False,True
bipad-56919,Government of Nepal BIPAD Portal,2021,10,20,Western Region,Kapilbastu,Buddhabhumi,FLOOD,2,0,0,0,0,0,0,0.0,False,27.58377079,83.02778572,,,,,,,,,,,,,True,True,False,True
bipad-56920,Government of Nepal BIPAD Portal,2021,10,21,Eastern Region,Sunsari,Itahari,FLOOD,1,0,0,0,0,0,0,0.0,False,26.65318574,87.25054865,,,,,,,,,,,,,True,True,False,True
bipad-56921,Government of Nepal BIPAD Portal,2021,10,22,Eastern Region,Morang,Biratnagar,FLOOD,1,0,0,0,0,0,0,0.0,False,26.48447488,87.29181217,,,,,,,,,,,,,True,True,False,True
bipad-56929,Government of Nepal BIPAD Portal,2021,10,19,Far Western Region,Achham,Dhakari,FLOOD,1,0,0,0,0,0,0,0.0,False,29.00583797,81.2225357,,,,,,,,,,,,,True,True,False,True
bipad-56944,Government of Nepal BIPAD Portal,2021,10,22,Mid-Western Region,Salyan,Bangad Kupinde,FLOOD,1,0,0,0,0,0,0,0.0,False,28.43188716,81.99219983,,,,,,,,,,,,,True,True,False,True
bipad-56947,Government of Nepal BIPAD Portal,2021,10,18,Far Western Region,Kailali,Chure,FLOOD,0,0,0,0,0,0,0,0.0,False,28.86741168,80.75612377,,,,,,,,,,,,,True,True,False,True
bipad-56960,Government of Nepal BIPAD Portal,2021,10,20,Eastern Region,Sunsari,Itahari,FLOOD,1,0,0,0,0,0,0,0.0,False,26.6952595,87.23733941,,,,,,,,,,,,,True,True,False,True
bipad-56961,Government of Nepal BIPAD Portal,2021,10,20,Eastern Region,Sunsari,Itahari,FLOOD,1,0,0,0,0,0,0,0.0,False,26.65318574,87.25054865,,,,,,,,,,,,,True,True,False,True
bipad-56966,Government of Nepal BIPAD Portal,2021,10,20,Eastern Region,Udayapur,Udayapurgadhi,FLOOD,1,0,0,0,0,0,0,0.0,False,26.92753249,86.58643152,,,,,,,,,,,,,True,True,False,True
bipad-56967,Government of Nepal BIPAD Portal,2021,10,19,Eastern Region,Bhojpur,Ramprasadrai,FLOOD,1,0,0,0,0,0,0,0.0,False,27.06983891,87.01518566,,,,,,,,,,,,,True,True,False,True
bipad-57551,Government of Nepal BIPAD Portal,2021,10,19,Mid-Western Region,Surkhet,Bheriganga,FLOOD,0,0,1,0,0,0,0,0.0,False,28.418053,81.71532068,,,,,,,,,,,,,True,True,False,True
bipad-58740,Government of Nepal BIPAD Portal,2022,4,11,Central Region,Kavrepalanchok,Dhulikhel,FLOOD,0,0,0,0,0,0,0,0.0,False,27.57609075,85.57154218,,,,,,,,,,,,,True,True,False,True
bipad-59322,Government of Nepal BIPAD Portal,2022,5,29,Eastern Region,Siraha,Golbazar,FLOOD,0,0,0,0,0,0,0,0.0,False,26.80396155,86.3354358,,,,,,,,,,,,,True,True,False,True
bipad-59497,Government of Nepal BIPAD Portal,2022,6,15,Mid-Western Region,Kalikot,Khandachakra,FLOOD,1,0,1,0,0,0,0,0.0,False,29.13825956,81.59585484,,,,,,,,,,,,,True,True,False,True
bipad-59523,Government of Nepal BIPAD Portal,2022,6,17,Eastern Region,Sunsari,Barah,FLOOD,0,0,1,0,0,0,0,0.0,False,26.84280449,87.18167684,,,,,,,,,,,,,True,True,False,True
bipad-59540,Government of Nepal BIPAD Portal,2022,6,19,Eastern Region,Sunsari,Barah,FLOOD,1,0,1,0,0,0,0,0.0,False,26.84280449,87.18167684,,,,,,,,,,,,,True,True,False,True
bipad-59545,Government of Nepal BIPAD Portal,2022,6,18,Western Region,Kaski,Machhapuchchhre,FLOOD,0,0,0,0,0,0,0,0.0,False,28.36204474,84.01225302,,,,,,,,,,,,,True,True,False,True
bipad-59547,Government of Nepal BIPAD Portal,2022,6,18,Western Region,Lamjung,Sundarbazar,FLOOD,0,0,0,0,0,0,0,0.0,False,28.1660468,84.3464356,,,,,,,,,,,,,True,True,False,True
bipad-59556,Government of Nepal BIPAD Portal,2022,6,19,Eastern Region,Jhapa,Damak,FLOOD,0,0,0,0,1,0,0,0.0,False,26.67820227,87.70814601,,,,,,,,,,,,,True,True,False,True
bipad-59572,Government of Nepal BIPAD Portal,2022,6,21,Eastern Region,Jhapa,Kachankawal,FLOOD,0,0,0,0,0,0,0,0.0,False,26.4344591,87.95139686,,,,,,,,,,,,,True,True,False,True
bipad-59583,Government of Nepal BIPAD Portal,2022,6,23,Eastern Region,Jhapa,Kachankawal,FLOOD,0,0,0,0,0,0,0,0.0,False,26.4344591,87.95139686,,,,,,,,,,,,,True,True,False,True
bipad-59585,Government of Nepal BIPAD Portal,2022,6,21,Far Western Region,Dadeldhura,Parashuram,FLOOD,1,0,2,0,0,0,0,0.0,False,29.04378638,80.44347645,,,,,,,,,,,,,True,True,False,True
bipad-59590,Government of Nepal BIPAD Portal,2022,6,21,Eastern Region,Jhapa,Kachankawal,FLOOD,0,0,0,0,0,0,0,0.0,False,26.4344591,87.95139686,,,,,,,,,,,,,True,True,False,True
bipad-59658,Government of Nepal BIPAD Portal,2022,6,27,Eastern Region,Morang,Kanepokhari,FLOOD,0,0,0,0,0,0,0,0.0,False,26.62191241,87.51822531,,,,,,,,,,,,,True,True,False,True
bipad-59659,Government of Nepal BIPAD Portal,2022,6,28,Eastern Region,Jhapa,Shivasataxi,FLOOD,0,0,0,0,0,0,0,0.0,False,26.53949694,87.81730838,,,,,,,,,,,,,True,True,False,True
bipad-59682,Government of Nepal BIPAD Portal,2022,6,29,Eastern Region,Sunsari,Itahari,FLOOD,0,0,0,0,0,1,0,0.0,False,26.67313872,87.26312892,,,,,,,,,,,,,True,True,False,True
bipad-59699,Government of Nepal BIPAD Portal,2022,6,29,Eastern Region,Jhapa,Barhadashi,FLOOD,0,0,0,0,0,0,0,0.0,False,26.58323,87.91446,,,,,,,,,,,,,True,True,False,True
bipad-59740,Government of Nepal BIPAD Portal,2022,7,1,Eastern Region,Udayapur,Katari,FLOOD,0,0,0,0,0,1,0,0.0,False,26.94446308,86.3951723,,,,,,,,,,,,,True,True,False,True
bipad-59830,Government of Nepal BIPAD Portal,2022,7,9,Mid-Western Region,Dolpa,Mudkechula,FLOOD,0,1,0,0,0,0,0,0.0,False,29.08623076,82.4885189,,,,,,,,,,,,,True,True,False,True
bipad-59928,Government of Nepal BIPAD Portal,2022,7,20,Central Region,Nuwakot,Shivapuri,FLOOD,0,0,1,0,0,0,0,0.0,False,27.84133497,85.32223003,,,,,,,,,,,,,True,True,False,True
bipad-59932,Government of Nepal BIPAD Portal,2022,7,20,Far Western Region,Darchula,Mahakali,FLOOD,0,0,0,0,0,0,0,0.0,False,29.8166775,80.52965619,,,,,,,,,,,,,True,True,False,True
bipad-59947,Government of Nepal BIPAD Portal,2022,7,20,Central Region,Kavrepalanchok,Roshi,FLOOD,1,0,0,0,0,0,0,0.0,False,27.4994182,85.57633804,,,,,,,,,,,,,True,True,False,True
bipad-59981,Government of Nepal BIPAD Portal,2022,7,24,Central Region,Dolakha,Tamakoshi,FLOOD,0,0,0,0,0,0,0,0.0,False,27.52043724,86.1075035,,,,,,,,,,,,,True,True,False,True
bipad-59996,Government of Nepal BIPAD Portal,2022,7,26,Mid-Western Region,Dailekh,Chamunda Bindrasaini,FLOOD,1,0,0,0,0,0,0,0.0,False,28.95757551,81.56348706,,,,,,,,,,,,,True,True,False,True
bipad-59998,Government of Nepal BIPAD Portal,2022,7,26,Central Region,Nuwakot,Belkotgadhi,FLOOD,1,0,0,0,0,0,0,0.0,False,27.85059458,85.14838327,,,,,,,,,,,,,True,True,False,True
bipad-60022,Government of Nepal BIPAD Portal,2022,7,28,Mid-Western Region,Rukum West,Aathbiskot,FLOOD,0,0,0,0,0,0,0,0.0,False,28.81794978,82.39493877,,,,,,,,,,,,,True,True,False,True
bipad-60028,Government of Nepal BIPAD Portal,2022,7,31,Eastern Region,Udayapur,Udayapurgadhi,FLOOD,0,0,0,0,0,0,0,0.0,False,26.88381834,86.51602888,,,,,,,,,,,,,True,True,False,True
bipad-60060,Government of Nepal BIPAD Portal,2022,8,1,Western Region,Kaski,Annapurna,FLOOD,0,0,0,0,0,0,0,0.0,False,28.28974641,83.78751583,,,,,,,,,,,,,True,True,False,True
bipad-60063,Government of Nepal BIPAD Portal,2022,8,2,Western Region,Kapilbastu,Banganga,FLOOD,2,0,0,0,0,0,0,0.0,False,27.72923622,83.10960703,,,,,,,,,,,,,True,True,False,True
bipad-60078,Government of Nepal BIPAD Portal,2022,8,3,Far Western Region,Bajhang,Talkot,FLOOD,0,0,0,0,0,0,0,0.0,False,29.59968534,81.30068665,,,,,,,,,,,,,True,True,False,True
bipad-60116,Government of Nepal BIPAD Portal,2022,8,6,Eastern Region,Saptari,Saptakoshi,FLOOD,0,0,0,0,0,1,0,0.0,False,26.71065369,86.94933716,,,,,,,,,,,,,True,True,False,True
bipad-60148,Government of Nepal BIPAD Portal,2022,8,8,Central Region,Sindhupalchok,Chautara Sangachokgadhi,FLOOD,0,0,0,0,8,0,0,0.0,False,27.73584395,85.70587769,,,,,,,,,,,,,True,True,False,True
bipad-60161,Government of Nepal BIPAD Portal,2022,8,10,Central Region,Bhaktapur,Madhyapur Thimi,FLOOD,0,0,0,0,0,0,0,0.0,False,27.68145892,85.37368359,,,,,,,,,,,,,True,True,False,True
bipad-60162,Government of Nepal BIPAD Portal,2022,8,10,Central Region,Bhaktapur,Changunarayan,FLOOD,0,0,0,0,0,0,0,0.0,False,27.69941741,85.409725,,,,,,,,,,,,,True,True,False,True
bipad-60163,Government of Nepal BIPAD Portal,2022,8,10,Central Region,Bhaktapur,Changunarayan,FLOOD,0,0,0,0,0,0,0,0.0,False,27.71605518,85.43445777,,,,,,,,,,,,,True,True,False,True
bipad-60230,Government of Nepal BIPAD Portal,2022,8,18,Eastern Region,Taplejung,Meringden,FLOOD,0,0,0,0,0,0,0,0.0,False,27.44175052,87.57938128,,,,,,,,,,,,,True,True,False,True
bipad-60243,Government of Nepal BIPAD Portal,2022,8,18,Central Region,Ramechhap,Gokulganga,FLOOD,0,0,0,0,1,0,0,0.0,False,27.64472314,86.35320546,,,,,,,,,,,,,True,True,False,True
bipad-60327,Government of Nepal BIPAD Portal,2022,8,28,Eastern Region,Udayapur,Triyuga,FLOOD,0,0,0,0,0,0,0,0.0,False,26.73836161,86.77869675,,,,,,,,,,,,,True,True,False,True
bipad-60440,Government of Nepal BIPAD Portal,2022,9,9,Far Western Region,Darchula,Apihimal,FLOOD,6,9,11,0,42,9,0,0.0,False,29.92362,80.73694,,,,,,,,,,,,,True,True,False,True
bipad-60514,Government of Nepal BIPAD Portal,2022,9,17,Far Western Region,Dadeldhura,Parashuram,FLOOD,0,0,0,0,0,0,0,0.0,False,29.12629781,80.27884894,,,,,,,,,,,,,True,True,False,True
bipad-60561,Government of Nepal BIPAD Portal,2022,9,17,Far Western Region,Kailali,Bhajani,FLOOD,1,0,0,0,0,0,0,0.0,False,28.4824643,81.02741626,,,,,,,,,,,,,True,True,False,True
bipad-60562,Government of Nepal BIPAD Portal,2022,9,8,Central Region,Kavrepalanchok,Temal,FLOOD,0,1,0,0,0,0,0,0.0,False,27.57007669,85.71475599,,,,,,,,,,,,,True,True,False,True
bipad-60592,Government of Nepal BIPAD Portal,2022,9,25,Far Western Region,Kanchanpur,Krishnapur,FLOOD,0,0,0,0,0,1,0,0.0,False,28.95605665,80.44569518,,,,,,,,,,,,,True,True,False,True
bipad-60668,Government of Nepal BIPAD Portal,2022,10,6,Western Region,Arghakhanchi,Sandhikharka,FLOOD,0,1,0,0,0,0,0,0.0,False,27.92583357,83.13483103,,,,,,,,,,,,,True,True,False,True
bipad-60673,Government of Nepal BIPAD Portal,2022,10,6,Mid-Western Region,Pyuthan,Airawati,FLOOD,0,1,0,0,0,0,0,0.0,False,28.03265891,82.89617707,,,,,,,,,,,,,True,True,False,True
bipad-60675,Government of Nepal BIPAD Portal,2022,10,6,Western Region,Baglung,Nisikhola,FLOOD,0,0,0,0,0,0,0,0.0,False,28.40025212,83.00011808,,,,,,,,,,,,,True,True,False,True
bipad-60677,Government of Nepal BIPAD Portal,2022,10,5,Central Region,Makwanpur,Hetauda,FLOOD,0,0,0,0,0,0,0,0.0,False,27.4627734,84.97383701,,,,,,,,,,,,,True,True,False,True
bipad-60733,Government of Nepal BIPAD Portal,2022,10,7,Mid-Western Region,Pyuthan,Mandavi,FLOOD,0,0,0,0,1,0,0,0.0,False,28.02042938,82.77314275,,,,,,,,,,,,,True,True,False,True
bipad-60757,Government of Nepal BIPAD Portal,2022,10,9,Mid-Western Region,Kalikot,Tilagufa,FLOOD,0,0,0,0,1,0,0,0.0,False,29.20435971,81.89183143,,,,,,,,,,,,,True,True,False,True
bipad-60767,Government of Nepal BIPAD Portal,2022,10,10,Eastern Region,Sunsari,Barah,FLOOD,0,0,0,0,0,0,0,0.0,False,26.84280449,87.18167684,,,,,,,,,,,,,True,True,False,True
bipad-60778,Government of Nepal BIPAD Portal,2022,10,9,Mid-Western Region,Kalikot,Tilagufa,FLOOD,0,0,0,0,1,0,0,0.0,False,29.20435971,81.89183143,,,,,,,,,,,,,True,True,False,True
bipad-60789,Government of Nepal BIPAD Portal,2022,10,10,Far Western Region,Kailali,Bhajani,FLOOD,0,0,0,0,0,0,0,0.0,False,28.4824643,81.02741626,,,,,,,,,,,,,True,True,False,True
bipad-60793,Government of Nepal BIPAD Portal,2022,10,9,Mid-Western Region,Kalikot,Palata,FLOOD,0,0,0,0,3,0,0,0.0,False,29.29392803,81.76897122,,,,,,,,,,,,,True,True,False,True
bipad-60794,Government of Nepal BIPAD Portal,2022,10,8,Mid-Western Region,Jumla,Hima,FLOOD,2,1,0,0,0,0,0,0.0,False,29.28106998,81.99892802,,,,,,,,,,,,,True,True,False,True
bipad-60796,Government of Nepal BIPAD Portal,2022,10,6,Central Region,Dhading,Thakre,FLOOD,0,1,0,0,0,0,0,0.0,False,27.71850652,85.03076643,,,,,,,,,,,,,True,True,False,True
bipad-60831,Government of Nepal BIPAD Portal,2022,10,7,Western Region,Palpa,Nisdi,FLOOD,2,0,0,0,0,0,0,0.0,False,27.82572056,84.00751718,,,,,,,,,,,,,True,True,False,True
bipad-62837,Government of Nepal BIPAD Portal,2023,3,18,Eastern Region,Udayapur,Rautamai,FLOOD,0,0,0,0,0,0,0,0.0,False,26.93279,86.66463,,,,,,,,,,,,,True,True,False,True
bipad-62839,Government of Nepal BIPAD Portal,2023,3,19,Central Region,Kathmandu,Kageshwori Manahora,FLOOD,0,0,0,0,0,0,0,0.0,False,27.69912,85.37856,,,,,,,,,,,,,True,True,False,True
bipad-62857,Government of Nepal BIPAD Portal,2023,3,20,Western Region,Kapilbastu,Buddhabhumi,FLOOD,0,0,0,0,0,0,0,0.0,False,27.62682,82.96838,,,,,,,,,,,,,True,True,False,True
bipad-62867,Government of Nepal BIPAD Portal,2023,3,19,Western Region,Kapilbastu,Buddhabhumi,FLOOD,0,0,0,0,0,0,0,0.0,False,27.62682,82.96838,,,,,,,,,,,,,True,True,False,True
bipad-63053,Government of Nepal BIPAD Portal,2023,3,31,Eastern Region,Udayapur,Rautamai,FLOOD,0,0,0,0,0,0,0,0.0,False,26.93279,86.66463,,,,,,,,,,,,,True,True,False,True
bipad-64152,Government of Nepal BIPAD Portal,2023,5,14,Central Region,Kavrepalanchok,Namobuddha,FLOOD,0,0,0,0,1,0,0,0.0,False,27.54493,85.63649,,,,,,,,,,,,,True,True,False,True
bipad-64161,Government of Nepal BIPAD Portal,2023,5,14,Central Region,Kavrepalanchok,Namobuddha,FLOOD,0,0,0,0,0,0,0,0.0,False,27.54493,85.63649,,,,,,,,,,,,,True,True,False,True
bipad-64162,Government of Nepal BIPAD Portal,2023,5,14,Central Region,Kavrepalanchok,Namobuddha,FLOOD,0,0,0,0,0,0,0,0.0,False,27.54493,85.63649,,,,,,,,,,,,,True,True,False,True
bipad-64284,Government of Nepal BIPAD Portal,2023,5,20,Western Region,Myagdi,Raghuganga,FLOOD,0,0,0,0,0,0,0,0.0,False,28.54637,83.48729,,,,,,,,,,,,,True,True,False,True
bipad-64400,Government of Nepal BIPAD Portal,2023,5,25,Western Region,Nawalparasi West,Sunwal,FLOOD,0,0,0,0,0,0,0,0.0,False,27.6125268,83.64889137,,,,,,,,,,,,,True,True,False,True
bipad-64590,Government of Nepal BIPAD Portal,2023,6,5,Western Region,Myagdi,Raghuganga,FLOOD,1,0,1,0,0,0,0,0.0,False,28.54637,83.48729,,,,,,,,,,,,,True,True,False,True
bipad-64715,Government of Nepal BIPAD Portal,2023,6,13,Western Region,Myagdi,Raghuganga,FLOOD,0,0,0,0,0,0,0,0.0,False,28.54637,83.48729,,,,,,,,,,,,,True,True,False,True
bipad-64716,Government of Nepal BIPAD Portal,2023,6,13,Western Region,Manang,Narpa Bhoomi,FLOOD,0,0,0,0,0,0,0,0.0,False,28.67916,84.18079,,,,,,,,,,,,,True,True,False,True
bipad-64729,Government of Nepal BIPAD Portal,2023,6,13,Central Region,Ramechhap,Gokulganga,FLOOD,1,0,0,0,0,0,0,0.0,False,27.53685,86.18811,,,,,,,,,,,,,True,True,False,True
bipad-64766,Government of Nepal BIPAD Portal,2023,6,15,Eastern Region,Taplejung,Phaktanglung,FLOOD,0,0,0,0,0,0,0,0.0,False,27.60988,87.82613,,,,,,,,,,,,,True,True,False,True
bipad-64774,Government of Nepal BIPAD Portal,2023,6,15,Eastern Region,Taplejung,Sirijangha,FLOOD,0,0,0,0,0,0,0,0.0,False,27.40989719,87.91470592,,,,,,,,,,,,,True,True,False,True
bipad-64775,Government of Nepal BIPAD Portal,2023,6,15,Eastern Region,Panchthar,Yangwarak,FLOOD,0,0,0,0,0,0,0,0.0,False,27.32235904,88.01002906,,,,,,,,,,,,,True,True,False,True
bipad-64779,Government of Nepal BIPAD Portal,2023,6,15,Eastern Region,Taplejung,Phaktanglung,FLOOD,0,0,0,0,0,0,0,0.0,False,27.60988,87.82613,,,,,,,,,,,,,True,True,False,True
bipad-64781,Government of Nepal BIPAD Portal,2023,6,15,Eastern Region,Panchthar,Phidim,FLOOD,0,0,0,0,0,0,0,0.0,False,27.14773,87.78498,,,,,,,,,,,,,True,True,False,True
bipad-64782,Government of Nepal BIPAD Portal,2023,6,16,Eastern Region,Panchthar,Phidim,FLOOD,0,0,0,0,0,0,0,0.0,False,27.14773,87.78498,,,,,,,,,,,,,True,True,False,True
bipad-64798,Government of Nepal BIPAD Portal,2023,6,20,Eastern Region,Panchthar,Hilihang,FLOOD,0,0,0,0,0,0,0,0.0,False,27.26336772,87.75398984,,,,,,,,,,,,,True,True,False,True
bipad-64801,Government of Nepal BIPAD Portal,2023,6,17,Eastern Region,Sankhuwasabha,Khandbari,FLOOD,0,0,0,0,0,0,0,0.0,False,27.3868814825,87.2156945863,,,,,,,,,,,,,True,True,False,True
bipad-64802,Government of Nepal BIPAD Portal,2023,6,18,Eastern Region,Panchthar,Phidim,FLOOD,0,0,0,0,0,0,0,0.0,False,27.14773,87.78498,,,,,,,,,,,,,True,True,False,True
bipad-64804,Government of Nepal BIPAD Portal,2023,6,18,Eastern Region,Panchthar,Phidim,FLOOD,1,1,0,0,0,0,0,0.0,False,27.09166297,87.79199471,,,,,,,,,,,,,True,True,False,True
bipad-64806,Government of Nepal BIPAD Portal,2023,6,15,Eastern Region,Taplejung,Sidingba,FLOOD,0,0,0,0,0,0,0,0.0,False,27.38678515,87.96453569,,,,,,,,,,,,,True,True,False,True
bipad-64811,Government of Nepal BIPAD Portal,2023,6,18,Eastern Region,Sankhuwasabha,Panchakhapan,FLOOD,0,0,0,0,0,0,0,0.0,False,27.34264277,87.34795541,,,,,,,,,,,,,True,True,False,True
bipad-64812,Government of Nepal BIPAD Portal,2023,6,18,Eastern Region,Panchthar,Phidim,FLOOD,0,0,0,0,3,0,0,0.0,False,27.14773,87.78498,,,,,,,,,,,,,True,True,False,True
bipad-64813,Government of Nepal BIPAD Portal,2023,6,18,Eastern Region,Panchthar,Falelung,FLOOD,0,0,0,0,0,0,0,0.0,False,27.20900864,87.94642285,,,,,,,,,,,,,True,True,False,True
bipad-64817,Government of Nepal BIPAD Portal,2023,6,18,Eastern Region,Panchthar,Falelung,FLOOD,0,0,0,0,0,0,0,0.0,False,27.16219065,87.88318321,,,,,,,,,,,,,True,True,False,True
bipad-64820,Government of Nepal BIPAD Portal,2023,6,17,Eastern Region,Taplejung,Sidingba,FLOOD,0,0,0,0,0,0,0,0.0,False,27.29372231,87.85845753,,,,,,,,,,,,,True,True,False,True
bipad-64823,Government of Nepal BIPAD Portal,2023,6,17,Eastern Region,Sankhuwasabha,Panchakhapan,FLOOD,0,0,0,0,0,0,0,0.0,False,27.31675813,87.26930006,,,,,,,,,,,,,True,True,False,True
bipad-64825,Government of Nepal BIPAD Portal,2023,6,17,Eastern Region,Taplejung,Maiwakhola,FLOOD,0,0,0,0,0,0,0,0.0,False,27.3346089,87.55868283,,,,,,,,,,,,,True,True,False,True
bipad-64826,Government of Nepal BIPAD Portal,2023,6,17,Eastern Region,Sankhuwasabha,Chainpur,FLOOD,0,1,0,0,0,0,0,0.0,False,27.315511,87.47233031,,,,,,,,,,,,,True,True,False,True
bipad-64828,Government of Nepal BIPAD Portal,2023,6,17,Eastern Region,Sankhuwasabha,Chainpur,FLOOD,0,0,0,0,0,0,0,0.0,False,27.26747641,87.234409,,,,,,,,,,,,,True,True,False,True
bipad-64830,Government of Nepal BIPAD Portal,2023,6,17,Eastern Region,Sankhuwasabha,Khandbari,FLOOD,3,16,3,0,12,7,0,0.0,False,27.3868814825,87.2156945863,,,,,,,,,,,,,True,True,False,True
bipad-64834,Government of Nepal BIPAD Portal,2023,6,17,Eastern Region,Panchthar,Phidim,FLOOD,0,0,0,0,0,0,0,0.0,False,27.14773,87.78498,,,,,,,,,,,,,True,True,False,True
bipad-64838,Government of Nepal BIPAD Portal,2023,6,17,Eastern Region,Taplejung,Phaktanglung,FLOOD,0,0,1,0,0,0,0,0.0,False,27.60988,87.82613,,,,,,,,,,,,,True,True,False,True
bipad-64840,Government of Nepal BIPAD Portal,2023,6,17,Eastern Region,Ilam,Mai,FLOOD,0,0,0,0,0,0,0,0.0,False,26.82812965,87.90455696,,,,,,,,,,,,,True,True,False,True
bipad-64841,Government of Nepal BIPAD Portal,2023,6,18,Eastern Region,Panchthar,Yangwarak,FLOOD,0,0,0,0,0,0,0,0.0,False,27.27246796,87.84602205,,,,,,,,,,,,,True,True,False,True
bipad-64842,Government of Nepal BIPAD Portal,2023,6,18,Eastern Region,Panchthar,Phidim,FLOOD,0,0,0,0,0,0,0,0.0,False,27.15055471,87.80223508,,,,,,,,,,,,,True,True,False,True
bipad-64844,Government of Nepal BIPAD Portal,2023,6,18,Eastern Region,Panchthar,Phidim,FLOOD,1,2,0,0,1,0,0,0.0,False,27.14755188,87.73524958,,,,,,,,,,,,,True,True,False,True
bipad-64845,Government of Nepal BIPAD Portal,2023,6,18,Eastern Region,Panchthar,Yangwarak,FLOOD,0,0,0,0,0,0,0,0.0,False,27.24863128,87.98620781,,,,,,,,,,,,,True,True,False,True
bipad-64846,Government of Nepal BIPAD Portal,2023,6,17,Eastern Region,Taplejung,Aathrai Tribeni,FLOOD,0,0,0,0,0,0,0,0.0,False,27.3195726,87.58026394,,,,,,,,,,,,,True,True,False,True
bipad-64847,Government of Nepal BIPAD Portal,2023,6,18,Eastern Region,Panchthar,Falelung,FLOOD,0,0,0,0,12,20,0,0.0,False,27.20900864,87.94642285,,,,,,,,,,,,,True,True,False,True
bipad-64857,Government of Nepal BIPAD Portal,2023,6,17,Eastern Region,Sankhuwasabha,Dharmadevi,FLOOD,0,0,0,0,0,0,0,0.0,False,27.23230269,87.30452595,,,,,,,,,,,,,True,True,False,True
bipad-64858,Government of Nepal BIPAD Portal,2023,6,17,Eastern Region,Sankhuwasabha,Chainpur,FLOOD,0,0,0,0,0,0,0,0.0,False,27.28691812,87.28066921,,,,,,,,,,,,,True,True,False,True
bipad-64860,Government of Nepal BIPAD Portal,2023,6,17,Eastern Region,Sankhuwasabha,Khandbari,FLOOD,0,0,0,0,0,0,0,0.0,False,27.3868814825,87.2156945863,,,,,,,,,,,,,True,True,False,True
bipad-64862,Government of Nepal BIPAD Portal,2023,6,17,Eastern Region,Sankhuwasabha,Madi,FLOOD,0,0,0,0,0,0,0,0.0,False,27.28086532,87.4042855,,,,,,,,,,,,,True,True,False,True
bipad-64863,Government of Nepal BIPAD Portal,2023,6,17,Eastern Region,Sankhuwasabha,Dharmadevi,FLOOD,0,0,0,0,0,0,0,0.0,False,27.24425636,87.32854816,,,,,,,,,,,,,True,True,False,True
bipad-64864,Government of Nepal BIPAD Portal,2023,6,17,Eastern Region,Sankhuwasabha,Khandbari,FLOOD,0,0,0,0,0,0,0,0.0,False,27.3868814825,87.2156945863,,,,,,,,,,,,,True,True,False,True
bipad-64865,Government of Nepal BIPAD Portal,2023,6,17,Eastern Region,Sankhuwasabha,Chainpur,FLOOD,0,0,0,0,0,0,0,0.0,False,27.28675485,87.31778984,,,,,,,,,,,,,True,True,False,True
bipad-64866,Government of Nepal BIPAD Portal,2023,6,17,Eastern Region,Sankhuwasabha,Khandbari,FLOOD,0,0,0,0,0,0,0,0.0,False,27.3868814825,87.2156945863,,,,,,,,,,,,,True,True,False,True
bipad-64869,Government of Nepal BIPAD Portal,2023,6,17,Eastern Region,Sankhuwasabha,Chainpur,FLOOD,0,0,0,0,0,0,0,0.0,False,27.28675485,87.31778984,,,,,,,,,,,,,True,True,False,True
bipad-64881,Government of Nepal BIPAD Portal,2023,6,18,Eastern Region,Panchthar,Phidim,FLOOD,0,0,0,0,0,0,0,0.0,False,27.14773,87.78498,,,,,,,,,,,,,True,True,False,True
bipad-64886,Government of Nepal BIPAD Portal,2023,6,17,Eastern Region,Sankhuwasabha,Chainpur,FLOOD,0,0,0,0,0,0,0,0.0,False,27.30494969,87.32009875,,,,,,,,,,,,,True,True,False,True
bipad-64890,Government of Nepal BIPAD Portal,2023,6,19,Eastern Region,Udayapur,Belaka,FLOOD,0,0,0,0,0,0,0,0.0,False,26.82973058,87.12283713,,,,,,,,,,,,,True,True,False,True
bipad-64892,Government of Nepal BIPAD Portal,2023,6,17,Eastern Region,Sankhuwasabha,Panchakhapan,FLOOD,0,0,0,0,0,0,0,0.0,False,27.34264277,87.34795541,,,,,,,,,,,,,True,True,False,True
bipad-64893,Government of Nepal BIPAD Portal,2023,6,17,Eastern Region,Sankhuwasabha,Panchakhapan,FLOOD,0,0,0,0,0,0,0,0.0,False,27.31675813,87.26930006,,,,,,,,,,,,,True,True,False,True
bipad-64894,Government of Nepal BIPAD Portal,2023,6,20,Eastern Region,Sankhuwasabha,Khandbari,FLOOD,0,0,0,0,0,0,0,0.0,False,27.3868814825,87.2156945863,,,,,,,,,,,,,True,True,False,True
bipad-64898,Government of Nepal BIPAD Portal,2023,6,20,Western Region,Myagdi,Raghuganga,FLOOD,0,0,0,0,0,0,0,0.0,False,28.54637,83.48729,,,,,,,,,,,,,True,True,False,True
bipad-64900,Government of Nepal BIPAD Portal,2023,6,14,Eastern Region,Bhojpur,Temkemaiyung,FLOOD,1,0,0,0,0,0,0,0.0,False,27.12905004,86.93104963,,,,,,,,,,,,,True,True,False,True
bipad-64901,Government of Nepal BIPAD Portal,2023,6,19,Eastern Region,Sankhuwasabha,Makalu,FLOOD,0,0,0,0,0,0,0,0.0,False,27.60870372,87.25412704,,,,,,,,,,,,,True,True,False,True
bipad-64903,Government of Nepal BIPAD Portal,2023,6,18,Eastern Region,Panchthar,Phidim,FLOOD,0,0,0,0,0,0,0,0.0,False,27.14773,87.78498,,,,,,,,,,,,,True,True,False,True
bipad-64918,Government of Nepal BIPAD Portal,2023,6,20,Eastern Region,Taplejung,Sirijangha,FLOOD,0,0,0,0,0,0,0,0.0,False,27.40989719,87.91470592,,,,,,,,,,,,,True,True,False,True
bipad-64919,Government of Nepal BIPAD Portal,2023,6,17,Eastern Region,Taplejung,Sidingba,FLOOD,0,0,0,0,0,0,0,0.0,False,27.38678515,87.96453569,,,,,,,,,,,,,True,True,False,True
bipad-64925,Government of Nepal BIPAD Portal,2023,6,20,Eastern Region,Panchthar,Yangwarak,FLOOD,0,0,0,0,0,0,0,0.0,False,27.26088932,87.79789369,,,,,,,,,,,,,True,True,False,True
bipad-64940,Government of Nepal BIPAD Portal,2023,6,20,Eastern Region,Panchthar,Yangwarak,FLOOD,0,0,0,0,0,0,0,0.0,False,27.27246796,87.84602205,,,,,,,,,,,,,True,True,False,True
bipad-64944,Government of Nepal BIPAD Portal,2023,6,18,Eastern Region,Panchthar,Phidim,FLOOD,0,0,0,0,0,0,0,0.0,False,27.14773,87.78498,,,,,,,,,,,,,True,True,False,True
bipad-64947,Government of Nepal BIPAD Portal,2023,6,19,Eastern Region,Panchthar,Yangwarak,FLOOD,0,0,0,0,0,0,0,0.0,False,27.27246796,87.84602205,,,,,,,,,,,,,True,True,False,True
bipad-64948,Government of Nepal BIPAD Portal,2023,6,19,Eastern Region,Panchthar,Yangwarak,FLOOD,0,0,0,0,0,0,0,0.0,False,27.25830099,87.88871447,,,,,,,,,,,,,True,True,False,True
bipad-64992,Government of Nepal BIPAD Portal,2023,6,23,Eastern Region,Bhojpur,Bhojpur,FLOOD,0,0,0,0,0,0,0,0.0,False,27.17377,87.09084,,,,,,,,,,,,,True,True,False,True
bipad-64996,Government of Nepal BIPAD Portal,2023,6,24,Central Region,Kavrepalanchok,Roshi,FLOOD,0,0,0,0,0,0,0,0.0,False,27.47253885,85.7187792,,,,,,,,,,,,,True,True,False,True
bipad-64997,Government of Nepal BIPAD Portal,2023,6,24,Central Region,Sindhuli,Golanjor,FLOOD,0,0,0,0,1,0,0,0.0,False,27.23796494,86.10586071,,,,,,,,,,,,,True,True,False,True
bipad-64998,Government of Nepal BIPAD Portal,2023,6,24,Central Region,Kavrepalanchok,Roshi,FLOOD,0,0,0,0,0,0,0,0.0,False,27.42107605,85.77066028,,,,,,,,,,,,,True,True,False,True
bipad-64999,Government of Nepal BIPAD Portal,2023,6,23,Central Region,Sarlahi,Chakraghatta,FLOOD,0,0,0,0,0,0,0,0.0,False,26.91911882,85.50153583,,,,,,,,,,,,,True,True,False,True
bipad-65003,Government of Nepal BIPAD Portal,2023,6,23,Eastern Region,Bhojpur,Hatuwagadhi,FLOOD,0,0,0,0,0,0,0,0.0,False,27.04711845,87.12587607,,,,,,,,,,,,,True,True,False,True
bipad-65010,Government of Nepal BIPAD Portal,2023,6,24,Eastern Region,Khotang,Khotehang,FLOOD,0,0,0,0,0,0,0,0.0,False,27.02361195,86.84571425,,,,,,,,,,,,,True,True,False,True
bipad-65029,Government of Nepal BIPAD Portal,2023,6,23,Eastern Region,Dhankuta,Dhankuta,FLOOD,0,0,0,0,0,0,0,0.0,False,27.00791,87.36671,,,,,,,,,,,,,True,True,False,True
bipad-65036,Government of Nepal BIPAD Portal,2023,6,23,Eastern Region,Bhojpur,Shadananda,FLOOD,0,0,0,0,0,0,0,0.0,False,27.2872482,87.18651139,,,,,,,,,,,,,True,True,False,True
bipad-65038,Government of Nepal BIPAD Portal,2023,6,25,Mid-Western Region,Jumla,Guthichaur,FLOOD,1,0,0,0,0,0,0,0.0,False,29.1852522,82.31844942,,,,,,,,,,,,,True,True,False,True
bipad-65047,Government of Nepal BIPAD Portal,2023,6,24,Mid-Western Region,Rukum East,Bhume,FLOOD,0,0,0,0,0,0,0,0.0,False,28.51771054,82.66718053,,,,,,,,,,,,,True,True,False,True
bipad-65057,Government of Nepal BIPAD Portal,2023,6,24,Mid-Western Region,Rukum East,Bhume,FLOOD,0,0,0,0,0,0,0,0.0,False,28.54333742,82.65987265,,,,,,,,,,,,,True,True,False,True
bipad-65069,Government of Nepal BIPAD Portal,2023,6,26,Western Region,Kaski,Pokhara,FLOOD,0,0,0,0,0,0,0,0.0,False,28.29100255,83.95623713,,,,,,,,,,,,,True,True,False,True
bipad-65077,Government of Nepal BIPAD Portal,2023,6,27,Mid-Western Region,Pyuthan,Pyuthan,FLOOD,0,0,0,0,0,0,0,0.0,False,28.10780728,82.90208132,,,,,,,,,,,,,True,True,False,True
bipad-65082,Government of Nepal BIPAD Portal,2023,6,27,Eastern Region,Panchthar,Phidim,FLOOD,0,0,0,0,0,0,0,0.0,False,27.14755188,87.73524958,,,,,,,,,,,,,True,True,False,True
bipad-65086,Government of Nepal BIPAD Portal,2023,6,23,Eastern Region,Jhapa,Birtamode,FLOOD,0,0,0,0,0,0,0,0.0,False,26.63646336,88.02185032,,,,,,,,,,,,,True,True,False,True
bipad-65098,Government of Nepal BIPAD Portal,2023,6,29,Far Western Region,Achham,Bannigadhi Jayagadh,FLOOD,0,0,0,0,0,0,0,0.0,False,29.18133215,81.27401918,,,,,,,,,,,,,True,True,False,True
bipad-65169,Government of Nepal BIPAD Portal,2023,7,1,Mid-Western Region,Banke,Rapti Sonari,FLOOD,0,0,0,0,0,0,0,0.0,False,28.09534,81.84765,,,,,,,,,,,,,True,True,False,True
bipad-65223,Government of Nepal BIPAD Portal,2023,6,17,Eastern Region,Taplejung,Maiwakhola,FLOOD,0,0,0,0,0,0,0,0.0,False,27.33571915,87.5381215,,,,,,,,,,,,,True,True,False,True
bipad-65229,Government of Nepal BIPAD Portal,2023,7,4,Western Region,Mustang,Thasang,FLOOD,0,0,0,0,0,0,0,0.0,False,28.68987876,83.58687182,,,,,,,,,,,,,True,True,False,True
bipad-65328,Government of Nepal BIPAD Portal,2023,7,6,Western Region,Lamjung,Marsyangdi,FLOOD,0,0,1,0,0,0,0,0.0,False,28.28362,84.43609,,,,,,,,,,,,,True,True,False,True
bipad-65363,Government of Nepal BIPAD Portal,2023,7,12,Eastern Region,Morang,Belbari,FLOOD,0,0,0,0,0,0,0,0.0,False,26.61037,87.46726,,,,,,,,,,,,,True,True,False,True
bipad-65364,Government of Nepal BIPAD Portal,2023,7,12,Eastern Region,Morang,Belbari,FLOOD,0,0,0,0,0,0,0,0.0,False,26.61037,87.46726,,,,,,,,,,,,,True,True,False,True
bipad-65365,Government of Nepal BIPAD Portal,2023,7,12,Eastern Region,Jhapa,Haldibari,FLOOD,0,0,0,0,0,0,0,0.0,False,26.49228972,87.97775691,,,,,,,,,,,,,True,True,False,True
bipad-65367,Government of Nepal BIPAD Portal,2023,7,12,Eastern Region,Morang,Belbari,FLOOD,0,0,0,0,0,0,0,0.0,False,26.61037,87.46726,,,,,,,,,,,,,True,True,False,True
bipad-65382,Government of Nepal BIPAD Portal,2023,7,13,Western Region,Manang,Narpa Bhoomi,FLOOD,0,0,0,0,0,0,0,0.0,False,28.67916,84.18079,,,,,,,,,,,,,True,True,False,True
bipad-65390,Government of Nepal BIPAD Portal,2023,7,13,Eastern Region,Jhapa,Barhadashi,FLOOD,0,0,0,0,0,0,0,0.0,False,26.58323,87.91446,,,,,,,,,,,,,True,True,False,True
bipad-65392,Government of Nepal BIPAD Portal,2023,7,13,Eastern Region,Taplejung,Phaktanglung,FLOOD,0,0,0,0,0,0,0,0.0,False,27.60988,87.82613,,,,,,,,,,,,,True,True,False,True
bipad-65401,Government of Nepal BIPAD Portal,2023,7,13,Eastern Region,Sunsari,Inaruwa,FLOOD,0,0,0,0,0,0,0,0.0,False,26.64064,87.12722,,,,,,,,,,,,,True,True,False,True
bipad-65406,Government of Nepal BIPAD Portal,2023,7,14,Eastern Region,Sunsari,Inaruwa,FLOOD,0,0,0,0,0,0,0,0.0,False,26.64064,87.12722,,,,,,,,,,,,,True,True,False,True
bipad-65410,Government of Nepal BIPAD Portal,2023,7,14,Eastern Region,Morang,Belbari,FLOOD,0,0,0,0,0,0,0,0.0,False,26.61037,87.46726,,,,,,,,,,,,,True,True,False,True
bipad-65415,Government of Nepal BIPAD Portal,2023,7,13,Eastern Region,Sunsari,Inaruwa,FLOOD,0,0,0,0,0,0,0,0.0,False,26.64064,87.12722,,,,,,,,,,,,,True,True,False,True
bipad-65416,Government of Nepal BIPAD Portal,2023,7,14,Eastern Region,Morang,Belbari,FLOOD,0,0,0,0,0,0,0,0.0,False,26.61037,87.46726,,,,,,,,,,,,,True,True,False,True
bipad-65420,Government of Nepal BIPAD Portal,2023,7,14,Eastern Region,Jhapa,Barhadashi,FLOOD,0,0,0,0,0,0,0,0.0,False,26.58323,87.91446,,,,,,,,,,,,,True,True,False,True
bipad-65422,Government of Nepal BIPAD Portal,2023,7,13,Eastern Region,Jhapa,Barhadashi,FLOOD,0,0,0,0,0,0,0,0.0,False,26.58323,87.91446,,,,,,,,,,,,,True,True,False,True
bipad-65424,Government of Nepal BIPAD Portal,2023,7,15,Western Region,Mustang,Lo Ghekar Damodarkunda,FLOOD,0,0,0,0,0,0,0,0.0,False,28.9548,83.86811,,,,,,,,,,,,,True,True,False,True
bipad-65440,Government of Nepal BIPAD Portal,2023,7,14,Western Region,Kaski,Pokhara,FLOOD,0,0,0,0,0,0,0,0.0,False,28.18170761,84.02069928,,,,,,,,,,,,,True,True,False,True
bipad-65471,Government of Nepal BIPAD Portal,2023,7,18,Eastern Region,Udayapur,Rautamai,FLOOD,0,0,0,0,0,0,0,0.0,False,26.93279,86.66463,,,,,,,,,,,,,True,True,False,True
bipad-65524,Government of Nepal BIPAD Portal,2023,7,20,Mid-Western Region,Surkhet,Bheriganga,FLOOD,0,0,0,0,0,0,0,0.0,False,28.40214347,81.74954304,,,,,,,,,,,,,True,True,False,True
bipad-65528,Government of Nepal BIPAD Portal,2023,7,21,Mid-Western Region,Pyuthan,Pyuthan,FLOOD,0,0,0,0,0,0,0,0.0,False,28.1203,82.85541,,,,,,,,,,,,,True,True,False,True
bipad-65531,Government of Nepal BIPAD Portal,2023,7,20,Mid-Western Region,Surkhet,Bheriganga,FLOOD,0,0,0,0,0,0,0,0.0,False,28.44749312,81.74290588,,,,,,,,,,,,,True,True,False,True
bipad-65571,Government of Nepal BIPAD Portal,2023,7,23,Central Region,Kathmandu,Kageshwori Manahora,FLOOD,1,0,0,0,0,0,0,0.0,False,27.69912,85.37856,,,,,,,,,,,,,True,True,False,True
bipad-65582,Government of Nepal BIPAD Portal,2023,7,24,Far Western Region,Bajura,Gaumul,FLOOD,0,0,0,0,0,0,0,0.0,False,29.5579,81.49045,,,,,,,,,,,,,True,True,False,True
bipad-65604,Government of Nepal BIPAD Portal,2023,7,25,Western Region,Rupandehi,Butwal,FLOOD,0,0,0,0,1,0,0,0.0,False,27.68143397,83.45941241,,,,,,,,,,,,,True,True,False,True
bipad-65609,Government of Nepal BIPAD Portal,2023,7,25,Western Region,Rupandehi,Tilottama,FLOOD,0,0,0,0,0,0,0,0.0,False,27.57833,83.42932,,,,,,,,,,,,,True,True,False,True
bipad-65647,Government of Nepal BIPAD Portal,2023,7,29,Far Western Region,Darchula,Dunhu,FLOOD,0,0,0,0,0,0,0,0.0,False,29.87268587,80.63343432,,,,,,,,,,,,,True,True,False,True
bipad-65660,Government of Nepal BIPAD Portal,2023,7,29,Western Region,Kaski,Pokhara,FLOOD,0,0,0,0,0,0,0,0.0,False,28.26358367,84.03108977,,,,,,,,,,,,,True,True,False,True
bipad-65748,Government of Nepal BIPAD Portal,2023,8,8,Far Western Region,Kailali,Dhangadhi,FLOOD,0,0,0,0,0,0,0,0.0,False,28.66254632,80.60426852,,,,,,,,,,,,,True,True,False,True
bipad-65767,Government of Nepal BIPAD Portal,2023,8,8,Central Region,Kathmandu,Budhanilkantha,FLOOD,0,0,0,0,0,1,0,0.0,False,27.74257431,85.36936048,,,,,,,,,,,,,True,True,False,True
bipad-65769,Government of Nepal BIPAD Portal,2023,8,7,Far Western Region,Kailali,Ghodaghodi,FLOOD,0,0,0,0,0,0,0,0.0,False,28.65921649,80.92063982,,,,,,,,,,,,,True,True,False,True
bipad-65778,Government of Nepal BIPAD Portal,2023,8,8,Central Region,Bara,Jitpur Simara,FLOOD,0,0,0,0,0,0,0,0.0,False,27.10642,85.06984,,,,,,,,,,,,,True,True,False,True
bipad-65793,Government of Nepal BIPAD Portal,2023,8,8,Central Region,Mahottari,Sonama,FLOOD,1,0,0,0,0,0,0,0.0,False,26.85283421,85.74789093,,,,,,,,,,,,,True,True,False,True
bipad-65806,Government of Nepal BIPAD Portal,2023,8,8,Far Western Region,Dadeldhura,Parashuram,FLOOD,0,0,0,0,0,0,0,0.0,False,29.12629781,80.27884894,,,,,,,,,,,,,True,True,False,True
bipad-65813,Government of Nepal BIPAD Portal,2023,8,8,Mid-Western Region,Bardiya,Madhuwan,FLOOD,0,0,0,0,0,0,0,0.0,False,28.40416476,81.22870616,,,,,,,,,,,,,True,True,False,True
bipad-65827,Government of Nepal BIPAD Portal,2023,8,8,Far Western Region,Kailali,Gauriganga,FLOOD,0,0,0,0,1,0,0,0.0,False,28.6708298,80.84418619,,,,,,,,,,,,,True,True,False,True
bipad-65828,Government of Nepal BIPAD Portal,2023,8,8,Far Western Region,Kailali,Joshipur,FLOOD,0,0,0,0,0,0,0,0.0,False,28.54526474,81.00741265,,,,,,,,,,,,,True,True,False,True
bipad-65829,Government of Nepal BIPAD Portal,2023,8,8,Far Western Region,Kailali,Bardagoriya,FLOOD,0,0,0,0,2,0,0,0.0,False,28.71763344,81.04698941,,,,,,,,,,,,,True,True,False,True
bipad-65830,Government of Nepal BIPAD Portal,2023,8,8,Far Western Region,Kailali,Janaki,FLOOD,0,0,0,0,0,115,0,0.0,False,28.55711481,81.07804555,,,,,,,,,,,,,True,True,False,True
bipad-65831,Government of Nepal BIPAD Portal,2023,8,8,Far Western Region,Kailali,Kailari,FLOOD,0,0,0,0,0,1,0,0.0,False,28.52737452,80.8624959,,,,,,,,,,,,,True,True,False,True
bipad-65832,Government of Nepal BIPAD Portal,2023,8,8,Far Western Region,Kailali,Bhajani,FLOOD,0,0,0,0,4,0,0,0.0,False,28.52095762,80.99478068,,,,,,,,,,,,,True,True,False,True
bipad-65833,Government of Nepal BIPAD Portal,2023,8,8,Far Western Region,Kailali,Tikapur,FLOOD,0,0,1,0,1,365,0,0.0,False,28.51478892,81.06486492,,,,,,,,,,,,,True,True,False,True
bipad-65834,Government of Nepal BIPAD Portal,2023,8,8,Far Western Region,Kailali,Gauriganga,FLOOD,1,0,0,0,11,0,0,0.0,False,28.74013,80.89463,,,,,,,,,,,,,True,True,False,True
bipad-65835,Government of Nepal BIPAD Portal,2023,8,8,Far Western Region,Kailali,Dhangadhi,FLOOD,0,0,0,0,1,0,0,0.0,False,28.75975554,80.61307863,,,,,,,,,,,,,True,True,False,True
bipad-65867,Government of Nepal BIPAD Portal,2023,8,13,Western Region,Mustang,Gharapjhong,FLOOD,0,0,0,0,0,0,0,0.0,False,28.79861462,83.75391856,,,,,,,,,,,,,True,True,False,True
bipad-65868,Government of Nepal BIPAD Portal,2023,8,13,Central Region,Sindhuli,Phikkal,FLOOD,0,0,0,0,0,0,0,0.0,False,27.16930122,86.34760085,,,,,,,,,,,,,True,True,False,True
bipad-65879,Government of Nepal BIPAD Portal,2023,8,13,Eastern Region,Sankhuwasabha,Madi,FLOOD,0,0,1,0,0,0,0,0.0,False,27.2706583,87.34601737,,,,,,,,,,,,,True,True,False,True
bipad-65885,Government of Nepal BIPAD Portal,2023,8,13,Eastern Region,Taplejung,Meringden,FLOOD,0,0,0,0,0,0,0,0.0,False,27.44175052,87.57938128,,,,,,,,,,,,,True,True,False,True
bipad-65886,Government of Nepal BIPAD Portal,2023,8,14,Western Region,Mustang,Lo Ghekar Damodarkunda,FLOOD,0,0,0,0,0,0,0,0.0,False,28.9548,83.86811,,,,,,,,,,,,,True,True,False,True
bipad-65891,Government of Nepal BIPAD Portal,2023,8,14,Western Region,Mustang,Lo Ghekar Damodarkunda,FLOOD,0,0,0,0,31,16,0,0.0,False,28.9548,83.86811,,,,,,,,,,,,,True,True,False,True
bipad-65898,Government of Nepal BIPAD Portal,2023,8,14,Mid-Western Region,Bardiya,Gulariya,FLOOD,0,0,0,0,0,0,0,0.0,False,28.1852357,81.39446389,,,,,,,,,,,,,True,True,False,True
bipad-65899,Government of Nepal BIPAD Portal,2023,8,14,Central Region,Sindhupalchok,Jugal,FLOOD,0,0,0,0,0,1,0,0.0,False,27.90711,85.75568,,,,,,,,,,,,,True,True,False,True
bipad-65905,Government of Nepal BIPAD Portal,2023,8,13,Mid-Western Region,Rukum East,Sisne,FLOOD,0,0,0,0,0,0,0,0.0,False,28.64604449,82.58107893,,,,,,,,,,,,,True,True,False,True
bipad-65973,Government of Nepal BIPAD Portal,2023,8,20,Western Region,Mustang,Lo Ghekar Damodarkunda,FLOOD,0,0,0,0,0,0,0,0.0,False,28.9548,83.86811,,,,,,,,,,,,,True,True,False,True
bipad-65974,Government of Nepal BIPAD Portal,2023,8,21,Mid-Western Region,Jumla,Guthichaur,FLOOD,1,0,0,0,1,0,0,0.0,False,29.23923,82.21605,,,,,,,,,,,,,True,True,False,True
bipad-65975,Government of Nepal BIPAD Portal,2023,8,21,Eastern Region,Bhojpur,Bhojpur,FLOOD,0,0,0,0,0,0,0,0.0,False,27.17377,87.09084,,,,,,,,,,,,,True,True,False,True
bipad-65983,Government of Nepal BIPAD Portal,2023,7,31,Eastern Region,Bhojpur,Bhojpur,FLOOD,1,0,0,0,0,0,0,0.0,False,27.17377,87.09084,,,,,,,,,,,,,True,True,False,True
bipad-65992,Government of Nepal BIPAD Portal,2023,8,23,Central Region,Sindhupalchok,Helambu,FLOOD,0,0,0,0,0,0,0,0.0,False,27.88497727,85.52959607,,,,,,,,,,,,,True,True,False,True
bipad-66000,Government of Nepal BIPAD Portal,2023,8,25,Central Region,Sindhupalchok,Helambu,FLOOD,0,0,0,0,0,0,0,0.0,False,27.88497727,85.52959607,,,,,,,,,,,,,True,True,False,True
bipad-66012,Government of Nepal BIPAD Portal,2023,8,25,Eastern Region,Siraha,Lahan,FLOOD,0,0,0,0,0,0,0,0.0,False,26.77246868,86.44947612,,,,,,,,,,,,,True,True,False,True
bipad-66020,Government of Nepal BIPAD Portal,2023,8,25,Central Region,Sindhupalchok,Helambu,FLOOD,0,0,0,0,0,0,0,0.0,False,27.88497727,85.52959607,,,,,,,,,,,,,True,True,False,True
bipad-66021,Government of Nepal BIPAD Portal,2023,8,25,Central Region,Rautahat,Brindaban,FLOOD,0,0,0,0,0,0,0,0.0,False,26.98914,85.33443,,,,,,,,,,,,,True,True,False,True
bipad-66026,Government of Nepal BIPAD Portal,2023,8,26,Eastern Region,Saptari,Surunga,FLOOD,0,0,0,0,0,1,0,0.0,False,26.65859691,86.54639872,,,,,,,,,,,,,True,True,False,True
bipad-66080,Government of Nepal BIPAD Portal,2023,8,28,Western Region,Gorkha,Dharche,FLOOD,0,0,0,0,1,0,0,0.0,False,28.20085748,84.92065875,,,,,,,,,,,,,True,True,False,True
bipad-66123,Government of Nepal BIPAD Portal,2023,9,3,Mid-Western Region,Rukum West,Chaurjahari,FLOOD,2,0,0,0,0,0,0,0.0,False,28.65776855,82.26755568,,,,,,,,,,,,,True,True,False,True
bipad-66198,Government of Nepal BIPAD Portal,2023,9,14,Mid-Western Region,Jajarkot,Kushe,FLOOD,0,0,0,0,0,0,0,0.0,False,28.86981,82.19935,,,,,,,,,,,,,True,True,False,True
bipad-66341,Government of Nepal BIPAD Portal,2023,9,30,Western Region,Parbat,Kushma,FLOOD,2,1,0,0,0,0,0,0.0,False,28.20228,83.69519,,,,,,,,,,,,,True,True,False,True
