event_id,source,year,month,day,region,district,municipality,cause,deaths,missing,injured,people_affected,houses_destroyed,houses_affected,evacuated,roads_damaged_km,transport_affected,latitude,longitude,district_area_sq_km,elevation_m,terrain_relief_m,households_2011,population_2011,population_density_2011,rainfall_1d_mm,rainfall_3d_mm,rainfall_7d_mm,rainfall_30d_mm,rainy_days_7d,rainfall_7d_anomaly,basin_id,sub_basin_area_sq_km,upstream_area_sq_km,distance_to_outlet_km,basin_order,nearest_river_distance_km,river_average_discharge_cms,river_upstream_area_sq_km,river_strahler_order,local_elevation_m,local_relief_m,casualty_label_known,housing_label_known,transport_label_known,severe_label_known
episode-e13fb0c1cd2660fde4b1,Government of Nepal BIPAD Portal,2014,5,24,Eastern Region,Udayapur,Rautamai,FLOOD,2,0,0,0,0,0,0,0.0,False,26.93279,86.66463,,,,,,,,,,,,,,,,,,,,,,,,True,True,False,True
episode-eb13dfd4cc95cf702b01,Government of Nepal BIPAD Portal,2014,6,4,Mid-Western Region,Kalikot,Pachaljharana,FLOOD,1,0,0,0,0,0,0,0.0,False,29.21559,81.74506,,,,,,,,,,,,,,,,,,,,,,,,True,True,False,True
episode-9c133872457ac1c748ee,Government of Nepal BIPAD Portal,2014,6,7,Far Western Region,Bajura,Gaumul,FLOOD,3,0,1,0,11,120,0,0.0,False,29.5579,81.49045,,,,,,,,,,,,,,,,,,,,,,,,True,True,False,True
episode-2aa4768dd0ab06aff02b,Government of Nepal BIPAD Portal,2014,6,17,Central Region,Dolakha,Bigu,FLOOD,0,0,0,0,0,0,0,0.0,False,27.82349,86.22218,,,,,,,,,,,,,,,,,,,,,,,,True,True,False,True
episode-3ab0d2e7c55160cad341,Government of Nepal BIPAD Portal,2014,6,18,Far Western Region,Baitadi,Surnaya,FLOOD,1,0,0,0,0,0,0,0.0,False,29.50844,80.57647,,,,,,,,,,,,,,,,,,,,,,,,True,True,False,True
episode-592822793e9d5af97d72,Government of Nepal BIPAD Portal,2014,6,18,Central Region,Mahottari,Aurahi,FLOOD,1,0,0,0,0,0,0,0.0,False,26.88482,85.81298,,,,,,,,,,,,,,,,,,,,,,,,True,True,False,True
episode-f8869dccd2b4578353e1,Government of Nepal BIPAD Portal,2014,6,19,Western Region,Gulmi,Resunga,FLOOD,0,0,0,0,0,0,0,0.0,False,28.09848,83.31058,,,,,,,,,,,,,,,,,,,,,,,,True,True,False,True
episode-58f96b0f8a3b8ccacf16,Government of Nepal BIPAD Portal,2014,6,21,Central Region,Bara,Jitpur Simara,FLOOD,2,0,0,0,0,0,0,0.0,False,27.10642,85.06984,,,,,,,,,,,,,,,,,,,,,,,,True,True,False,True
episode-9ce5a3e633543c580fc5,Government of Nepal BIPAD Portal,2014,7,5,Mid-Western Region,Surkhet,Barahtal,FLOOD,0,2,0,0,0,0,0,0.0,False,28.65047,81.50876,,,,,,,,,,,,,,,,,,,,,,,,True,True,False,True
episode-d008c898fbc870868ab2,Government of Nepal BIPAD Portal,2014,7,7,Mid-Western Region,Banke,Rapti Sonari,FLOOD,1,0,0,0,0,0,0,0.0,False,28.09534,81.84765,,,,,,,,,,,,,,,,,,,,,,,,True,True,False,True
episode-fe762ec0448e6c8e97e8,Government of Nepal BIPAD Portal,2014,7,11,Mid-Western Region,Dolpa,Shey Phoksundo,FLOOD,0,0,0,0,0,0,0,0.0,False,29.21277,83.03833,,,,,,,,,,,,,,,,,,,,,,,,True,True,False,True
episode-987d10b6e454e1b67017,Government of Nepal BIPAD Portal,2014,7,12,Central Region,Chitwan,Bharatpur,FLOOD,1,0,0,0,0,0,0,0.0,False,27.61645,84.36001,,,,,,,,,,,,,,,,,,,,,,,,True,True,False,True
episode-f801d6e9f15582d5e5dd,Government of Nepal BIPAD Portal,2014,7,14,Eastern Region,Solukhumbu,Khumbu Pasanglhamu,FLOOD,0,0,0,0,0,0,0,0.0,False,27.72488,86.68194,,,,,,,,,,,,,,,,,,,,,,,,True,True,False,True
episode-349b7b8636a09afd26d5,Government of Nepal BIPAD Portal,2014,7,18,Central Region,Sindhupalchok,Jugal,FLOOD,0,0,0,0,7,0,0,0.0,False,27.90711,85.75568,,,,,,,,,,,,,,,,,,,,,,,,True,True,False,True
episode-545ccbbae629d1724c2d,Government of Nepal BIPAD Portal,2014,7,19,Eastern Region,Dhankuta,Dhankuta,FLOOD,0,1,0,0,0,0,0,0.0,False,27.00791,87.36671,,,,,,,,,,,,,,,,,,,,,,,,True,True,False,True
episode-d4a33609fdaa43f355ae,Government of Nepal BIPAD Portal,2014,7,19,Far Western Region,Kanchanpur,Shuklaphanta National Park,FLOOD,1,0,0,0,0,0,0,0.0,False,28.84298,80.31147,,,,,,,,,,,,,,,,,,,,,,,,True,True,False,True
episode-d5a36ed49f261eb54b3a,Government of Nepal BIPAD Portal,2014,7,19,Central Region,Sindhupalchok,Jugal,FLOOD,0,0,0,0,0,0,0,0.0,False,27.90711,85.75568,,,,,,,,,,,,,,,,,,,,,,,,True,True,False,True
episode-4cf025f5cf589a37c4f5,Government of Nepal BIPAD Portal,2014,7,20,Far Western Region,Dadeldhura,Alital,FLOOD,1,0,0,0,21,0,0,0.0,False,29.20864,80.48616,,,,,,,,,,,,,,,,,,,,,,,,True,True,False,True
episode-fc67b58b8260cb3813e7,Government of Nepal BIPAD Portal,2014,7,20,Mid-Western Region,Dailekh,Mahabu,FLOOD,0,1,0,0,0,0,0,0.0,False,28.88537,81.67138,,,,,,,,,,,,,,,,,,,,,,,,True,True,False,True
episode-8fcee605f9337a6fb594,Government of Nepal BIPAD Portal,2014,7,20,Far Western Region,Doti,Shikhar,FLOOD,0,1,0,0,0,0,0,0.0,False,29.18116,80.84086,,,,,,,,,,,,,,,,,,,,,,,,True,True,False,True
episode-1c3e74cb9685a7184a63,Government of Nepal BIPAD Portal,2014,7,20,Mid-Western Region,Jajarkot,Kushe,FLOOD,0,1,0,0,0,0,0,0.0,False,28.86981,82.19935,,,,,,,,,,,,,,,,,,,,,,,,True,True,False,True
episode-6e147a2103d08fc28dbc,Government of Nepal BIPAD Portal,2014,7,20,Far Western Region,Kailali,Gauriganga,FLOOD,1,0,0,0,0,0,0,0.0,False,28.74013,80.89463,,,,,,,,,,,,,,,,,,,,,,,,True,True,False,True
episode-cdb4f05ab7dd96c93d96,Government of Nepal BIPAD Portal,2014,7,21,Central Region,Kathmandu,Kageshwori Manahora,FLOOD,0,1,0,0,0,0,0,0.0,False,27.69912,85.37856,,,,,,,,,,,,,,,,,,,,,,,,True,True,False,True
episode-fa870ad5d9c2407b708b,Government of Nepal BIPAD Portal,2014,7,23,Western Region,Rupandehi,Tilottama,FLOOD,1,0,0,0,0,0,0,0.0,False,27.57833,83.42932,,,,,,,,,,,,,,,,,,,,,,,,True,True,False,True
episode-6ffed28e99eff015d022,Government of Nepal BIPAD Portal,2014,7,24,Western Region,Nawalparasi East,Madhyabindu,FLOOD,1,0,0,0,0,0,0,0.0,False,27.61064,84.00745,,,,,,,,,,,,,,,,,,,,,,,,True,True,False,True
episode-e06d80f11160e2f8c60f,Government of Nepal BIPAD Portal,2014,7,26,Mid-Western Region,Jajarkot,Kushe,FLOOD,0,2,0,0,0,0,0,0.0,False,28.86981,82.19935,,,,,,,,,,,,,,,,,,,,,,,,True,True,False,True
episode-9abed71d528facbd0052,Government of Nepal BIPAD Portal,2014,7,27,Central Region,Rasuwa,Gosaikunda,FLOOD,1,0,0,0,0,0,0,0.0,False,28.1755,85.46091,,,,,,,,,,,,,,,,,,,,,,,,True,True,False,True
episode-5f7697631eb2895b1e88,Government of Nepal BIPAD Portal,2014,7,29,Far Western Region,Achham,Kamalbazar,FLOOD,1,0,2,0,0,0,0,0.0,False,29.06417,81.30663,,,,,,,,,,,,,,,,,,,,,,,,True,True,False,True
episode-1f04823317c4be0e6ce9,Government of Nepal BIPAD Portal,2014,7,29,Western Region,Kaski,Machhapuchchhre,FLOOD,0,0,1,0,0,0,0,0.0,False,28.34628,83.99007,,,,,,,,,,,,,,,,,,,,,,,,True,True,False,True
episode-51bdeaae0771ff876dbb,Government of Nepal BIPAD Portal,2014,7,29,Central Region,Rasuwa,Gosaikunda,FLOOD,1,0,0,0,0,0,0,0.0,False,28.1755,85.46091,,,,,,,,,,,,,,,,,,,,,,,,True,True,False,True
episode-80a5245d13a11bea9177,Government of Nepal BIPAD Portal,2014,7,30,Central Region,Kathmandu,Kageshwori Manahora,FLOOD,0,1,0,0,0,0,0,0.0,False,27.69912,85.37856,,,,,,,,,,,,,,,,,,,,,,,,True,True,False,True
episode-2a83ec18a3a526e149c7,Government of Nepal BIPAD Portal,2014,8,1,Central Region,Ramechhap,Gokulganga,FLOOD,0,0,0,0,0,0,0,0.0,False,27.53685,86.18811,,,,,,,,,,,,,,,,,,,,,,,,True,True,False,True
episode-d15aeef9784761d478f7,Government of Nepal BIPAD Portal,2014,8,5,Central Region,Dolakha,Bigu,FLOOD,0,0,0,0,0,0,0,0.0,False,27.82349,86.22218,,,,,,,,,,,,,,,,,,,,,,,,True,True,False,True
episode-7b78a27e339f31ff24e4,Government of Nepal BIPAD Portal,2014,8,13,Mid-Western Region,Banke,Rapti Sonari,FLOOD,15,5,2,0,2771,7992,0,0.0,False,28.09534,81.84765,,,,,,,,,,,,,,,,,,,,,,,,True,True,False,True
episode-636634e37d4ee6982ae4,Government of Nepal BIPAD Portal,2014,8,13,Mid-Western Region,Bardiya,Barbardiya,FLOOD,33,15,2,0,3859,13517,0,0.0,False,28.36918,81.41147,,,,,,,,,,,,,,,,,,,,,,,,True,True,False,True
episode-12509072330e41263f4c,Government of Nepal BIPAD Portal,2014,8,13,Eastern Region,Morang,Belbari,FLOOD,1,0,0,0,0,0,0,0.0,False,26.61037,87.46726,,,,,,,,,,,,,,,,,,,,,,,,True,True,False,True
episode-419913e74b261fae69b1,Government of Nepal BIPAD Portal,2014,8,14,Mid-Western Region,Dang,Ghorahi,FLOOD,14,4,2,0,521,374,0,0.0,False,27.9672,82.44665,,,,,,,,,,,,,,,,,,,,,,,,True,True,False,True
episode-70d0b09c488e115a7ca2,Government of Nepal BIPAD Portal,2014,8,14,Central Region,Dhanusa,Dhanusadham,FLOOD,1,0,0,0,0,0,0,0.0,False,26.83206,86.05628,,,,,,,,,,,,,,,,,,,,,,,,True,True,False,True
episode-9e554e48ceab15e0165e,Government of Nepal BIPAD Portal,2014,8,14,Central Region,Lalitpur,Konjyosom,FLOOD,1,0,0,0,0,0,0,0.0,False,27.54796,85.33968,,,,,,,,,,,,,,,,,,,,,,,,True,True,False,True
episode-b8a43f75739a667d3375,Government of Nepal BIPAD Portal,2014,8,14,Central Region,Rautahat,Brindaban,FLOOD,0,0,0,0,0,0,0,0.0,False,26.98914,85.33443,,,,,,,,,,,,,,,,,,,,,,,,True,True,False,True
episode-91670d424892c86732aa,Government of Nepal BIPAD Portal,2014,8,14,Eastern Region,Siraha,Golbazar,FLOOD,0,1,0,0,0,0,0,0.0,False,26.7425,86.3336,,,,,,,,,,,,,,,,,,,,,,,,True,True,False,True
episode-315a4ee4d9122fb5f0b4,Government of Nepal BIPAD Portal,2014,8,14,Mid-Western Region,Surkhet,Barahtal,FLOOD,34,91,26,0,1427,2439,0,0.0,False,28.65047,81.50876,,,,,,,,,,,,,,,,,,,,,,,,True,True,False,True
episode-f13be1603a68639ccd1f,Government of Nepal BIPAD Portal,2014,8,14,Eastern Region,Udayapur,Rautamai,FLOOD,1,0,0,0,1,0,0,0.0,False,26.93279,86.66463,,,,,,,,,,,,,,,,,,,,,,,,True,True,False,True
episode-3666ec37a5b6bc01808e,Government of Nepal BIPAD Portal,2014,8,15,Central Region,Parsa,Thori,FLOOD,0,0,0,0,1,0,0,0.0,False,27.22317,84.73056,,,,,,,,,,,,,,,,,,,,,,,,True,True,False,True
episode-c81371a3d01ffd0726d3,Government of Nepal BIPAD Portal,2014,8,16,Mid-Western Region,Salyan,Sharada,FLOOD,1,0,0,0,0,0,0,0.0,False,28.4,82.09154,,,,,,,,,,,,,,,,,,,,,,,,True,True,False,True
episode-425343e6646666a3614b,Government of Nepal BIPAD Portal,2014,8,17,Central Region,Mahottari,Aurahi,FLOOD,0,0,0,0,0,1,0,0.0,False,26.88482,85.81298,,,,,,,,,,,,,,,,,,,,,,,,True,True,False,True
episode-f86ffde7c590c1383aa9,Government of Nepal BIPAD Portal,2014,8,21,Central Region,Sindhuli,Kamalamai,FLOOD,2,2,0,0,0,0,0,0.0,False,27.18536,85.90753,,,,,,,,,,,,,,,,,,,,,,,,True,True,False,True
episode-c8160e9fa6936d0d3e1c,Government of Nepal BIPAD Portal,2014,8,28,Central Region,Mahottari,Aurahi,FLOOD,0,0,0,0,3,0,0,0.0,False,26.88482,85.81298,,,,,,,,,,,,,,,,,,,,,,,,True,True,False,True
episode-064a5677523ecedee969,Government of Nepal BIPAD Portal,2014,8,28,Central Region,Ramechhap,Gokulganga,FLOOD,1,0,0,0,0,0,0,0.0,False,27.53685,86.18811,,,,,,,,,,,,,,,,,,,,,,,,True,True,False,True
episode-2a36bf2b84c6227b01f0,Government of Nepal BIPAD Portal,2014,9,13,Mid-Western Region,Bardiya,Barbardiya,FLOOD,0,1,0,0,0,0,0,0.0,False,28.36918,81.41147,,,,,,,,,,,,,,,,,,,,,,,,True,True,False,True
episode-20fb52c9aa6df9c5793e,Government of Nepal BIPAD Portal,2014,9,19,Eastern Region,Dhankuta,Dhankuta,FLOOD,0,0,0,0,0,4,0,0.0,False,27.00791,87.36671,,,,,,,,,,,,,,,,,,,,,,,,True,True,False,True
episode-611e7505875155e412a7,Government of Nepal BIPAD Portal,2014,9,19,Central Region,Kathmandu,Kageshwori Manahora,FLOOD,0,0,0,0,0,0,0,0.0,False,27.69912,85.37856,,,,,,,,,,,,,,,,,,,,,,,,True,True,False,True
episode-d196f0842d1a017de5a3,Government of Nepal BIPAD Portal,2014,9,19,Mid-Western Region,Rukum East,Sisne,FLOOD,1,0,0,0,0,0,0,0.0,False,28.73381,82.67046,,,,,,,,,,,,,,,,,,,,,,,,True,True,False,True
episode-dfebcafe598d1ce2b130,Government of Nepal BIPAD Portal,2014,9,21,Eastern Region,Khotang,Halesi Tuwachung,FLOOD,0,0,0,0,0,0,0,0.0,False,27.15572,86.7091,,,,,,,,,,,,,,,,,,,,,,,,True,True,False,True
episode-147fdeb50d20648c7920,Government of Nepal BIPAD Portal,2014,9,23,Far Western Region,Achham,Kamalbazar,FLOOD,1,0,0,0,0,0,0,0.0,False,29.06417,81.30663,,,,,,,,,,,,,,,,,,,,,,,,True,True,False,True
episode-79948ee03e2fb9050ee3,Government of Nepal BIPAD Portal,2014,9,25,Central Region,Rautahat,Brindaban,FLOOD,1,1,0,0,0,0,0,0.0,False,26.98914,85.33443,,,,,,,,,,,,,,,,,,,,,,,,True,True,False,True
episode-84231acd6c1a9d597db5,Government of Nepal BIPAD Portal,2014,9,29,Central Region,Makwanpur,Makawanpurgadhi,FLOOD,1,0,0,0,0,0,0,0.0,False,27.4427,85.08797,,,,,,,,,,,,,,,,,,,,,,,,True,True,False,True
episode-605d7cfcac0f3bbd6a3f,Government of Nepal BIPAD Portal,2014,10,13,Mid-Western Region,Surkhet,Barahtal,FLOOD,0,2,0,0,0,0,0,0.0,False,28.65047,81.50876,,,,,,,,,,,,,,,,,,,,,,,,True,True,False,True
episode-5f1f9ff6d4cdfc433e92,Government of Nepal BIPAD Portal,2014,10,14,Western Region,Arghakhanchi,Bhumikasthan,FLOOD,0,1,0,0,0,0,0,0.0,False,27.94393,83.04234,,,,,,,,,,,,,,,,,,,,,,,,True,True,False,True
episode-55a92ff8f1182ea9a57a,Government of Nepal BIPAD Portal,2014,10,14,Central Region,Chitwan,Bharatpur,FLOOD,1,0,0,0,0,0,0,0.0,False,27.61645,84.36001,,,,,,,,,,,,,,,,,,,,,,,,True,True,False,True
episode-1376cdccf203d8d67f3b,Government of Nepal BIPAD Portal,2015,7,3,Eastern Region,Khotang,Halesi Tuwachung,FLOOD,0,0,0,0,0,0,0,0.0,False,27.15572,86.7091,,,,,,,,,,,,,,,,,,,,,,,,True,True,False,True
episode-fce5fbd8bdc7a48a0a87,Government of Nepal BIPAD Portal,2015,7,4,Eastern Region,Khotang,Halesi Tuwachung,FLOOD,0,0,2,0,4,0,0,0.0,False,27.15572,86.7091,,,,,,,,,,,,,,,,,,,,,,,,True,True,False,True
episode-0eaa605cb3cf7c38bf43,Government of Nepal BIPAD Portal,2015,7,8,Mid-Western Region,Bardiya,Barbardiya,FLOOD,0,2,0,0,0,0,0,0.0,False,28.36918,81.41147,,,,,,,,,,,,,,,,,,,,,,,,True,True,False,True
episode-93d15b01afa35d278916,Government of Nepal BIPAD Portal,2015,7,15,Central Region,Sarlahi,Haripur,FLOOD,0,0,0,0,0,0,0,0.0,False,26.96729,85.57183,,,,,,,,,,,,,,,,,,,,,,,,True,True,False,True
episode-42cb242b9c3ecb437391,Government of Nepal BIPAD Portal,2015,7,16,Mid-Western Region,Bardiya,Barbardiya,FLOOD,0,0,0,0,2,0,0,0.0,False,28.36918,81.41147,,,,,,,,,,,,,,,,,,,,,,,,True,True,False,True
episode-33543f0adb5db6e84ab1,Government of Nepal BIPAD Portal,2015,7,23,Eastern Region,Sankhuwasabha,Khandbari,FLOOD,0,0,0,0,0,0,0,0.0,False,27.3868814825,87.2156945863,,,,,,,,,,,,,,,,,,,,,,,,True,True,False,True
episode-a2496014c34a94be49d2,Government of Nepal BIPAD Portal,2015,7,31,Far Western Region,Kanchanpur,Shuklaphanta National Park,FLOOD,0,0,0,0,6,0,0,0.0,False,28.84298,80.31147,,,,,,,,,,,,,,,,,,,,,,,,True,True,False,True
episode-9f0f72bdb095a0ed551a,Government of Nepal BIPAD Portal,2015,8,21,Central Region,Chitwan,Bharatpur,FLOOD,0,0,0,0,0,0,0,0.0,False,27.61645,84.36001,,,,,,,,,,,,,,,,,,,,,,,,True,True,False,True
episode-996c37048d70717bebc7,Government of Nepal BIPAD Portal,2015,8,21,Mid-Western Region,Rolpa,Rolpa,FLOOD,0,0,0,0,0,4,0,0.0,False,28.32432,82.65523,,,,,,,,,,,,,,,,,,,,,,,,True,True,False,True
episode-e22a60fdf1ef6e2452f9,Government of Nepal BIPAD Portal,2015,8,30,Eastern Region,Okhaldhunga,Molung,FLOOD,0,0,2,0,2,0,0,0.0,False,27.33592,86.44629,,,,,,,,,,,,,,,,,,,,,,,,True,True,False,True
episode-8819e91da52ec5b6ef62,Government of Nepal BIPAD Portal,2015,9,1,Central Region,Sindhuli,Kamalamai,FLOOD,0,1,2,0,0,0,0,0.0,False,27.18536,85.90753,,,,,,,,,,,,,,,,,,,,,,,,True,True,False,True
episode-adbe78c61cd88a0dee0c,Government of Nepal BIPAD Portal,2016,5,4,Central Region,Makwanpur,Makawanpurgadhi,FLOOD,2,0,0,0,0,0,0,0.0,False,27.4427,85.08797,,,,,,,,,,,,,,,,,,,,,,,,True,True,False,True
episode-9d23baff2f49fe5709a0,Government of Nepal BIPAD Portal,2016,5,10,Far Western Region,Baitadi,Surnaya,FLOOD,0,0,0,0,0,1,0,0.0,False,29.50844,80.57647,,,,,,,,,,,,,,,,,,,,,,,,True,True,False,True
episode-7bf7dd58b4b437841cd6,Government of Nepal BIPAD Portal,2016,5,12,Mid-Western Region,Rolpa,Rolpa,FLOOD,1,0,0,0,0,12,0,0.0,False,28.32432,82.65523,,,,,,,,,,,,,,,,,,,,,,,,True,True,False,True
episode-7d0c552dd5298c665f8d,Government of Nepal BIPAD Portal,2016,5,12,Mid-Western Region,Salyan,Sharada,FLOOD,0,0,0,0,0,27,0,0.0,False,28.4,82.09154,,,,,,,,,,,,,,,,,,,,,,,,True,True,False,True
episode-3cf64822a21dfeaefda7,Government of Nepal BIPAD Portal,2016,5,13,Mid-Western Region,Dailekh,Mahabu,FLOOD,2,0,0,0,0,5,0,0.0,False,28.88537,81.67138,,,,,,,,,,,,,,,,,,,,,,,,True,True,False,True
episode-e032fd1a5ee35051f0fc,Government of Nepal BIPAD Portal,2016,5,14,Far Western Region,Bajhang,Surma,FLOOD,2,0,0,0,0,0,0,0.0,False,29.7171,81.15534,,,,,,,,,,,,,,,,,,,,,,,,True,True,False,True
episode-5e0041dae47690d6107d,Government of Nepal BIPAD Portal,2016,5,17,Eastern Region,Sankhuwasabha,Khandbari,FLOOD,1,0,0,0,0,0,0,0.0,False,27.3868814825,87.2156945863,,,,,,,,,,,,,,,,,,,,,,,,True,True,False,True
episode-34b56ebb55299eee8b70,Government of Nepal BIPAD Portal,2016,5,17,Central Region,Sindhuli,Kamalamai,FLOOD,0,1,0,0,0,0,0,0.0,False,27.18536,85.90753,,,,,,,,,,,,,,,,,,,,,,,,True,True,False,True
episode-dbd4c58336e1e5f29a3e,Government of Nepal BIPAD Portal,2016,5,21,Central Region,Chitwan,Bharatpur,FLOOD,2,0,0,0,0,0,0,0.0,False,27.61645,84.36001,,,,,,,,,,,,,,,,,,,,,,,,True,True,False,True
episode-561b57e0051db724f17f,Government of Nepal BIPAD Portal,2016,5,24,Central Region,Sindhuli,Kamalamai,FLOOD,1,0,2,0,0,0,0,0.0,False,27.18536,85.90753,,,,,,,,,,,,,,,,,,,,,,,,True,True,False,True
episode-bbf39b4d5587be793e9a,Government of Nepal BIPAD Portal,2016,5,25,Far Western Region,Baitadi,Surnaya,FLOOD,1,1,0,0,0,0,0,0.0,False,29.50844,80.57647,,,,,,,,,,,,,,,,,,,,,,,,True,True,False,True
episode-670ac4c0a6e0b90021f6,Government of Nepal BIPAD Portal,2016,5,25,Far Western Region,Bajura,Gaumul,FLOOD,2,0,7,0,16,63,0,0.0,False,29.5579,81.49045,,,,,,,,,,,,,,,,,,,,,,,,True,True,False,True
episode-681126d98bb7361eaf16,Government of Nepal BIPAD Portal,2016,5,25,Far Western Region,Dadeldhura,Alital,FLOOD,0,1,0,0,0,0,0,0.0,False,29.20864,80.48616,,,,,,,,,,,,,,,,,,,,,,,,True,True,False,True
episode-310f591025ff8d4f959e,Government of Nepal BIPAD Portal,2016,5,25,Eastern Region,Sunsari,Inaruwa,FLOOD,0,0,0,0,0,5,0,0.0,False,26.64064,87.12722,,,,,,,,,,,,,,,,,,,,,,,,True,True,False,True
episode-0923d7bccd6606ee601b,Government of Nepal BIPAD Portal,2016,5,27,Eastern Region,Udayapur,Rautamai,FLOOD,1,0,0,0,0,0,0,0.0,False,26.93279,86.66463,,,,,,,,,,,,,,,,,,,,,,,,True,True,False,True
episode-5ff063f063e0c9c1392d,Government of Nepal BIPAD Portal,2016,5,28,Far Western Region,Bajura,Gaumul,FLOOD,1,0,0,0,0,0,0,0.0,False,29.5579,81.49045,,,,,,,,,,,,,,,,,,,,,,,,True,True,False,True
episode-c54c83ef0c5154bce6fc,Government of Nepal BIPAD Portal,2016,5,28,Western Region,Lamjung,Marsyangdi,FLOOD,1,0,0,0,0,0,0,0.0,False,28.28362,84.43609,,,,,,,,,,,,,,,,,,,,,,,,True,True,False,True
episode-17afb68f3c04fc9be2d5,Government of Nepal BIPAD Portal,2016,6,4,Far Western Region,Kailali,Gauriganga,FLOOD,0,1,0,0,0,0,0,0.0,False,28.74013,80.89463,,,,,,,,,,,,,,,,,,,,,,,,True,True,False,True
episode-bed68d0ea22eb5d2c993,Government of Nepal BIPAD Portal,2016,6,8,Far Western Region,Doti,Shikhar,FLOOD,0,0,0,0,1,0,0,0.0,False,29.18116,80.84086,,,,,,,,,,,,,,,,,,,,,,,,True,True,False,True
episode-131cedd862c1ab3ff225,Government of Nepal BIPAD Portal,2016,6,11,Western Region,Myagdi,Raghuganga,FLOOD,0,0,0,0,0,0,0,0.0,False,28.54637,83.48729,,,,,,,,,,,,,,,,,,,,,,,,True,True,False,True
episode-afe5775992a2c6377830,Government of Nepal BIPAD Portal,2016,6,19,Mid-Western Region,Dailekh,Mahabu,FLOOD,2,0,0,0,0,0,0,0.0,False,28.88537,81.67138,,,,,,,,,,,,,,,,,,,,,,,,True,True,False,True
episode-e6036939c2265762440d,Government of Nepal BIPAD Portal,2016,6,20,Far Western Region,Doti,Shikhar,FLOOD,0,0,0,0,0,0,0,0.0,False,29.18116,80.84086,,,,,,,,,,,,,,,,,,,,,,,,True,True,False,True
episode-f406da19788766421366,Government of Nepal BIPAD Portal,2016,6,21,Far Western Region,Bajura,Gaumul,FLOOD,0,0,0,0,0,2,0,0.0,False,29.5579,81.49045,,,,,,,,,,,,,,,,,,,,,,,,True,True,False,True
episode-8641ccc292fd43431975,Government of Nepal BIPAD Portal,2016,6,21,Mid-Western Region,Humla,Simkot,FLOOD,0,0,0,0,2,0,0,0.0,False,30.02618,81.88546,,,,,,,,,,,,,,,,,,,,,,,,True,True,False,True
episode-5c4cf6aa36b9a7ce0346,Government of Nepal BIPAD Portal,2016,6,21,Eastern Region,Jhapa,Barhadashi,FLOOD,0,0,0,0,0,0,0,0.0,False,26.58323,87.91446,,,,,,,,,,,,,,,,,,,,,,,,True,True,False,True
episode-708f20a79379e75debe0,Government of Nepal BIPAD Portal,2016,6,21,Eastern Region,Morang,Belbari,FLOOD,0,0,0,0,18,0,0,0.0,False,26.61037,87.46726,,,,,,,,,,,,,,,,,,,,,,,,True,True,False,True
episode-f4b24d4811de1c9ae029,Government of Nepal BIPAD Portal,2016,6,21,Eastern Region,Sunsari,Inaruwa,FLOOD,0,0,0,0,0,0,0,0.0,False,26.64064,87.12722,,,,,,,,,,,,,,,,,,,,,,,,True,True,False,True
episode-19fb036896697198c056,Government of Nepal BIPAD Portal,2016,6,22,Eastern Region,Jhapa,Barhadashi,FLOOD,0,0,0,0,0,0,0,0.0,False,26.58323,87.91446,,,,,,,,,,,,,,,,,,,,,,,,True,True,False,True
episode-0dd08ceb08d681fe81b3,Government of Nepal BIPAD Portal,2016,6,22,Eastern Region,Morang,Belbari,FLOOD,2,0,0,0,0,0,0,0.0,False,26.61037,87.46726,,,,,,,,,,,,,,,,,,,,,,,,True,True,False,True
episode-e670a9438d78755e6346,Government of Nepal BIPAD Portal,2016,6,23,Central Region,Sindhuli,Kamalamai,FLOOD,1,0,0,0,0,0,0,0.0,False,27.18536,85.90753,,,,,,,,,,,,,,,,,,,,,,,,True,True,False,True
episode-26e990f0ed89a4e7ab82,Government of Nepal BIPAD Portal,2016,6,25,Eastern Region,Saptari,Rupani,FLOOD,0,0,0,0,0,0,0,0.0,False,26.60701,86.75179,,,,,,,,,,,,,,,,,,,,,,,,True,True,False,True
episode-71df765502a569f3c85d,Government of Nepal BIPAD Portal,2016,6,27,Central Region,Sarlahi,Haripur,FLOOD,1,0,0,0,0,0,0,0.0,False,26.96729,85.57183,,,,,,,,,,,,,,,,,,,,,,,,True,True,False,True
episode-0ac8e723c008a0235e8b,Government of Nepal BIPAD Portal,2016,7,1,Mid-Western Region,Salyan,Sharada,FLOOD,0,1,0,0,0,0,0,0.0,False,28.4,82.09154,,,,,,,,,,,,,,,,,,,,,,,,True,True,False,True
episode-2d3c6b5a4b824815afbd,Government of Nepal BIPAD Portal,2016,7,1,Central Region,Sarlahi,Haripur,FLOOD,1,0,1,0,0,0,0,0.0,False,26.96729,85.57183,,,,,,,,,,,,,,,,,,,,,,,,True,True,False,True
episode-9f7a15860ce5e4b04c4b,Government of Nepal BIPAD Portal,2016,7,2,Mid-Western Region,Banke,Rapti Sonari,FLOOD,0,1,0,0,0,0,0,0.0,False,28.09534,81.84765,,,,,,,,,,,,,,,,,,,,,,,,True,True,False,True
episode-3f0ddb0c3029feb48192,Government of Nepal BIPAD Portal,2016,7,2,Mid-Western Region,Dang,Ghorahi,FLOOD,1,0,0,0,0,0,0,0.0,False,27.9672,82.44665,,,,,,,,,,,,,,,,,,,,,,,,True,True,False,True
episode-9c4642fbb118f2f8bef5,Government of Nepal BIPAD Portal,2016,7,2,Eastern Region,Morang,Belbari,FLOOD,1,0,0,0,0,0,0,0.0,False,26.61037,87.46726,,,,,,,,,,,,,,,,,,,,,,,,True,True,False,True
episode-14bccd2ca12bcbc2bd23,Government of Nepal BIPAD Portal,2016,7,3,Central Region,Sindhuli,Kamalamai,FLOOD,1,0,1,0,0,0,0,0.0,False,27.18536,85.90753,,,,,,,,,,,,,,,,,,,,,,,,True,True,False,True
episode-f79e574e3ab54bb2cd9d,Government of Nepal BIPAD Portal,2016,7,4,Central Region,Sindhupalchok,Jugal,FLOOD,0,0,0,0,88,30,0,0.0,False,27.90711,85.75568,,,,,,,,,,,,,,,,,,,,,,,,True,True,False,True
episode-44ab84b635493782f140,Government of Nepal BIPAD Portal,2016,7,5,Western Region,Baglung,Dhorpatan,FLOOD,0,0,0,0,2,0,0,0.0,False,28.35288,83.27139,,,,,,,,,,,,,,,,,,,,,,,,True,True,False,True
episode-aa376826d09822f7ee43,Government of Nepal BIPAD Portal,2016,7,5,Western Region,Kapilbastu,Buddhabhumi,FLOOD,1,0,0,0,0,0,0,0.0,False,27.62682,82.96838,,,,,,,,,,,,,,,,,,,,,,,,True,True,False,True
episode-6a9ca38c962f890efcd4,Government of Nepal BIPAD Portal,2016,7,10,Mid-Western Region,Dolpa,Shey Phoksundo,FLOOD,0,0,0,0,0,1,0,0.0,False,29.21277,83.03833,,,,,,,,,,,,,,,,,,,,,,,,True,True,False,True
episode-a204225de60823db4483,Government of Nepal BIPAD Portal,2016,7,14,Mid-Western Region,Kalikot,Pachaljharana,FLOOD,2,0,1,0,0,0,0,0.0,False,29.21559,81.74506,,,,,,,,,,,,,,,,,,,,,,,,True,True,False,True
episode-bdb2431b874103b8f6a0,Government of Nepal BIPAD Portal,2016,7,15,Western Region,Kaski,Machhapuchchhre,FLOOD,0,0,0,0,1,0,0,0.0,False,28.34628,83.99007,,,,,,,,,,,,,,,,,,,,,,,,True,True,False,True
episode-3c78e7079038a70ba649,Government of Nepal BIPAD Portal,2016,7,15,Mid-Western Region,Mugu,Mugum Karmarong,FLOOD,0,0,0,0,3,0,0,0.0,False,29.67916,82.30447,,,,,,,,,,,,,,,,,,,,,,,,True,True,False,True
episode-7b2b01fb9a194f628215,Government of Nepal BIPAD Portal,2016,7,15,Mid-Western Region,Rukum East,Sisne,FLOOD,0,1,0,0,0,0,0,0.0,False,28.73381,82.67046,,,,,,,,,,,,,,,,,,,,,,,,True,True,False,True
episode-33f1f9e35aa34d2beb7b,Government of Nepal BIPAD Portal,2016,7,15,Western Region,Tanahu,Rhishing,FLOOD,0,1,0,0,0,0,0,0.0,False,27.93572,84.24996,,,,,,,,,,,,,,,,,,,,,,,,True,True,False,True
episode-7ad0dc3c6be2c625fbf4,Government of Nepal BIPAD Portal,2016,7,16,Eastern Region,Taplejung,Phaktanglung,FLOOD,0,1,0,0,0,0,0,0.0,False,27.60988,87.82613,,,,,,,,,,,,,,,,,,,,,,,,True,True,False,True
episode-4e9e48aab61d6a7cdd5e,Government of Nepal BIPAD Portal,2016,7,17,Eastern Region,Morang,Belbari,FLOOD,1,0,0,0,0,0,0,0.0,False,26.61037,87.46726,,,,,,,,,,,,,,,,,,,,,,,,True,True,False,True
episode-a8d7e778050ca879e4fe,Government of Nepal BIPAD Portal,2016,7,19,Western Region,Gulmi,Resunga,FLOOD,1,0,0,0,0,0,0,0.0,False,28.09848,83.31058,,,,,,,,,,,,,,,,,,,,,,,,True,True,False,True
episode-e5a55410f8757b4e774d,Government of Nepal BIPAD Portal,2016,7,19,Eastern Region,Jhapa,Barhadashi,FLOOD,0,0,0,0,0,0,0,0.0,False,26.58323,87.91446,,,,,,,,,,,,,,,,,,,,,,,,True,True,False,True
episode-2857065ac3a506edfb0b,Government of Nepal BIPAD Portal,2016,7,20,Eastern Region,Jhapa,Barhadashi,FLOOD,0,0,0,0,0,0,0,0.0,False,26.58323,87.91446,,,,,,,,,,,,,,,,,,,,,,,,True,True,False,True
episode-ef90934ebc016d0f13da,Government of Nepal BIPAD Portal,2016,7,20,Eastern Region,Okhaldhunga,Molung,FLOOD,1,0,0,0,0,0,0,0.0,False,27.33592,86.44629,,,,,,,,,,,,,,,,,,,,,,,,True,True,False,True
episode-463a2c70c0bdc87ee91b,Government of Nepal BIPAD Portal,2016,7,20,Central Region,Rautahat,Brindaban,FLOOD,0,1,0,0,0,0,0,0.0,False,26.98914,85.33443,,,,,,,,,,,,,,,,,,,,,,,,True,True,False,True
episode-28859b8b7e8f9900dccc,Government of Nepal BIPAD Portal,2016,7,20,Eastern Region,Sunsari,Inaruwa,FLOOD,0,0,0,0,7,0,0,0.0,False,26.64064,87.12722,,,,,,,,,,,,,,,,,,,,,,,,True,True,False,True
episode-1e0a5025710404ba40f7,Government of Nepal BIPAD Portal,2016,7,21,Mid-Western Region,Banke,Rapti Sonari,FLOOD,1,0,0,0,0,0,0,0.0,False,28.09534,81.84765,,,,,,,,,,,,,,,,,,,,,,,,True,True,False,True
episode-a38c55b88750ce23c6ed,Government of Nepal BIPAD Portal,2016,7,21,Eastern Region,Jhapa,Barhadashi,FLOOD,0,0,0,0,0,0,0,0.0,False,26.58323,87.91446,,,,,,,,,,,,,,,,,,,,,,,,True,True,False,True
episode-3e7efa224a604e879be7,Government of Nepal BIPAD Portal,2016,7,21,Eastern Region,Morang,Belbari,FLOOD,0,0,0,0,32,0,0,0.0,False,26.61037,87.46726,,,,,,,,,,,,,,,,,,,,,,,,True,True,False,True
episode-23a2ff2fc889ffc04aa2,Government of Nepal BIPAD Portal,2016,7,21,Eastern Region,Saptari,Rupani,FLOOD,0,0,0,0,0,0,0,0.0,False,26.60701,86.75179,,,,,,,,,,,,,,,,,,,,,,,,True,True,False,True
episode-a439961e8cebd8518573,Government of Nepal BIPAD Portal,2016,7,21,Central Region,Sindhuli,Kamalamai,FLOOD,0,1,0,0,0,0,0,0.0,False,27.18536,85.90753,,,,,,,,,,,,,,,,,,,,,,,,True,True,False,True
episode-d1b638182633a0fe71b8,Government of Nepal BIPAD Portal,2016,7,22,Far Western Region,Baitadi,Surnaya,FLOOD,1,0,0,0,0,0,0,0.0,False,29.50844,80.57647,,,,,,,,,,,,,,,,,,,,,,,,True,True,False,True
episode-f215514f06c9fba34611,Government of Nepal BIPAD Portal,2016,7,22,Central Region,Dolakha,Bigu,FLOOD,0,1,0,0,0,0,0,0.0,False,27.82349,86.22218,,,,,,,,,,,,,,,,,,,,,,,,True,True,False,True
episode-28da54c33b9024e656b1,Government of Nepal BIPAD Portal,2016,7,22,Western Region,Gulmi,Resunga,FLOOD,0,0,0,0,0,0,0,0.0,False,28.09848,83.31058,,,,,,,,,,,,,,,,,,,,,,,,True,True,False,True
episode-c62d2b6984f58212f394,Government of Nepal BIPAD Portal,2016,7,22,Eastern Region,Morang,Belbari,FLOOD,0,0,0,0,23,0,0,0.0,False,26.61037,87.46726,,,,,,,,,,,,,,,,,,,,,,,,True,True,False,True
episode-5510ca5ca6255913bf23,Government of Nepal BIPAD Portal,2016,7,22,Central Region,Sindhuli,Kamalamai,FLOOD,1,0,0,0,0,0,0,0.0,False,27.18536,85.90753,,,,,,,,,,,,,,,,,,,,,,,,True,True,False,True
episode-790aa43e3de8e7924a0f,Government of Nepal BIPAD Portal,2016,7,22,Eastern Region,Udayapur,Rautamai,FLOOD,0,0,0,0,0,0,0,0.0,False,26.93279,86.66463,,,,,,,,,,,,,,,,,,,,,,,,True,True,False,True
episode-167f022d382976a15357,Government of Nepal BIPAD Portal,2016,7,23,Mid-Western Region,Dailekh,Mahabu,FLOOD,1,0,0,0,0,0,0,0.0,False,28.88537,81.67138,,,,,,,,,,,,,,,,,,,,,,,,True,True,False,True
episode-0ae601912547b145eb92,Government of Nepal BIPAD Portal,2016,7,23,Western Region,Kapilbastu,Buddhabhumi,FLOOD,1,0,0,0,0,0,0,0.0,False,27.62682,82.96838,,,,,,,,,,,,,,,,,,,,,,,,True,True,False,True
episode-1487310df85d5c266b31,Government of Nepal BIPAD Portal,2016,7,23,Central Region,Kathmandu,Kageshwori Manahora,FLOOD,1,0,0,0,0,0,0,0.0,False,27.69912,85.37856,,,,,,,,,,,,,,,,,,,,,,,,True,True,False,True
episode-12246a7096bec741640b,Government of Nepal BIPAD Portal,2016,7,23,Central Region,Makwanpur,Makawanpurgadhi,FLOOD,1,0,0,0,0,0,0,0.0,False,27.4427,85.08797,,,,,,,,,,,,,,,,,,,,,,,,True,True,False,True
episode-ee21628240c26226ad34,Government of Nepal BIPAD Portal,2016,7,23,Eastern Region,Morang,Belbari,FLOOD,0,0,0,0,40,0,0,0.0,False,26.61037,87.46726,,,,,,,,,,,,,,,,,,,,,,,,True,True,False,True
episode-ead41e5d407ab8a59b42,Government of Nepal BIPAD Portal,2016,7,23,Western Region,Nawalparasi East,Madhyabindu,FLOOD,0,1,0,0,0,0,0,0.0,False,27.61064,84.00745,,,,,,,,,,,,,,,,,,,,,,,,True,True,False,True
episode-d86c419932eeef90d3e9,Government of Nepal BIPAD Portal,2016,7,23,Eastern Region,Saptari,Rupani,FLOOD,0,0,0,0,0,0,0,0.0,False,26.60701,86.75179,,,,,,,,,,,,,,,,,,,,,,,,True,True,False,True
episode-5be91db81ff24d6cdd99,Government of Nepal BIPAD Portal,2016,7,23,Central Region,Sindhupalchok,Jugal,FLOOD,0,0,0,0,0,0,0,0.0,False,27.90711,85.75568,,,,,,,,,,,,,,,,,,,,,,,,True,True,False,True
episode-8c594764fb388f768f35,Government of Nepal BIPAD Portal,2016,7,24,Western Region,Gulmi,Resunga,FLOOD,1,0,0,0,0,0,0,0.0,False,28.09848,83.31058,,,,,,,,,,,,,,,,,,,,,,,,True,True,False,True
episode-c40be0d972d1938e96aa,Government of Nepal BIPAD Portal,2016,7,24,Eastern Region,Jhapa,Barhadashi,FLOOD,3,1,0,0,7,9,0,0.0,False,26.58323,87.91446,,,,,,,,,,,,,,,,,,,,,,,,True,True,False,True
episode-b6ed1e14df848a493663,Government of Nepal BIPAD Portal,2016,7,24,Eastern Region,Morang,Belbari,FLOOD,0,0,0,0,0,0,0,0.0,False,26.61037,87.46726,,,,,,,,,,,,,,,,,,,,,,,,True,True,False,True
episode-65f7d7ae6aca06047e9a,Government of Nepal BIPAD Portal,2016,7,24,Eastern Region,Siraha,Golbazar,FLOOD,1,2,0,0,0,0,0,0.0,False,26.7425,86.3336,,,,,,,,,,,,,,,,,,,,,,,,True,True,False,True
episode-0d10805ca944fc0fbc42,Government of Nepal BIPAD Portal,2016,7,24,Eastern Region,Sunsari,Inaruwa,FLOOD,0,0,0,0,4,0,0,0.0,False,26.64064,87.12722,,,,,,,,,,,,,,,,,,,,,,,,True,True,False,True
episode-d64ece0339e0007d562e,Government of Nepal BIPAD Portal,2016,7,25,Central Region,Bara,Jitpur Simara,FLOOD,1,0,0,0,0,0,0,0.0,False,27.10642,85.06984,,,,,,,,,,,,,,,,,,,,,,,,True,True,False,True
episode-d755012209f99a7c5d32,Government of Nepal BIPAD Portal,2016,7,25,Central Region,Chitwan,Bharatpur,FLOOD,0,0,0,0,0,1,0,0.0,False,27.61645,84.36001,,,,,,,,,,,,,,,,,,,,,,,,True,True,False,True
episode-b6cd7d77d0c104e4ede8,Government of Nepal BIPAD Portal,2016,7,25,Eastern Region,Jhapa,Barhadashi,FLOOD,0,0,0,0,1,0,0,0.0,False,26.58323,87.91446,,,,,,,,,,,,,,,,,,,,,,,,True,True,False,True
episode-2956161836950daf0690,Government of Nepal BIPAD Portal,2016,7,25,Mid-Western Region,Jumla,Guthichaur,FLOOD,1,0,0,0,0,0,0,0.0,False,29.23923,82.21605,,,,,,,,,,,,,,,,,,,,,,,,True,True,False,True
episode-e9df3859624c7c6976ff,Government of Nepal BIPAD Portal,2016,7,25,Western Region,Kaski,Machhapuchchhre,FLOOD,0,1,0,0,0,0,0,0.0,False,28.34628,83.99007,,,,,,,,,,,,,,,,,,,,,,,,True,True,False,True
episode-49f94c088ebce216c854,Government of Nepal BIPAD Portal,2016,7,25,Western Region,Rupandehi,Tilottama,FLOOD,2,0,0,0,0,0,0,0.0,False,27.57833,83.42932,,,,,,,,,,,,,,,,,,,,,,,,True,True,False,True
episode-6ef1c2b97d3083905be4,Government of Nepal BIPAD Portal,2016,7,25,Eastern Region,Saptari,Rupani,FLOOD,1,0,0,0,0,0,0,0.0,False,26.60701,86.75179,,,,,,,,,,,,,,,,,,,,,,,,True,True,False,True
episode-c7a2d22b6a8cbfc6a291,Government of Nepal BIPAD Portal,2016,7,25,Central Region,Sarlahi,Haripur,FLOOD,1,0,0,0,0,0,0,0.0,False,26.96729,85.57183,,,,,,,,,,,,,,,,,,,,,,,,True,True,False,True
episode-6498b8bc12a29ac5817a,Government of Nepal BIPAD Portal,2016,7,25,Eastern Region,Sunsari,Inaruwa,FLOOD,0,1,1,0,0,0,0,0.0,False,26.64064,87.12722,,,,,,,,,,,,,,,,,,,,,,,,True,True,False,True
episode-81c488a7c3417e6b4ac0,Government of Nepal BIPAD Portal,2016,7,25,Eastern Region,Udayapur,Rautamai,FLOOD,1,0,0,0,0,0,0,0.0,False,26.93279,86.66463,,,,,,,,,,,,,,,,,,,,,,,,True,True,False,True
episode-ba117b66213c80283534,Government of Nepal BIPAD Portal,2016,7,26,Western Region,Arghakhanchi,Bhumikasthan,FLOOD,1,0,0,0,0,0,0,0.0,False,27.94393,83.04234,,,,,,,,,,,,,,,,,,,,,,,,True,True,False,True
episode-df46cc57d2c14fa61fda,Government of Nepal BIPAD Portal,2016,7,26,Western Region,Baglung,Dhorpatan,FLOOD,0,0,0,0,80,0,0,0.0,False,28.35288,83.27139,,,,,,,,,,,,,,,,,,,,,,,,True,True,False,True
episode-895dadfa9f2ddaeb8e5a,Government of Nepal BIPAD Portal,2016,7,26,Mid-Western Region,Banke,Rapti Sonari,FLOOD,0,0,0,0,0,0,0,0.0,False,28.09534,81.84765,,,,,,,,,,,,,,,,,,,,,,,,True,True,False,True
episode-737dbdcc715cff3dbe26,Government of Nepal BIPAD Portal,2016,7,26,Mid-Western Region,Bardiya,Barbardiya,FLOOD,0,0,0,0,0,0,0,0.0,False,28.36918,81.41147,,,,,,,,,,,,,,,,,,,,,,,,True,True,False,True
episode-7aa0f504b570a3cdbea2,Government of Nepal BIPAD Portal,2016,7,26,Central Region,Bhaktapur,Bhaktapur,FLOOD,0,0,0,0,0,0,0,0.0,False,27.67418,85.44123,,,,,,,,,,,,,,,,,,,,,,,,True,True,False,True
episode-99fb01453e7b9f7eb465,Government of Nepal BIPAD Portal,2016,7,26,Central Region,Chitwan,Bharatpur,FLOOD,0,0,0,0,2,0,0,0.0,False,27.61645,84.36001,,,,,,,,,,,,,,,,,,,,,,,,True,True,False,True
episode-6a64a66abe21d7779d41,Government of Nepal BIPAD Portal,2016,7,26,Mid-Western Region,Dang,Ghorahi,FLOOD,2,0,0,0,0,0,0,0.0,False,27.9672,82.44665,,,,,,,,,,,,,,,,,,,,,,,,True,True,False,True
episode-508ae5e4c079c37eb972,Government of Nepal BIPAD Portal,2016,7,26,Western Region,Gulmi,Resunga,FLOOD,0,0,0,0,9,15,0,0.0,False,28.09848,83.31058,,,,,,,,,,,,,,,,,,,,,,,,True,True,False,True
episode-6abc1148d3976eef61ba,Government of Nepal BIPAD Portal,2016,7,26,Eastern Region,Jhapa,Barhadashi,FLOOD,0,2,0,0,3,0,0,0.0,False,26.58323,87.91446,,,,,,,,,,,,,,,,,,,,,,,,True,True,False,True
episode-ec9b5b672675dad7cf07,Government of Nepal BIPAD Portal,2016,7,26,Western Region,Kapilbastu,Buddhabhumi,FLOOD,5,0,0,0,124,0,0,0.0,False,27.62682,82.96838,,,,,,,,,,,,,,,,,,,,,,,,True,True,False,True
episode-357370900c6666d6c5f3,Government of Nepal BIPAD Portal,2016,7,26,Western Region,Kaski,Machhapuchchhre,FLOOD,0,0,0,0,2,0,0,0.0,False,28.34628,83.99007,,,,,,,,,,,,,,,,,,,,,,,,True,True,False,True
episode-3ce7d1a786d7597e2597,Government of Nepal BIPAD Portal,2016,7,26,Eastern Region,Morang,Belbari,FLOOD,0,0,0,0,55,0,0,0.0,False,26.61037,87.46726,,,,,,,,,,,,,,,,,,,,,,,,True,True,False,True
episode-f56045f336533af72bd9,Government of Nepal BIPAD Portal,2016,7,26,Western Region,Nawalparasi East,Madhyabindu,FLOOD,1,0,0,0,0,0,0,0.0,False,27.61064,84.00745,,,,,,,,,,,,,,,,,,,,,,,,True,True,False,True
episode-472e37503db9e5770429,Government of Nepal BIPAD Portal,2016,7,26,Central Region,Parsa,Thori,FLOOD,0,0,0,0,0,0,0,0.0,False,27.22317,84.73056,,,,,,,,,,,,,,,,,,,,,,,,True,True,False,True
episode-fed2c673b6e97119712a,Government of Nepal BIPAD Portal,2016,7,26,Mid-Western Region,Pyuthan,Pyuthan,FLOOD,1,0,0,0,0,0,0,0.0,False,28.1203,82.85541,,,,,,,,,,,,,,,,,,,,,,,,True,True,False,True
episode-32843cdb304deb873486,Government of Nepal BIPAD Portal,2016,7,26,Western Region,Rupandehi,Tilottama,FLOOD,0,0,1,0,28,0,0,0.0,False,27.57833,83.42932,,,,,,,,,,,,,,,,,,,,,,,,True,True,False,True
episode-ed12182d849448d5bfe1,Government of Nepal BIPAD Portal,2016,7,26,Eastern Region,Sunsari,Inaruwa,FLOOD,0,0,0,0,0,0,0,0.0,False,26.64064,87.12722,,,,,,,,,,,,,,,,,,,,,,,,True,True,False,True
episode-489235ed3cd7cafa7bea,Government of Nepal BIPAD Portal,2016,7,26,Western Region,Syangja,Bhirkot,FLOOD,0,0,0,0,0,0,0,0.0,False,28.05026,83.73811,,,,,,,,,,,,,,,,,,,,,,,,True,True,False,True
episode-561a4b8a22b4e630fd3f,Government of Nepal BIPAD Portal,2016,7,27,Central Region,Chitwan,Bharatpur,FLOOD,0,0,0,0,0,0,0,0.0,False,27.61645,84.36001,,,,,,,,,,,,,,,,,,,,,,,,True,True,False,True
episode-5775eb2dfa0d4d25b10b,Government of Nepal BIPAD Portal,2016,7,28,Western Region,Baglung,Dhorpatan,FLOOD,0,1,0,0,0,0,0,0.0,False,28.35288,83.27139,,,,,,,,,,,,,,,,,,,,,,,,True,True,False,True
episode-d5b646135b4e198f8f15,Government of Nepal BIPAD Portal,2016,7,28,Far Western Region,Dadeldhura,Alital,FLOOD,1,0,0,0,0,0,0,0.0,False,29.20864,80.48616,,,,,,,,,,,,,,,,,,,,,,,,True,True,False,True
episode-a1dce4dce0e9081f471d,Government of Nepal BIPAD Portal,2016,7,28,Central Region,Sarlahi,Haripur,FLOOD,1,0,0,0,0,0,0,0.0,False,26.96729,85.57183,,,,,,,,,,,,,,,,,,,,,,,,True,True,False,True
episode-d0e2e4e0f09a9b167df6,Government of Nepal BIPAD Portal,2016,7,29,Western Region,Baglung,Dhorpatan,FLOOD,0,1,0,0,0,0,0,0.0,False,28.35288,83.27139,,,,,,,,,,,,,,,,,,,,,,,,True,True,False,True
episode-6f50f9857a429efa945d,Government of Nepal BIPAD Portal,2016,7,29,Mid-Western Region,Kalikot,Pachaljharana,FLOOD,1,0,0,0,0,0,0,0.0,False,29.21559,81.74506,,,,,,,,,,,,,,,,,,,,,,,,True,True,False,True
episode-866e79ccda8fa6cace97,Government of Nepal BIPAD Portal,2016,7,31,Far Western Region,Kanchanpur,Shuklaphanta National Park,FLOOD,1,0,0,0,0,0,0,0.0,False,28.84298,80.31147,,,,,,,,,,,,,,,,,,,,,,,,True,True,False,True
episode-1107dd0469e5fbe3e2ad,Government of Nepal BIPAD Portal,2016,7,31,Central Region,Kathmandu,Kageshwori Manahora,FLOOD,1,0,0,0,0,0,0,0.0,False,27.69912,85.37856,,,,,,,,,,,,,,,,,,,,,,,,True,True,False,True
episode-edd61e0513780e8cd477,Government of Nepal BIPAD Portal,2016,8,1,Western Region,Gulmi,Resunga,FLOOD,1,0,0,0,0,0,0,0.0,False,28.09848,83.31058,,,,,,,,,,,,,,,,,,,,,,,,True,True,False,True
episode-0ed1ede290c3253ae7d2,Government of Nepal BIPAD Portal,2016,8,3,Eastern Region,Sunsari,Inaruwa,FLOOD,1,0,0,0,0,0,0,0.0,False,26.64064,87.12722,,,,,,,,,,,,,,,,,,,,,,,,True,True,False,True
episode-03acbe51248888d27a1d,Government of Nepal BIPAD Portal,2016,8,5,Mid-Western Region,Rolpa,Rolpa,FLOOD,0,1,0,0,0,0,0,0.0,False,28.32432,82.65523,,,,,,,,,,,,,,,,,,,,,,,,True,True,False,True
episode-ad190bdb237fa233468b,Government of Nepal BIPAD Portal,2016,8,6,Far Western Region,Baitadi,Surnaya,FLOOD,1,0,0,0,0,0,0,0.0,False,29.50844,80.57647,,,,,,,,,,,,,,,,,,,,,,,,True,True,False,True
episode-2bd35d5e4d38da5bef5e,Government of Nepal BIPAD Portal,2016,8,6,Mid-Western Region,Kalikot,Pachaljharana,FLOOD,0,1,0,0,0,0,0,0.0,False,29.21559,81.74506,,,,,,,,,,,,,,,,,,,,,,,,True,True,False,True
episode-08ae21d966f1cd3240d9,Government of Nepal BIPAD Portal,2016,8,7,Far Western Region,Baitadi,Surnaya,FLOOD,0,1,0,0,0,0,0,0.0,False,29.50844,80.57647,,,,,,,,,,,,,,,,,,,,,,,,True,True,False,True
episode-9e725384c03063a9525d,Government of Nepal BIPAD Portal,2016,8,8,Far Western Region,Dadeldhura,Alital,FLOOD,1,0,0,0,0,0,0,0.0,False,29.20864,80.48616,,,,,,,,,,,,,,,,,,,,,,,,True,True,False,True
episode-f6d1c7b517a69d226df7,Government of Nepal BIPAD Portal,2016,8,9,Mid-Western Region,Dolpa,Shey Phoksundo,FLOOD,1,0,0,0,0,0,0,0.0,False,29.21277,83.03833,,,,,,,,,,,,,,,,,,,,,,,,True,True,False,True
episode-814516c5b74706730d05,Government of Nepal BIPAD Portal,2016,8,9,Central Region,Nuwakot,Suryagadhi,FLOOD,0,1,0,0,0,0,0,0.0,False,27.92448,85.24446,,,,,,,,,,,,,,,,,,,,,,,,True,True,False,True
episode-78c39e10734b02b56b05,Government of Nepal BIPAD Portal,2016,8,9,Mid-Western Region,Salyan,Sharada,FLOOD,0,1,0,0,0,0,0,0.0,False,28.4,82.09154,,,,,,,,,,,,,,,,,,,,,,,,True,True,False,True
episode-177caa7461157d71a52c,Government of Nepal BIPAD Portal,2016,8,9,Western Region,Syangja,Bhirkot,FLOOD,0,1,0,0,0,0,0,0.0,False,28.05026,83.73811,,,,,,,,,,,,,,,,,,,,,,,,True,True,False,True
episode-81e31df9b61576b3328e,Government of Nepal BIPAD Portal,2016,8,9,Eastern Region,Taplejung,Phaktanglung,FLOOD,1,0,0,0,0,0,0,0.0,False,27.60988,87.82613,,,,,,,,,,,,,,,,,,,,,,,,True,True,False,True
episode-875a9b83b16fc0cdf14b,Government of Nepal BIPAD Portal,2016,8,11,Mid-Western Region,Dang,Ghorahi,FLOOD,1,0,2,0,0,0,0,0.0,False,27.9672,82.44665,,,,,,,,,,,,,,,,,,,,,,,,True,True,False,True
episode-b459c9f4eb0363fc28b5,Government of Nepal BIPAD Portal,2016,8,14,Central Region,Rasuwa,Gosaikunda,FLOOD,2,0,0,0,0,0,0,0.0,False,28.1755,85.46091,,,,,,,,,,,,,,,,,,,,,,,,True,True,False,True
episode-dfa8a070f0cf4d9e8ece,Government of Nepal BIPAD Portal,2016,8,14,Mid-Western Region,Rolpa,Rolpa,FLOOD,0,0,0,0,0,0,0,0.0,False,28.32432,82.65523,,,,,,,,,,,,,,,,,,,,,,,,True,True,False,True
episode-7158b8f7a106fc75b8c8,Government of Nepal BIPAD Portal,2016,8,15,Mid-Western Region,Pyuthan,Pyuthan,FLOOD,0,1,0,0,0,0,0,0.0,False,28.1203,82.85541,,,,,,,,,,,,,,,,,,,,,,,,True,True,False,True
episode-96e1ee24f1bb9e58bb4e,Government of Nepal BIPAD Portal,2016,8,15,Mid-Western Region,Salyan,Sharada,FLOOD,0,1,0,0,0,0,0,0.0,False,28.4,82.09154,,,,,,,,,,,,,,,,,,,,,,,,True,True,False,True
episode-b33bafefe9fb6904c0f9,Government of Nepal BIPAD Portal,2016,8,22,Western Region,Arghakhanchi,Bhumikasthan,FLOOD,1,0,0,0,0,0,0,0.0,False,27.94393,83.04234,,,,,,,,,,,,,,,,,,,,,,,,True,True,False,True
episode-b5a8f1f506ccd98da324,Government of Nepal BIPAD Portal,2016,8,29,Mid-Western Region,Pyuthan,Pyuthan,FLOOD,1,0,0,0,0,0,0,0.0,False,28.1203,82.85541,,,,,,,,,,,,,,,,,,,,,,,,True,True,False,True
episode-cca4bb2b94216c18c37b,Government of Nepal BIPAD Portal,2016,8,30,Eastern Region,Morang,Belbari,FLOOD,0,0,0,0,3,0,0,0.0,False,26.61037,87.46726,,,,,,,,,,,,,,,,,,,,,,,,True,True,False,True
episode-25ecff768eebb1c6fd56,Government of Nepal BIPAD Portal,2016,8,31,Western Region,Kaski,Machhapuchchhre,FLOOD,1,0,0,0,0,0,0,0.0,False,28.34628,83.99007,,,,,,,,,,,,,,,,,,,,,,,,True,True,False,True
episode-0c798666b433a8c44328,Government of Nepal BIPAD Portal,2016,9,1,Western Region,Myagdi,Raghuganga,FLOOD,0,1,1,0,12,6,0,0.0,False,28.54637,83.48729,,,,,,,,,,,,,,,,,,,,,,,,True,True,False,True
episode-1515e0ca91687f020c2b,Government of Nepal BIPAD Portal,2016,9,3,Central Region,Bara,Jitpur Simara,FLOOD,2,0,0,0,0,0,0,0.0,False,27.10642,85.06984,,,,,,,,,,,,,,,,,,,,,,,,True,True,False,True
episode-41b72b3bb99206d3f29d,Government of Nepal BIPAD Portal,2016,9,3,Central Region,Mahottari,Aurahi,FLOOD,1,0,0,0,0,0,0,0.0,False,26.88482,85.81298,,,,,,,,,,,,,,,,,,,,,,,,True,True,False,True
episode-1e8c689847a0c6e58c78,Government of Nepal BIPAD Portal,2016,9,3,Central Region,Sarlahi,Haripur,FLOOD,1,0,0,0,0,0,0,0.0,False,26.96729,85.57183,,,,,,,,,,,,,,,,,,,,,,,,True,True,False,True
episode-df44910b2f95312f8cd2,Government of Nepal BIPAD Portal,2016,9,4,Eastern Region,Udayapur,Rautamai,FLOOD,1,0,0,0,0,0,0,0.0,False,26.93279,86.66463,,,,,,,,,,,,,,,,,,,,,,,,True,True,False,True
episode-84674d776c85a9240a6b,Government of Nepal BIPAD Portal,2016,9,5,Eastern Region,Jhapa,Barhadashi,FLOOD,1,0,0,0,0,0,0,0.0,False,26.58323,87.91446,,,,,,,,,,,,,,,,,,,,,,,,True,True,False,True
episode-20926cb0f6edb53a2d39,Government of Nepal BIPAD Portal,2016,9,5,Central Region,Sindhupalchok,Jugal,FLOOD,0,0,0,0,5,0,0,0.0,False,27.90711,85.75568,,,,,,,,,,,,,,,,,,,,,,,,True,True,False,True
episode-267b89a6d63befad0121,Government of Nepal BIPAD Portal,2016,9,6,Central Region,Mahottari,Aurahi,FLOOD,1,0,0,0,0,0,0,0.0,False,26.88482,85.81298,,,,,,,,,,,,,,,,,,,,,,,,True,True,False,True
episode-478e8dd78b363fe42cef,Government of Nepal BIPAD Portal,2016,9,7,Mid-Western Region,Dang,Ghorahi,FLOOD,1,0,0,0,0,0,0,0.0,False,27.9672,82.44665,,,,,,,,,,,,,,,,,,,,,,,,True,True,False,True
episode-defb0b0a44a9f70e5b15,Government of Nepal BIPAD Portal,2016,9,8,Western Region,Kaski,Machhapuchchhre,FLOOD,0,1,0,0,0,0,0,0.0,False,28.34628,83.99007,,,,,,,,,,,,,,,,,,,,,,,,True,True,False,True
episode-57fa961518aeb567ceba,Government of Nepal BIPAD Portal,2016,9,8,Western Region,Parbat,Kushma,FLOOD,0,0,0,0,3,2,0,0.0,False,28.20228,83.69519,,,,,,,,,,,,,,,,,,,,,,,,True,True,False,True
episode-8e8dfbab616b6f21d433,Government of Nepal BIPAD Portal,2016,9,9,Eastern Region,Udayapur,Rautamai,FLOOD,2,0,0,0,0,0,0,0.0,False,26.93279,86.66463,,,,,,,,,,,,,,,,,,,,,,,,True,True,False,True
episode-4bcf3ecc91f302d10192,Government of Nepal BIPAD Portal,2016,9,10,Central Region,Sarlahi,Haripur,FLOOD,0,0,0,0,3,0,0,0.0,False,26.96729,85.57183,,,,,,,,,,,,,,,,,,,,,,,,True,True,False,True
episode-1729993dd4190f0b1c6c,Government of Nepal BIPAD Portal,2016,9,11,Eastern Region,Solukhumbu,Khumbu Pasanglhamu,FLOOD,0,4,0,0,0,0,0,0.0,False,27.72488,86.68194,,,,,,,,,,,,,,,,,,,,,,,,True,True,False,True
episode-c1b9b02ce603a1b4203f,Government of Nepal BIPAD Portal,2016,9,12,Central Region,Kavrepalanchok,Namobuddha,FLOOD,0,0,0,0,0,0,0,0.0,False,27.54493,85.63649,,,,,,,,,,,,,,,,,,,,,,,,True,True,False,True
episode-3da1b0bf02e6c8d0442d,Government of Nepal BIPAD Portal,2016,9,12,Central Region,Ramechhap,Gokulganga,FLOOD,0,0,0,0,3,0,0,0.0,False,27.53685,86.18811,,,,,,,,,,,,,,,,,,,,,,,,True,True,False,True
episode-75b80a3dafa7a78cda1f,Government of Nepal BIPAD Portal,2016,9,13,Central Region,Sindhupalchok,Jugal,FLOOD,1,0,0,0,0,0,0,0.0,False,27.90711,85.75568,,,,,,,,,,,,,,,,,,,,,,,,True,True,False,True
episode-c7ee06b2627c9b85a0eb,Government of Nepal BIPAD Portal,2016,9,17,Western Region,Kaski,Machhapuchchhre,FLOOD,1,0,0,0,0,0,0,0.0,False,28.34628,83.99007,,,,,,,,,,,,,,,,,,,,,,,,True,True,False,True
episode-466ee79c52c1972f16c1,Government of Nepal BIPAD Portal,2016,9,17,Western Region,Myagdi,Raghuganga,FLOOD,0,0,0,0,1,0,0,0.0,False,28.54637,83.48729,,,,,,,,,,,,,,,,,,,,,,,,True,True,False,True
episode-2e8ec7ec05b930f0e59a,Government of Nepal BIPAD Portal,2016,9,17,Mid-Western Region,Rukum East,Sisne,FLOOD,1,0,0,0,0,0,0,0.0,False,28.73381,82.67046,,,,,,,,,,,,,,,,,,,,,,,,True,True,False,True
episode-8f90e0155c8f51649826,Government of Nepal BIPAD Portal,2016,9,20,Western Region,Lamjung,Marsyangdi,FLOOD,2,0,0,0,0,0,0,0.0,False,28.28362,84.43609,,,,,,,,,,,,,,,,,,,,,,,,True,True,False,True
episode-6ba1213a338c3524317e,Government of Nepal BIPAD Portal,2016,9,21,Central Region,Dhanusa,Dhanusadham,FLOOD,0,0,0,0,0,0,0,0.0,False,26.83206,86.05628,,,,,,,,,,,,,,,,,,,,,,,,True,True,False,True
episode-da0f6d63fcbe1255cf00,Government of Nepal BIPAD Portal,2016,9,21,Central Region,Kavrepalanchok,Namobuddha,FLOOD,0,0,0,0,0,1,0,0.0,False,27.54493,85.63649,,,,,,,,,,,,,,,,,,,,,,,,True,True,False,True
episode-b8e110ecefbd9b9f71b2,Government of Nepal BIPAD Portal,2016,9,21,Eastern Region,Morang,Belbari,FLOOD,1,0,0,0,4,0,0,0.0,False,26.61037,87.46726,,,,,,,,,,,,,,,,,,,,,,,,True,True,False,True
episode-eb377894e906fa399e44,Government of Nepal BIPAD Portal,2016,9,21,Eastern Region,Udayapur,Rautamai,FLOOD,0,0,0,0,0,0,0,0.0,False,26.93279,86.66463,,,,,,,,,,,,,,,,,,,,,,,,True,True,False,True
episode-e18d18b78bdecd9977e3,Government of Nepal BIPAD Portal,2016,9,23,Western Region,Kapilbastu,Buddhabhumi,FLOOD,2,0,0,0,0,0,0,0.0,False,27.62682,82.96838,,,,,,,,,,,,,,,,,,,,,,,,True,True,False,True
episode-39c92bb904c77ec677d4,Government of Nepal BIPAD Portal,2016,9,25,Eastern Region,Dhankuta,Dhankuta,FLOOD,1,0,0,0,0,0,0,0.0,False,27.00791,87.36671,,,,,,,,,,,,,,,,,,,,,,,,True,True,False,True
episode-ea6af51ee1495b3cea6e,Government of Nepal BIPAD Portal,2016,9,26,Eastern Region,Morang,Belbari,FLOOD,1,0,0,0,0,0,0,0.0,False,26.61037,87.46726,,,,,,,,,,,,,,,,,,,,,,,,True,True,False,True
episode-ee7a8116b42b9e02bf0b,Government of Nepal BIPAD Portal,2016,10,1,Central Region,Sindhuli,Kamalamai,FLOOD,1,0,0,0,0,0,0,0.0,False,27.18536,85.90753,,,,,,,,,,,,,,,,,,,,,,,,True,True,False,True
episode-859b8fc125514edff838,Government of Nepal BIPAD Portal,2016,10,3,Western Region,Lamjung,Marsyangdi,FLOOD,0,0,0,0,1,0,0,0.0,False,28.28362,84.43609,,,,,,,,,,,,,,,,,,,,,,,,True,True,False,True
episode-4d05b66e4aca757c5fbb,Government of Nepal BIPAD Portal,2016,10,12,Eastern Region,Jhapa,Barhadashi,FLOOD,1,0,0,0,0,0,0,0.0,False,26.58323,87.91446,,,,,,,,,,,,,,,,,,,,,,,,True,True,False,True
episode-37c1c05b04eff5fc645d,Government of Nepal BIPAD Portal,2016,12,18,Western Region,Mustang,Lo Ghekar Damodarkunda,FLOOD,0,0,0,0,0,0,0,0.0,False,28.9548,83.86811,,,,,,,,,,,,,,,,,,,,,,,,True,True,False,True
episode-030876c3f80360ebe881,Government of Nepal BIPAD Portal,2017,4,20,Eastern Region,Sankhuwasabha,Khandbari,FLOOD,0,0,0,0,0,0,0,0.0,False,27.3868814825,87.2156945863,,,,,,,,,,,,,,,,,,,,,,,,True,True,False,True
episode-48f952278f2ba328334c,Government of Nepal BIPAD Portal,2017,5,26,Eastern Region,Taplejung,Phaktanglung,FLOOD,1,0,0,0,0,0,0,0.0,False,27.60988,87.82613,,,,,,,,,,,,,,,,,,,,,,,,True,True,False,True
episode-e419f618776bc4e1b878,Government of Nepal BIPAD Portal,2017,6,10,Eastern Region,Saptari,Rupani,FLOOD,0,0,1,0,0,0,0,0.0,False,26.60701,86.75179,,,,,,,,,,,,,,,,,,,,,,,,True,True,False,True
episode-9b67b5f690cd71c472e9,Government of Nepal BIPAD Portal,2017,6,22,Eastern Region,Solukhumbu,Khumbu Pasanglhamu,FLOOD,2,0,2,0,0,0,0,0.0,False,27.72488,86.68194,,,,,,,,,,,,,,,,,,,,,,,,True,True,False,True
episode-71fb29a47c2ccb9f694c,Government of Nepal BIPAD Portal,2017,6,24,Central Region,Kathmandu,Kageshwori Manahora,FLOOD,0,0,0,0,0,0,0,0.0,False,27.69912,85.37856,,,,,,,,,,,,,,,,,,,,,,,,True,True,False,True
episode-c0b5709b2ce4cd01d871,Government of Nepal BIPAD Portal,2017,6,26,Eastern Region,Okhaldhunga,Molung,FLOOD,1,0,0,0,0,0,0,0.0,False,27.33592,86.44629,,,,,,,,,,,,,,,,,,,,,,,,True,True,False,True
episode-9093b260ece8511a4f87,Government of Nepal BIPAD Portal,2017,6,27,Western Region,Kaski,Machhapuchchhre,FLOOD,0,0,0,0,0,0,0,0.0,False,28.34628,83.99007,,,,,,,,,,,,,,,,,,,,,,,,True,True,False,True
episode-976a84a35f225012708f,Government of Nepal BIPAD Portal,2017,7,1,Western Region,Kaski,Machhapuchchhre,FLOOD,0,1,0,0,0,0,0,0.0,False,28.34628,83.99007,,,,,,,,,,,,,,,,,,,,,,,,True,True,False,True
episode-a91bf80c2ba82e66a1ad,Government of Nepal BIPAD Portal,2017,7,1,Mid-Western Region,Mugu,Mugum Karmarong,FLOOD,0,3,0,0,0,0,0,0.0,False,29.67916,82.30447,,,,,,,,,,,,,,,,,,,,,,,,True,True,False,True
episode-6fd83f4641c780700125,Government of Nepal BIPAD Portal,2017,7,1,Eastern Region,Saptari,Rupani,FLOOD,1,0,0,0,3,0,0,0.0,False,26.60701,86.75179,,,,,,,,,,,,,,,,,,,,,,,,True,True,False,True
episode-09a66bef084171360076,Government of Nepal BIPAD Portal,2017,7,1,Western Region,Syangja,Bhirkot,FLOOD,0,1,0,0,0,0,0,0.0,False,28.05026,83.73811,,,,,,,,,,,,,,,,,,,,,,,,True,True,False,True
episode-5c1ca2ea72715d693b95,Government of Nepal BIPAD Portal,2017,7,2,Western Region,Parbat,Kushma,FLOOD,1,0,0,0,0,0,0,0.0,False,28.20228,83.69519,,,,,,,,,,,,,,,,,,,,,,,,True,True,False,True
episode-bc7bbed1cf5c27db523d,Government of Nepal BIPAD Portal,2017,7,2,Central Region,Sindhuli,Kamalamai,FLOOD,1,0,0,0,0,0,0,0.0,False,27.18536,85.90753,,,,,,,,,,,,,,,,,,,,,,,,True,True,False,True
episode-d695c457234d377ade3f,Government of Nepal BIPAD Portal,2017,7,2,Western Region,Syangja,Bhirkot,FLOOD,0,1,2,0,0,0,0,0.0,False,28.05026,83.73811,,,,,,,,,,,,,,,,,,,,,,,,True,True,False,True
episode-ac1730c733f2d44bd1b7,Government of Nepal BIPAD Portal,2017,7,9,Western Region,Parbat,Kushma,FLOOD,0,0,1,0,0,0,0,0.0,False,28.20228,83.69519,,,,,,,,,,,,,,,,,,,,,,,,True,True,False,True
episode-e578cd8b7d40084bce40,Government of Nepal BIPAD Portal,2017,7,9,Mid-Western Region,Rukum East,Sisne,FLOOD,0,0,0,0,1,2,0,0.0,False,28.73381,82.67046,,,,,,,,,,,,,,,,,,,,,,,,True,True,False,True
episode-3ae2925733edb64772bc,Government of Nepal BIPAD Portal,2017,7,10,Western Region,Kaski,Machhapuchchhre,FLOOD,2,0,0,0,0,0,0,0.0,False,28.34628,83.99007,,,,,,,,,,,,,,,,,,,,,,,,True,True,False,True
episode-8d22d204274253f225ab,Government of Nepal BIPAD Portal,2017,7,10,Western Region,Palpa,Mathagadhi,FLOOD,4,0,0,0,0,0,0,0.0,False,27.82173,83.63419,,,,,,,,,,,,,,,,,,,,,,,,True,True,False,True
episode-6bbf8c2e213fc87a32bd,Government of Nepal BIPAD Portal,2017,7,10,Western Region,Tanahu,Rhishing,FLOOD,1,0,0,0,0,0,0,0.0,False,27.93572,84.24996,,,,,,,,,,,,,,,,,,,,,,,,True,True,False,True
episode-5011b5290af23501c29b,Government of Nepal BIPAD Portal,2017,7,11,Western Region,Kaski,Machhapuchchhre,FLOOD,1,0,0,0,0,0,0,0.0,False,28.34628,83.99007,,,,,,,,,,,,,,,,,,,,,,,,True,True,False,True
episode-dc596c65e8aab31b3107,Government of Nepal BIPAD Portal,2017,7,14,Central Region,Kathmandu,Kageshwori Manahora,FLOOD,1,0,0,0,0,0,0,0.0,False,27.69912,85.37856,,,,,,,,,,,,,,,,,,,,,,,,True,True,False,True
episode-a8153069065d10369992,Government of Nepal BIPAD Portal,2017,7,15,Central Region,Sindhupalchok,Jugal,FLOOD,0,1,0,0,3,0,0,0.0,False,27.90711,85.75568,,,,,,,,,,,,,,,,,,,,,,,,True,True,False,True
episode-e4b9e34731494950f22c,Government of Nepal BIPAD Portal,2017,7,16,Eastern Region,Jhapa,Barhadashi,FLOOD,1,0,0,0,0,0,0,0.0,False,26.58323,87.91446,,,,,,,,,,,,,,,,,,,,,,,,True,True,False,True
episode-32b921254fef22660075,Government of Nepal BIPAD Portal,2017,7,16,Central Region,Ramechhap,Gokulganga,FLOOD,2,3,9,0,3,0,0,0.0,False,27.53685,86.18811,,,,,,,,,,,,,,,,,,,,,,,,True,True,False,True
episode-eed93253ad2188d9db08,Government of Nepal BIPAD Portal,2017,7,18,Central Region,Nuwakot,Suryagadhi,FLOOD,0,0,0,0,0,0,0,0.0,False,27.92448,85.24446,,,,,,,,,,,,,,,,,,,,,,,,True,True,False,True
episode-507e477e6e5d0af46380,Government of Nepal BIPAD Portal,2017,7,29,Central Region,Nuwakot,Suryagadhi,FLOOD,1,0,0,0,0,0,0,0.0,False,27.92448,85.24446,,,,,,,,,,,,,,,,,,,,,,,,True,True,False,True
episode-b4d2305a000d8fef32b3,Government of Nepal BIPAD Portal,2017,7,30,Western Region,Baglung,Dhorpatan,FLOOD,0,1,0,0,0,0,0,0.0,False,28.35288,83.27139,,,,,,,,,,,,,,,,,,,,,,,,True,True,False,True
episode-e0be7b5817a9e801a1f7,Government of Nepal BIPAD Portal,2017,7,30,Eastern Region,Solukhumbu,Khumbu Pasanglhamu,FLOOD,0,0,0,0,5,0,0,0.0,False,27.72488,86.68194,,,,,,,,,,,,,,,,,,,,,,,,True,True,False,True
episode-43fbe310753e62874177,Government of Nepal BIPAD Portal,2017,8,2,Western Region,Kapilbastu,Buddhabhumi,FLOOD,0,1,0,0,0,0,0,0.0,False,27.62682,82.96838,,,,,,,,,,,,,,,,,,,,,,,,True,True,False,True
episode-53d399195774bc28e0a9,Government of Nepal BIPAD Portal,2017,8,2,Eastern Region,Saptari,Rupani,FLOOD,0,0,0,0,0,0,0,0.0,False,26.60701,86.75179,,,,,,,,,,,,,,,,,,,,,,,,True,True,False,True
episode-0d52fde73ae475fdabde,Government of Nepal BIPAD Portal,2017,8,2,Eastern Region,Solukhumbu,Khumbu Pasanglhamu,FLOOD,1,0,0,0,0,0,0,0.0,False,27.72488,86.68194,,,,,,,,,,,,,,,,,,,,,,,,True,True,False,True
episode-8c2216b6c34f24729a67,Government of Nepal BIPAD Portal,2017,8,3,Central Region,Bhaktapur,Bhaktapur,FLOOD,1,0,0,0,0,0,0,0.0,False,27.67418,85.44123,,,,,,,,,,,,,,,,,,,,,,,,True,True,False,True
episode-802c2d1a01d3517a4f5b,Government of Nepal BIPAD Portal,2017,8,3,Far Western Region,Kanchanpur,Shuklaphanta National Park,FLOOD,0,1,0,0,0,0,0,0.0,False,28.84298,80.31147,,,,,,,,,,,,,,,,,,,,,,,,True,True,False,True
episode-9d7803a7d051341718d8,Government of Nepal BIPAD Portal,2017,8,3,Western Region,Kapilbastu,Buddhabhumi,FLOOD,2,0,0,0,0,0,0,0.0,False,27.62682,82.96838,,,,,,,,,,,,,,,,,,,,,,,,True,True,False,True
episode-8ec22921f75647ea3cba,Government of Nepal BIPAD Portal,2017,8,3,Western Region,Nawalparasi East,Madhyabindu,FLOOD,1,0,0,0,0,0,0,0.0,False,27.61064,84.00745,,,,,,,,,,,,,,,,,,,,,,,,True,True,False,True
episode-febf0978def8488c81e0,Government of Nepal BIPAD Portal,2017,8,3,Eastern Region,Sunsari,Inaruwa,FLOOD,0,1,0,0,0,0,0,0.0,False,26.64064,87.12722,,,,,,,,,,,,,,,,,,,,,,,,True,True,False,True
episode-1bc3820897afbf52bce7,Government of Nepal BIPAD Portal,2017,8,3,Western Region,Syangja,Bhirkot,FLOOD,1,0,0,0,0,0,0,0.0,False,28.05026,83.73811,,,,,,,,,,,,,,,,,,,,,,,,True,True,False,True
episode-ba8d7bd0e4e145efc3c0,Government of Nepal BIPAD Portal,2017,8,4,Central Region,Bara,Jitpur Simara,FLOOD,0,0,0,0,7,10,0,0.0,False,27.10642,85.06984,,,,,,,,,,,,,,,,,,,,,,,,True,True,False,True
episode-eabdca5fe81967df585f,Government of Nepal BIPAD Portal,2017,8,4,Mid-Western Region,Bardiya,Barbardiya,FLOOD,0,0,0,0,0,10,0,0.0,False,28.36918,81.41147,,,,,,,,,,,,,,,,,,,,,,,,True,True,False,True
episode-971f4b8c3fab5ee76a9d,Government of Nepal BIPAD Portal,2017,8,4,Far Western Region,Kailali,Gauriganga,FLOOD,0,0,0,0,0,0,0,0.0,False,28.74013,80.89463,,,,,,,,,,,,,,,,,,,,,,,,True,True,False,True
episode-a2caee6b29b8be2576c3,Government of Nepal BIPAD Portal,2017,8,4,Western Region,Nawalparasi East,Madhyabindu,FLOOD,2,0,0,0,0,135,0,0.0,False,27.61064,84.00745,,,,,,,,,,,,,,,,,,,,,,,,True,True,False,True
episode-c497ada1e09c049f213a,Government of Nepal BIPAD Portal,2017,8,4,Western Region,Palpa,Mathagadhi,FLOOD,1,0,0,0,0,0,0,0.0,False,27.82173,83.63419,,,,,,,,,,,,,,,,,,,,,,,,True,True,False,True
episode-f917c6425ac9b176cb3b,Government of Nepal BIPAD Portal,2017,8,4,Central Region,Parsa,Thori,FLOOD,0,0,0,0,1,0,0,0.0,False,27.22317,84.73056,,,,,,,,,,,,,,,,,,,,,,,,True,True,False,True
episode-b62ee6556c990ce73f3d,Government of Nepal BIPAD Portal,2017,8,4,Western Region,Rupandehi,Tilottama,FLOOD,0,0,0,0,0,4,0,0.0,False,27.57833,83.42932,,,,,,,,,,,,,,,,,,,,,,,,True,True,False,True
episode-2cb9ae6f5f14cffde546,Government of Nepal BIPAD Portal,2017,8,5,Mid-Western Region,Bardiya,Barbardiya,FLOOD,0,1,0,0,0,0,0,0.0,False,28.36918,81.41147,,,,,,,,,,,,,,,,,,,,,,,,True,True,False,True
episode-21207f0e71f661fc73a2,Government of Nepal BIPAD Portal,2017,8,6,Central Region,Rasuwa,Gosaikunda,FLOOD,0,0,0,0,1,2,0,0.0,False,28.1755,85.46091,,,,,,,,,,,,,,,,,,,,,,,,True,True,False,True
episode-aa75b83ec3160b9da056,Government of Nepal BIPAD Portal,2017,8,8,Far Western Region,Dadeldhura,Alital,FLOOD,0,0,1,0,0,0,0,0.0,False,29.20864,80.48616,,,,,,,,,,,,,,,,,,,,,,,,True,True,False,True
episode-00a029f0f1e05fc7f34b,Government of Nepal BIPAD Portal,2017,8,8,Central Region,Kathmandu,Kageshwori Manahora,FLOOD,0,0,1,0,0,0,0,0.0,False,27.69912,85.37856,,,,,,,,,,,,,,,,,,,,,,,,True,True,False,True
episode-02feaad89ef97e7ed2e4,Government of Nepal BIPAD Portal,2017,8,8,Eastern Region,Sunsari,Inaruwa,FLOOD,0,1,0,0,0,0,0,0.0,False,26.64064,87.12722,,,,,,,,,,,,,,,,,,,,,,,,True,True,False,True
episode-43ad2ef4e2403242cdc5,Government of Nepal BIPAD Portal,2017,8,9,Mid-Western Region,Dang,Ghorahi,FLOOD,1,0,0,0,0,0,0,0.0,False,27.9672,82.44665,,,,,,,,,,,,,,,,,,,,,,,,True,True,False,True
episode-5675bd3912a1ebc320a5,Government of Nepal BIPAD Portal,2017,8,9,Western Region,Kaski,Machhapuchchhre,FLOOD,0,0,0,0,13,0,0,0.0,False,28.34628,83.99007,,,,,,,,,,,,,,,,,,,,,,,,True,True,False,True
episode-91cc15c949440ad223a6,Government of Nepal BIPAD Portal,2017,8,10,Eastern Region,Jhapa,Barhadashi,FLOOD,0,0,0,0,0,9,0,0.0,False,26.58323,87.91446,,,,,,,,,,,,,,,,,,,,,,,,True,True,False,True
episode-27580f7f8a0df7e6859e,Government of Nepal BIPAD Portal,2017,8,10,Eastern Region,Saptari,Rupani,FLOOD,1,0,0,0,0,0,0,0.0,False,26.60701,86.75179,,,,,,,,,,,,,,,,,,,,,,,,True,True,False,True
episode-825a877eae5d8656ba61,Government of Nepal BIPAD Portal,2017,8,11,Eastern Region,Jhapa,Barhadashi,FLOOD,0,0,0,0,0,60,0,0.0,False,26.58323,87.91446,,,,,,,,,,,,,,,,,,,,,,,,True,True,False,True
episode-5c60864acae43a0eadac,Government of Nepal BIPAD Portal,2017,8,11,Central Region,Mahottari,Aurahi,FLOOD,0,0,0,0,5,0,0,0.0,False,26.88482,85.81298,,,,,,,,,,,,,,,,,,,,,,,,True,True,False,True
episode-049220d8147db8bef138,Government of Nepal BIPAD Portal,2017,8,11,Western Region,Nawalparasi East,Madhyabindu,FLOOD,0,1,0,0,0,0,0,0.0,False,27.61064,84.00745,,,,,,,,,,,,,,,,,,,,,,,,True,True,False,True
episode-a51478a158d45ea4ddc4,Government of Nepal BIPAD Portal,2017,8,11,Central Region,Rautahat,Brindaban,FLOOD,0,0,0,0,4,0,0,0.0,False,26.98914,85.33443,,,,,,,,,,,,,,,,,,,,,,,,True,True,False,True
episode-21afc671007eb2724079,Government of Nepal BIPAD Portal,2017,8,11,Eastern Region,Saptari,Rupani,FLOOD,0,0,0,0,0,60,0,0.0,False,26.60701,86.75179,,,,,,,,,,,,,,,,,,,,,,,,True,True,False,True
episode-935030a7880051af648b,Government of Nepal BIPAD Portal,2017,8,12,Central Region,Bara,Jitpur Simara,FLOOD,1,0,0,0,6,350,0,0.0,False,27.10642,85.06984,,,,,,,,,,,,,,,,,,,,,,,,True,True,False,True
episode-f88efa8c10f59a52cb56,Government of Nepal BIPAD Portal,2017,8,12,Mid-Western Region,Bardiya,Barbardiya,FLOOD,1,0,0,0,13,457,0,0.0,False,28.36918,81.41147,,,,,,,,,,,,,,,,,,,,,,,,True,True,False,True
episode-6df1379b093f23a35f65,Government of Nepal BIPAD Portal,2017,8,12,Central Region,Chitwan,Bharatpur,FLOOD,0,0,0,0,16,300,0,0.0,False,27.61645,84.36001,,,,,,,,,,,,,,,,,,,,,,,,True,True,False,True
episode-be948d5cc7fb369d42f9,Government of Nepal BIPAD Portal,2017,8,12,Mid-Western Region,Dang,Ghorahi,FLOOD,2,0,2,0,21,0,0,0.0,False,27.9672,82.44665,,,,,,,,,,,,,,,,,,,,,,,,True,True,False,True
episode-7011d234f140ca78151b,Government of Nepal BIPAD Portal,2017,8,12,Central Region,Dhanusa,Dhanusadham,FLOOD,1,0,0,0,30,253,0,0.0,False,26.83206,86.05628,,,,,,,,,,,,,,,,,,,,,,,,True,True,False,True
episode-7d667252d4a39582a2b3,Government of Nepal BIPAD Portal,2017,8,12,Western Region,Gorkha,Dharche,FLOOD,0,0,0,0,0,7,0,0.0,False,28.27345,84.8101,,,,,,,,,,,,,,,,,,,,,,,,True,True,False,True
episode-05e77d1320882e81b594,Government of Nepal BIPAD Portal,2017,8,12,Eastern Region,Ilam,Ilam,FLOOD,0,0,0,0,1,0,0,0.0,False,26.88507,87.89616,,,,,,,,,,,,,,,,,,,,,,,,True,True,False,True
episode-842e5c19a1efccafc6a5,Government of Nepal BIPAD Portal,2017,8,12,Eastern Region,Jhapa,Barhadashi,FLOOD,5,2,0,0,20,2292,0,0.0,False,26.58323,87.91446,,,,,,,,,,,,,,,,,,,,,,,,True,True,False,True
episode-0627f323496021e4c787,Government of Nepal BIPAD Portal,2017,8,12,Far Western Region,Kailali,Gauriganga,FLOOD,0,0,0,0,0,50,0,0.0,False,28.74013,80.89463,,,,,,,,,,,,,,,,,,,,,,,,True,True,False,True
episode-5c7284f1e6ec6cf7c079,Government of Nepal BIPAD Portal,2017,8,12,Central Region,Lalitpur,Konjyosom,FLOOD,0,0,0,0,4,0,0,0.0,False,27.54796,85.33968,,,,,,,,,,,,,,,,,,,,,,,,True,True,False,True
episode-53149179649b7989f939,Government of Nepal BIPAD Portal,2017,8,12,Central Region,Mahottari,Aurahi,FLOOD,1,0,0,0,27,35,0,0.0,False,26.88482,85.81298,,,,,,,,,,,,,,,,,,,,,,,,True,True,False,True
episode-e89c67039ae9ccda8ef5,Government of Nepal BIPAD Portal,2017,8,12,Central Region,Makwanpur,Makawanpurgadhi,FLOOD,2,0,2,0,0,0,0,0.0,False,27.4427,85.08797,,,,,,,,,,,,,,,,,,,,,,,,True,True,False,True
episode-9c26c5f38c3f72e5818d,Government of Nepal BIPAD Portal,2017,8,12,Eastern Region,Morang,Belbari,FLOOD,6,5,0,0,1,2860,0,0.0,False,26.61037,87.46726,,,,,,,,,,,,,,,,,,,,,,,,True,True,False,True
episode-47fa2a11fec63bbee3e9,Government of Nepal BIPAD Portal,2017,8,12,Western Region,Nawalparasi East,Madhyabindu,FLOOD,0,0,0,0,1,132,0,0.0,False,27.61064,84.00745,,,,,,,,,,,,,,,,,,,,,,,,True,True,False,True
episode-65d5fab6c6a25def8a85,Government of Nepal BIPAD Portal,2017,8,12,Eastern Region,Panchthar,Phidim,FLOOD,0,1,0,0,0,0,0,0.0,False,27.14773,87.78498,,,,,,,,,,,,,,,,,,,,,,,,True,True,False,True
episode-1184dc8d8549c0e18ce1,Government of Nepal BIPAD Portal,2017,8,12,Central Region,Parsa,Thori,FLOOD,0,0,0,0,0,250,0,0.0,False,27.22317,84.73056,,,,,,,,,,,,,,,,,,,,,,,,True,True,False,True
episode-d62347df65846b52bd78,Government of Nepal BIPAD Portal,2017,8,12,Central Region,Rautahat,Brindaban,FLOOD,0,1,0,0,0,94,0,0.0,False,26.98914,85.33443,,,,,,,,,,,,,,,,,,,,,,,,True,True,False,True
episode-d5b2d68b7ed2ebadd976,Government of Nepal BIPAD Portal,2017,8,12,Eastern Region,Saptari,Rupani,FLOOD,0,0,0,0,13,2065,0,0.0,False,26.60701,86.75179,,,,,,,,,,,,,,,,,,,,,,,,True,True,False,True
episode-d15e799632763ceee31a,Government of Nepal BIPAD Portal,2017,8,12,Central Region,Sarlahi,Haripur,FLOOD,2,0,0,0,0,0,0,0.0,False,26.96729,85.57183,,,,,,,,,,,,,,,,,,,,,,,,True,True,False,True
episode-5f0f54bf0f728921a008,Government of Nepal BIPAD Portal,2017,8,12,Central Region,Sindhuli,Kamalamai,FLOOD,0,0,1,0,0,0,0,0.0,False,27.18536,85.90753,,,,,,,,,,,,,,,,,,,,,,,,True,True,False,True
episode-d19dbb8d291b5ba7228e,Government of Nepal BIPAD Portal,2017,8,12,Eastern Region,Siraha,Golbazar,FLOOD,0,0,0,0,5,0,0,0.0,False,26.7425,86.3336,,,,,,,,,,,,,,,,,,,,,,,,True,True,False,True
episode-3226108f8758e2757693,Government of Nepal BIPAD Portal,2017,8,12,Eastern Region,Solukhumbu,Khumbu Pasanglhamu,FLOOD,0,0,0,0,0,1,0,0.0,False,27.72488,86.68194,,,,,,,,,,,,,,,,,,,,,,,,True,True,False,True
episode-5c52e04ba041c935ec1a,Government of Nepal BIPAD Portal,2017,8,12,Eastern Region,Sunsari,Inaruwa,FLOOD,9,3,3,0,0,270,0,0.0,False,26.64064,87.12722,,,,,,,,,,,,,,,,,,,,,,,,True,True,False,True
episode-8ed36c0d07dc6d477fbe,Government of Nepal BIPAD Portal,2017,8,13,Central Region,Bara,Jitpur Simara,FLOOD,1,1,1,0,0,0,0,0.0,False,27.10642,85.06984,,,,,,,,,,,,,,,,,,,,,,,,True,True,False,True
episode-7e822cb287037bb5b92b,Government of Nepal BIPAD Portal,2017,8,13,Mid-Western Region,Bardiya,Barbardiya,FLOOD,1,0,0,0,0,0,0,0.0,False,28.36918,81.41147,,,,,,,,,,,,,,,,,,,,,,,,True,True,False,True
episode-1e6d30c124f6988fc00f,Government of Nepal BIPAD Portal,2017,8,13,Central Region,Chitwan,Bharatpur,FLOOD,3,0,1,0,0,0,0,0.0,False,27.61645,84.36001,,,,,,,,,,,,,,,,,,,,,,,,True,True,False,True
episode-2db36318f44355d1a2e2,Government of Nepal BIPAD Portal,2017,8,13,Mid-Western Region,Dang,Ghorahi,FLOOD,2,1,0,0,0,0,0,0.0,False,27.9672,82.44665,,,,,,,,,,,,,,,,,,,,,,,,True,True,False,True
episode-2cfcba312c023162e17e,Government of Nepal BIPAD Portal,2017,8,13,Central Region,Dhanusa,Dhanusadham,FLOOD,1,0,0,0,0,0,0,0.0,False,26.83206,86.05628,,,,,,,,,,,,,,,,,,,,,,,,True,True,False,True
episode-f9de7676965852d2860b,Government of Nepal BIPAD Portal,2017,8,13,Eastern Region,Jhapa,Barhadashi,FLOOD,2,1,0,0,0,0,0,0.0,False,26.58323,87.91446,,,,,,,,,,,,,,,,,,,,,,,,True,True,False,True
episode-7ce05784cc11aa7c86f4,Government of Nepal BIPAD Portal,2017,8,13,Far Western Region,Kailali,Gauriganga,FLOOD,0,0,0,0,0,2500,0,0.0,False,28.74013,80.89463,,,,,,,,,,,,,,,,,,,,,,,,True,True,False,True
episode-e29efb38691b3e5acdfd,Government of Nepal BIPAD Portal,2017,8,13,Mid-Western Region,Kalikot,Pachaljharana,FLOOD,1,0,1,0,0,0,0,0.0,False,29.21559,81.74506,,,,,,,,,,,,,,,,,,,,,,,,True,True,False,True
episode-2863f654d4c98aeafd0a,Government of Nepal BIPAD Portal,2017,8,13,Central Region,Mahottari,Aurahi,FLOOD,1,0,0,0,0,0,0,0.0,False,26.88482,85.81298,,,,,,,,,,,,,,,,,,,,,,,,True,True,False,True
episode-7ce7b36abe6b94b2a21e,Government of Nepal BIPAD Portal,2017,8,13,Central Region,Makwanpur,Makawanpurgadhi,FLOOD,3,0,0,0,1,0,0,0.0,False,27.4427,85.08797,,,,,,,,,,,,,,,,,,,,,,,,True,True,False,True
episode-f70f5010c954dcbb0f6e,Government of Nepal BIPAD Portal,2017,8,13,Eastern Region,Morang,Belbari,FLOOD,1,0,1,0,0,0,0,0.0,False,26.61037,87.46726,,,,,,,,,,,,,,,,,,,,,,,,True,True,False,True
episode-9a46d1f57b3c461dbccd,Government of Nepal BIPAD Portal,2017,8,13,Western Region,Nawalparasi East,Madhyabindu,FLOOD,0,1,0,0,0,311,0,0.0,False,27.61064,84.00745,,,,,,,,,,,,,,,,,,,,,,,,True,True,False,True
episode-768cc38999eea5b421bb,Government of Nepal BIPAD Portal,2017,8,13,Central Region,Parsa,Thori,FLOOD,3,0,0,0,0,0,0,0.0,False,27.22317,84.73056,,,,,,,,,,,,,,,,,,,,,,,,True,True,False,True
episode-170a711c8480ee6e2dc4,Government of Nepal BIPAD Portal,2017,8,13,Central Region,Rautahat,Brindaban,FLOOD,11,2,2,0,0,0,0,0.0,False,26.98914,85.33443,,,,,,,,,,,,,,,,,,,,,,,,True,True,False,True
episode-60f5d29d0d30d9fedd14,Government of Nepal BIPAD Portal,2017,8,13,Western Region,Rupandehi,Tilottama,FLOOD,0,0,0,0,1,0,0,0.0,False,27.57833,83.42932,,,,,,,,,,,,,,,,,,,,,,,,True,True,False,True
episode-40db71d9ca469ae9771f,Government of Nepal BIPAD Portal,2017,8,13,Eastern Region,Saptari,Rupani,FLOOD,1,0,0,0,6,300,0,0.0,False,26.60701,86.75179,,,,,,,,,,,,,,,,,,,,,,,,True,True,False,True
episode-35238be418cef2aec493,Government of Nepal BIPAD Portal,2017,8,13,Central Region,Sarlahi,Haripur,FLOOD,1,2,0,0,0,0,0,0.0,False,26.96729,85.57183,,,,,,,,,,,,,,,,,,,,,,,,True,True,False,True
episode-808ca6a89b87cbcb495d,Government of Nepal BIPAD Portal,2017,8,13,Central Region,Sindhuli,Kamalamai,FLOOD,0,0,0,0,6,0,0,0.0,False,27.18536,85.90753,,,,,,,,,,,,,,,,,,,,,,,,True,True,False,True
episode-79003670b8d0d4646c78,Government of Nepal BIPAD Portal,2017,8,13,Eastern Region,Udayapur,Rautamai,FLOOD,1,0,0,0,0,490,0,0.0,False,26.93279,86.66463,,,,,,,,,,,,,,,,,,,,,,,,True,True,False,True
episode-6878c7970e2c214daf2d,Government of Nepal BIPAD Portal,2017,8,14,Mid-Western Region,Banke,Rapti Sonari,FLOOD,1,0,0,0,0,0,0,0.0,False,28.09534,81.84765,,,,,,,,,,,,,,,,,,,,,,,,True,True,False,True
episode-b6a299019383e35c3f3a,Government of Nepal BIPAD Portal,2017,8,14,Mid-Western Region,Bardiya,Barbardiya,FLOOD,1,0,2,0,0,0,0,0.0,False,28.36918,81.41147,,,,,,,,,,,,,,,,,,,,,,,,True,True,False,True
episode-c9fe7233024c525e99fa,Government of Nepal BIPAD Portal,2017,8,14,Central Region,Chitwan,Bharatpur,FLOOD,0,0,0,0,13,200,0,0.0,False,27.61645,84.36001,,,,,,,,,,,,,,,,,,,,,,,,True,True,False,True
episode-21458d86d9be87e9c36c,Government of Nepal BIPAD Portal,2017,8,14,Central Region,Dhanusa,Dhanusadham,FLOOD,1,0,1,0,0,0,0,0.0,False,26.83206,86.05628,,,,,,,,,,,,,,,,,,,,,,,,True,True,False,True
episode-df8c8e2dae0e2ff5512a,Government of Nepal BIPAD Portal,2017,8,14,Eastern Region,Jhapa,Barhadashi,FLOOD,3,0,0,0,0,10,0,0.0,False,26.58323,87.91446,,,,,,,,,,,,,,,,,,,,,,,,True,True,False,True
episode-e3bffe7d6cb74e14a948,Government of Nepal BIPAD Portal,2017,8,14,Western Region,Kapilbastu,Buddhabhumi,FLOOD,0,0,0,0,1,1,0,0.0,False,27.62682,82.96838,,,,,,,,,,,,,,,,,,,,,,,,True,True,False,True
episode-4fa87b37078923efc9a5,Government of Nepal BIPAD Portal,2017,8,14,Central Region,Mahottari,Aurahi,FLOOD,4,0,0,0,0,0,0,0.0,False,26.88482,85.81298,,,,,,,,,,,,,,,,,,,,,,,,True,True,False,True
episode-917637352818b2ce034f,Government of Nepal BIPAD Portal,2017,8,14,Central Region,Makwanpur,Makawanpurgadhi,FLOOD,0,0,0,0,14,11,0,0.0,False,27.4427,85.08797,,,,,,,,,,,,,,,,,,,,,,,,True,True,False,True
episode-81e706c66a39e8382d85,Government of Nepal BIPAD Portal,2017,8,14,Eastern Region,Morang,Belbari,FLOOD,8,0,0,0,0,0,0,0.0,False,26.61037,87.46726,,,,,,,,,,,,,,,,,,,,,,,,True,True,False,True
episode-7934807b5e09237c0201,Government of Nepal BIPAD Portal,2017,8,14,Western Region,Nawalparasi East,Madhyabindu,FLOOD,0,0,0,0,5,49,0,0.0,False,27.61064,84.00745,,,,,,,,,,,,,,,,,,,,,,,,True,True,False,True
episode-f89d1602dce00360e29e,Government of Nepal BIPAD Portal,2017,8,14,Central Region,Parsa,Thori,FLOOD,2,0,0,0,0,0,0,0.0,False,27.22317,84.73056,,,,,,,,,,,,,,,,,,,,,,,,True,True,False,True
episode-08a525957f3bde2a8573,Government of Nepal BIPAD Portal,2017,8,14,Central Region,Rautahat,Brindaban,FLOOD,3,0,0,0,0,0,0,0.0,False,26.98914,85.33443,,,,,,,,,,,,,,,,,,,,,,,,True,True,False,True
episode-bf4f991aaa38df95df91,Government of Nepal BIPAD Portal,2017,8,14,Western Region,Rupandehi,Tilottama,FLOOD,0,0,0,0,0,300,0,0.0,False,27.57833,83.42932,,,,,,,,,,,,,,,,,,,,,,,,True,True,False,True
episode-1ca48f3a0c1b2117f325,Government of Nepal BIPAD Portal,2017,8,14,Eastern Region,Saptari,Rupani,FLOOD,2,0,0,0,0,0,0,0.0,False,26.60701,86.75179,,,,,,,,,,,,,,,,,,,,,,,,True,True,False,True
episode-8986c8178aace36e6e14,Government of Nepal BIPAD Portal,2017,8,14,Central Region,Sarlahi,Haripur,FLOOD,2,1,0,0,0,0,0,0.0,False,26.96729,85.57183,,,,,,,,,,,,,,,,,,,,,,,,True,True,False,True
episode-5b2ec38660ec78590642,Government of Nepal BIPAD Portal,2017,8,14,Eastern Region,Siraha,Golbazar,FLOOD,0,0,0,0,4,0,0,0.0,False,26.7425,86.3336,,,,,,,,,,,,,,,,,,,,,,,,True,True,False,True
episode-1410b56d85addb2ab158,Government of Nepal BIPAD Portal,2017,8,14,Eastern Region,Sunsari,Inaruwa,FLOOD,3,0,0,0,0,0,0,0.0,False,26.64064,87.12722,,,,,,,,,,,,,,,,,,,,,,,,True,True,False,True
episode-767798fb636b6841e3c3,Government of Nepal BIPAD Portal,2017,8,14,Mid-Western Region,Surkhet,Barahtal,FLOOD,1,0,0,0,0,0,0,0.0,False,28.65047,81.50876,,,,,,,,,,,,,,,,,,,,,,,,True,True,False,True
episode-3e44d2691de963f3f185,Government of Nepal BIPAD Portal,2017,8,14,Eastern Region,Udayapur,Rautamai,FLOOD,2,0,0,0,0,0,0,0.0,False,26.93279,86.66463,,,,,,,,,,,,,,,,,,,,,,,,True,True,False,True
episode-7a10191854835925232d,Government of Nepal BIPAD Portal,2017,8,15,Mid-Western Region,Banke,Rapti Sonari,FLOOD,3,0,0,0,0,0,0,0.0,False,28.09534,81.84765,,,,,,,,,,,,,,,,,,,,,,,,True,True,False,True
episode-bd4f0ab3d8aca6b130f3,Government of Nepal BIPAD Portal,2017,8,15,Mid-Western Region,Dang,Ghorahi,FLOOD,1,0,0,0,0,0,0,0.0,False,27.9672,82.44665,,,,,,,,,,,,,,,,,,,,,,,,True,True,False,True
episode-bd37ace56d692d222b4c,Government of Nepal BIPAD Portal,2017,8,15,Eastern Region,Jhapa,Barhadashi,FLOOD,1,0,0,0,0,0,0,0.0,False,26.58323,87.91446,,,,,,,,,,,,,,,,,,,,,,,,True,True,False,True
episode-f37a55a5b27afc39726c,Government of Nepal BIPAD Portal,2017,8,15,Central Region,Makwanpur,Makawanpurgadhi,FLOOD,1,0,0,0,0,0,0,0.0,False,27.4427,85.08797,,,,,,,,,,,,,,,,,,,,,,,,True,True,False,True
episode-334473fe9c5044be7a46,Government of Nepal BIPAD Portal,2017,8,15,Western Region,Palpa,Mathagadhi,FLOOD,1,0,0,0,0,0,0,0.0,False,27.82173,83.63419,,,,,,,,,,,,,,,,,,,,,,,,True,True,False,True
episode-43cdb9aa44a77f358faf,Government of Nepal BIPAD Portal,2017,8,15,Central Region,Parsa,Thori,FLOOD,1,0,0,0,0,0,0,0.0,False,27.22317,84.73056,,,,,,,,,,,,,,,,,,,,,,,,True,True,False,True
episode-b4bf601ce7ad69617485,Government of Nepal BIPAD Portal,2017,8,15,Central Region,Rautahat,Brindaban,FLOOD,2,0,0,0,0,0,0,0.0,False,26.98914,85.33443,,,,,,,,,,,,,,,,,,,,,,,,True,True,False,True
episode-34ab74c53ad45b26f3c3,Government of Nepal BIPAD Portal,2017,8,15,Eastern Region,Saptari,Rupani,FLOOD,1,0,0,0,0,0,0,0.0,False,26.60701,86.75179,,,,,,,,,,,,,,,,,,,,,,,,True,True,False,True
episode-84402faf6d81d69d7c30,Government of Nepal BIPAD Portal,2017,8,16,Mid-Western Region,Banke,Rapti Sonari,FLOOD,1,0,0,0,0,0,0,0.0,False,28.09534,81.84765,,,,,,,,,,,,,,,,,,,,,,,,True,True,False,True
episode-c49cd1df3021f737180e,Government of Nepal BIPAD Portal,2017,8,16,Mid-Western Region,Dang,Ghorahi,FLOOD,1,1,0,0,0,0,0,0.0,False,27.9672,82.44665,,,,,,,,,,,,,,,,,,,,,,,,True,True,False,True
episode-43dd39bcd954474d1f64,Government of Nepal BIPAD Portal,2017,8,16,Eastern Region,Ilam,Ilam,FLOOD,0,0,0,0,1,0,0,0.0,False,26.88507,87.89616,,,,,,,,,,,,,,,,,,,,,,,,True,True,False,True
episode-626716bf816e184d13cb,Government of Nepal BIPAD Portal,2017,8,16,Western Region,Rupandehi,Tilottama,FLOOD,0,0,0,0,4,0,0,0.0,False,27.57833,83.42932,,,,,,,,,,,,,,,,,,,,,,,,True,True,False,True
episode-b7c323451738b0eaa66d,Government of Nepal BIPAD Portal,2017,8,17,Central Region,Mahottari,Aurahi,FLOOD,2,0,0,0,0,0,0,0.0,False,26.88482,85.81298,,,,,,,,,,,,,,,,,,,,,,,,True,True,False,True
episode-9cb1423023dd1073edaa,Government of Nepal BIPAD Portal,2017,8,17,Central Region,Sindhuli,Kamalamai,FLOOD,2,0,0,0,0,0,0,0.0,False,27.18536,85.90753,,,,,,,,,,,,,,,,,,,,,,,,True,True,False,True
episode-4e3fd37a1652edf508fd,Government of Nepal BIPAD Portal,2017,8,18,Central Region,Chitwan,Bharatpur,FLOOD,1,0,0,0,0,0,0,0.0,False,27.61645,84.36001,,,,,,,,,,,,,,,,,,,,,,,,True,True,False,True
episode-bd3fc507f907b7fedcff,Government of Nepal BIPAD Portal,2017,8,18,Eastern Region,Jhapa,Barhadashi,FLOOD,1,0,0,0,0,0,0,0.0,False,26.58323,87.91446,,,,,,,,,,,,,,,,,,,,,,,,True,True,False,True
episode-037485bd697378947a02,Government of Nepal BIPAD Portal,2017,8,18,Western Region,Nawalparasi East,Madhyabindu,FLOOD,1,0,0,0,0,0,0,0.0,False,27.61064,84.00745,,,,,,,,,,,,,,,,,,,,,,,,True,True,False,True
episode-68170d48220c87c84dbd,Government of Nepal BIPAD Portal,2017,8,18,Eastern Region,Saptari,Rupani,FLOOD,0,0,0,0,1,0,0,0.0,False,26.60701,86.75179,,,,,,,,,,,,,,,,,,,,,,,,True,True,False,True
episode-1c4bc40dfee5c3a81282,Government of Nepal BIPAD Portal,2017,8,18,Central Region,Sarlahi,Haripur,FLOOD,1,0,0,0,0,0,0,0.0,False,26.96729,85.57183,,,,,,,,,,,,,,,,,,,,,,,,True,True,False,True
episode-810b41711520a003102b,Government of Nepal BIPAD Portal,2017,8,19,Far Western Region,Bajura,Gaumul,FLOOD,0,0,0,0,1,0,0,0.0,False,29.5579,81.49045,,,,,,,,,,,,,,,,,,,,,,,,True,True,False,True
episode-053707ec2f69cdb9e45a,Government of Nepal BIPAD Portal,2017,8,19,Eastern Region,Jhapa,Barhadashi,FLOOD,3,0,0,0,0,0,0,0.0,False,26.58323,87.91446,,,,,,,,,,,,,,,,,,,,,,,,True,True,False,True
episode-1b25dd0a27ffaf8415b2,Government of Nepal BIPAD Portal,2017,8,19,Central Region,Mahottari,Aurahi,FLOOD,1,0,0,0,0,0,0,0.0,False,26.88482,85.81298,,,,,,,,,,,,,,,,,,,,,,,,True,True,False,True
episode-b40cfbb60a5022c08ca5,Government of Nepal BIPAD Portal,2017,8,20,Far Western Region,Dadeldhura,Alital,FLOOD,1,0,0,0,0,0,0,0.0,False,29.20864,80.48616,,,,,,,,,,,,,,,,,,,,,,,,True,True,False,True
episode-0f0e6965b6fa80fd9f7c,Government of Nepal BIPAD Portal,2017,8,20,Western Region,Nawalparasi East,Madhyabindu,FLOOD,1,0,0,0,0,0,0,0.0,False,27.61064,84.00745,,,,,,,,,,,,,,,,,,,,,,,,True,True,False,True
episode-35a14fbbf63af57ba707,Government of Nepal BIPAD Portal,2017,8,20,Central Region,Sarlahi,Haripur,FLOOD,1,0,0,0,0,0,0,0.0,False,26.96729,85.57183,,,,,,,,,,,,,,,,,,,,,,,,True,True,False,True
episode-c935ec4886f73f917c52,Government of Nepal BIPAD Portal,2017,8,21,Central Region,Sarlahi,Haripur,FLOOD,1,0,0,0,0,0,0,0.0,False,26.96729,85.57183,,,,,,,,,,,,,,,,,,,,,,,,True,True,False,True
episode-a9c4da88f886aa615725,Government of Nepal BIPAD Portal,2017,8,22,Central Region,Sarlahi,Haripur,FLOOD,1,0,0,0,0,0,0,0.0,False,26.96729,85.57183,,,,,,,,,,,,,,,,,,,,,,,,True,True,False,True
episode-bcce73f223867fc875ec,Government of Nepal BIPAD Portal,2017,8,23,Central Region,Sarlahi,Haripur,FLOOD,2,0,0,0,0,0,0,0.0,False,26.96729,85.57183,,,,,,,,,,,,,,,,,,,,,,,,True,True,False,True
episode-c54cb9d8703b8bae8993,Government of Nepal BIPAD Portal,2017,8,23,Central Region,Sindhupalchok,Jugal,FLOOD,0,1,0,0,0,0,0,0.0,False,27.90711,85.75568,,,,,,,,,,,,,,,,,,,,,,,,True,True,False,True
episode-f8c5ce7b70ca7ad45fe4,Government of Nepal BIPAD Portal,2017,8,27,Far Western Region,Achham,Kamalbazar,FLOOD,0,0,0,0,0,0,0,0.0,False,29.06417,81.30663,,,,,,,,,,,,,,,,,,,,,,,,True,True,False,True
episode-d7a253f5dd4a8916ffae,Government of Nepal BIPAD Portal,2017,9,11,Central Region,Sindhupalchok,Jugal,FLOOD,0,0,0,0,2,6,0,0.0,False,27.90711,85.75568,,,,,,,,,,,,,,,,,,,,,,,,True,True,False,True
episode-903c2f83994711aa8e04,Government of Nepal BIPAD Portal,2017,9,23,Western Region,Palpa,Mathagadhi,FLOOD,3,0,1,0,0,0,0,0.0,False,27.82173,83.63419,,,,,,,,,,,,,,,,,,,,,,,,True,True,False,True
episode-860340485a87b180f995,Government of Nepal BIPAD Portal,2017,10,2,Central Region,Sarlahi,Haripur,FLOOD,4,2,0,0,0,0,0,0.0,False,26.96729,85.57183,,,,,,,,,,,,,,,,,,,,,,,,True,True,False,True
episode-830b45f37db70e154588,Government of Nepal BIPAD Portal,2018,4,26,Mid-Western Region,Pyuthan,Sworgadwary,FLOOD,0,0,0,0,0,0,0,0.0,False,28.12668916,82.71995199,,,,,,,,,,,,,,,,,,,,,,,,True,True,False,True
episode-5127c804ba1b4df96589,Government of Nepal BIPAD Portal,2018,4,27,Far Western Region,Achham,Chaurpati,FLOOD,0,0,0,0,0,0,0,0.0,False,29.15248141,81.11783225,,,,,,,,,,,,,,,,,,,,,,,,True,True,False,True
episode-109cb9359e02df820bb7,Government of Nepal BIPAD Portal,2018,5,2,Far Western Region,Bajhang,JayaPrithivi,FLOOD,3,0,0,0,0,0,0,0.0,False,29.53267008,81.13704849,,,,,,,,,,,,,,,,,,,,,,,,True,True,False,True
episode-71a765f12ff4bf431797,Government of Nepal BIPAD Portal,2018,5,5,Far Western Region,Bajhang,Durgathali,FLOOD,0,0,0,0,0,0,0,0.0,False,29.4894399,81.0324834,,,,,,,,,,,,,,,,,,,,,,,,True,True,False,True
episode-bf99968bbbac60e333c0,Government of Nepal BIPAD Portal,2018,5,5,Far Western Region,Bajhang,Surma,FLOOD,5,0,0,0,0,0,0,0.0,False,29.7171,81.15534,,,,,,,,,,,,,,,,,,,,,,,,True,True,False,True
episode-e3fd672b9d6c312418c3,Government of Nepal BIPAD Portal,2018,5,14,Central Region,Ramechhap,Manthali,FLOOD,0,1,2,0,0,0,0,0.0,False,27.37782753,86.06492121,,,,,,,,,,,,,,,,,,,,,,,,True,True,False,True
episode-0bf1f01082af373e0930,Government of Nepal BIPAD Portal,2018,6,7,Mid-Western Region,Rukum West,Sanibheri,FLOOD,0,0,0,0,0,0,0,0.0,False,28.69530049,82.25290491,,,,,,,,,,,,,,,,,,,,,,,,True,True,False,True
episode-3bd7b6fcc0391bf5c495,Government of Nepal BIPAD Portal,2018,6,9,Central Region,Rasuwa,Aamachhodingmo,FLOOD,0,0,0,0,0,0,0,0.0,False,28.23333042,85.27153387,,,,,,,,,,,,,,,,,,,,,,,,True,True,False,True
episode-11fc292f50fe1cfff0a2,Government of Nepal BIPAD Portal,2018,6,17,Western Region,Baglung,Kanthekhola,FLOOD,0,0,0,0,0,0,0,0.0,False,28.22674366,83.51082721,,,,,,,,,,,,,,,,,,,,,,,,True,True,False,True
episode-2ed11f86240eded3e359,Government of Nepal BIPAD Portal,2018,6,17,Central Region,Mahottari,Bardibas,FLOOD,0,0,0,0,0,0,0,0.0,False,27.04202777,85.88097946,,,,,,,,,,,,,,,,,,,,,,,,True,True,False,True
episode-660801fa0409dccb3f02,Government of Nepal BIPAD Portal,2018,6,25,Western Region,Baglung,Bareng,FLOOD,0,0,0,0,0,0,0,0.0,False,28.14908597,83.49657696,,,,,,,,,,,,,,,,,,,,,,,,True,True,False,True
episode-d239264f2cb83a1a81a2,Government of Nepal BIPAD Portal,2018,6,27,Central Region,Sindhupalchok,Bhotekoshi,FLOOD,0,0,0,0,0,0,0,0.0,False,27.99329527,85.92629877,,,,,,,,,,,,,,,,,,,,,,,,True,True,False,True
episode-4f2c00dfabd85500f42b,Government of Nepal BIPAD Portal,2018,7,2,Central Region,Bara,Jitpur Simara,FLOOD,0,0,0,0,0,10,0,0.0,False,27.08692321,84.95530632,,,,,,,,,,,,,,,,,,,,,,,,True,True,False,True
episode-62ea3a03d5b97db5bd8c,Government of Nepal BIPAD Portal,2018,7,2,Mid-Western Region,Bardiya,Madhuwan,FLOOD,0,0,0,0,0,9,0,0.0,False,28.27766536,81.25883746,,,,,,,,,,,,,,,,,,,,,,,,True,True,False,True
episode-edd8f5bac83c18538001,Government of Nepal BIPAD Portal,2018,7,2,Mid-Western Region,Bardiya,Rajapur,FLOOD,0,0,0,0,0,16,0,0.0,False,28.38402154,81.12269579,,,,,,,,,,,,,,,,,,,,,,,,True,True,False,True
episode-988f76a666f29e16940f,Government of Nepal BIPAD Portal,2018,7,2,Far Western Region,Kailali,Bhajani,FLOOD,0,0,0,0,0,82,0,0.0,False,28.47474271,80.96891588666666,,,,,,,,,,,,,,,,,,,,,,,,True,True,False,True
episode-e9f76021352186cec0d5,Government of Nepal BIPAD Portal,2018,7,2,Western Region,Nawalparasi West,Bardaghat,FLOOD,0,0,0,0,0,42,0,0.0,False,27.52844515,83.77207256,,,,,,,,,,,,,,,,,,,,,,,,True,True,False,True
episode-fbcaa512819dfd07ebf5,Government of Nepal BIPAD Portal,2018,7,2,Western Region,Nawalparasi West,Sarawal,FLOOD,0,0,0,0,2,91,0,0.0,False,27.44592213,83.74120624,,,,,,,,,,,,,,,,,,,,,,,,True,True,False,True
episode-8f28b2a0fd94af50a911,Government of Nepal BIPAD Portal,2018,7,2,Central Region,Parsa,Chhipaharmai,FLOOD,0,0,0,0,2,0,0,0.0,False,27.03649055,84.69183504,,,,,,,,,,,,,,,,,,,,,,,,True,True,False,True
episode-6d5c50f013903030a016,Government of Nepal BIPAD Portal,2018,7,2,Central Region,Parsa,Thori,FLOOD,2,0,2,0,0,0,0,0.0,False,27.22317,84.73056,,,,,,,,,,,,,,,,,,,,,,,,True,True,False,True
episode-187be5ff226650b4c0a8,Government of Nepal BIPAD Portal,2018,7,2,Eastern Region,Udayapur,Triyuga,FLOOD,1,0,1,0,0,0,0,0.0,False,26.840035405000002,86.66413256,,,,,,,,,,,,,,,,,,,,,,,,True,True,False,True
episode-ea68dc8536958af92ead,Government of Nepal BIPAD Portal,2018,7,3,Central Region,Sarlahi,Dhankaul,FLOOD,0,0,0,0,0,2,0,0.0,False,26.86819896,85.38778194,,,,,,,,,,,,,,,,,,,,,,,,True,True,False,True
episode-8313375eeb811ec149ba,Government of Nepal BIPAD Portal,2018,7,3,Central Region,Sarlahi,Haripur,FLOOD,0,0,0,0,0,2,0,0.0,False,26.96729,85.57183,,,,,,,,,,,,,,,,,,,,,,,,True,True,False,True
episode-74213b50d85bef799898,Government of Nepal BIPAD Portal,2018,7,5,Eastern Region,Jhapa,Gauradhaha,FLOOD,0,0,0,0,0,0,0,0.0,False,26.50130238,87.66554417,,,,,,,,,,,,,,,,,,,,,,,,True,True,False,True
episode-64bf684102d094ee7dfe,Government of Nepal BIPAD Portal,2018,7,5,Eastern Region,Morang,Jahada,FLOOD,0,0,0,0,0,0,0,0.0,False,26.377617,87.34761477,,,,,,,,,,,,,,,,,,,,,,,,True,True,False,True
episode-0be020a81deed550f3dc,Government of Nepal BIPAD Portal,2018,7,5,Eastern Region,Sunsari,Barah,FLOOD,0,0,0,0,0,0,0,0.0,False,26.78880585,87.1876118,,,,,,,,,,,,,,,,,,,,,,,,True,True,False,True
episode-9f4f18ca5848b7574981,Government of Nepal BIPAD Portal,2018,7,5,Eastern Region,Sunsari,Itahari,FLOOD,0,0,0,0,0,0,0,0.0,False,26.65318574,87.25054865,,,,,,,,,,,,,,,,,,,,,,,,True,True,False,True
episode-6132e6b5a167562f03d8,Government of Nepal BIPAD Portal,2018,7,6,Eastern Region,Sunsari,Inaruwa,FLOOD,1,0,0,0,0,0,0,0.0,False,26.64064,87.12722,,,,,,,,,,,,,,,,,,,,,,,,True,True,False,True
episode-6abdd889d8537bf1220b,Government of Nepal BIPAD Portal,2018,7,7,Mid-Western Region,Pyuthan,Sarumarani,FLOOD,1,0,0,0,0,0,0,0.0,False,27.97909135,82.83663031,,,,,,,,,,,,,,,,,,,,,,,,True,True,False,True
episode-37485fd8dda4fc603ffe,Government of Nepal BIPAD Portal,2018,7,12,Central Region,Kathmandu,Kathmandu,FLOOD,0,0,0,0,0,0,0,0.0,False,27.68337593,85.355644,,,,,,,,,,,,,,,,,,,,,,,,True,True,False,True
episode-d727da1e03e2cfe2c9a2,Government of Nepal BIPAD Portal,2018,7,13,Eastern Region,Saptari,Tilathi Koiladi,FLOOD,0,0,0,0,0,0,0,0.0,False,26.48616586,86.833727,,,,,,,,,,,,,,,,,,,,,,,,True,True,False,True
episode-18a0645e26058c8f07d6,Government of Nepal BIPAD Portal,2018,7,14,Eastern Region,Okhaldhunga,Sunkoshi,FLOOD,0,0,0,0,0,0,0,0.0,False,27.32574107,86.380631,,,,,,,,,,,,,,,,,,,,,,,,True,True,False,True
episode-ff3068ca96f40cd2ad5c,Government of Nepal BIPAD Portal,2018,7,16,Western Region,Kaski,Pokhara,FLOOD,0,0,0,0,0,0,0,0.0,False,28.15340665,84.0822179,,,,,,,,,,,,,,,,,,,,,,,,True,True,False,True
episode-b034a367ceaa9de9a150,Government of Nepal BIPAD Portal,2018,7,16,Central Region,Sindhupalchok,Bhotekoshi,FLOOD,0,0,0,0,2,0,0,0.0,False,27.99329527,85.92629877,,,,,,,,,,,,,,,,,,,,,,,,True,True,False,True
episode-d91f3a69436539f91f6f,Government of Nepal BIPAD Portal,2018,7,18,Western Region,Gorkha,Gorkha,FLOOD,0,0,0,0,1,0,0,0.0,False,27.9569067,84.56377099,,,,,,,,,,,,,,,,,,,,,,,,True,True,False,True
episode-d9e5758d05b328d3d4a5,Government of Nepal BIPAD Portal,2018,7,20,Eastern Region,Sankhuwasabha,Chainpur,FLOOD,0,0,0,0,0,0,0,0.0,False,27.315511,87.47233031,,,,,,,,,,,,,,,,,,,,,,,,True,True,False,True
episode-e277f06706e93658f6d4,Government of Nepal BIPAD Portal,2018,8,1,Far Western Region,Achham,Ramaroshan,FLOOD,0,0,0,0,0,0,0,0.0,False,29.22497589,81.45997459,,,,,,,,,,,,,,,,,,,,,,,,True,True,False,True
episode-554614a1fb133d326c79,Government of Nepal BIPAD Portal,2018,8,1,Western Region,Tanahu,Devghat,FLOOD,1,0,0,0,0,0,0,0.0,False,27.78263524,84.35529785,,,,,,,,,,,,,,,,,,,,,,,,True,True,False,True
episode-13c297f1448c91383d39,Government of Nepal BIPAD Portal,2018,8,5,Central Region,Bhaktapur,Suryabinayak,FLOOD,0,0,0,0,0,1,0,0.0,False,27.66539467,85.40610191,,,,,,,,,,,,,,,,,,,,,,,,True,True,False,True
episode-e36f70b7e7ac413aacbb,Government of Nepal BIPAD Portal,2018,8,5,Mid-Western Region,Dang,Tulsipur,FLOOD,0,0,19,0,0,0,0,0.0,False,28.13732184,82.32530367,,,,,,,,,,,,,,,,,,,,,,,,True,True,False,True
episode-f49bab4bb5e6a6821f6b,Government of Nepal BIPAD Portal,2018,8,5,Central Region,Kathmandu,Kathmandu,FLOOD,0,0,0,0,0,0,0,0.0,False,27.69542056,85.30641671,,,,,,,,,,,,,,,,,,,,,,,,True,True,False,True
episode-06750a73d088120cb554,Government of Nepal BIPAD Portal,2018,8,6,Eastern Region,Taplejung,Phungling,FLOOD,0,0,0,0,0,2,0,0.0,False,27.36689033,87.67244083,,,,,,,,,,,,,,,,,,,,,,,,True,True,False,True
episode-0dcdd46ade4e3dc237f3,Government of Nepal BIPAD Portal,2018,8,11,Western Region,Mustang,Gharapjhong,FLOOD,0,0,0,0,4,0,0,0.0,False,28.73752896,83.78315429,,,,,,,,,,,,,,,,,,,,,,,,True,True,False,True
episode-db6fa5d343da50051148,Government of Nepal BIPAD Portal,2018,8,14,Mid-Western Region,Jajarkot,Nalgaad,FLOOD,0,0,0,0,1,0,0,0.0,False,28.89929684,82.49285008,,,,,,,,,,,,,,,,,,,,,,,,True,True,False,True
episode-42bafe582b3cd01fd517,Government of Nepal BIPAD Portal,2018,8,14,Mid-Western Region,Rukum West,Aathbiskot,FLOOD,0,0,0,0,3,0,0,0.0,False,28.86752349,82.53170643,,,,,,,,,,,,,,,,,,,,,,,,True,True,False,True
episode-80d06efa8d07e26c1c18,Government of Nepal BIPAD Portal,2018,8,15,Mid-Western Region,Jajarkot,Nalgaad,FLOOD,0,0,0,0,2,0,0,0.0,False,28.81328587,82.27312504,,,,,,,,,,,,,,,,,,,,,,,,True,True,False,True
episode-184848c85a5a47a93bdd,Government of Nepal BIPAD Portal,2018,8,15,Central Region,Kathmandu,Budhanilkantha,FLOOD,0,0,0,0,0,25,0,0.0,False,27.75834517,85.37434162,,,,,,,,,,,,,,,,,,,,,,,,True,True,False,True
episode-07811d4958549cca3f82,Government of Nepal BIPAD Portal,2018,8,15,Central Region,Kathmandu,Gokarneshwor,FLOOD,0,0,0,0,0,10,0,0.0,False,27.73677411,85.39605017,,,,,,,,,,,,,,,,,,,,,,,,True,True,False,True
episode-988890a1f508f7a27640,Government of Nepal BIPAD Portal,2018,8,15,Central Region,Kathmandu,Kageshwori Manahora,FLOOD,0,0,0,0,0,190,0,0.0,False,27.69912,85.37856,,,,,,,,,,,,,,,,,,,,,,,,True,True,False,True
episode-6805ed361680f904e252,Government of Nepal BIPAD Portal,2018,8,15,Western Region,Myagdi,Annapurna,FLOOD,0,0,0,0,0,0,0,0.0,False,28.57902425,83.75474863,,,,,,,,,,,,,,,,,,,,,,,,True,True,False,True
episode-007f740dfc846f25871e,Government of Nepal BIPAD Portal,2018,8,16,Central Region,Bhaktapur,Changunarayan,FLOOD,0,0,0,0,0,0,0,0.0,False,27.69529678,85.4878684,,,,,,,,,,,,,,,,,,,,,,,,True,True,False,True
episode-893743da4deab9fc02b8,Government of Nepal BIPAD Portal,2018,8,17,Central Region,Nuwakot,Shivapuri,FLOOD,0,0,2,0,0,2,0,0.0,False,27.84035961,85.34583048,,,,,,,,,,,,,,,,,,,,,,,,True,True,False,True
episode-22e82c7e8cd1b5c176b3,Government of Nepal BIPAD Portal,2018,8,18,Western Region,Myagdi,Annapurna,FLOOD,0,0,0,0,0,0,0,0.0,False,28.4921789,83.61614744,,,,,,,,,,,,,,,,,,,,,,,,True,True,False,True
episode-87c49d88663ec08441ec,Government of Nepal BIPAD Portal,2018,8,18,Central Region,Nuwakot,Belkotgadhi,FLOOD,0,0,0,0,0,2,0,0.0,False,27.82934157,85.16131498,,,,,,,,,,,,,,,,,,,,,,,,True,True,False,True
episode-b67b67ea0db37b7fb560,Government of Nepal BIPAD Portal,2018,8,18,Central Region,Nuwakot,Kispang,FLOOD,0,0,0,0,1,1,0,0.0,False,27.99861001,85.13345826,,,,,,,,,,,,,,,,,,,,,,,,True,True,False,True
episode-9eb6597b68b7c63dc471,Government of Nepal BIPAD Portal,2018,8,18,Central Region,Sindhupalchok,Barhabise,FLOOD,0,0,0,0,1,25,0,0.0,False,27.80548502,85.92205632,,,,,,,,,,,,,,,,,,,,,,,,True,True,False,True
episode-1aed54c2ec277a1c242d,Government of Nepal BIPAD Portal,2018,8,27,Eastern Region,Saptari,Rupani,FLOOD,0,0,0,0,0,0,0,0.0,False,26.60701,86.75179,,,,,,,,,,,,,,,,,,,,,,,,True,True,False,True
episode-586481a9667c0e073dea,Government of Nepal BIPAD Portal,2018,8,30,Eastern Region,Morang,Biratnagar,FLOOD,0,0,0,0,0,17,0,0.0,False,26.44795637,87.29713012,,,,,,,,,,,,,,,,,,,,,,,,True,True,False,True
episode-0518fd9ef7d0da5b839b,Government of Nepal BIPAD Portal,2018,9,1,Mid-Western Region,Dolpa,Jagadulla,FLOOD,0,0,0,0,0,0,0,0.0,False,29.13412244,82.49098066,,,,,,,,,,,,,,,,,,,,,,,,True,True,False,True
episode-fba1676474dc80d086cd,Government of Nepal BIPAD Portal,2018,9,10,Western Region,Kaski,Pokhara,FLOOD,0,0,0,0,0,0,0,0.0,False,28.12357064,84.10491112,,,,,,,,,,,,,,,,,,,,,,,,True,True,False,True
episode-b3597cd7133c64adb83a,Government of Nepal BIPAD Portal,2018,9,10,Eastern Region,Terhathum,Phedap,FLOOD,1,0,0,0,0,0,0,0.0,False,27.19922077,87.59900238,,,,,,,,,,,,,,,,,,,,,,,,True,True,False,True
episode-ae5ec9958683cd65d764,Government of Nepal BIPAD Portal,2018,9,11,Central Region,Chitwan,Bharatpur,FLOOD,0,0,0,0,1,0,0,0.0,False,27.58541776,84.23329382,,,,,,,,,,,,,,,,,,,,,,,,True,True,False,True
episode-52cf3c950f81d2e2bff7,Government of Nepal BIPAD Portal,2018,9,12,Far Western Region,Dadeldhura,Parashuram,FLOOD,1,0,0,0,0,0,0,0.0,False,29.0745572,80.37652774,,,,,,,,,,,,,,,,,,,,,,,,True,True,False,True
episode-8cc8c8d005a93a67eb76,Government of Nepal BIPAD Portal,2018,9,12,Eastern Region,Jhapa,Kankai,FLOOD,0,0,0,0,0,7,0,0.0,False,26.63792809,87.89489385,,,,,,,,,,,,,,,,,,,,,,,,True,True,False,True
episode-5704242527f0570299a4,Government of Nepal BIPAD Portal,2018,9,12,Western Region,Lamjung,Besishahar,FLOOD,0,2,0,0,0,0,0,0.0,False,28.19766428,84.43897371,,,,,,,,,,,,,,,,,,,,,,,,True,True,False,True
episode-8aae40769275dc84b3ad,Government of Nepal BIPAD Portal,2018,9,12,Western Region,Mustang,Thasang,FLOOD,0,0,0,0,0,1,0,0.0,False,28.68987876,83.58687182,,,,,,,,,,,,,,,,,,,,,,,,True,True,False,True
episode-9002ff0093483c7f4e24,Government of Nepal BIPAD Portal,2018,9,12,Western Region,Myagdi,Raghuganga,FLOOD,1,0,0,0,2,1,0,0.0,False,28.58868167,83.48907935,,,,,,,,,,,,,,,,,,,,,,,,True,True,False,True
episode-b6221f7eb59a8de22111,Government of Nepal BIPAD Portal,2019,4,5,Western Region,Baglung,Baglung,FLOOD,0,0,0,0,0,0,0,0.0,False,28.2443577,83.58070437,,,,,,,,,,,,,,,,,,,,,,,,True,True,False,True
episode-968fac9d02b8bc393b50,Government of Nepal BIPAD Portal,2019,4,6,Eastern Region,Panchthar,Phidim,FLOOD,0,0,1,0,0,0,0,0.0,False,27.16896061,87.8197721,,,,,,,,,,,,,,,,,,,,,,,,True,True,False,True
episode-1dc8106be86fb724a540,Government of Nepal BIPAD Portal,2019,4,14,Eastern Region,Terhathum,Chhathar,FLOOD,0,0,0,0,1,0,0,0.0,False,27.0374728,87.4446871,,,,,,,,,,,,,,,,,,,,,,,,True,True,False,True
episode-0cd9c8970dedba68d52d,Government of Nepal BIPAD Portal,2019,4,20,Central Region,Kathmandu,Kathmandu,FLOOD,0,0,0,0,0,0,0,0.0,False,27.69151769,85.33523491,,,,,,,,,,,,,,,,,,,,,,,,True,True,False,True
episode-5590f8fd7299704e2d9a,Government of Nepal BIPAD Portal,2019,4,21,Eastern Region,Bhojpur,Ramprasadrai,FLOOD,0,0,0,0,1,0,0,0.0,False,27.05189461,87.04302693,,,,,,,,,,,,,,,,,,,,,,,,True,True,False,True
episode-a197ca4e8299c6fa1985,Government of Nepal BIPAD Portal,2019,5,19,Eastern Region,Sankhuwasabha,Bhotkhola,FLOOD,0,0,0,0,0,0,0,0.0,False,27.77304107,87.34104656,,,,,,,,,,,,,,,,,,,,,,,,True,True,False,True
episode-6b305287da151bc29136,Government of Nepal BIPAD Portal,2019,5,25,Western Region,Myagdi,Annapurna,FLOOD,0,0,0,0,0,0,0,0.0,False,28.5414392,83.61639972,,,,,,,,,,,,,,,,,,,,,,,,True,True,False,True
episode-443da58a69b93c4e3b29,Government of Nepal BIPAD Portal,2019,6,1,Mid-Western Region,Dolpa,Thuli Bheri,FLOOD,0,0,0,0,1,0,0,0.0,False,28.90204758,82.85321848,,,,,,,,,,,,,,,,,,,,,,,,True,True,False,True
episode-bcad4dd94076746e15d4,Government of Nepal BIPAD Portal,2019,6,1,Eastern Region,Sankhuwasabha,Chainpur,FLOOD,0,0,0,0,0,0,0,0.0,False,27.26747641,87.234409,,,,,,,,,,,,,,,,,,,,,,,,True,True,False,True
episode-9b0a1c23142a86de1b11,Government of Nepal BIPAD Portal,2019,6,6,Mid-Western Region,Dolpa,Mudkechula,FLOOD,0,0,0,0,0,0,0,0.0,False,29.02269671,82.53343551,,,,,,,,,,,,,,,,,,,,,,,,True,True,False,True
episode-dbf2048bd6b8e17f04c3,Government of Nepal BIPAD Portal,2019,6,17,Eastern Region,Sankhuwasabha,Khandbari,FLOOD,0,0,0,0,0,0,0,0.0,False,27.41125563,87.15107671,,,,,,,,,,,,,,,,,,,,,,,,True,True,False,True
episode-20cd700d07ae292e30a8,Government of Nepal BIPAD Portal,2019,6,17,Eastern Region,Sankhuwasabha,Makalu,FLOOD,0,0,0,0,0,0,0,0.0,False,27.61175664,87.31716373,,,,,,,,,,,,,,,,,,,,,,,,True,True,False,True
episode-21ebbf1771ea6dbe2e34,Government of Nepal BIPAD Portal,2019,6,17,Eastern Region,Taplejung,Sirijangha,FLOOD,0,0,0,0,0,0,0,0.0,False,27.52177439,88.00156704,,,,,,,,,,,,,,,,,,,,,,,,True,True,False,True
episode-cfaa9bb4f85732ce4879,Government of Nepal BIPAD Portal,2019,6,22,Central Region,Chitwan,Madi,FLOOD,0,0,0,0,0,0,0,0.0,False,27.47147831,84.3182053,,,,,,,,,,,,,,,,,,,,,,,,True,True,False,True
episode-b41c4704ebec54248e8f,Government of Nepal BIPAD Portal,2019,6,23,Western Region,Kaski,Madi,FLOOD,0,0,0,0,0,0,0,0.0,False,28.27083086,84.07388797,,,,,,,,,,,,,,,,,,,,,,,,True,True,False,True
episode-6856e31922c3ba45992c,Government of Nepal BIPAD Portal,2019,6,23,Western Region,Lamjung,Marsyangdi,FLOOD,0,0,0,0,0,3,0,0.0,False,28.3298008,84.308778615,,,,,,,,,,,,,,,,,,,,,,,,True,True,False,True
episode-f76b98d93e78c8af3473,Government of Nepal BIPAD Portal,2019,6,23,Western Region,Manang,Chame,FLOOD,0,0,0,0,0,0,0,0.0,False,28.53691888,84.26401675,,,,,,,,,,,,,,,,,,,,,,,,True,True,False,True
episode-08de871e2017b3bc78e9,Government of Nepal BIPAD Portal,2019,6,24,Mid-Western Region,Banke,Narainapur,FLOOD,0,0,0,0,0,0,0,0.0,False,27.96300925,81.79188862,,,,,,,,,,,,,,,,,,,,,,,,True,True,False,True
episode-0ef402a56419b440d7d3,Government of Nepal BIPAD Portal,2019,6,24,Eastern Region,Sankhuwasabha,Savapokhari,FLOOD,0,0,0,0,0,0,0,0.0,False,27.41285836,87.34043115,,,,,,,,,,,,,,,,,,,,,,,,True,True,False,True
episode-a8013d2caf03271b6c64,Government of Nepal BIPAD Portal,2019,7,2,Central Region,Sindhupalchok,Indrawati,FLOOD,0,0,0,0,0,0,0,0.0,False,27.72940699,85.64221356,,,,,,,,,,,,,,,,,,,,,,,,True,True,False,True
episode-2bb61fcd3ca07b3d8ee1,Government of Nepal BIPAD Portal,2019,7,4,Central Region,Nuwakot,Tadi,FLOOD,0,2,0,0,0,0,0,0.0,False,27.94685944,85.34588844,,,,,,,,,,,,,,,,,,,,,,,,True,True,False,True
episode-6a55783e7ea4ec428668,Government of Nepal BIPAD Portal,2019,7,4,Central Region,Rasuwa,Kalika,FLOOD,0,0,0,0,0,0,0,0.0,False,27.99819542,85.23113083,,,,,,,,,,,,,,,,,,,,,,,,True,True,False,True
episode-e424ede0316052fb2a99,Government of Nepal BIPAD Portal,2019,7,5,Central Region,Nuwakot,Suryagadhi,FLOOD,0,0,0,0,0,2,0,0.0,False,27.93208277,85.24226386,,,,,,,,,,,,,,,,,,,,,,,,True,True,False,True
episode-7153d3e5c9965bbc3ee8,Government of Nepal BIPAD Portal,2019,7,5,Central Region,Sindhupalchok,Jugal,FLOOD,0,1,0,0,0,0,0,0.0,False,27.92278498,85.75018747,,,,,,,,,,,,,,,,,,,,,,,,True,True,False,True
episode-7826bdb760766506d6b9,Government of Nepal BIPAD Portal,2019,7,6,Central Region,Sindhupalchok,Bhotekoshi,FLOOD,1,1,2,0,0,0,0,0.0,False,27.84779054,85.94270238,,,,,,,,,,,,,,,,,,,,,,,,True,True,False,True
episode-e07e0146f1f02b4a7864,Government of Nepal BIPAD Portal,2019,7,7,Mid-Western Region,Rukum West,Aathbiskot,FLOOD,1,0,0,0,0,0,0,0.0,False,28.74774676,82.32568323,,,,,,,,,,,,,,,,,,,,,,,,True,True,False,True
episode-6b0db5f86e126ae4fa76,Government of Nepal BIPAD Portal,2019,7,8,Mid-Western Region,Banke,Baijanath,FLOOD,0,0,0,0,0,5,0,0.0,False,28.29632129,81.68972871,,,,,,,,,,,,,,,,,,,,,,,,True,True,False,True
episode-193ee9270ee9458e1b81,Government of Nepal BIPAD Portal,2019,7,8,Mid-Western Region,Banke,Duduwa,FLOOD,0,0,0,0,0,0,0,0.0,False,28.04151212,81.70715585,,,,,,,,,,,,,,,,,,,,,,,,True,True,False,True
episode-0607f2d8ab38e380e44a,Government of Nepal BIPAD Portal,2019,7,9,Mid-Western Region,Bardiya,Bansagadhi,FLOOD,0,0,0,0,0,59,0,0.0,False,28.251714043333333,81.54226993333333,,,,,,,,,,,,,,,,,,,,,,,,True,True,False,True
episode-ec5eee415139b6251c08,Government of Nepal BIPAD Portal,2019,7,9,Mid-Western Region,Rukum West,Aathbiskot,FLOOD,1,0,0,0,0,0,0,0.0,False,28.8187077,82.44116796,,,,,,,,,,,,,,,,,,,,,,,,True,True,False,True
episode-874efdf31840af7f9c9b,Government of Nepal BIPAD Portal,2019,7,10,Central Region,Makwanpur,Hetauda,FLOOD,0,0,1,0,0,0,0,0.0,False,27.45795458,85.02166264,,,,,,,,,,,,,,,,,,,,,,,,True,True,False,True
episode-5edef2acdef8bb9eb111,Government of Nepal BIPAD Portal,2019,7,10,Central Region,Makwanpur,Makawanpurgadhi,FLOOD,0,0,1,0,0,0,0,0.0,False,27.46165434,85.08968495,,,,,,,,,,,,,,,,,,,,,,,,True,True,False,True
episode-2f893870a6811630dfff,Government of Nepal BIPAD Portal,2019,7,11,Mid-Western Region,Dang,Gadhawa,FLOOD,0,0,0,0,1,0,0,0.0,False,27.76579697,82.53006929,,,,,,,,,,,,,,,,,,,,,,,,True,True,False,True
episode-5194f8b653c0a91587aa,Government of Nepal BIPAD Portal,2019,7,11,Mid-Western Region,Dang,Lamahi,FLOOD,0,0,0,0,1,0,0,0.0,False,27.88571843,82.52783565,,,,,,,,,,,,,,,,,,,,,,,,True,True,False,True
episode-b8da25d51f685b8c826f,Government of Nepal BIPAD Portal,2019,7,11,Mid-Western Region,Dang,Rapti,FLOOD,0,0,0,0,1,1,0,0.0,False,27.869952089999998,82.71308132,,,,,,,,,,,,,,,,,,,,,,,,True,True,False,True
episode-c7d00682770ebe44d69d,Government of Nepal BIPAD Portal,2019,7,11,Eastern Region,Ilam,Deumai,FLOOD,0,0,0,0,0,1,0,0.0,False,26.94235063,87.82907664,,,,,,,,,,,,,,,,,,,,,,,,True,True,False,True
episode-bd64b6eb4449db3ddc35,Government of Nepal BIPAD Portal,2019,7,11,Eastern Region,Jhapa,Birtamode,FLOOD,0,0,0,0,0,0,0,0.0,False,26.62134148,87.98902453,,,,,,,,,,,,,,,,,,,,,,,,True,True,False,True
episode-aa7ee3187ba5cf5baca3,Government of Nepal BIPAD Portal,2019,7,11,Eastern Region,Jhapa,Kankai,FLOOD,0,0,0,0,0,0,0,0.0,False,26.61718739,87.91738567,,,,,,,,,,,,,,,,,,,,,,,,True,True,False,True
episode-755b274956ce39c7a925,Government of Nepal BIPAD Portal,2019,7,11,Eastern Region,Jhapa,Shivasataxi,FLOOD,0,0,0,0,0,0,0,0.0,False,26.66298418,87.81850673,,,,,,,,,,,,,,,,,,,,,,,,True,True,False,True
episode-411ea1b14f9dc4be782d,Government of Nepal BIPAD Portal,2019,7,11,Eastern Region,Khotang,Diprung Chuichumma,FLOOD,0,0,0,0,0,1,0,0.0,False,27.07126593,86.74561443,,,,,,,,,,,,,,,,,,,,,,,,True,True,False,True
episode-6097f6b336437bcd1595,Government of Nepal BIPAD Portal,2019,7,11,Central Region,Lalitpur,Mahankal,FLOOD,0,0,0,0,0,0,0,0.0,False,27.49805504,85.39853307,,,,,,,,,,,,,,,,,,,,,,,,True,True,False,True
episode-b80d90f997d098498e6d,Government of Nepal BIPAD Portal,2019,7,11,Eastern Region,Morang,Belbari,FLOOD,0,0,0,0,416,1798,0,0.0,False,26.61037,87.46726,,,,,,,,,,,,,,,,,,,,,,,,True,True,False,True
episode-6fabd4e7693b924efd2e,Government of Nepal BIPAD Portal,2019,7,11,Eastern Region,Morang,Biratnagar,FLOOD,0,0,0,0,0,0,0,0.0,False,26.466215625,87.294471145,,,,,,,,,,,,,,,,,,,,,,,,True,True,False,True
episode-ae3537f57a0095d42622,Government of Nepal BIPAD Portal,2019,7,11,Eastern Region,Morang,Budhiganga,FLOOD,0,0,0,0,0,0,0,0.0,False,26.59992106,87.33103529,,,,,,,,,,,,,,,,,,,,,,,,True,True,False,True
episode-79458e577b11f1e60638,Government of Nepal BIPAD Portal,2019,7,11,Eastern Region,Morang,Kanepokhari,FLOOD,1,0,0,0,0,0,0,0.0,False,26.56697958,87.49276102,,,,,,,,,,,,,,,,,,,,,,,,True,True,False,True
episode-90ec249590f104c1bc10,Government of Nepal BIPAD Portal,2019,7,11,Eastern Region,Sunsari,Harinagar,FLOOD,0,0,0,0,0,0,0,0.0,False,26.49594699,87.10027176,,,,,,,,,,,,,,,,,,,,,,,,True,True,False,True
episode-6ec724d39aef8ef4c02e,Government of Nepal BIPAD Portal,2019,7,11,Eastern Region,Sunsari,Itahari,FLOOD,0,1,0,0,0,0,0,0.0,False,26.67313872,87.26312892,,,,,,,,,,,,,,,,,,,,,,,,True,True,False,True
episode-a4a70877b7d54ff0f531,Government of Nepal BIPAD Portal,2019,7,11,Eastern Region,Sunsari,Ramdhuni,FLOOD,0,0,0,0,0,0,0,0.0,False,26.71616874,87.20618216,,,,,,,,,,,,,,,,,,,,,,,,True,True,False,True
episode-4d5f4b974796e4e3b6bf,Government of Nepal BIPAD Portal,2019,7,12,Central Region,Bara,Parwanipur,FLOOD,1,0,0,0,0,0,0,0.0,False,27.05871593,84.93536422,,,,,,,,,,,,,,,,,,,,,,,,True,True,False,True
episode-2e1414aca2ae2a04c8b0,Government of Nepal BIPAD Portal,2019,7,12,Mid-Western Region,Dang,Babai,FLOOD,1,0,0,0,0,0,0,0.0,False,28.16390027,82.03465631,,,,,,,,,,,,,,,,,,,,,,,,True,True,False,True
episode-d4830b74ac32b5dc7e89,Government of Nepal BIPAD Portal,2019,7,12,Central Region,Dhading,Benighat Rorang,FLOOD,1,0,0,0,0,0,0,0.0,False,27.8033709,84.81638922,,,,,,,,,,,,,,,,,,,,,,,,True,True,False,True
episode-3f777bc44bd032c72bb9,Government of Nepal BIPAD Portal,2019,7,12,Central Region,Dhading,Thakre,FLOOD,0,1,0,0,0,0,0,0.0,False,27.71717883,85.046993965,,,,,,,,,,,,,,,,,,,,,,,,True,True,False,True
episode-dba8c9bf2a32dd637a09,Government of Nepal BIPAD Portal,2019,7,12,Eastern Region,Ilam,Chulachuli,FLOOD,1,0,0,0,0,0,0,0.0,False,26.69124756,87.7892798,,,,,,,,,,,,,,,,,,,,,,,,True,True,False,True
episode-a27f8989a23bc337c091,Government of Nepal BIPAD Portal,2019,7,12,Eastern Region,Ilam,Suryodaya,FLOOD,0,0,0,0,0,1,0,0.0,False,26.95166075,88.11895227,,,,,,,,,,,,,,,,,,,,,,,,True,True,False,True
episode-418c81abc5e5a8bf9ab0,Government of Nepal BIPAD Portal,2019,7,12,Eastern Region,Jhapa,Bhadrapur,FLOOD,0,1,0,0,0,0,0,0.0,False,26.58788662,88.08476223,,,,,,,,,,,,,,,,,,,,,,,,True,True,False,True
episode-1dc256b1508d2c89c80d,Government of Nepal BIPAD Portal,2019,7,12,Eastern Region,Jhapa,Damak,FLOOD,1,0,0,0,0,0,0,0.0,False,26.61639955,87.6653462,,,,,,,,,,,,,,,,,,,,,,,,True,True,False,True
episode-1281b7ff49f23d1f8fbd,Government of Nepal BIPAD Portal,2019,7,12,Eastern Region,Jhapa,Kamal,FLOOD,0,0,0,0,0,0,0,0.0,False,26.64778157,87.7696465,,,,,,,,,,,,,,,,,,,,,,,,True,True,False,True
episode-17f6ad84d6def32984bb,Government of Nepal BIPAD Portal,2019,7,12,Central Region,Kathmandu,Kageshwori Manahora,FLOOD,0,1,0,0,0,0,0,0.0,False,27.69912,85.37856,,,,,,,,,,,,,,,,,,,,,,,,True,True,False,True
episode-fbfd6cf38fc87dc034e7,Government of Nepal BIPAD Portal,2019,7,12,Central Region,Mahottari,Balwa,FLOOD,1,0,0,0,0,0,0,0.0,False,26.72390833,85.82490802,,,,,,,,,,,,,,,,,,,,,,,,True,True,False,True
episode-0f2e57592e9c110d24bc,Government of Nepal BIPAD Portal,2019,7,12,Central Region,Makwanpur,Hetauda,FLOOD,0,0,0,0,1,0,0,0.0,False,27.39760435,85.07847898,,,,,,,,,,,,,,,,,,,,,,,,True,True,False,True
episode-52761c7a1c2406b2e8a4,Government of Nepal BIPAD Portal,2019,7,12,Central Region,Makwanpur,Kailash,FLOOD,1,0,0,0,0,0,0,0.0,False,27.56964174,84.97694986,,,,,,,,,,,,,,,,,,,,,,,,True,True,False,True
episode-51483d77c0e1932afb3b,Government of Nepal BIPAD Portal,2019,7,12,Central Region,Makwanpur,Thaha,FLOOD,1,0,1,0,0,0,0,0.0,False,27.61770339,85.05787827,,,,,,,,,,,,,,,,,,,,,,,,True,True,False,True
episode-8a117696b3c6abf48997,Government of Nepal BIPAD Portal,2019,7,12,Eastern Region,Morang,Katahari,FLOOD,0,1,0,0,0,0,0,0.0,False,26.47187676,87.34291776,,,,,,,,,,,,,,,,,,,,,,,,True,True,False,True
episode-b1cdced7f2cb4ffdd24e,Government of Nepal BIPAD Portal,2019,7,12,Eastern Region,Morang,Ratuwamai,FLOOD,0,0,0,0,0,0,0,0.0,False,26.56517668,87.62507417,,,,,,,,,,,,,,,,,,,,,,,,True,True,False,True
episode-3926f613a1b9b8f2b57b,Government of Nepal BIPAD Portal,2019,7,12,Western Region,Mustang,Thasang,FLOOD,0,0,0,0,0,0,0,0.0,False,28.60648598,83.64879703,,,,,,,,,,,,,,,,,,,,,,,,True,True,False,True
episode-97777ea98c7f344897f8,Government of Nepal BIPAD Portal,2019,7,12,Eastern Region,Okhaldhunga,Chisankhugadhi,FLOOD,1,0,0,0,0,0,0,0.0,False,27.32233441,86.59757104,,,,,,,,,,,,,,,,,,,,,,,,True,True,False,True
episode-cc5b7398843f7ce75ef0,Government of Nepal BIPAD Portal,2019,7,12,Eastern Region,Okhaldhunga,Khijidemba,FLOOD,0,0,0,0,1,0,0,0.0,False,27.44240934,86.35017381,,,,,,,,,,,,,,,,,,,,,,,,True,True,False,True
episode-73109d6a76a21a393d3f,Government of Nepal BIPAD Portal,2019,7,12,Eastern Region,Panchthar,Miklajung,FLOOD,1,0,0,0,0,0,0,0.0,False,26.92558227,87.67289485,,,,,,,,,,,,,,,,,,,,,,,,True,True,False,True
episode-740e269920c3b2413e5e,Government of Nepal BIPAD Portal,2019,7,12,Central Region,Parsa,Parsagadhi,FLOOD,1,0,0,0,0,0,0,0.0,False,27.20260901,84.88414531,,,,,,,,,,,,,,,,,,,,,,,,True,True,False,True
episode-ee091f9aa0728ac329ae,Government of Nepal BIPAD Portal,2019,7,12,Central Region,Rautahat,Gadhimai,FLOOD,0,1,0,0,0,0,0,0.0,False,26.9048997,85.35795608,,,,,,,,,,,,,,,,,,,,,,,,True,True,False,True
episode-0ec97d364643cba2c27f,Government of Nepal BIPAD Portal,2019,7,12,Central Region,Sindhuli,Dudhouli,FLOOD,2,2,0,0,0,3,0,0.0,False,27.03395128,86.17332767,,,,,,,,,,,,,,,,,,,,,,,,True,True,False,True
episode-7cc6155b0dad248e1d88,Government of Nepal BIPAD Portal,2019,7,12,Central Region,Sindhuli,Hariharpurgadhi,FLOOD,0,0,0,0,0,1,0,0.0,False,27.29119793,85.49259399,,,,,,,,,,,,,,,,,,,,,,,,True,True,False,True
episode-b5067896cf385e6613f9,Government of Nepal BIPAD Portal,2019,7,12,Central Region,Sindhupalchok,Indrawati,FLOOD,0,0,0,0,0,0,0,0.0,False,27.75240122,85.66023963,,,,,,,,,,,,,,,,,,,,,,,,True,True,False,True
episode-a36815577725829849e2,Government of Nepal BIPAD Portal,2019,7,12,Eastern Region,Sunsari,Inaruwa,FLOOD,0,0,0,0,0,0,0,0.0,False,26.613021439999997,87.14497856,,,,,,,,,,,,,,,,,,,,,,,,True,True,False,True
episode-d6b340872bd6216028f5,Government of Nepal BIPAD Portal,2019,7,12,Western Region,Syangja,Kaligandagi,FLOOD,0,0,0,0,0,3,0,0.0,False,27.95760958,83.50180185,,,,,,,,,,,,,,,,,,,,,,,,True,True,False,True
episode-32c21f8879dad4aa3445,Government of Nepal BIPAD Portal,2019,7,12,Eastern Region,Udayapur,Katari,FLOOD,0,0,0,0,0,0,0,0.0,False,27.14273328,86.40070193,,,,,,,,,,,,,,,,,,,,,,,,True,True,False,True
episode-5ce830fd4b8f7cae899c,Government of Nepal BIPAD Portal,2019,7,13,Central Region,Bara,Kalaiya,FLOOD,1,0,0,0,0,0,0,0.0,False,26.98282721,85.00068689,,,,,,,,,,,,,,,,,,,,,,,,True,True,False,True
episode-9ff6d65de2985756db55,Government of Nepal BIPAD Portal,2019,7,13,Mid-Western Region,Dang,Gadhawa,FLOOD,0,0,0,0,0,1,0,0.0,False,27.78534903,82.57493135,,,,,,,,,,,,,,,,,,,,,,,,True,True,False,True
episode-553850fb58b83fab8386,Government of Nepal BIPAD Portal,2019,7,13,Mid-Western Region,Dang,Rapti,FLOOD,0,0,0,0,0,0,0,0.0,False,27.85853783,82.77289178,,,,,,,,,,,,,,,,,,,,,,,,True,True,False,True
episode-20a51edc85fb09a5d7d9,Government of Nepal BIPAD Portal,2019,7,13,Central Region,Dhanusa,Ganeshman Charnath,FLOOD,2,0,0,0,0,0,0,0.0,False,26.93330341,86.11249795500001,,,,,,,,,,,,,,,,,,,,,,,,True,True,False,True
episode-0b0120723b631c1376f8,Government of Nepal BIPAD Portal,2019,7,13,Eastern Region,Ilam,Mai,FLOOD,0,3,0,0,0,0,0,0.0,False,26.80006335,87.8363802,,,,,,,,,,,,,,,,,,,,,,,,True,True,False,True
episode-66816b705fb214836403,Government of Nepal BIPAD Portal,2019,7,13,Eastern Region,Jhapa,Shivasataxi,FLOOD,1,0,0,0,0,0,0,0.0,False,26.55738509,87.82154151,,,,,,,,,,,,,,,,,,,,,,,,True,True,False,True
episode-0f00fd1c3e83bd2067ae,Government of Nepal BIPAD Portal,2019,7,13,Central Region,Lalitpur,Konjyosom,FLOOD,1,0,0,0,0,0,0,0.0,False,27.54796,85.33968,,,,,,,,,,,,,,,,,,,,,,,,True,True,False,True
episode-2f65e5fff062f5f20f1c,Government of Nepal BIPAD Portal,2019,7,13,Eastern Region,Morang,Jahada,FLOOD,0,1,0,0,0,0,0,0.0,False,26.41612616,87.35068023,,,,,,,,,,,,,,,,,,,,,,,,True,True,False,True
episode-44e7e608dd1f13a50b27,Government of Nepal BIPAD Portal,2019,7,13,Central Region,Parsa,Birgunj,FLOOD,1,0,0,0,0,0,0,0.0,False,27.03058765,84.86816766,,,,,,,,,,,,,,,,,,,,,,,,True,True,False,True
episode-1360af5de71436d20c8a,Government of Nepal BIPAD Portal,2019,7,13,Central Region,Parsa,Kalikamai,FLOOD,0,0,1,0,0,0,0,0.0,False,27.06508849,84.74494892,,,,,,,,,,,,,,,,,,,,,,,,True,True,False,True
episode-8402686b89f7b0459dd8,Government of Nepal BIPAD Portal,2019,7,13,Central Region,Rautahat,Gaur,FLOOD,1,0,0,0,0,0,0,0.0,False,26.76303838,85.26996157,,,,,,,,,,,,,,,,,,,,,,,,True,True,False,True
episode-51e6383e3ab25dd28a02,Government of Nepal BIPAD Portal,2019,7,13,Eastern Region,Siraha,Mirchaiya,FLOOD,1,0,0,0,0,0,0,0.0,False,26.81912666,86.23220938,,,,,,,,,,,,,,,,,,,,,,,,True,True,False,True
episode-1bbaae46131f4f3b0735,Government of Nepal BIPAD Portal,2019,7,13,Eastern Region,Sunsari,Barah,FLOOD,0,0,1,0,0,0,0,0.0,False,26.84280449,87.18167684,,,,,,,,,,,,,,,,,,,,,,,,True,True,False,True
episode-fc341e2926831762b8c9,Government of Nepal BIPAD Portal,2019,7,13,Eastern Region,Sunsari,Duhabi,FLOOD,0,0,0,0,4,4,0,0.0,False,26.54099911,87.26100554499999,,,,,,,,,,,,,,,,,,,,,,,,True,True,False,True
episode-eef06e4b73dc60afdff2,Government of Nepal BIPAD Portal,2019,7,13,Eastern Region,Sunsari,Gadhi,FLOOD,0,0,0,0,1,0,0,0.0,False,26.5808311,87.20881172,,,,,,,,,,,,,,,,,,,,,,,,True,True,False,True
episode-cfb141b9dd66c2a5de7b,Government of Nepal BIPAD Portal,2019,7,14,Mid-Western Region,Dang,Ghorahi,FLOOD,1,0,0,0,0,0,0,0.0,False,27.99668657,82.45117837,,,,,,,,,,,,,,,,,,,,,,,,True,True,False,True
episode-8c59c43eae44e71fb8f2,Government of Nepal BIPAD Portal,2019,7,14,Western Region,Kapilbastu,Mayadevi,FLOOD,1,0,0,0,0,0,0,0.0,False,27.45973585,83.10603478,,,,,,,,,,,,,,,,,,,,,,,,True,True,False,True
episode-4411241b14ef40a50515,Government of Nepal BIPAD Portal,2019,7,14,Central Region,Mahottari,Bhangaha,FLOOD,1,0,0,0,0,0,0,0.0,False,26.88788805,85.88988391,,,,,,,,,,,,,,,,,,,,,,,,True,True,False,True
episode-9275a6710c02f3f1d3aa,Government of Nepal BIPAD Portal,2019,7,14,Central Region,Mahottari,Jaleswor,FLOOD,0,2,0,0,0,0,0,0.0,False,26.66127802,85.80225713,,,,,,,,,,,,,,,,,,,,,,,,True,True,False,True
episode-f3e6d8acdd872693fc6f,Government of Nepal BIPAD Portal,2019,7,14,Eastern Region,Morang,Kanepokhari,FLOOD,0,1,0,0,0,0,0,0.0,False,26.54755542,87.47078731,,,,,,,,,,,,,,,,,,,,,,,,True,True,False,True
episode-0246179de549da38bd3c,Government of Nepal BIPAD Portal,2019,7,14,Eastern Region,Morang,Ratuwamai,FLOOD,1,0,0,0,0,0,0,0.0,False,26.47668608,87.61271668,,,,,,,,,,,,,,,,,,,,,,,,True,True,False,True
episode-2502b850c0752724a9b0,Government of Nepal BIPAD Portal,2019,7,14,Central Region,Parsa,Birgunj,FLOOD,0,1,0,0,0,0,0,0.0,False,27.01907188,84.8565501,,,,,,,,,,,,,,,,,,,,,,,,True,True,False,True
episode-7efb792f0cbda99aff71,Government of Nepal BIPAD Portal,2019,7,14,Central Region,Rautahat,Durga Bhagwati,FLOOD,1,0,0,0,0,0,0,0.0,False,26.84110496,85.30955484,,,,,,,,,,,,,,,,,,,,,,,,True,True,False,True
episode-1396607378b7403cf1bd,Government of Nepal BIPAD Portal,2019,7,14,Central Region,Rautahat,Gaur,FLOOD,1,0,0,0,0,0,0,0.0,False,26.76303838,85.26996157,,,,,,,,,,,,,,,,,,,,,,,,True,True,False,True
episode-cb49a79d41390175cff2,Government of Nepal BIPAD Portal,2019,7,14,Central Region,Rautahat,Ishanath,FLOOD,1,0,0,0,0,0,0,0.0,False,26.76744745,85.2466068,,,,,,,,,,,,,,,,,,,,,,,,True,True,False,True
episode-8a2116c09a324f174103,Government of Nepal BIPAD Portal,2019,7,14,Eastern Region,Siraha,Mirchaiya,FLOOD,1,0,0,0,0,0,0,0.0,False,26.81912666,86.23220938,,,,,,,,,,,,,,,,,,,,,,,,True,True,False,True
episode-e722e311115d93d017c5,Government of Nepal BIPAD Portal,2019,7,14,Eastern Region,Siraha,Naraha,FLOOD,1,0,0,0,0,0,0,0.0,False,26.79746343,86.28716073,,,,,,,,,,,,,,,,,,,,,,,,True,True,False,True
episode-b4e3693f3a0a21f3c2e6,Government of Nepal BIPAD Portal,2019,7,14,Eastern Region,Siraha,Siraha,FLOOD,2,0,0,0,0,0,0,0.0,False,26.61472974,86.18650857,,,,,,,,,,,,,,,,,,,,,,,,True,True,False,True
episode-9b453db61efc043eaeb4,Government of Nepal BIPAD Portal,2019,7,14,Eastern Region,Sunsari,Devangunj,FLOOD,0,0,0,0,1,0,0,0.0,False,26.43374752,87.13271293,,,,,,,,,,,,,,,,,,,,,,,,True,True,False,True
episode-f69a75c438b62ae584c4,Government of Nepal BIPAD Portal,2019,7,14,Eastern Region,Sunsari,Dharan,FLOOD,0,0,0,0,0,1,0,0.0,False,26.83644735,87.32609627,,,,,,,,,,,,,,,,,,,,,,,,True,True,False,True
episode-491e1c3e54d3fda35d54,Government of Nepal BIPAD Portal,2019,7,14,Eastern Region,Sunsari,Duhabi,FLOOD,0,0,0,0,0,1,0,0.0,False,26.5911966,87.25858447,,,,,,,,,,,,,,,,,,,,,,,,True,True,False,True
episode-048a512d17203cc2d7e7,Government of Nepal BIPAD Portal,2019,7,14,Eastern Region,Sunsari,Harinagar,FLOOD,1,0,0,0,0,0,0,0.0,False,26.51906982,87.10976377,,,,,,,,,,,,,,,,,,,,,,,,True,True,False,True
episode-6a72b3904f6b71db37eb,Government of Nepal BIPAD Portal,2019,7,14,Western Region,Tanahu,Aanbookhaireni,FLOOD,0,1,0,0,0,0,0,0.0,False,27.90448061,84.49255763,,,,,,,,,,,,,,,,,,,,,,,,True,True,False,True
episode-92180cfe63378f046df2,Government of Nepal BIPAD Portal,2019,7,14,Eastern Region,Udayapur,Chaudandigadhi,FLOOD,1,0,0,0,0,0,0,0.0,False,26.807786055,86.923149315,,,,,,,,,,,,,,,,,,,,,,,,True,True,False,True
episode-99943dc1ff77953c908c,Government of Nepal BIPAD Portal,2019,7,15,Central Region,Dhading,Benighat Rorang,FLOOD,0,0,0,0,0,0,0,0.0,False,27.71710576,84.81888951,,,,,,,,,,,,,,,,,,,,,,,,True,True,False,True
episode-172394dff28737c36609,Government of Nepal BIPAD Portal,2019,7,15,Central Region,Dhanusa,Dhanusadham,FLOOD,1,0,0,0,0,0,0,0.0,False,26.85308485,86.079074,,,,,,,,,,,,,,,,,,,,,,,,True,True,False,True
episode-aca11247c0e4f6de2d3a,Government of Nepal BIPAD Portal,2019,7,15,Central Region,Dhanusa,Janaknandani,FLOOD,1,0,0,0,0,0,0,0.0,False,26.61962473,86.14805717,,,,,,,,,,,,,,,,,,,,,,,,True,True,False,True
episode-2e8e093258ae3fd21574,Government of Nepal BIPAD Portal,2019,7,15,Central Region,Dhanusa,Mukhiyapatti Musaharmiya,FLOOD,1,0,0,0,0,0,0,0.0,False,26.58311269,85.85983332,,,,,,,,,,,,,,,,,,,,,,,,True,True,False,True
episode-eea4f2aead0f11240ba3,Government of Nepal BIPAD Portal,2019,7,15,Eastern Region,Ilam,Chulachuli,FLOOD,0,0,0,0,0,0,0,0.0,False,26.69124756,87.7892798,,,,,,,,,,,,,,,,,,,,,,,,True,True,False,True
episode-8bf619934ad703687810,Government of Nepal BIPAD Portal,2019,7,15,Eastern Region,Jhapa,Mechinagar,FLOOD,1,0,0,0,0,0,0,0.0,False,26.63954531,88.0559474,,,,,,,,,,,,,,,,,,,,,,,,True,True,False,True
episode-171d8abf3897b5c5e852,Government of Nepal BIPAD Portal,2019,7,15,Central Region,Mahottari,Sonama,FLOOD,2,0,0,0,0,0,0,0.0,False,26.85283421,85.74789093,,,,,,,,,,,,,,,,,,,,,,,,True,True,False,True
episode-19d6982de7eb573970be,Government of Nepal BIPAD Portal,2019,7,15,Central Region,Rautahat,Brindaban,FLOOD,1,0,0,0,0,0,0,0.0,False,26.99478052,85.37159423,,,,,,,,,,,,,,,,,,,,,,,,True,True,False,True
episode-fd18db0f347c4ba07cfb,Government of Nepal BIPAD Portal,2019,7,15,Central Region,Rautahat,Gadhimai,FLOOD,1,0,0,0,0,0,0,0.0,False,26.98133896,85.39122015,,,,,,,,,,,,,,,,,,,,,,,,True,True,False,True
episode-622c84e198156136f8af,Government of Nepal BIPAD Portal,2019,7,15,Central Region,Rautahat,Rajdevi,FLOOD,2,0,0,0,0,0,0,0.0,False,26.7576351,85.29960857,,,,,,,,,,,,,,,,,,,,,,,,True,True,False,True
episode-42f56889c3545c22534a,Government of Nepal BIPAD Portal,2019,7,15,Central Region,Rautahat,Rajpur,FLOOD,1,0,0,0,0,0,0,0.0,False,26.80825399,85.27912702,,,,,,,,,,,,,,,,,,,,,,,,True,True,False,True
episode-75f4f9f35a4c0899e9e3,Government of Nepal BIPAD Portal,2019,7,15,Eastern Region,Sankhuwasabha,Makalu,FLOOD,1,0,0,0,0,0,0,0.0,False,27.61175664,87.31716373,,,,,,,,,,,,,,,,,,,,,,,,True,True,False,True
episode-f6ec2aa215f81b368024,Government of Nepal BIPAD Portal,2019,7,15,Central Region,Sarlahi,Kaudena,FLOOD,1,0,0,0,0,0,0,0.0,False,26.85339164,85.51619743,,,,,,,,,,,,,,,,,,,,,,,,True,True,False,True
episode-1ee6ed0c074a9bddc611,Government of Nepal BIPAD Portal,2019,7,15,Eastern Region,Sunsari,Duhabi,FLOOD,1,0,0,0,0,0,0,0.0,False,26.57526091,87.26714457,,,,,,,,,,,,,,,,,,,,,,,,True,True,False,True
episode-85f596a5412d919b0d83,Government of Nepal BIPAD Portal,2019,7,15,Eastern Region,Udayapur,Rautamai,FLOOD,1,0,2,0,0,0,0,0.0,False,26.92291654,86.63279474,,,,,,,,,,,,,,,,,,,,,,,,True,True,False,True
episode-383aac052c77af36983d,Government of Nepal BIPAD Portal,2019,7,16,Far Western Region,Kanchanpur,Dodhara Chandani,FLOOD,1,0,0,0,0,0,0,0.0,False,28.84457075,80.0751576,,,,,,,,,,,,,,,,,,,,,,,,True,True,False,True
episode-37b343d56159ecedd450,Government of Nepal BIPAD Portal,2019,7,16,Central Region,Makwanpur,Indrasarowar,FLOOD,0,0,0,0,5,0,0,0.0,False,27.56243878,85.21962797,,,,,,,,,,,,,,,,,,,,,,,,True,True,False,True
episode-8e46bd8bf5b2d60bfa46,Government of Nepal BIPAD Portal,2019,7,16,Eastern Region,Morang,Biratnagar,FLOOD,0,0,1,0,0,0,0,0.0,False,26.49237159,87.26778256,,,,,,,,,,,,,,,,,,,,,,,,True,True,False,True
episode-e6ef069f530667334e22,Government of Nepal BIPAD Portal,2019,7,16,Eastern Region,Morang,Sunwarshi,FLOOD,2,0,0,0,0,0,0,0.0,False,26.50461265,87.54039824,,,,,,,,,,,,,,,,,,,,,,,,True,True,False,True
episode-a24703a11e9c9912a120,Government of Nepal BIPAD Portal,2019,7,16,Central Region,Parsa,Birgunj,FLOOD,1,0,0,0,0,0,0,0.0,False,27.09457995,84.88778934,,,,,,,,,,,,,,,,,,,,,,,,True,True,False,True
episode-ce6dfa6fa016ada3c0f3,Government of Nepal BIPAD Portal,2019,7,16,Central Region,Rautahat,Katahariya,FLOOD,1,0,0,0,0,0,0,0.0,False,27.01612742,85.25856631,,,,,,,,,,,,,,,,,,,,,,,,True,True,False,True
episode-aac1bdcf15e9c67194f3,Government of Nepal BIPAD Portal,2019,7,17,Eastern Region,Siraha,Siraha,FLOOD,1,0,0,0,0,0,0,0.0,False,26.60992441,86.20135828,,,,,,,,,,,,,,,,,,,,,,,,True,True,False,True
episode-d0354381509dedbfd7f9,Government of Nepal BIPAD Portal,2019,7,19,Mid-Western Region,Rukum West,Aathbiskot,FLOOD,1,0,0,0,0,0,0,0.0,False,28.86752349,82.53170643,,,,,,,,,,,,,,,,,,,,,,,,True,True,False,True
episode-36b7aeea01bd7a21afd1,Government of Nepal BIPAD Portal,2019,7,21,Central Region,Sindhuli,Kamalamai,FLOOD,0,0,1,0,0,0,0,0.0,False,27.21853044,85.96040847,,,,,,,,,,,,,,,,,,,,,,,,True,True,False,True
episode-d3559a80fe63cc312053,Government of Nepal BIPAD Portal,2019,7,22,Central Region,Sindhuli,Dudhouli,FLOOD,0,0,0,0,3,0,0,0.0,False,27.03920173,86.34198165,,,,,,,,,,,,,,,,,,,,,,,,True,True,False,True
episode-ec143c228f9f0c64e505,Government of Nepal BIPAD Portal,2019,7,22,Central Region,Sindhuli,Golanjor,FLOOD,1,0,0,0,0,0,0,0.0,False,27.22204636,86.05941672,,,,,,,,,,,,,,,,,,,,,,,,True,True,False,True
episode-3836a716c5457ec97458,Government of Nepal BIPAD Portal,2019,7,23,Far Western Region,Bajhang,Masta,FLOOD,0,0,0,0,0,0,0,0.0,False,29.57055787,81.24371174,,,,,,,,,,,,,,,,,,,,,,,,True,True,False,True
episode-0e04ebdf5b52ef605d3f,Government of Nepal BIPAD Portal,2019,7,24,Eastern Region,Jhapa,Bhadrapur,FLOOD,0,0,0,0,0,0,0,0.0,False,26.5433358,88.1007003,,,,,,,,,,,,,,,,,,,,,,,,True,True,False,True
episode-8ed9d78babe72b216c1b,Government of Nepal BIPAD Portal,2019,7,24,Western Region,Lamjung,Dordi,FLOOD,6,4,8,0,0,0,0,0.0,False,28.29561022,84.57919043,,,,,,,,,,,,,,,,,,,,,,,,True,True,False,True
episode-e03f5661c7d8ae69279c,Government of Nepal BIPAD Portal,2019,7,24,Western Region,Rupandehi,Butwal,FLOOD,0,0,0,0,1,0,0,0.0,False,27.71040913,83.41097202,,,,,,,,,,,,,,,,,,,,,,,,True,True,False,True
episode-1aa9e7b85fa1fb7722c2,Government of Nepal BIPAD Portal,2019,7,24,Eastern Region,Saptari,Rupani,FLOOD,0,0,0,0,0,0,0,0.0,False,26.615599,86.71677658,,,,,,,,,,,,,,,,,,,,,,,,True,True,False,True
episode-dc7364fa19ed1f00dbbc,Government of Nepal BIPAD Portal,2019,7,24,Mid-Western Region,Surkhet,Birendranagar,FLOOD,0,0,0,0,0,15,0,0.0,False,28.54388617,81.59371774,,,,,,,,,,,,,,,,,,,,,,,,True,True,False,True
episode-bafbc85a331e13d2549a,Government of Nepal BIPAD Portal,2019,7,25,Eastern Region,Jhapa,Gauradhaha,FLOOD,0,0,0,0,0,0,0,0.0,False,26.5864186,87.71740817,,,,,,,,,,,,,,,,,,,,,,,,True,True,False,True
episode-bd30082cf30565e5f0a0,Government of Nepal BIPAD Portal,2019,7,25,Eastern Region,Jhapa,Jhapa,FLOOD,0,0,0,0,0,0,0,0.0,False,26.45732782,87.84146049,,,,,,,,,,,,,,,,,,,,,,,,True,True,False,True
episode-8f348cd475cef34e6d2a,Government of Nepal BIPAD Portal,2019,7,25,Eastern Region,Saptari,Agnisair Krishna Savaran,FLOOD,0,0,0,0,1,0,0,0.0,False,26.6561312,86.80627046,,,,,,,,,,,,,,,,,,,,,,,,True,True,False,True
episode-3322d70032088ae8e105,Government of Nepal BIPAD Portal,2019,7,26,Eastern Region,Morang,Jahada,FLOOD,0,0,0,0,1,1,0,0.0,False,26.44694694,87.34622179,,,,,,,,,,,,,,,,,,,,,,,,True,True,False,True
episode-98cba60bb769fef904ca,Government of Nepal BIPAD Portal,2019,7,26,Eastern Region,Sankhuwasabha,Khandbari,FLOOD,0,0,0,0,0,0,0,0.0,False,27.4022335,87.20566233,,,,,,,,,,,,,,,,,,,,,,,,True,True,False,True
episode-ff6bbd70735add34cedb,Government of Nepal BIPAD Portal,2019,7,27,Mid-Western Region,Pyuthan,Gaumukhi,FLOOD,1,0,0,0,0,0,0,0.0,False,28.1985216,83.01932003,,,,,,,,,,,,,,,,,,,,,,,,True,True,False,True
episode-b06578bad340d61cc8ba,Government of Nepal BIPAD Portal,2019,7,29,Western Region,Kaski,Annapurna,FLOOD,0,0,0,0,0,0,0,0.0,False,28.3632732,83.79669769,,,,,,,,,,,,,,,,,,,,,,,,True,True,False,True
episode-5d73ea4729df8805c130,Government of Nepal BIPAD Portal,2019,8,2,Mid-Western Region,Rukum West,Aathbiskot,FLOOD,1,0,0,0,0,0,0,0.0,False,28.74774676,82.32568323,,,,,,,,,,,,,,,,,,,,,,,,True,True,False,True
episode-5d77d8be74d28b615f66,Government of Nepal BIPAD Portal,2019,8,5,Central Region,Kathmandu,Kageshwori Manahora,FLOOD,0,0,0,0,0,1,0,0.0,False,27.69912,85.37856,,,,,,,,,,,,,,,,,,,,,,,,True,True,False,True
episode-6d7625d4428806313e1d,Government of Nepal BIPAD Portal,2019,8,5,Central Region,Kathmandu,Nagarjun,FLOOD,0,0,0,0,0,0,0,0.0,False,27.72084148,85.26025025,,,,,,,,,,,,,,,,,,,,,,,,True,True,False,True
episode-2c92afa3a47059a4180a,Government of Nepal BIPAD Portal,2019,8,8,Far Western Region,Bajura,Swami Kartik,FLOOD,0,0,0,0,0,1,0,0.0,False,29.41316542,81.73907675,,,,,,,,,,,,,,,,,,,,,,,,True,True,False,True
episode-256078b23f12c9a9267b,Government of Nepal BIPAD Portal,2019,8,10,Central Region,Kavrepalanchok,Panchkhal,FLOOD,0,0,0,0,0,0,0,0.0,False,27.65040626,85.66271587,,,,,,,,,,,,,,,,,,,,,,,,True,True,False,True
episode-f58b06a89e94e522c665,Government of Nepal BIPAD Portal,2019,8,10,Central Region,Sindhupalchok,Balephi,FLOOD,0,0,0,0,0,1,0,0.0,False,27.82386087,85.78376376,,,,,,,,,,,,,,,,,,,,,,,,True,True,False,True
episode-fffc33981da35adf8a93,Government of Nepal BIPAD Portal,2019,8,11,Central Region,Bhaktapur,Changunarayan,FLOOD,0,0,0,0,0,0,0,0.0,False,27.70395992,85.45695878,,,,,,,,,,,,,,,,,,,,,,,,True,True,False,True
episode-d10c3ec592a6e4bbed55,Government of Nepal BIPAD Portal,2019,8,11,Western Region,Kaski,Pokhara,FLOOD,0,0,0,0,0,0,0,0.0,False,28.2375664,83.95315063,,,,,,,,,,,,,,,,,,,,,,,,True,True,False,True
episode-78fc9813b3762f39cb75,Government of Nepal BIPAD Portal,2019,8,11,Central Region,Kathmandu,Kageshwori Manahora,FLOOD,0,0,0,0,0,0,0,0.0,False,27.71306935,85.40030133,,,,,,,,,,,,,,,,,,,,,,,,True,True,False,True
episode-2188eb5d42fa3fe13ad4,Government of Nepal BIPAD Portal,2019,8,11,Central Region,Kavrepalanchok,Bhumlu,FLOOD,0,0,0,0,0,0,0,0.0,False,27.62895905,85.70556229,,,,,,,,,,,,,,,,,,,,,,,,True,True,False,True
episode-5ca351590eb85b899212,Government of Nepal BIPAD Portal,2019,8,14,Mid-Western Region,Rukum West,Aathbiskot,FLOOD,0,0,0,0,7,0,0,0.0,False,28.91065011,82.59524969,,,,,,,,,,,,,,,,,,,,,,,,True,True,False,True
episode-db3349488010bf1599e2,Government of Nepal BIPAD Portal,2019,8,15,Far Western Region,Bajura,Swami Kartik,FLOOD,0,0,0,0,0,0,0,0.0,False,29.40051823,81.76874584,,,,,,,,,,,,,,,,,,,,,,,,True,True,False,True
episode-d64d0750d46795361e4d,Government of Nepal BIPAD Portal,2019,8,16,Mid-Western Region,Rukum West,Aathbiskot,FLOOD,0,0,0,0,2,0,0,0.0,False,28.91065011,82.59524969,,,,,,,,,,,,,,,,,,,,,,,,True,True,False,True
episode-0237ded6a33d244cfc8c,Government of Nepal BIPAD Portal,2019,8,17,Central Region,Bhaktapur,Changunarayan,FLOOD,0,0,0,0,0,0,0,0.0,False,27.69529678,85.4878684,,,,,,,,,,,,,,,,,,,,,,,,True,True,False,True
episode-4aee52151497eb4cf191,Government of Nepal BIPAD Portal,2019,8,17,Mid-Western Region,Mugu,Chhayanath Rara,FLOOD,0,0,0,0,0,0,0,0.0,False,29.45292222,82.18398871,,,,,,,,,,,,,,,,,,,,,,,,True,True,False,True
episode-be738f6fe6e49e2d165f,Government of Nepal BIPAD Portal,2019,8,18,Western Region,Baglung,Badigad,FLOOD,1,0,0,0,0,0,0,0.0,False,28.29849935,83.21601416,,,,,,,,,,,,,,,,,,,,,,,,True,True,False,True
episode-5740b6c98818568532e3,Government of Nepal BIPAD Portal,2019,8,18,Far Western Region,Darchula,Byas,FLOOD,0,0,0,0,0,0,0,0.0,False,29.98328196,80.79009022,,,,,,,,,,,,,,,,,,,,,,,,True,True,False,True
episode-e14dee5dde737e01a74e,Government of Nepal BIPAD Portal,2019,8,18,Western Region,Lamjung,Marsyangdi,FLOOD,0,0,0,0,0,0,0,0.0,False,28.36927197,84.3268337,,,,,,,,,,,,,,,,,,,,,,,,True,True,False,True
episode-a418d401f8fe7bc1caa0,Government of Nepal BIPAD Portal,2019,8,18,Central Region,Rasuwa,Gosaikunda,FLOOD,0,0,0,0,0,0,0,0.0,False,28.28116996,85.45901226,,,,,,,,,,,,,,,,,,,,,,,,True,True,False,True
episode-d59564325e9010d98f2a,Government of Nepal BIPAD Portal,2019,8,19,Far Western Region,Darchula,Byas,FLOOD,0,0,0,0,0,0,0,0.0,False,29.94298684,80.64138434,,,,,,,,,,,,,,,,,,,,,,,,True,True,False,True
episode-8dda7dea86b011aeb8f1,Government of Nepal BIPAD Portal,2019,8,20,Mid-Western Region,Rukum West,Chaurjahari,FLOOD,1,0,0,0,0,0,0,0.0,False,28.62907463,82.20417016,,,,,,,,,,,,,,,,,,,,,,,,True,True,False,True
episode-797d787fcaf6326ce60d,Government of Nepal BIPAD Portal,2019,8,22,Eastern Region,Jhapa,Shivasataxi,FLOOD,0,1,0,0,0,0,0,0.0,False,26.66356499,87.86357553,,,,,,,,,,,,,,,,,,,,,,,,True,True,False,True
episode-fa698eff68974fd551ac,Government of Nepal BIPAD Portal,2019,8,23,Central Region,Nuwakot,Bidur,FLOOD,0,0,0,0,0,0,0,0.0,False,27.95391867,85.18955271,,,,,,,,,,,,,,,,,,,,,,,,True,True,False,True
episode-f6110a6492659c46d2fc,Government of Nepal BIPAD Portal,2019,9,1,Central Region,Nuwakot,Tadi,FLOOD,0,0,0,0,0,1,0,0.0,False,27.941669655,85.331591205,,,,,,,,,,,,,,,,,,,,,,,,True,True,False,True
episode-151c91b473e9842a7683,Government of Nepal BIPAD Portal,2019,9,1,Eastern Region,Okhaldhunga,Siddhicharan,FLOOD,1,0,0,0,0,0,0,0.0,False,27.29678346,86.55315075,,,,,,,,,,,,,,,,,,,,,,,,True,True,False,True
episode-55d771d017179a40422d,Government of Nepal BIPAD Portal,2019,9,13,Eastern Region,Solukhumbu,Khumbu Pasanglhamu,FLOOD,0,0,0,0,0,0,0,0.0,False,27.68485239,86.71833058,,,,,,,,,,,,,,,,,,,,,,,,True,True,False,True
episode-0dae1f05dad3fe1e35c7,Government of Nepal BIPAD Portal,2019,9,16,Eastern Region,Udayapur,Triyuga,FLOOD,0,0,0,0,0,0,0,0.0,False,26.75078756,86.68175936,,,,,,,,,,,,,,,,,,,,,,,,True,True,False,True
episode-92c25d7e4a47720126ae,Government of Nepal BIPAD Portal,2019,9,17,Far Western Region,Kailali,Gauriganga,FLOOD,0,0,0,0,0,0,0,0.0,False,28.78399043,80.70257318,,,,,,,,,,,,,,,,,,,,,,,,True,True,False,True
episode-2e3dc186e38635cc6dd3,Government of Nepal BIPAD Portal,2019,9,17,Western Region,Kaski,Pokhara,FLOOD,0,0,0,0,0,0,0,0.0,False,28.25429755,83.90601128,,,,,,,,,,,,,,,,,,,,,,,,True,True,False,True
episode-8fd2580f9575255d9084,Government of Nepal BIPAD Portal,2019,9,17,Eastern Region,Udayapur,Belaka,FLOOD,0,0,0,0,0,0,0,0.0,False,26.86358669,87.05571313,,,,,,,,,,,,,,,,,,,,,,,,True,True,False,True
episode-58c26388381dcf1e6a3e,Government of Nepal BIPAD Portal,2019,9,18,Eastern Region,Udayapur,Belaka,FLOOD,0,0,0,0,0,0,0,0.0,False,26.75808953,86.96589276,,,,,,,,,,,,,,,,,,,,,,,,True,True,False,True
episode-4577b41c44ac56475329,Government of Nepal BIPAD Portal,2019,9,22,Western Region,Myagdi,Beni,FLOOD,1,1,0,0,2,0,0,0.0,False,28.32569552,83.55715269,,,,,,,,,,,,,,,,,,,,,,,,True,True,False,True
episode-9f02a8e5aa076f710971,Government of Nepal BIPAD Portal,2019,9,29,Eastern Region,Sunsari,Ramdhuni,FLOOD,0,0,0,0,0,2,0,0.0,False,26.71616874,87.20618216,,,,,,,,,,,,,,,,,,,,,,,,True,True,False,True
episode-c13b5666c38edfb2e9bc,Government of Nepal BIPAD Portal,2020,4,14,Far Western Region,Bajura,Himali,FLOOD,0,0,2,0,0,0,0,0.0,False,29.51610303,81.72931935,,,,,,,,,,,,,,,,,,,,,,,,True,True,False,True
episode-c3027ba2fb32ba379824,Government of Nepal BIPAD Portal,2020,5,5,Central Region,Bhaktapur,Suryabinayak,FLOOD,0,0,0,0,0,1,0,0.0,False,27.66539467,85.40610191,,,,,,,,,,,,,,,,,,,,,,,,True,True,False,True
episode-8f0cf97b4329da6b1841,Government of Nepal BIPAD Portal,2020,5,5,Central Region,Makwanpur,Bhimphedi,FLOOD,1,0,0,0,0,0,0,0.0,False,27.49477174,85.22413017,,,,,,,,,,,,,,,,,,,,,,,,True,True,False,True
episode-5ea0cb0223e476c45785,Government of Nepal BIPAD Portal,2020,5,6,Eastern Region,Khotang,Halesi Tuwachung,FLOOD,0,0,0,0,0,1,0,0.0,False,27.13744066,86.71239634,,,,,,,,,,,,,,,,,,,,,,,,True,True,False,True
episode-0d4777017ef84e2138af,Government of Nepal BIPAD Portal,2020,5,16,Eastern Region,Panchthar,Falelung,FLOOD,0,0,0,0,0,1,0,0.0,False,27.20900864,87.94642285,,,,,,,,,,,,,,,,,,,,,,,,True,True,False,True
episode-8ffd297f7ecf455914a3,Government of Nepal BIPAD Portal,2020,5,27,Central Region,Bhaktapur,Suryabinayak,FLOOD,0,0,0,0,0,0,0,0.0,False,27.64583221,85.43785166,,,,,,,,,,,,,,,,,,,,,,,,True,True,False,True
episode-13f5b6088df8573458e4,Government of Nepal BIPAD Portal,2020,5,27,Central Region,Kavrepalanchok,Panauti,FLOOD,0,0,0,0,0,0,0,0.0,False,27.59656292,85.47641364,,,,,,,,,,,,,,,,,,,,,,,,True,True,False,True
episode-4c1c6c5fe2c59041bcef,Government of Nepal BIPAD Portal,2020,6,1,Far Western Region,Kailali,Chure,FLOOD,1,1,0,0,0,0,0,0.0,False,29.01042715,80.6345869,,,,,,,,,,,,,,,,,,,,,,,,True,True,False,True
episode-e99b9031ed5a5fa8c705,Government of Nepal BIPAD Portal,2020,6,10,Central Region,Bhaktapur,Bhaktapur,FLOOD,1,0,0,0,0,0,0,0.0,False,27.6724945,85.41634955,,,,,,,,,,,,,,,,,,,,,,,,True,True,False,True
episode-a7f78791701fbc5484c2,Government of Nepal BIPAD Portal,2020,6,12,Mid-Western Region,Pyuthan,Naubahini,FLOOD,0,0,0,0,0,0,0,0.0,False,28.20794405,82.85389054,,,,,,,,,,,,,,,,,,,,,,,,True,True,False,True
episode-238fa76820e1a8b5b30f,Government of Nepal BIPAD Portal,2020,6,18,Central Region,Dolakha,Gaurishankar,FLOOD,0,0,0,0,0,2,0,0.0,False,27.72226752,86.25160546,,,,,,,,,,,,,,,,,,,,,,,,True,True,False,True
episode-bf602b6b59274dc94c7d,Government of Nepal BIPAD Portal,2020,6,20,Western Region,Myagdi,Beni,FLOOD,0,0,0,0,1,1,0,0.0,False,28.34876765,83.56778151,,,,,,,,,,,,,,,,,,,,,,,,True,True,False,True
episode-20d336da58165697d152,Government of Nepal BIPAD Portal,2020,6,20,Western Region,Palpa,Bagnaskali,FLOOD,0,0,0,0,1,0,0,0.0,False,27.91483155,83.55038387,,,,,,,,,,,,,,,,,,,,,,,,True,True,False,True
episode-25623622621c9d7ed916,Government of Nepal BIPAD Portal,2020,6,20,Western Region,Palpa,Tansen,FLOOD,0,0,0,0,0,0,0,0.0,False,27.91678675,83.52123084,,,,,,,,,,,,,,,,,,,,,,,,True,True,False,True
episode-bd869c94d97c8f58a3f5,Government of Nepal BIPAD Portal,2020,6,21,Central Region,Rasuwa,Gosaikunda,FLOOD,0,0,0,0,0,0,0,0.0,False,28.28116996,85.45901226,,,,,,,,,,,,,,,,,,,,,,,,True,True,False,True
episode-fa6a8e19bbafc3f07380,Government of Nepal BIPAD Portal,2020,6,25,Central Region,Nuwakot,Kakani,FLOOD,0,0,0,0,0,0,0,0.0,False,27.79152675,85.24012105,,,,,,,,,,,,,,,,,,,,,,,,True,True,False,True
episode-d695807cd9cf0b1cc9c1,Government of Nepal BIPAD Portal,2020,7,3,Far Western Region,Kailali,Bardagoriya,FLOOD,0,0,0,0,0,0,0,0.0,False,28.6365496,81.02150707,,,,,,,,,,,,,,,,,,,,,,,,True,True,False,True
episode-f68e255a136a09ab31de,Government of Nepal BIPAD Portal,2020,7,3,Mid-Western Region,Pyuthan,Naubahini,FLOOD,0,0,0,0,0,0,0,0.0,False,28.18358068,82.91096541,,,,,,,,,,,,,,,,,,,,,,,,True,True,False,True
episode-214746e3df1cac5c9b6c,Government of Nepal BIPAD Portal,2020,7,4,Far Western Region,Bajhang,Bungal,FLOOD,0,0,0,0,0,0,0,0.0,False,29.62478101,80.91993439,,,,,,,,,,,,,,,,,,,,,,,,True,True,False,True
episode-4ec3646a2a91bc0b68fa,Government of Nepal BIPAD Portal,2020,7,4,Far Western Region,Doti,Aadarsha,FLOOD,0,0,0,0,0,0,0,0.0,False,29.34349196,80.81647243,,,,,,,,,,,,,,,,,,,,,,,,True,True,False,True
episode-c86bcbfe36e414c06878,Government of Nepal BIPAD Portal,2020,7,4,Eastern Region,Jhapa,Kamal,FLOOD,1,0,0,0,0,0,0,0.0,False,26.66640522,87.72757006,,,,,,,,,,,,,,,,,,,,,,,,True,True,False,True
episode-c8555aadee57f700f7c3,Government of Nepal BIPAD Portal,2020,7,4,Far Western Region,Kailali,Dhangadhi,FLOOD,0,0,0,0,0,0,0,0.0,False,28.70135924,80.64578011,,,,,,,,,,,,,,,,,,,,,,,,True,True,False,True
episode-8d00cf7f00405bfe0da8,Government of Nepal BIPAD Portal,2020,7,6,Mid-Western Region,Rukum West,Chaurjahari,FLOOD,0,0,0,0,0,0,0,0.0,False,28.64975293,82.23435194,,,,,,,,,,,,,,,,,,,,,,,,True,True,False,True
episode-a4300f11441da069dfec,Government of Nepal BIPAD Portal,2020,7,9,Central Region,Sindhuli,Phikkal,FLOOD,0,0,0,0,0,0,0,0.0,False,27.16930122,86.34760085,,,,,,,,,,,,,,,,,,,,,,,,True,True,False,True
episode-591475e3a43fc658972b,Government of Nepal BIPAD Portal,2020,7,10,Mid-Western Region,Dang,Ghorahi,FLOOD,0,0,0,0,0,0,0,0.0,False,28.05635026,82.42886578,,,,,,,,,,,,,,,,,,,,,,,,True,True,False,True
episode-9cb6d68ccf145e031141,Government of Nepal BIPAD Portal,2020,7,10,Mid-Western Region,Jajarkot,Barekot,FLOOD,0,2,1,0,0,0,0,0.0,False,29.03239286,82.36021035,,,,,,,,,,,,,,,,,,,,,,,,True,True,False,True
episode-bfb29f7035879ead6fe4,Government of Nepal BIPAD Portal,2020,7,10,Mid-Western Region,Jajarkot,Junichande,FLOOD,0,1,0,0,0,0,0,0.0,False,28.83888407,81.9660703,,,,,,,,,,,,,,,,,,,,,,,,True,True,False,True
episode-f3aff1643cc8ccf71d9f,Government of Nepal BIPAD Portal,2020,7,10,Mid-Western Region,Jajarkot,Nalgaad,FLOOD,0,0,0,0,1,0,0,0.0,False,28.87119535,82.39890892,,,,,,,,,,,,,,,,,,,,,,,,True,True,False,True
episode-029cb4e049305eefcf36,Government of Nepal BIPAD Portal,2020,7,10,Western Region,Kaski,Pokhara,FLOOD,0,0,0,0,0,0,0,0.0,False,28.24099498,83.96362761500001,,,,,,,,,,,,,,,,,,,,,,,,True,True,False,True
episode-4646482f730dc110f7e6,Government of Nepal BIPAD Portal,2020,7,10,Central Region,Kathmandu,Tarakeshwor,FLOOD,0,0,0,0,0,0,0,0.0,False,27.75962741,85.28564095,,,,,,,,,,,,,,,,,,,,,,,,True,True,False,True
episode-d8b88f3dc2f1f38c7ac0,Government of Nepal BIPAD Portal,2020,7,10,Western Region,Myagdi,Raghuganga,FLOOD,1,0,0,0,0,0,0,0.0,False,28.45120473,83.48314912,,,,,,,,,,,,,,,,,,,,,,,,True,True,False,True
episode-c68870f9a9f225ae6ded,Government of Nepal BIPAD Portal,2020,7,11,Eastern Region,Morang,Kanepokhari,FLOOD,0,0,0,0,2,0,0,0.0,False,26.56697958,87.49276102,,,,,,,,,,,,,,,,,,,,,,,,True,True,False,True
episode-bc3888c33a3d26c504fc,Government of Nepal BIPAD Portal,2020,7,11,Western Region,Nawalparasi East,Gaidakot,FLOOD,0,0,0,0,0,0,0,0.0,False,27.70640023,84.36607985,,,,,,,,,,,,,,,,,,,,,,,,True,True,False,True
episode-cd3fe3ed1f8bfd161187,Government of Nepal BIPAD Portal,2020,7,11,Central Region,Sarlahi,Ishworpur,FLOOD,0,0,0,0,0,1,0,0.0,False,26.98133624,85.64176959,,,,,,,,,,,,,,,,,,,,,,,,True,True,False,True
episode-9b9157056496c60ad2cc,Government of Nepal BIPAD Portal,2020,7,11,Eastern Region,Sunsari,Dharan,FLOOD,0,1,0,0,0,2,0,0.0,False,26.821209834999998,87.308963025,,,,,,,,,,,,,,,,,,,,,,,,True,True,False,True
episode-5ac7777bd1e5d92a8578,Government of Nepal BIPAD Portal,2020,7,12,Eastern Region,Morang,Ratuwamai,FLOOD,1,0,0,0,0,0,0,0.0,False,26.43251106,87.6635528,,,,,,,,,,,,,,,,,,,,,,,,True,True,False,True
episode-59b54eb9ea07ff08d101,Government of Nepal BIPAD Portal,2020,7,12,Eastern Region,Sunsari,Dharan,FLOOD,0,0,0,0,6,0,0,0.0,False,26.79359689,87.23593385,,,,,,,,,,,,,,,,,,,,,,,,True,True,False,True
episode-a8d0eb9f7bdadb7a9bd5,Government of Nepal BIPAD Portal,2020,7,13,Eastern Region,Morang,Kanepokhari,FLOOD,0,0,0,0,0,0,0,0.0,False,26.61733975,87.49059298,,,,,,,,,,,,,,,,,,,,,,,,True,True,False,True
episode-8fdb06a74822fde0e9a1,Government of Nepal BIPAD Portal,2020,7,13,Eastern Region,Siraha,Lahan,FLOOD,0,1,0,0,0,0,0,0.0,False,26.75076084,86.51174236,,,,,,,,,,,,,,,,,,,,,,,,True,True,False,True
episode-e59a0cd1dc101eec28c0,Government of Nepal BIPAD Portal,2020,7,14,Western Region,Palpa,Tinau,FLOOD,0,0,0,0,0,0,0,0.0,False,27.74194234,83.50899655,,,,,,,,,,,,,,,,,,,,,,,,True,True,False,True
episode-6628a91b147fa774a02f,Government of Nepal BIPAD Portal,2020,7,19,Far Western Region,Bajura,Budhiganga,FLOOD,0,0,0,0,0,0,0,0.0,False,29.39676829,81.35935798,,,,,,,,,,,,,,,,,,,,,,,,True,True,False,True
episode-165514d6b9f3d2cb553f,Government of Nepal BIPAD Portal,2020,7,20,Far Western Region,Bajura,Budhiganga,FLOOD,0,0,0,0,0,0,0,0.0,False,29.39676829,81.35935798,,,,,,,,,,,,,,,,,,,,,,,,True,True,False,True
episode-dcde7c25cb90c88f64d4,Government of Nepal BIPAD Portal,2020,7,20,Far Western Region,Darchula,Mahakali,FLOOD,0,0,0,0,1,0,0,0.0,False,29.81788748,80.61048569,,,,,,,,,,,,,,,,,,,,,,,,True,True,False,True
episode-30ca55959542a9a1a111,Government of Nepal BIPAD Portal,2020,7,20,Eastern Region,Jhapa,Jhapa,FLOOD,0,0,0,0,0,0,0,0.0,False,26.4995622,87.84286026,,,,,,,,,,,,,,,,,,,,,,,,True,True,False,True
episode-c095b9d82f3b3ac398dd,Government of Nepal BIPAD Portal,2020,7,20,Central Region,Kathmandu,Kathmandu,FLOOD,0,0,0,0,0,0,0,0.0,False,27.69542056,85.30641671,,,,,,,,,,,,,,,,,,,,,,,,True,True,False,True
episode-21ee209c6dfcbf54ec7c,Government of Nepal BIPAD Portal,2020,7,20,Western Region,Mustang,Thasang,FLOOD,0,0,0,0,0,0,0,0.0,False,28.60648598,83.64879703,,,,,,,,,,,,,,,,,,,,,,,,True,True,False,True
episode-019f959dda109758e39a,Government of Nepal BIPAD Portal,2020,7,20,Western Region,Palpa,Rampur,FLOOD,0,0,0,0,0,2,0,0.0,False,27.83943704,83.97524709,,,,,,,,,,,,,,,,,,,,,,,,True,True,False,True
episode-0dc9a98808cd1f8ba088,Government of Nepal BIPAD Portal,2020,7,20,Central Region,Rautahat,Garuda,FLOOD,0,0,0,0,0,23,0,0.0,False,26.94589525,85.3095308,,,,,,,,,,,,,,,,,,,,,,,,True,True,False,True
episode-7d9cb9388018ebe833a2,Government of Nepal BIPAD Portal,2020,7,20,Eastern Region,Saptari,Tilathi Koiladi,FLOOD,0,0,0,0,0,0,0,0.0,False,26.4640253,86.77556081,,,,,,,,,,,,,,,,,,,,,,,,True,True,False,True
episode-7165feee2076d3b487b7,Government of Nepal BIPAD Portal,2020,7,21,Central Region,Chitwan,Bharatpur,FLOOD,0,0,0,0,1,0,0,0.0,False,27.77921008,84.48542046,,,,,,,,,,,,,,,,,,,,,,,,True,True,False,True
episode-6f38794f7ca99d0621e2,Government of Nepal BIPAD Portal,2020,7,21,Western Region,Myagdi,Annapurna,FLOOD,0,0,0,0,1,0,0,0.0,False,28.5414392,83.61639972,,,,,,,,,,,,,,,,,,,,,,,,True,True,False,True
episode-de6ce96486dd20964e3e,Government of Nepal BIPAD Portal,2020,7,21,Western Region,Nawalparasi West,Susta,FLOOD,0,0,0,0,0,0,0,0.0,False,27.37901214,83.86081498,,,,,,,,,,,,,,,,,,,,,,,,True,True,False,True
episode-2f422284d3803a9058b1,Government of Nepal BIPAD Portal,2020,7,21,Central Region,Rasuwa,Uttargaya,FLOOD,0,0,0,0,1,0,0,0.0,False,28.11340183,85.18913217,,,,,,,,,,,,,,,,,,,,,,,,True,True,False,True
episode-1c3ee2fc408cb54ea294,Government of Nepal BIPAD Portal,2020,7,24,Western Region,Gorkha,Chum Nubri,FLOOD,0,1,0,0,0,0,0,0.0,False,28.40410576,84.84107962,,,,,,,,,,,,,,,,,,,,,,,,True,True,False,True
episode-fcac66df048441b51b49,Government of Nepal BIPAD Portal,2020,7,27,Eastern Region,Terhathum,Chhathar,FLOOD,0,0,0,0,0,0,0,0.0,False,27.0374728,87.4446871,,,,,,,,,,,,,,,,,,,,,,,,True,True,False,True
episode-e217d69e53936515330f,Government of Nepal BIPAD Portal,2020,7,28,Central Region,Dhanusa,Ganeshman Charnath,FLOOD,0,0,0,0,0,3,0,0.0,False,26.95816863,86.13453474,,,,,,,,,,,,,,,,,,,,,,,,True,True,False,True
episode-d80aadc449327f32d02f,Government of Nepal BIPAD Portal,2020,7,28,Mid-Western Region,Kalikot,Raskot,FLOOD,2,3,0,0,0,0,0,0.0,False,29.26654459,81.61855599,,,,,,,,,,,,,,,,,,,,,,,,True,True,False,True
episode-ab9becf847c4841064b5,Government of Nepal BIPAD Portal,2020,7,28,Eastern Region,Terhathum,Menchayam,FLOOD,0,0,0,0,0,0,0,0.0,False,27.21175445,87.50237713,,,,,,,,,,,,,,,,,,,,,,,,True,True,False,True
episode-bba492335f0692758956,Government of Nepal BIPAD Portal,2020,7,28,Eastern Region,Udayapur,Chaudandigadhi,FLOOD,0,0,0,0,0,0,0,0.0,False,26.79614011,86.93061362,,,,,,,,,,,,,,,,,,,,,,,,True,True,False,True
episode-29a683f250438ff3a3f4,Government of Nepal BIPAD Portal,2020,7,29,Mid-Western Region,Bardiya,Geruwa,FLOOD,0,0,0,0,1,0,0,0.0,False,28.50526531,81.1780606,,,,,,,,,,,,,,,,,,,,,,,,True,True,False,True
episode-c1076b1cf64740554bc0,Government of Nepal BIPAD Portal,2020,8,1,Western Region,Nawalparasi West,Bardaghat,FLOOD,0,0,0,0,0,1,0,0.0,False,27.49000369,83.81452956,,,,,,,,,,,,,,,,,,,,,,,,True,True,False,True
episode-5b49f21a355d45b9111b,Government of Nepal BIPAD Portal,2020,8,2,Eastern Region,Morang,Miklajung,FLOOD,0,0,0,0,0,1,0,0.0,False,26.77751713,87.61565854,,,,,,,,,,,,,,,,,,,,,,,,True,True,False,True
episode-48f120ec03fb87749b45,Government of Nepal BIPAD Portal,2020,8,3,Eastern Region,Panchthar,Phidim,FLOOD,0,0,0,0,0,0,0,0.0,False,27.13359746,87.7825651,,,,,,,,,,,,,,,,,,,,,,,,True,True,False,True
episode-65d21dbafbe87ea559c8,Government of Nepal BIPAD Portal,2020,8,4,Eastern Region,Panchthar,Falelung,FLOOD,0,0,0,0,0,0,0,0.0,False,27.16219065,87.88318321,,,,,,,,,,,,,,,,,,,,,,,,True,True,False,True
episode-cb506044f5e31e3fe110,Government of Nepal BIPAD Portal,2020,8,5,Central Region,Kavrepalanchok,Mandandeupur,FLOOD,0,0,0,0,1,0,0,0.0,False,27.68090218,85.64277878,,,,,,,,,,,,,,,,,,,,,,,,True,True,False,True
episode-7aabd37b61778da293a2,Government of Nepal BIPAD Portal,2020,8,6,Central Region,Dolakha,Bigu,FLOOD,0,0,0,0,0,0,0,0.0,False,27.7781347,86.16435983,,,,,,,,,,,,,,,,,,,,,,,,True,True,False,True
episode-539da9a0e9cb96d40623,Government of Nepal BIPAD Portal,2020,8,6,Central Region,Dolakha,Gaurishankar,FLOOD,0,0,0,0,7,2,0,0.0,False,27.76207225,86.27512429333333,,,,,,,,,,,,,,,,,,,,,,,,True,True,False,True
episode-ca33800b4063830210b6,Government of Nepal BIPAD Portal,2020,8,7,Mid-Western Region,Surkhet,Birendranagar,FLOOD,0,0,0,0,0,0,0,0.0,False,28.54358793,81.6296405,,,,,,,,,,,,,,,,,,,,,,,,True,True,False,True
episode-ea89148db0bf6290a1aa,Government of Nepal BIPAD Portal,2020,8,10,Far Western Region,Bajura,Badimalika,FLOOD,0,0,0,0,9,0,0,0.0,False,29.446668545,81.426179315,,,,,,,,,,,,,,,,,,,,,,,,True,True,False,True
episode-895a6bbe465ac0a034ed,Government of Nepal BIPAD Portal,2020,8,10,Far Western Region,Bajura,Budhiganga,FLOOD,0,0,0,0,0,0,0,0.0,False,29.38536737,81.35860978,,,,,,,,,,,,,,,,,,,,,,,,True,True,False,True
episode-6c12721e3097c24d5ff8,Government of Nepal BIPAD Portal,2020,8,10,Far Western Region,Bajura,Gaumul,FLOOD,0,0,0,0,7,0,0,0.0,False,29.56660929,81.43276191,,,,,,,,,,,,,,,,,,,,,,,,True,True,False,True
episode-25c195ed9953b2d7c56c,Government of Nepal BIPAD Portal,2020,8,18,Far Western Region,Bajura,Budhiganga,FLOOD,1,0,0,0,0,0,0,0.0,False,29.3601582,81.33910738,,,,,,,,,,,,,,,,,,,,,,,,True,True,False,True
episode-82095f68e23490ac078d,Government of Nepal BIPAD Portal,2020,8,18,Central Region,Nuwakot,Kispang,FLOOD,0,0,0,0,0,0,0,0.0,False,28.00632684,85.15523129,,,,,,,,,,,,,,,,,,,,,,,,True,True,False,True
episode-3ac5fd779c73490ef0bf,Government of Nepal BIPAD Portal,2020,8,19,Far Western Region,Achham,Ramaroshan,FLOOD,8,9,3,0,22,0,0,0.0,False,29.22497589,81.45997459,,,,,,,,,,,,,,,,,,,,,,,,True,True,False,True
episode-f16ce027e55669b5a0eb,Government of Nepal BIPAD Portal,2020,8,19,Mid-Western Region,Salyan,Bangad Kupinde,FLOOD,0,1,1,0,0,0,0,0.0,False,28.52289855,82.11085147,,,,,,,,,,,,,,,,,,,,,,,,True,True,False,True
episode-dcfae5b3b239c2e9ee1f,Government of Nepal BIPAD Portal,2020,8,21,Mid-Western Region,Rolpa,Tribeni,FLOOD,0,0,0,0,1,0,0,0.0,False,28.32008429,82.44873333,,,,,,,,,,,,,,,,,,,,,,,,True,True,False,True
episode-45223f6158cf4f3db93f,Government of Nepal BIPAD Portal,2020,8,27,Mid-Western Region,Mugu,Khatyad,FLOOD,0,0,0,0,2,0,0,0.0,False,29.53287116,81.91832052,,,,,,,,,,,,,,,,,,,,,,,,True,True,False,True
episode-d51549cab1b53fb3cf68,Government of Nepal BIPAD Portal,2020,9,1,Eastern Region,Jhapa,Mechinagar,FLOOD,0,0,0,0,0,0,0,0.0,False,26.7315198,88.13419786,,,,,,,,,,,,,,,,,,,,,,,,True,True,False,True
episode-99aa1c647c6eb1b846a6,Government of Nepal BIPAD Portal,2020,9,3,Western Region,Baglung,Dhorpatan,FLOOD,22,16,4,0,98,0,0,0.0,False,28.44286342,83.05274166,,,,,,,,,,,,,,,,,,,,,,,,True,True,False,True
episode-5249bbfaa01f1d482a57,Government of Nepal BIPAD Portal,2020,9,7,Eastern Region,Sunsari,Dharan,FLOOD,0,0,0,0,0,2,0,0.0,False,26.80206223,87.31970779,,,,,,,,,,,,,,,,,,,,,,,,True,True,False,True
episode-f23a05ebf488d4b7725d,Government of Nepal BIPAD Portal,2020,9,8,Eastern Region,Jhapa,Shivasataxi,FLOOD,0,0,0,0,0,2,0,0.0,False,26.66356499,87.86357553,,,,,,,,,,,,,,,,,,,,,,,,True,True,False,True
episode-7eff3838668c03bcf9a4,Government of Nepal BIPAD Portal,2020,9,14,Mid-Western Region,Dang,Tulsipur,FLOOD,0,0,0,0,0,0,0,0.0,False,28.13206547,82.26956136,,,,,,,,,,,,,,,,,,,,,,,,True,True,False,True
episode-05a50ba88e3594814ea7,Government of Nepal BIPAD Portal,2020,9,17,Western Region,Kaski,Pokhara,FLOOD,0,0,0,0,0,0,0,0.0,False,28.1575328,83.97176405,,,,,,,,,,,,,,,,,,,,,,,,True,True,False,True
episode-0293c05c870b135b8342,Government of Nepal BIPAD Portal,2020,9,18,Western Region,Palpa,Rampur,FLOOD,0,0,0,0,0,0,0,0.0,False,27.85768502,83.90064873,,,,,,,,,,,,,,,,,,,,,,,,True,True,False,True
episode-4a851774eb7e32e629df,Government of Nepal BIPAD Portal,2020,9,18,Western Region,Rupandehi,Devdaha,FLOOD,0,0,0,0,0,0,0,0.0,False,27.69222839,83.52566731,,,,,,,,,,,,,,,,,,,,,,,,True,True,False,True
episode-9d5b8cc44bbcaaaca31c,Government of Nepal BIPAD Portal,2020,9,23,Western Region,Kapilbastu,Banganga,FLOOD,3,0,0,0,0,0,0,0.0,False,27.68850343,83.13011359,,,,,,,,,,,,,,,,,,,,,,,,True,True,False,True
episode-4d7ccebc5a2cff881ac2,Government of Nepal BIPAD Portal,2020,9,23,Western Region,Nawalparasi East,Binayee Tribeni,FLOOD,0,1,0,0,0,0,0,0.0,False,27.68977149,83.87184166,,,,,,,,,,,,,,,,,,,,,,,,True,True,False,True
episode-7fd445c410ab348fa477,Government of Nepal BIPAD Portal,2020,9,24,Western Region,Rupandehi,Butwal,FLOOD,0,0,0,0,1,0,0,0.0,False,27.66186097,83.44480462,,,,,,,,,,,,,,,,,,,,,,,,True,True,False,True
episode-3aa01e8ed584132eac6f,Government of Nepal BIPAD Portal,2020,9,24,Western Region,Rupandehi,Lumbini Sanskritik,FLOOD,0,0,0,0,1,2,0,0.0,False,27.4374688,83.28627996,,,,,,,,,,,,,,,,,,,,,,,,True,True,False,True
episode-448b1c84344e7b328c75,Government of Nepal BIPAD Portal,2020,9,25,Western Region,Palpa,Tinau,FLOOD,0,0,0,0,1,1,0,0.0,False,27.75564821,83.43863063,,,,,,,,,,,,,,,,,,,,,,,,True,True,False,True
episode-b5dc8830a533e406aadd,Government of Nepal BIPAD Portal,2021,5,3,Eastern Region,Ilam,Phakphokthum,FLOOD,0,0,0,0,0,1,0,0.0,False,26.99496342,87.74475357,,,,,,,,,,,,,,,,,,,,,,,,True,True,False,True
episode-465893b7b83894d5d683,Government of Nepal BIPAD Portal,2021,5,6,Far Western Region,Bajura,Budhiganga,FLOOD,0,0,0,0,0,1,0,0.0,False,29.40589087,81.37709802,,,,,,,,,,,,,,,,,,,,,,,,True,True,False,True
episode-9604d4dc46423a6106f1,Government of Nepal BIPAD Portal,2021,5,6,Eastern Region,Solukhumbu,Thulung Dudhkoshi,FLOOD,0,0,0,0,0,0,0,0.0,False,27.4146883,86.6576961,,,,,,,,,,,,,,,,,,,,,,,,True,True,False,True
episode-2a6487e7e63646ec1df2,Government of Nepal BIPAD Portal,2021,5,21,Far Western Region,Kanchanpur,Bhimdatta,FLOOD,0,0,0,0,0,0,0,0.0,False,28.9498172,80.11933039,,,,,,,,,,,,,,,,,,,,,,,,True,True,False,True
episode-4a70c3bdda12d4bb99a9,Government of Nepal BIPAD Portal,2021,5,26,Eastern Region,Okhaldhunga,Sunkoshi,FLOOD,0,0,0,0,0,0,0,0.0,False,27.25810711,86.31444541,,,,,,,,,,,,,,,,,,,,,,,,True,True,False,True
episode-26c14e9f7bf80b4e510a,Government of Nepal BIPAD Portal,2021,5,27,Western Region,Manang,Chame,FLOOD,0,0,0,0,0,0,0,0.0,False,28.51788295,84.29347264,,,,,,,,,,,,,,,,,,,,,,,,True,True,False,True
episode-267cc398250dbb51084e,Government of Nepal BIPAD Portal,2021,5,28,Central Region,Kavrepalanchok,Roshi,FLOOD,0,0,0,0,0,0,0,0.0,False,27.42107605,85.77066028,,,,,,,,,,,,,,,,,,,,,,,,True,True,False,True
episode-93ef0c680e168687100e,Government of Nepal BIPAD Portal,2021,5,28,Western Region,Manang,Chame,FLOOD,0,0,0,0,0,5,0,0.0,False,28.507958,84.23835529,,,,,,,,,,,,,,,,,,,,,,,,True,True,False,True
episode-90fa1204148b32dad290,Government of Nepal BIPAD Portal,2021,5,28,Central Region,Sindhuli,Sunkoshi,FLOOD,0,0,0,0,0,0,0,0.0,False,27.40767958,85.81461904,,,,,,,,,,,,,,,,,,,,,,,,True,True,False,True
episode-756f855d14c5028b6c2e,Government of Nepal BIPAD Portal,2021,5,29,Western Region,Rupandehi,Lumbini Sanskritik Development Area,FLOOD,0,0,0,0,0,0,0,0.0,False,27.48803378,83.26842496,,,,,,,,,,,,,,,,,,,,,,,,True,True,False,True
episode-8eb898811a772b808a1e,Government of Nepal BIPAD Portal,2021,6,10,Mid-Western Region,Dailekh,Bhairabi,FLOOD,0,1,0,0,0,0,0,0.0,False,28.88474303,81.64381744,,,,,,,,,,,,,,,,,,,,,,,,True,True,False,True
episode-96bd7724c7ddc2600132,Government of Nepal BIPAD Portal,2021,6,14,Far Western Region,Bajura,Budhinanda,FLOOD,1,0,0,0,0,0,0,0.0,False,29.53410965,81.64303346,,,,,,,,,,,,,,,,,,,,,,,,True,True,False,True
episode-f6ff9fa17ba126b4a25c,Government of Nepal BIPAD Portal,2021,6,14,Far Western Region,Bajura,Tribeni,FLOOD,0,1,0,0,0,0,0,0.0,False,29.30788924,81.44121616,,,,,,,,,,,,,,,,,,,,,,,,True,True,False,True
episode-268606e0a7e72d2b2cac,Government of Nepal BIPAD Portal,2021,6,14,Western Region,Mustang,Gharapjhong,FLOOD,0,0,0,0,0,0,0,0.0,False,28.7543083,83.66739517,,,,,,,,,,,,,,,,,,,,,,,,True,True,False,True
episode-44c7866ecd6cd1e5c647,Government of Nepal BIPAD Portal,2021,6,15,Far Western Region,Bajura,Jagannath,FLOOD,0,0,0,0,0,0,0,0.0,False,29.36312549,81.67764452,,,,,,,,,,,,,,,,,,,,,,,,True,True,False,True
episode-b182dcda43ab93e43a7a,Government of Nepal BIPAD Portal,2021,6,15,Western Region,Gorkha,Aarughat,FLOOD,1,0,0,0,11,56,0,0.0,False,28.12402593,84.88521364,,,,,,,,,,,,,,,,,,,,,,,,True,True,False,True
episode-1bef3a6d44d6f3078a8e,Government of Nepal BIPAD Portal,2021,6,15,Western Region,Gorkha,Dharche,FLOOD,0,0,0,0,0,0,0,0.0,False,28.25120896,84.82312649,,,,,,,,,,,,,,,,,,,,,,,,True,True,False,True
episode-1173639152b373242215,Government of Nepal BIPAD Portal,2021,6,15,Western Region,Kaski,Machhapuchchhre,FLOOD,1,0,0,0,0,0,0,0.0,False,28.31239843,83.92797928,,,,,,,,,,,,,,,,,,,,,,,,True,True,False,True
episode-de98a8fde341137b5fc8,Government of Nepal BIPAD Portal,2021,6,15,Western Region,Kaski,Madi,FLOOD,0,0,0,0,13,0,0,0.0,False,28.30925353,84.05755544,,,,,,,,,,,,,,,,,,,,,,,,True,True,False,True
episode-e386783360dd16ce4aeb,Government of Nepal BIPAD Portal,2021,6,15,Western Region,Lamjung,Sundarbazar,FLOOD,0,0,0,0,0,0,0,0.0,False,28.1225865,84.4275612,,,,,,,,,,,,,,,,,,,,,,,,True,True,False,True
episode-8dc282fe4449b57f4da4,Government of Nepal BIPAD Portal,2021,6,15,Western Region,Manang,Chame,FLOOD,0,0,0,0,1,1,0,0.0,False,28.507958,84.23835529,,,,,,,,,,,,,,,,,,,,,,,,True,True,False,True
episode-212f4f0912a27bf2b149,Government of Nepal BIPAD Portal,2021,6,15,Mid-Western Region,Pyuthan,Mallarani,FLOOD,1,0,0,0,0,0,0,0.0,False,28.06250547,82.90787959,,,,,,,,,,,,,,,,,,,,,,,,True,True,False,True
episode-1a11bc3cec10339a0d41,Government of Nepal BIPAD Portal,2021,6,15,Western Region,Rupandehi,Butwal,FLOOD,0,0,0,0,16,2,0,0.0,False,27.68143397,83.45941241,,,,,,,,,,,,,,,,,,,,,,,,True,True,False,True
episode-89a21c37a423ce49def4,Government of Nepal BIPAD Portal,2021,6,15,Central Region,Sindhupalchok,Helambu,FLOOD,5,20,6,0,349,38,0,0.0,False,27.92996624,85.58077501,,,,,,,,,,,,,,,,,,,,,,,,True,True,False,True
episode-531a9ffe60a582b4e5c4,Government of Nepal BIPAD Portal,2021,6,15,Western Region,Tanahu,Bandipur,FLOOD,0,0,0,0,0,0,0,0.0,False,27.96867576,84.39108521,,,,,,,,,,,,,,,,,,,,,,,,True,True,False,True
episode-0bc0c2b5ae40abca3517,Government of Nepal BIPAD Portal,2021,6,16,Western Region,Arghakhanchi,Chhatradev,FLOOD,1,0,0,0,0,0,0,0.0,False,27.952803,83.23425485,,,,,,,,,,,,,,,,,,,,,,,,True,True,False,True
episode-708fd8741264cc90c44c,Government of Nepal BIPAD Portal,2021,6,16,Western Region,Baglung,Tara Khola,FLOOD,0,0,0,0,3,0,0,0.0,False,28.33886641,83.35744069,,,,,,,,,,,,,,,,,,,,,,,,True,True,False,True
episode-34fa4cc1d00b3dfa43cf,Government of Nepal BIPAD Portal,2021,6,16,Western Region,Gorkha,Chum Nubri,FLOOD,0,0,0,0,4,0,0,0.0,False,28.40410576,84.84107962,,,,,,,,,,,,,,,,,,,,,,,,True,True,False,True
episode-bcb62b732ba6d6d7b9c1,Government of Nepal BIPAD Portal,2021,6,16,Central Region,Kavrepalanchok,Bhumlu,FLOOD,0,0,0,0,0,0,0,0.0,False,27.62895905,85.70556229,,,,,,,,,,,,,,,,,,,,,,,,True,True,False,True
episode-389cb7c84e9fa62546f1,Government of Nepal BIPAD Portal,2021,6,16,Central Region,Lalitpur,Mahalaxmi,FLOOD,0,0,0,0,0,0,0,0.0,False,27.65399931,85.34759841,,,,,,,,,,,,,,,,,,,,,,,,True,True,False,True
episode-bc00b6125205bddb7bc4,Government of Nepal BIPAD Portal,2021,6,16,Western Region,Lamjung,Dordi,FLOOD,0,0,0,0,24,56,0,0.0,False,28.27543099,84.46540516,,,,,,,,,,,,,,,,,,,,,,,,True,True,False,True
episode-740fcd158f003dcfcdbf,Government of Nepal BIPAD Portal,2021,6,16,Western Region,Palpa,Rainadevi Chhahara,FLOOD,0,0,0,0,0,0,0,0.0,False,27.91029823,83.38631532,,,,,,,,,,,,,,,,,,,,,,,,True,True,False,True
episode-cd1b82dc294589c2b9d4,Government of Nepal BIPAD Portal,2021,6,16,Eastern Region,Saptari,Balan Bihul,FLOOD,1,0,0,0,0,0,0,0.0,False,26.55188784,86.50782712,,,,,,,,,,,,,,,,,,,,,,,,True,True,False,True
episode-8719430ba198c9fd9422,Government of Nepal BIPAD Portal,2021,6,16,Western Region,Syangja,Galyang,FLOOD,0,0,0,0,8,0,0,0.0,False,27.9895609,83.61844626,,,,,,,,,,,,,,,,,,,,,,,,True,True,False,True
episode-f4e797074fa2191b03f9,Government of Nepal BIPAD Portal,2021,6,17,Central Region,Kavrepalanchok,Temal,FLOOD,1,0,0,0,0,0,0,0.0,False,27.4934372,85.76271634,,,,,,,,,,,,,,,,,,,,,,,,True,True,False,True
episode-eab82924331c896282a3,Government of Nepal BIPAD Portal,2021,6,17,Western Region,Rupandehi,Mayadevi,FLOOD,0,1,0,0,0,0,0,0.0,False,27.48393933,83.35568566,,,,,,,,,,,,,,,,,,,,,,,,True,True,False,True
episode-e7e3f18699351e11ca96,Government of Nepal BIPAD Portal,2021,6,19,Western Region,Gorkha,Dharche,FLOOD,0,0,0,0,0,0,0,0.0,False,28.24031912,84.92457906,,,,,,,,,,,,,,,,,,,,,,,,True,True,False,True
episode-5062b4ef5674952ad41e,Government of Nepal BIPAD Portal,2021,6,23,Mid-Western Region,Dang,Lamahi,FLOOD,1,0,0,0,0,0,0,0.0,False,27.87550807,82.56479724,,,,,,,,,,,,,,,,,,,,,,,,True,True,False,True
episode-ebd413fba685e53fe4d5,Government of Nepal BIPAD Portal,2021,6,26,Mid-Western Region,Bardiya,Rajapur,FLOOD,0,0,0,0,0,0,0,0.0,False,28.42151901,81.08907488,,,,,,,,,,,,,,,,,,,,,,,,True,True,False,True
episode-e0b7820cd9b3930e5e97,Government of Nepal BIPAD Portal,2021,6,26,Mid-Western Region,Dang,Ghorahi,FLOOD,0,1,0,0,0,0,0,0.0,False,28.09918472,82.41050238,,,,,,,,,,,,,,,,,,,,,,,,True,True,False,True
episode-e010868be16dc8443061,Government of Nepal BIPAD Portal,2021,6,26,Far Western Region,Doti,Purbichauki,FLOOD,1,0,0,0,0,0,0,0.0,False,29.26575368,81.07223384,,,,,,,,,,,,,,,,,,,,,,,,True,True,False,True
episode-75bdaf64a02a5a457734,Government of Nepal BIPAD Portal,2021,6,27,Central Region,Rautahat,Madhav Narayan,FLOOD,1,0,0,0,0,0,0,0.0,False,26.88336772,85.35528132,,,,,,,,,,,,,,,,,,,,,,,,True,True,False,True
episode-dbf46283fd53d3ece244,Government of Nepal BIPAD Portal,2021,6,28,Mid-Western Region,Dang,Banglachuli,FLOOD,0,1,0,0,0,0,0,0.0,False,28.00739793,82.64836061,,,,,,,,,,,,,,,,,,,,,,,,True,True,False,True
episode-9d1da8c99308f2482bff,Government of Nepal BIPAD Portal,2021,6,30,Central Region,Chitwan,Ichchhakamana,FLOOD,0,0,0,0,0,0,0,0.0,False,27.76560495,84.55053184,,,,,,,,,,,,,,,,,,,,,,,,True,True,False,True
episode-0f0c68645f6f23021326,Government of Nepal BIPAD Portal,2021,6,30,Central Region,Parsa,Jagarnathpur,FLOOD,0,0,0,0,0,0,0,0.0,False,27.1438842,84.73666204,,,,,,,,,,,,,,,,,,,,,,,,True,True,False,True
episode-867add7e91fddbafabca,Government of Nepal BIPAD Portal,2021,6,30,Central Region,Rautahat,Gaur,FLOOD,1,0,0,0,0,0,0,0.0,False,26.77449723,85.26075406,,,,,,,,,,,,,,,,,,,,,,,,True,True,False,True
episode-81b3703f2b11826eb8f6,Government of Nepal BIPAD Portal,2021,7,1,Central Region,Dhading,Benighat Rorang,FLOOD,0,1,0,0,0,0,0,0.0,False,27.7581347,84.79665524500001,,,,,,,,,,,,,,,,,,,,,,,,True,True,False,True
episode-8693feb384c89dc25afe,Government of Nepal BIPAD Portal,2021,7,1,Western Region,Kaski,Madi,FLOOD,0,0,1,0,0,0,0,0.0,False,28.21988489,84.18910768,,,,,,,,,,,,,,,,,,,,,,,,True,True,False,True
episode-c547d806134898a46af1,Government of Nepal BIPAD Portal,2021,7,1,Eastern Region,Morang,Ratuwamai,FLOOD,0,0,0,0,0,0,0,0.0,False,26.43251106,87.6635528,,,,,,,,,,,,,,,,,,,,,,,,True,True,False,True
episode-1cd32236139d223f832e,Government of Nepal BIPAD Portal,2021,7,1,Central Region,Sindhuli,Dudhouli,FLOOD,0,0,0,0,0,0,0,0.0,False,27.05323053,86.12988096,,,,,,,,,,,,,,,,,,,,,,,,True,True,False,True
episode-cadaba75d10995f4867b,Government of Nepal BIPAD Portal,2021,7,1,Western Region,Tanahu,Vyas,FLOOD,0,0,0,0,0,1,0,0.0,False,28.06155498,84.21300832,,,,,,,,,,,,,,,,,,,,,,,,True,True,False,True
episode-9785f54f7e70d07c27fb,Government of Nepal BIPAD Portal,2021,7,2,Central Region,Rautahat,Rajpur,FLOOD,0,0,0,0,1,0,0,0.0,False,26.82868596,85.26005234,,,,,,,,,,,,,,,,,,,,,,,,True,True,False,True
episode-e0464569265a999e76ee,Government of Nepal BIPAD Portal,2021,7,2,Western Region,Tanahu,Bhanu,FLOOD,0,0,0,0,0,0,0,0.0,False,28.03597207,84.40828187,,,,,,,,,,,,,,,,,,,,,,,,True,True,False,True
episode-45ef46b249d6478a456b,Government of Nepal BIPAD Portal,2021,7,2,Western Region,Tanahu,Vyas,FLOOD,0,1,0,0,0,0,0,0.0,False,28.0556343,84.30275221,,,,,,,,,,,,,,,,,,,,,,,,True,True,False,True
episode-4af332864c9189606899,Government of Nepal BIPAD Portal,2021,7,3,Western Region,Gorkha,Aarughat,FLOOD,1,1,0,0,0,0,0,0.0,False,28.13625497,84.84003535,,,,,,,,,,,,,,,,,,,,,,,,True,True,False,True
episode-905965de62c288fc924b,Government of Nepal BIPAD Portal,2021,7,3,Central Region,Sarlahi,Kaudena,FLOOD,0,0,0,0,0,1,0,0.0,False,26.83572062,85.5104574,,,,,,,,,,,,,,,,,,,,,,,,True,True,False,True
episode-9e512a969c34d34d7d60,Government of Nepal BIPAD Portal,2021,7,3,Central Region,Sindhuli,Phikkal,FLOOD,0,0,0,0,0,0,0,0.0,False,27.16930122,86.34760085,,,,,,,,,,,,,,,,,,,,,,,,True,True,False,True
episode-9e2c8d9dbb3eef64b143,Government of Nepal BIPAD Portal,2021,7,3,Western Region,Syangja,Bhirkot,FLOOD,0,0,0,0,0,1,0,0.0,False,28.04971939,83.77121145,,,,,,,,,,,,,,,,,,,,,,,,True,True,False,True
episode-fe4e09d57f27904e4a55,Government of Nepal BIPAD Portal,2021,7,3,Western Region,Tanahu,Bandipur,FLOOD,0,0,0,0,0,0,0,0.0,False,27.96867576,84.39108521,,,,,,,,,,,,,,,,,,,,,,,,True,True,False,True
episode-6ed991d1c6827e321918,Government of Nepal BIPAD Portal,2021,7,4,Central Region,Sarlahi,Ishworpur,FLOOD,1,0,0,0,0,0,0,0.0,False,26.99603983,85.72413245,,,,,,,,,,,,,,,,,,,,,,,,True,True,False,True
episode-dbc569587c2ad8a5e83a,Government of Nepal BIPAD Portal,2021,7,5,Mid-Western Region,Dang,Ghorahi,FLOOD,1,0,0,0,0,0,0,0.0,False,28.10257078,82.54067537,,,,,,,,,,,,,,,,,,,,,,,,True,True,False,True
episode-a63794ea50800c0c5b4b,Government of Nepal BIPAD Portal,2021,7,5,Central Region,Makwanpur,Raksirang,FLOOD,1,0,0,0,0,0,0,0.0,False,27.65898814,84.84753754,,,,,,,,,,,,,,,,,,,,,,,,True,True,False,True
episode-48b7b7c2f2fe360aa6b2,Government of Nepal BIPAD Portal,2021,7,6,Western Region,Myagdi,Mangala,FLOOD,2,0,0,0,0,0,0,0.0,False,28.37538,83.42003343,,,,,,,,,,,,,,,,,,,,,,,,True,True,False,True
episode-2e0ee5ea145db68691de,Government of Nepal BIPAD Portal,2021,7,6,Eastern Region,Saptari,Agnisair Krishna Savaran,FLOOD,1,0,0,0,0,0,0,0.0,False,26.66023148,86.78249022,,,,,,,,,,,,,,,,,,,,,,,,True,True,False,True
episode-03dfe209ca389fa2212a,Government of Nepal BIPAD Portal,2021,7,7,Western Region,Kaski,Pokhara,FLOOD,0,0,0,0,0,0,0,0.0,False,28.2375664,83.95315063,,,,,,,,,,,,,,,,,,,,,,,,True,True,False,True
episode-54cf4225a1e2c4e580e0,Government of Nepal BIPAD Portal,2021,7,8,Western Region,Nawalparasi East,Madhyabindu,FLOOD,0,0,0,0,3,1,0,0.0,False,27.642265979999998,83.969990475,,,,,,,,,,,,,,,,,,,,,,,,True,True,False,True
episode-bc6338de04933cef2e19,Government of Nepal BIPAD Portal,2021,7,8,Western Region,Tanahu,Bandipur,FLOOD,0,0,0,0,2,0,0,0.0,False,27.9396598,84.36627335,,,,,,,,,,,,,,,,,,,,,,,,True,True,False,True
episode-9350e8cec91cf2ee031b,Government of Nepal BIPAD Portal,2021,7,8,Western Region,Tanahu,Myagde,FLOOD,1,0,0,0,0,0,0,0.0,False,28.01760579,84.18820676,,,,,,,,,,,,,,,,,,,,,,,,True,True,False,True
episode-e81629c45222ff4cc1cf,Government of Nepal BIPAD Portal,2021,7,11,Central Region,Sindhuli,Marin,FLOOD,1,0,0,0,0,0,0,0.0,False,27.21567789,85.7810486,,,,,,,,,,,,,,,,,,,,,,,,True,True,False,True
episode-ee271f358d265df2e668,Government of Nepal BIPAD Portal,2021,7,14,Far Western Region,Achham,Sanphebagar,FLOOD,1,0,0,0,0,0,0,0.0,False,29.20553055,81.19711854,,,,,,,,,,,,,,,,,,,,,,,,True,True,False,True
episode-e3f9026026c51b52e998,Government of Nepal BIPAD Portal,2021,7,14,Mid-Western Region,Dang,Rajpur,FLOOD,0,0,0,0,0,0,0,0.0,False,27.84132008,82.35162415,,,,,,,,,,,,,,,,,,,,,,,,True,True,False,True
episode-1b4854cef0ae2e7763b7,Government of Nepal BIPAD Portal,2021,7,14,Western Region,Rupandehi,Sainamaina,FLOOD,1,1,0,0,0,0,0,0.0,False,27.72965531,83.24680668,,,,,,,,,,,,,,,,,,,,,,,,True,True,False,True
episode-e65245d00cb1a014456b,Government of Nepal BIPAD Portal,2021,7,16,Western Region,Nawalparasi East,Hupsekot,FLOOD,0,0,0,0,3,0,0,0.0,False,27.75148741,84.08632297,,,,,,,,,,,,,,,,,,,,,,,,True,True,False,True
episode-76870d69f17f10f0f45f,Government of Nepal BIPAD Portal,2021,7,18,Central Region,Dhanusa,Hansapur,FLOOD,0,0,0,0,0,1,0,0.0,False,26.76291153,86.03714487,,,,,,,,,,,,,,,,,,,,,,,,True,True,False,True
episode-5c31b002875dcf3be20b,Government of Nepal BIPAD Portal,2021,7,21,Central Region,Dhanusa,Janakpurdham,FLOOD,0,0,0,0,0,1,0,0.0,False,26.73236121,85.97762118,,,,,,,,,,,,,,,,,,,,,,,,True,True,False,True
episode-64a7cccd512eb9b9272e,Government of Nepal BIPAD Portal,2021,7,22,Far Western Region,Darchula,Apihimal,FLOOD,0,0,0,0,0,0,0,0.0,False,29.80188531,80.9824561,,,,,,,,,,,,,,,,,,,,,,,,True,True,False,True
episode-ba5bc1434ff98fd6eca5,Government of Nepal BIPAD Portal,2021,7,26,Mid-Western Region,Jumla,Patrasi,FLOOD,1,0,0,0,0,0,0,0.0,False,29.34583554,82.37157646,,,,,,,,,,,,,,,,,,,,,,,,True,True,False,True
episode-54a7daf5db5acbfc6ea0,Government of Nepal BIPAD Portal,2021,7,31,Central Region,Sindhupalchok,Helambu,FLOOD,0,0,0,0,0,0,0,0.0,False,27.91747245,85.51167873,,,,,,,,,,,,,,,,,,,,,,,,True,True,False,True
episode-81ad829378ef02b80406,Government of Nepal BIPAD Portal,2021,7,31,Central Region,Sindhupalchok,Melamchi,FLOOD,0,0,0,0,0,0,0,0.0,False,27.83135195,85.55807341,,,,,,,,,,,,,,,,,,,,,,,,True,True,False,True
episode-0d2d3fe9c5be8343814e,Government of Nepal BIPAD Portal,2021,8,1,Central Region,Sindhupalchok,Helambu,FLOOD,0,0,0,0,13,0,0,0.0,False,27.92084593,85.544607468,,,,,,,,,,,,,,,,,,,,,,,,True,True,False,True
episode-34c6f48629a8f43b6eff,Government of Nepal BIPAD Portal,2021,8,1,Central Region,Sindhupalchok,Tripurasundari,FLOOD,0,0,0,0,1,0,0,0.0,False,27.75838429,85.97554239,,,,,,,,,,,,,,,,,,,,,,,,True,True,False,True
episode-a05a3c8a601c409d129e,Government of Nepal BIPAD Portal,2021,8,4,Eastern Region,Khotang,Halesi Tuwachung,FLOOD,0,0,0,0,0,0,0,0.0,False,27.15977179,86.47762775,,,,,,,,,,,,,,,,,,,,,,,,True,True,False,True
episode-011e0c31a43fd446ee4a,Government of Nepal BIPAD Portal,2021,8,7,Mid-Western Region,Salyan,Chhatreshwori,FLOOD,1,0,1,0,0,0,0,0.0,False,28.34922,82.34383317,,,,,,,,,,,,,,,,,,,,,,,,True,True,False,True
episode-c4de1bf4bd20205691a7,Government of Nepal BIPAD Portal,2021,8,9,Mid-Western Region,Dang,Tulsipur,FLOOD,2,0,0,0,0,0,0,0.0,False,28.1717083,82.35205499,,,,,,,,,,,,,,,,,,,,,,,,True,True,False,True
episode-f58ae3a4194425b0e2e6,Government of Nepal BIPAD Portal,2021,8,12,Mid-Western Region,Rolpa,Sunil Smriti,FLOOD,0,0,0,0,0,0,0,0.0,False,28.25927071,82.71242961,,,,,,,,,,,,,,,,,,,,,,,,True,True,False,True
episode-c9faa34be98103861bbf,Government of Nepal BIPAD Portal,2021,8,19,Central Region,Kathmandu,Kageshwori Manahora,FLOOD,0,0,0,0,0,0,0,0.0,False,27.72530702,85.40867266,,,,,,,,,,,,,,,,,,,,,,,,True,True,False,True
episode-372102f856578353664b,Government of Nepal BIPAD Portal,2021,8,24,Far Western Region,Kailali,Bhajani,FLOOD,0,0,0,0,0,0,0,0.0,False,28.46255487,80.96082558,,,,,,,,,,,,,,,,,,,,,,,,True,True,False,True
episode-3062f6ed987fb8263465,Government of Nepal BIPAD Portal,2021,8,24,Far Western Region,Kailali,Dhangadhi,FLOOD,0,0,0,0,0,0,0,0.0,False,28.587294,80.72204309,,,,,,,,,,,,,,,,,,,,,,,,True,True,False,True
episode-4eee7c11a46f8fe668d8,Government of Nepal BIPAD Portal,2021,8,24,Mid-Western Region,Salyan,Kumakh,FLOOD,1,0,0,0,0,0,0,0.0,False,28.59848964,82.20180413,,,,,,,,,,,,,,,,,,,,,,,,True,True,False,True
episode-b63f066991edb03476d8,Government of Nepal BIPAD Portal,2021,8,26,Central Region,Chitwan,Madi,FLOOD,0,0,0,0,0,0,0,0.0,False,27.42249933,84.29286963,,,,,,,,,,,,,,,,,,,,,,,,True,True,False,True
episode-c0b10ae71115e450a4e8,Government of Nepal BIPAD Portal,2021,8,26,Far Western Region,Kanchanpur,Bedkot,FLOOD,0,0,0,0,0,0,0,0.0,False,29.01197505,80.29297881,,,,,,,,,,,,,,,,,,,,,,,,True,True,False,True
episode-d130bef28a41705ab545,Government of Nepal BIPAD Portal,2021,8,27,Mid-Western Region,Dang,Dangisharan,FLOOD,1,0,0,0,0,0,0,0.0,False,28.07940487,82.14397523,,,,,,,,,,,,,,,,,,,,,,,,True,True,False,True
episode-64c28fd3abac42dd9e14,Government of Nepal BIPAD Portal,2021,8,27,Far Western Region,Kailali,Godawari_Kailali,FLOOD,0,0,0,0,0,0,0,0.0,False,28.88523021,80.61128404,,,,,,,,,,,,,,,,,,,,,,,,True,True,False,True
episode-9a3fef74ca5b622c9311,Government of Nepal BIPAD Portal,2021,8,27,Western Region,Nawalparasi East,Binayee Tribeni,FLOOD,0,0,0,0,0,0,0,0.0,False,27.64254068,83.85153652,,,,,,,,,,,,,,,,,,,,,,,,True,True,False,True
episode-9e54d013bf4ad56f8d92,Government of Nepal BIPAD Portal,2021,8,27,Western Region,Rupandehi,Omsatiya,FLOOD,1,0,0,0,0,0,0,0.0,False,27.51255767,83.49215377,,,,,,,,,,,,,,,,,,,,,,,,True,True,False,True
episode-844177bbba7f3592c3b0,Government of Nepal BIPAD Portal,2021,8,27,Central Region,Sindhuli,Golanjor,FLOOD,0,1,1,0,0,0,0,0.0,False,27.23796494,86.10586071,,,,,,,,,,,,,,,,,,,,,,,,True,True,False,True
episode-47ef63688542ba3234c7,Government of Nepal BIPAD Portal,2021,8,28,Far Western Region,Kailali,Dhangadhi,FLOOD,0,1,0,0,0,0,0,0.0,False,28.71638226,80.5584272,,,,,,,,,,,,,,,,,,,,,,,,True,True,False,True
episode-d31cee2aa1163904fa8c,Government of Nepal BIPAD Portal,2021,8,29,Far Western Region,Darchula,Dunhu,FLOOD,0,0,0,0,0,0,0,0.0,False,29.87278413,80.5742035,,,,,,,,,,,,,,,,,,,,,,,,True,True,False,True
episode-734d85932dc1b8714805,Government of Nepal BIPAD Portal,2021,8,29,Far Western Region,Darchula,Mahakali,FLOOD,0,0,0,0,10,0,0,0.0,False,29.84391521,80.60089311,,,,,,,,,,,,,,,,,,,,,,,,True,True,False,True
episode-f2c6bded684db6d6a1ea,Government of Nepal BIPAD Portal,2021,8,30,Far Western Region,Darchula,Apihimal,FLOOD,0,0,0,0,0,0,0,0.0,False,29.80188531,80.9824561,,,,,,,,,,,,,,,,,,,,,,,,True,True,False,True
episode-7a2bf2022a905dee87f3,Government of Nepal BIPAD Portal,2021,8,30,Western Region,Myagdi,Raghuganga,FLOOD,0,0,3,0,0,5,0,0.0,False,28.54637,83.48729,,,,,,,,,,,,,,,,,,,,,,,,True,True,False,True
episode-589773d0603c74fbfdf6,Government of Nepal BIPAD Portal,2021,8,31,Central Region,Nuwakot,Likhu,FLOOD,0,0,0,0,0,0,0,0.0,False,27.86568312,85.26825445,,,,,,,,,,,,,,,,,,,,,,,,True,True,False,True
episode-545379ec7f2ca7824bf0,Government of Nepal BIPAD Portal,2021,9,1,Mid-Western Region,Dang,Ghorahi,FLOOD,4,0,1,0,0,0,0,0.0,False,28.01626102,82.53221592,,,,,,,,,,,,,,,,,,,,,,,,True,True,False,True
episode-06b8e185a867e9f16000,Government of Nepal BIPAD Portal,2021,9,1,Western Region,Kaski,Pokhara,FLOOD,0,0,0,0,0,0,0,0.0,False,28.21178819,83.98393372,,,,,,,,,,,,,,,,,,,,,,,,True,True,False,True
episode-129ffbfad567b59ab0f8,Government of Nepal BIPAD Portal,2021,9,2,Western Region,Kaski,Pokhara,FLOOD,0,0,0,0,0,0,0,0.0,False,28.230806995000002,84.023119815,,,,,,,,,,,,,,,,,,,,,,,,True,True,False,True
episode-c882f635893010f155d9,Government of Nepal BIPAD Portal,2021,9,3,Central Region,Makwanpur,Hetauda,FLOOD,2,0,0,0,0,0,0,0.0,False,27.38610021,85.11563707,,,,,,,,,,,,,,,,,,,,,,,,True,True,False,True
episode-a75b9a85c7d19c4ab884,Government of Nepal BIPAD Portal,2021,9,5,Central Region,Kathmandu,Budhanilkantha,FLOOD,1,0,0,0,0,0,0,0.0,False,27.73231956,85.36271154,,,,,,,,,,,,,,,,,,,,,,,,True,True,False,True
episode-6d47defc88dc5f1b5804,Government of Nepal BIPAD Portal,2021,9,6,Central Region,Kathmandu,Kageshwori Manahora,FLOOD,0,0,0,0,0,0,0,0.0,False,27.7106988,85.37787074,,,,,,,,,,,,,,,,,,,,,,,,True,True,False,True
episode-c2e224d5988106501141,Government of Nepal BIPAD Portal,2021,9,6,Mid-Western Region,Rolpa,Sunil Smriti,FLOOD,0,0,0,0,0,0,0,0.0,False,28.22837116,82.72371514,,,,,,,,,,,,,,,,,,,,,,,,True,True,False,True
episode-8138844c7211b2271ae8,Government of Nepal BIPAD Portal,2021,9,8,Mid-Western Region,Banke,Khajura,FLOOD,1,0,0,0,0,0,0,0.0,False,28.14893239,81.54994039,,,,,,,,,,,,,,,,,,,,,,,,True,True,False,True
episode-b50817536bf396b1a670,Government of Nepal BIPAD Portal,2021,9,20,Central Region,Kathmandu,Chandragiri,FLOOD,0,0,0,0,0,0,0,0.0,False,27.70894357,85.23213587,,,,,,,,,,,,,,,,,,,,,,,,True,True,False,True
episode-4d5b9290e0bb91f42eab,Government of Nepal BIPAD Portal,2021,9,21,Far Western Region,Bajura,Badimalika,FLOOD,0,0,0,0,2,0,0,0.0,False,29.46406866,81.54845574,,,,,,,,,,,,,,,,,,,,,,,,True,True,False,True
episode-f5f1bf4c92592230c201,Government of Nepal BIPAD Portal,2021,9,22,Western Region,Baglung,Dhorpatan,FLOOD,0,0,0,0,1,0,0,0.0,False,28.32445641,83.16754955,,,,,,,,,,,,,,,,,,,,,,,,True,True,False,True
episode-cf0d8447b1c9acaa7541,Government of Nepal BIPAD Portal,2021,9,28,Central Region,Makwanpur,Raksirang,FLOOD,1,0,0,0,0,0,0,0.0,False,27.61106936,84.77593981,,,,,,,,,,,,,,,,,,,,,,,,True,True,False,True
episode-c20a318d5d2ebae5862f,Government of Nepal BIPAD Portal,2021,10,5,Central Region,Kathmandu,Kathmandu,FLOOD,0,0,0,0,0,0,0,0.0,False,27.70979168,85.31599758,,,,,,,,,,,,,,,,,,,,,,,,True,True,False,True
episode-ca75ebcd1f7e725f3942,Government of Nepal BIPAD Portal,2021,10,18,Mid-Western Region,Jumla,Tatopani,FLOOD,0,1,0,0,0,0,0,0.0,False,29.06449086,82.090205,,,,,,,,,,,,,,,,,,,,,,,,True,True,False,True
episode-e77bbc1c47d97462d9dd,Government of Nepal BIPAD Portal,2021,10,18,Far Western Region,Kailali,Chure,FLOOD,0,0,0,0,0,0,0,0.0,False,28.86741168,80.75612377,,,,,,,,,,,,,,,,,,,,,,,,True,True,False,True
episode-24507f78d281f679961a,Government of Nepal BIPAD Portal,2021,10,19,Far Western Region,Achham,Dhakari,FLOOD,1,0,0,0,0,0,0,0.0,False,29.00583797,81.2225357,,,,,,,,,,,,,,,,,,,,,,,,True,True,False,True
episode-46bbd96d4bdb6e69d489,Government of Nepal BIPAD Portal,2021,10,19,Western Region,Baglung,Tara Khola,FLOOD,0,0,0,0,0,0,0,0.0,False,28.32479163,83.41013649,,,,,,,,,,,,,,,,,,,,,,,,True,True,False,True
episode-23a36cbd91da9dc1863b,Government of Nepal BIPAD Portal,2021,10,19,Far Western Region,Bajhang,Bungal,FLOOD,0,0,0,0,1,0,0,0.0,False,29.60885749,80.8762805,,,,,,,,,,,,,,,,,,,,,,,,True,True,False,True
episode-58764f26952d39c7d84a,Government of Nepal BIPAD Portal,2021,10,19,Far Western Region,Bajhang,JayaPrithivi,FLOOD,0,0,0,0,5,0,0,0.0,False,29.52898101,81.20973013,,,,,,,,,,,,,,,,,,,,,,,,True,True,False,True
episode-95b2595bda64b587b740,Government of Nepal BIPAD Portal,2021,10,19,Eastern Region,Bhojpur,Ramprasadrai,FLOOD,1,0,0,0,0,0,0,0.0,False,27.06983891,87.01518566,,,,,,,,,,,,,,,,,,,,,,,,True,True,False,True
episode-85ac504969fcd96389a8,Government of Nepal BIPAD Portal,2021,10,19,Eastern Region,Dhankuta,Mahalaxmi,FLOOD,0,0,0,0,0,1,0,0.0,False,27.16964161,87.317448275,,,,,,,,,,,,,,,,,,,,,,,,True,True,False,True
episode-a31e43a2541124040f5f,Government of Nepal BIPAD Portal,2021,10,19,Far Western Region,Doti,Sayal,FLOOD,0,1,0,0,0,0,0,0.0,False,29.39915531,80.92044471,,,,,,,,,,,,,,,,,,,,,,,,True,True,False,True
episode-421cb870d653b52c1de7,Government of Nepal BIPAD Portal,2021,10,19,Western Region,Gulmi,Satyawati,FLOOD,0,0,0,0,0,0,0,0.0,False,28.03663484,83.43184319,,,,,,,,,,,,,,,,,,,,,,,,True,True,False,True
episode-41232a97f7437d263ec5,Government of Nepal BIPAD Portal,2021,10,19,Eastern Region,Jhapa,Damak,FLOOD,0,0,0,0,7,0,0,0.0,False,26.66209158,87.70973971,,,,,,,,,,,,,,,,,,,,,,,,True,True,False,True
episode-2ea85322e274a7595eb6,Government of Nepal BIPAD Portal,2021,10,19,Far Western Region,Kanchanpur,Belauri,FLOOD,0,0,0,0,0,0,0,0.0,False,28.71930562,80.3227293,,,,,,,,,,,,,,,,,,,,,,,,True,True,False,True
episode-ed546cefdb11601ea025,Government of Nepal BIPAD Portal,2021,10,19,Eastern Region,Saptari,Saptakoshi,FLOOD,0,0,0,0,0,0,0,0.0,False,26.69379001,86.96369217,,,,,,,,,,,,,,,,,,,,,,,,True,True,False,True
episode-8c210102637ccb30b1ae,Government of Nepal BIPAD Portal,2021,10,19,Central Region,Sindhuli,Phikkal,FLOOD,1,0,0,0,0,0,0,0.0,False,27.22642333,86.27392507,,,,,,,,,,,,,,,,,,,,,,,,True,True,False,True
episode-257b1b46ce055e92965c,Government of Nepal BIPAD Portal,2021,10,19,Mid-Western Region,Surkhet,Bheriganga,FLOOD,0,0,1,0,0,0,0,0.0,False,28.418053,81.71532068,,,,,,,,,,,,,,,,,,,,,,,,True,True,False,True
episode-af9d3ffc86e576b29796,Government of Nepal BIPAD Portal,2021,10,19,Eastern Region,Udayapur,Triyuga,FLOOD,1,0,0,0,0,0,0,0.0,False,26.75050424,86.60267658,,,,,,,,,,,,,,,,,,,,,,,,True,True,False,True
episode-a75d97ac829c5c191e95,Government of Nepal BIPAD Portal,2021,10,20,Far Western Region,Bajhang,Bitthadchir,FLOOD,0,0,0,0,3,0,0,0.0,False,29.54015753,80.76735821,,,,,,,,,,,,,,,,,,,,,,,,True,True,False,True
episode-f458a6801901e0926427,Government of Nepal BIPAD Portal,2021,10,20,Mid-Western Region,Jumla,Tila,FLOOD,0,0,0,0,0,0,0,0.0,False,29.21103508,82.00462541,,,,,,,,,,,,,,,,,,,,,,,,True,True,False,True
episode-17d9e300bccfcba7d6e9,Government of Nepal BIPAD Portal,2021,10,20,Far Western Region,Kailali,Tikapur,FLOOD,1,1,0,0,0,0,0,0.0,False,28.42468673,81.05355962,,,,,,,,,,,,,,,,,,,,,,,,True,True,False,True
episode-899ae98a8a41884f025f,Government of Nepal BIPAD Portal,2021,10,20,Western Region,Kapilbastu,Buddhabhumi,FLOOD,2,0,0,0,0,0,0,0.0,False,27.58377079,83.02778572,,,,,,,,,,,,,,,,,,,,,,,,True,True,False,True
episode-f761a9fd9f2500ab6709,Government of Nepal BIPAD Portal,2021,10,20,Mid-Western Region,Pyuthan,Mandavi,FLOOD,3,0,0,0,0,0,0,0.0,False,28.06222739,82.73268803,,,,,,,,,,,,,,,,,,,,,,,,True,True,False,True
episode-f1c3e74e9a951910641c,Government of Nepal BIPAD Portal,2021,10,20,Eastern Region,Saptari,Hanumannagar Kankalini,FLOOD,1,0,0,0,0,0,0,0.0,False,26.50782205,86.85693176,,,,,,,,,,,,,,,,,,,,,,,,True,True,False,True
episode-318baad9e49b6b0615c5,Government of Nepal BIPAD Portal,2021,10,20,Eastern Region,Solukhumbu,Mahakulung,FLOOD,1,0,0,0,0,0,0,0.0,False,27.56765565,86.83176576,,,,,,,,,,,,,,,,,,,,,,,,True,True,False,True
episode-18087868ffb259ffb293,Government of Nepal BIPAD Portal,2021,10,20,Eastern Region,Sunsari,Itahari,FLOOD,2,0,0,0,0,0,0,0.0,False,26.674222620000002,87.24394403,,,,,,,,,,,,,,,,,,,,,,,,True,True,False,True
episode-c4001091ef4ab7a32039,Government of Nepal BIPAD Portal,2021,10,20,Eastern Region,Udayapur,Udayapurgadhi,FLOOD,1,0,0,0,0,0,0,0.0,False,26.92753249,86.58643152,,,,,,,,,,,,,,,,,,,,,,,,True,True,False,True
episode-47dce91cf07123236546,Government of Nepal BIPAD Portal,2021,10,21,Western Region,Nawalparasi East,Binayee Tribeni,FLOOD,2,0,0,0,0,0,0,0.0,False,27.69260189,83.75814891,,,,,,,,,,,,,,,,,,,,,,,,True,True,False,True
episode-f3a345249e01035cbfbf,Government of Nepal BIPAD Portal,2021,10,21,Eastern Region,Sunsari,Itahari,FLOOD,1,0,0,0,0,0,0,0.0,False,26.65318574,87.25054865,,,,,,,,,,,,,,,,,,,,,,,,True,True,False,True
episode-84aa238b17460c9b16e2,Government of Nepal BIPAD Portal,2021,10,22,Eastern Region,Morang,Biratnagar,FLOOD,1,0,0,0,0,0,0,0.0,False,26.48447488,87.29181217,,,,,,,,,,,,,,,,,,,,,,,,True,True,False,True
episode-380bcc7ffb428f26c879,Government of Nepal BIPAD Portal,2021,10,22,Mid-Western Region,Salyan,Bangad Kupinde,FLOOD,1,0,0,0,0,0,0,0.0,False,28.43188716,81.99219983,,,,,,,,,,,,,,,,,,,,,,,,True,True,False,True
episode-0f612c8f9c49562f14b9,Government of Nepal BIPAD Portal,2022,4,11,Central Region,Kavrepalanchok,Dhulikhel,FLOOD,0,0,0,0,0,0,0,0.0,False,27.57609075,85.57154218,,,,,,,,,,,,,,,,,,,,,,,,True,True,False,True
episode-aaa57cf4318d5d3e9008,Government of Nepal BIPAD Portal,2022,5,29,Eastern Region,Siraha,Golbazar,FLOOD,0,0,0,0,0,0,0,0.0,False,26.80396155,86.3354358,,,,,,,,,,,,,,,,,,,,,,,,True,True,False,True
episode-9ac7722bf280978c8cd7,Government of Nepal BIPAD Portal,2022,6,15,Mid-Western Region,Kalikot,Khandachakra,FLOOD,1,0,1,0,0,0,0,0.0,False,29.13825956,81.59585484,,,,,,,,,,,,,,,,,,,,,,,,True,True,False,True
episode-ea398180928f9b5375b1,Government of Nepal BIPAD Portal,2022,6,17,Eastern Region,Sunsari,Barah,FLOOD,0,0,1,0,0,0,0,0.0,False,26.84280449,87.18167684,,,,,,,,,,,,,,,,,,,,,,,,True,True,False,True
episode-73030b00efc07d241f80,Government of Nepal BIPAD Portal,2022,6,18,Western Region,Kaski,Machhapuchchhre,FLOOD,0,0,0,0,0,0,0,0.0,False,28.36204474,84.01225302,,,,,,,,,,,,,,,,,,,,,,,,True,True,False,True
episode-b1e0ed5bfd2e03ec00d4,Government of Nepal BIPAD Portal,2022,6,18,Western Region,Lamjung,Sundarbazar,FLOOD,0,0,0,0,0,0,0,0.0,False,28.1660468,84.3464356,,,,,,,,,,,,,,,,,,,,,,,,True,True,False,True
episode-9f547653974dfbb37808,Government of Nepal BIPAD Portal,2022,6,19,Eastern Region,Jhapa,Damak,FLOOD,0,0,0,0,1,0,0,0.0,False,26.67820227,87.70814601,,,,,,,,,,,,,,,,,,,,,,,,True,True,False,True
episode-760f7499ee26e7f2eac4,Government of Nepal BIPAD Portal,2022,6,19,Eastern Region,Sunsari,Barah,FLOOD,1,0,1,0,0,0,0,0.0,False,26.84280449,87.18167684,,,,,,,,,,,,,,,,,,,,,,,,True,True,False,True
episode-f315e1d0449329cb0e9c,Government of Nepal BIPAD Portal,2022,6,21,Far Western Region,Dadeldhura,Parashuram,FLOOD,1,0,2,0,0,0,0,0.0,False,29.04378638,80.44347645,,,,,,,,,,,,,,,,,,,,,,,,True,True,False,True
episode-251d768ac49c044eeded,Government of Nepal BIPAD Portal,2022,6,21,Eastern Region,Jhapa,Kachankawal,FLOOD,0,0,0,0,0,0,0,0.0,False,26.4344591,87.95139686,,,,,,,,,,,,,,,,,,,,,,,,True,True,False,True
episode-2994d16492d4d74085e0,Government of Nepal BIPAD Portal,2022,6,23,Eastern Region,Jhapa,Kachankawal,FLOOD,0,0,0,0,0,0,0,0.0,False,26.4344591,87.95139686,,,,,,,,,,,,,,,,,,,,,,,,True,True,False,True
episode-6a63faf688b986c7f184,Government of Nepal BIPAD Portal,2022,6,27,Eastern Region,Morang,Kanepokhari,FLOOD,0,0,0,0,0,0,0,0.0,False,26.62191241,87.51822531,,,,,,,,,,,,,,,,,,,,,,,,True,True,False,True
episode-4f640bae5ad37797cce9,Government of Nepal BIPAD Portal,2022,6,28,Eastern Region,Jhapa,Shivasataxi,FLOOD,0,0,0,0,0,0,0,0.0,False,26.53949694,87.81730838,,,,,,,,,,,,,,,,,,,,,,,,True,True,False,True
episode-45a1a65422d82dbafab1,Government of Nepal BIPAD Portal,2022,6,29,Eastern Region,Jhapa,Barhadashi,FLOOD,0,0,0,0,0,0,0,0.0,False,26.58323,87.91446,,,,,,,,,,,,,,,,,,,,,,,,True,True,False,True
episode-fdcf312e17f1ba68ee5c,Government of Nepal BIPAD Portal,2022,6,29,Eastern Region,Sunsari,Itahari,FLOOD,0,0,0,0,0,1,0,0.0,False,26.67313872,87.26312892,,,,,,,,,,,,,,,,,,,,,,,,True,True,False,True
episode-78dadbf8bdc78ba5ca49,Government of Nepal BIPAD Portal,2022,7,1,Eastern Region,Udayapur,Katari,FLOOD,0,0,0,0,0,1,0,0.0,False,26.94446308,86.3951723,,,,,,,,,,,,,,,,,,,,,,,,True,True,False,True
episode-a1bb6ec379b099e33e1d,Government of Nepal BIPAD Portal,2022,7,9,Mid-Western Region,Dolpa,Mudkechula,FLOOD,0,1,0,0,0,0,0,0.0,False,29.08623076,82.4885189,,,,,,,,,,,,,,,,,,,,,,,,True,True,False,True
episode-c8e5c75bef562d9ceda1,Government of Nepal BIPAD Portal,2022,7,20,Far Western Region,Darchula,Mahakali,FLOOD,0,0,0,0,0,0,0,0.0,False,29.8166775,80.52965619,,,,,,,,,,,,,,,,,,,,,,,,True,True,False,True
episode-e3edbae9e56867e3be94,Government of Nepal BIPAD Portal,2022,7,20,Central Region,Kavrepalanchok,Roshi,FLOOD,1,0,0,0,0,0,0,0.0,False,27.4994182,85.57633804,,,,,,,,,,,,,,,,,,,,,,,,True,True,False,True
episode-7037516838369ad723f9,Government of Nepal BIPAD Portal,2022,7,20,Central Region,Nuwakot,Shivapuri,FLOOD,0,0,1,0,0,0,0,0.0,False,27.84133497,85.32223003,,,,,,,,,,,,,,,,,,,,,,,,True,True,False,True
episode-07d2726fc6180db1fa8b,Government of Nepal BIPAD Portal,2022,7,24,Central Region,Dolakha,Tamakoshi,FLOOD,0,0,0,0,0,0,0,0.0,False,27.52043724,86.1075035,,,,,,,,,,,,,,,,,,,,,,,,True,True,False,True
episode-1faa1b1c056385913b14,Government of Nepal BIPAD Portal,2022,7,26,Mid-Western Region,Dailekh,Chamunda Bindrasaini,FLOOD,1,0,0,0,0,0,0,0.0,False,28.95757551,81.56348706,,,,,,,,,,,,,,,,,,,,,,,,True,True,False,True
episode-0d7780db26c0a7cabcc8,Government of Nepal BIPAD Portal,2022,7,26,Central Region,Nuwakot,Belkotgadhi,FLOOD,1,0,0,0,0,0,0,0.0,False,27.85059458,85.14838327,,,,,,,,,,,,,,,,,,,,,,,,True,True,False,True
episode-336c707ba4dd268b1ed4,Government of Nepal BIPAD Portal,2022,7,28,Mid-Western Region,Rukum West,Aathbiskot,FLOOD,0,0,0,0,0,0,0,0.0,False,28.81794978,82.39493877,,,,,,,,,,,,,,,,,,,,,,,,True,True,False,True
episode-9153df707976815d2285,Government of Nepal BIPAD Portal,2022,7,31,Eastern Region,Udayapur,Udayapurgadhi,FLOOD,0,0,0,0,0,0,0,0.0,False,26.88381834,86.51602888,,,,,,,,,,,,,,,,,,,,,,,,True,True,False,True
episode-c8f30d3d9f3c05b28905,Government of Nepal BIPAD Portal,2022,8,1,Western Region,Kaski,Annapurna,FLOOD,0,0,0,0,0,0,0,0.0,False,28.28974641,83.78751583,,,,,,,,,,,,,,,,,,,,,,,,True,True,False,True
episode-1ec4a1067ed932ad8c30,Government of Nepal BIPAD Portal,2022,8,2,Western Region,Kapilbastu,Banganga,FLOOD,2,0,0,0,0,0,0,0.0,False,27.72923622,83.10960703,,,,,,,,,,,,,,,,,,,,,,,,True,True,False,True
episode-811cbb55caa3b4c83dad,Government of Nepal BIPAD Portal,2022,8,3,Far Western Region,Bajhang,Talkot,FLOOD,0,0,0,0,0,0,0,0.0,False,29.59968534,81.30068665,,,,,,,,,,,,,,,,,,,,,,,,True,True,False,True
episode-2615924bb79dfc544633,Government of Nepal BIPAD Portal,2022,8,6,Eastern Region,Saptari,Saptakoshi,FLOOD,0,0,0,0,0,1,0,0.0,False,26.71065369,86.94933716,,,,,,,,,,,,,,,,,,,,,,,,True,True,False,True
episode-ee58362ffbf2f9ee149a,Government of Nepal BIPAD Portal,2022,8,8,Central Region,Sindhupalchok,Chautara Sangachokgadhi,FLOOD,0,0,0,0,8,0,0,0.0,False,27.73584395,85.70587769,,,,,,,,,,,,,,,,,,,,,,,,True,True,False,True
episode-ab7acc75d540adb758b0,Government of Nepal BIPAD Portal,2022,8,10,Central Region,Bhaktapur,Changunarayan,FLOOD,0,0,0,0,0,0,0,0.0,False,27.707736295,85.42209138499999,,,,,,,,,,,,,,,,,,,,,,,,True,True,False,True
episode-3843e85f8e6bb9da7e2f,Government of Nepal BIPAD Portal,2022,8,10,Central Region,Bhaktapur,Madhyapur Thimi,FLOOD,0,0,0,0,0,0,0,0.0,False,27.68145892,85.37368359,,,,,,,,,,,,,,,,,,,,,,,,True,True,False,True
episode-6c17df099d3dc33b6b3c,Government of Nepal BIPAD Portal,2022,8,18,Central Region,Ramechhap,Gokulganga,FLOOD,0,0,0,0,1,0,0,0.0,False,27.64472314,86.35320546,,,,,,,,,,,,,,,,,,,,,,,,True,True,False,True
episode-526ff1369d47ba035008,Government of Nepal BIPAD Portal,2022,8,18,Eastern Region,Taplejung,Meringden,FLOOD,0,0,0,0,0,0,0,0.0,False,27.44175052,87.57938128,,,,,,,,,,,,,,,,,,,,,,,,True,True,False,True
episode-5458a1ae532becbce63f,Government of Nepal BIPAD Portal,2022,8,28,Eastern Region,Udayapur,Triyuga,FLOOD,0,0,0,0,0,0,0,0.0,False,26.73836161,86.77869675,,,,,,,,,,,,,,,,,,,,,,,,True,True,False,True
episode-a8d3bf5b6af54a993fa6,Government of Nepal BIPAD Portal,2022,9,8,Central Region,Kavrepalanchok,Temal,FLOOD,0,1,0,0,0,0,0,0.0,False,27.57007669,85.71475599,,,,,,,,,,,,,,,,,,,,,,,,True,True,False,True
episode-347d1c783ce3fe16180a,Government of Nepal BIPAD Portal,2022,9,9,Far Western Region,Darchula,Apihimal,FLOOD,6,9,11,0,42,9,0,0.0,False,29.92362,80.73694,,,,,,,,,,,,,,,,,,,,,,,,True,True,False,True
episode-e2f21f05049a3f8e2b13,Government of Nepal BIPAD Portal,2022,9,17,Far Western Region,Dadeldhura,Parashuram,FLOOD,0,0,0,0,0,0,0,0.0,False,29.12629781,80.27884894,,,,,,,,,,,,,,,,,,,,,,,,True,True,False,True
episode-2f1774773864795e1d6d,Government of Nepal BIPAD Portal,2022,9,17,Far Western Region,Kailali,Bhajani,FLOOD,1,0,0,0,0,0,0,0.0,False,28.4824643,81.02741626,,,,,,,,,,,,,,,,,,,,,,,,True,True,False,True
episode-23e5834a4fac0b8745c3,Government of Nepal BIPAD Portal,2022,9,25,Far Western Region,Kanchanpur,Krishnapur,FLOOD,0,0,0,0,0,1,0,0.0,False,28.95605665,80.44569518,,,,,,,,,,,,,,,,,,,,,,,,True,True,False,True
episode-450d959cbd6701f1bce4,Government of Nepal BIPAD Portal,2022,10,5,Central Region,Makwanpur,Hetauda,FLOOD,0,0,0,0,0,0,0,0.0,False,27.4627734,84.97383701,,,,,,,,,,,,,,,,,,,,,,,,True,True,False,True
episode-35307af75e0fbdb0fa28,Government of Nepal BIPAD Portal,2022,10,6,Western Region,Arghakhanchi,Sandhikharka,FLOOD,0,1,0,0,0,0,0,0.0,False,27.92583357,83.13483103,,,,,,,,,,,,,,,,,,,,,,,,True,True,False,True
episode-b0275287c584f28c7258,Government of Nepal BIPAD Portal,2022,10,6,Western Region,Baglung,Nisikhola,FLOOD,0,0,0,0,0,0,0,0.0,False,28.40025212,83.00011808,,,,,,,,,,,,,,,,,,,,,,,,True,True,False,True
episode-ca9fdd3c71591d1197eb,Government of Nepal BIPAD Portal,2022,10,6,Central Region,Dhading,Thakre,FLOOD,0,1,0,0,0,0,0,0.0,False,27.71850652,85.03076643,,,,,,,,,,,,,,,,,,,,,,,,True,True,False,True
episode-4985328f2c36628a19b4,Government of Nepal BIPAD Portal,2022,10,6,Mid-Western Region,Pyuthan,Airawati,FLOOD,0,1,0,0,0,0,0,0.0,False,28.03265891,82.89617707,,,,,,,,,,,,,,,,,,,,,,,,True,True,False,True
episode-833011f5bdab3604a793,Government of Nepal BIPAD Portal,2022,10,7,Western Region,Palpa,Nisdi,FLOOD,2,0,0,0,0,0,0,0.0,False,27.82572056,84.00751718,,,,,,,,,,,,,,,,,,,,,,,,True,True,False,True
episode-fbb30f715db6d3e664f4,Government of Nepal BIPAD Portal,2022,10,7,Mid-Western Region,Pyuthan,Mandavi,FLOOD,0,0,0,0,1,0,0,0.0,False,28.02042938,82.77314275,,,,,,,,,,,,,,,,,,,,,,,,True,True,False,True
episode-0f2c8a021a14c9fb3eda,Government of Nepal BIPAD Portal,2022,10,8,Mid-Western Region,Jumla,Hima,FLOOD,2,1,0,0,0,0,0,0.0,False,29.28106998,81.99892802,,,,,,,,,,,,,,,,,,,,,,,,True,True,False,True
episode-ef5762cd1be60a5a746f,Government of Nepal BIPAD Portal,2022,10,9,Mid-Western Region,Kalikot,Palata,FLOOD,0,0,0,0,3,0,0,0.0,False,29.29392803,81.76897122,,,,,,,,,,,,,,,,,,,,,,,,True,True,False,True
episode-5c1f5ff66c98d6423326,Government of Nepal BIPAD Portal,2022,10,9,Mid-Western Region,Kalikot,Tilagufa,FLOOD,0,0,0,0,2,0,0,0.0,False,29.20435971,81.89183143,,,,,,,,,,,,,,,,,,,,,,,,True,True,False,True
episode-37fb896a845b7b037746,Government of Nepal BIPAD Portal,2022,10,10,Far Western Region,Kailali,Bhajani,FLOOD,0,0,0,0,0,0,0,0.0,False,28.4824643,81.02741626,,,,,,,,,,,,,,,,,,,,,,,,True,True,False,True
episode-9f0ecd1d669c708d7a92,Government of Nepal BIPAD Portal,2022,10,10,Eastern Region,Sunsari,Barah,FLOOD,0,0,0,0,0,0,0,0.0,False,26.84280449,87.18167684,,,,,,,,,,,,,,,,,,,,,,,,True,True,False,True
episode-8550727f2e77aec80808,Government of Nepal BIPAD Portal,2023,3,18,Eastern Region,Udayapur,Rautamai,FLOOD,0,0,0,0,0,0,0,0.0,False,26.93279,86.66463,,,,,,,,,,,,,,,,,,,,,,,,True,True,False,True
episode-f7fa17eec8f0e85f33fd,Government of Nepal BIPAD Portal,2023,3,19,Western Region,Kapilbastu,Buddhabhumi,FLOOD,0,0,0,0,0,0,0,0.0,False,27.62682,82.96838,,,,,,,,,,,,,,,,,,,,,,,,True,True,False,True
episode-8fa3df6bcafe945d9df5,Government of Nepal BIPAD Portal,2023,3,19,Central Region,Kathmandu,Kageshwori Manahora,FLOOD,0,0,0,0,0,0,0,0.0,False,27.69912,85.37856,,,,,,,,,,,,,,,,,,,,,,,,True,True,False,True
episode-586465b0822a1b63126c,Government of Nepal BIPAD Portal,2023,3,20,Western Region,Kapilbastu,Buddhabhumi,FLOOD,0,0,0,0,0,0,0,0.0,False,27.62682,82.96838,,,,,,,,,,,,,,,,,,,,,,,,True,True,False,True
episode-9ade94e2b9e30ff0c01c,Government of Nepal BIPAD Portal,2023,3,31,Eastern Region,Udayapur,Rautamai,FLOOD,0,0,0,0,0,0,0,0.0,False,26.93279,86.66463,,,,,,,,,,,,,,,,,,,,,,,,True,True,False,True
episode-e851ec3eeb84eb875ef6,Government of Nepal BIPAD Portal,2023,5,14,Central Region,Kavrepalanchok,Namobuddha,FLOOD,0,0,0,0,1,0,0,0.0,False,27.54493,85.63649,,,,,,,,,,,,,,,,,,,,,,,,True,True,False,True
episode-7bd3c99a581de612ef2f,Government of Nepal BIPAD Portal,2023,5,20,Western Region,Myagdi,Raghuganga,FLOOD,0,0,0,0,0,0,0,0.0,False,28.54637,83.48729,,,,,,,,,,,,,,,,,,,,,,,,True,True,False,True
episode-feeaa59f5412db5b902c,Government of Nepal BIPAD Portal,2023,5,25,Western Region,Nawalparasi West,Sunwal,FLOOD,0,0,0,0,0,0,0,0.0,False,27.6125268,83.64889137,,,,,,,,,,,,,,,,,,,,,,,,True,True,False,True
episode-723a02dc83542be8f5e3,Government of Nepal BIPAD Portal,2023,6,5,Western Region,Myagdi,Raghuganga,FLOOD,1,0,1,0,0,0,0,0.0,False,28.54637,83.48729,,,,,,,,,,,,,,,,,,,,,,,,True,True,False,True
episode-fa16c3b4c02a27a03d54,Government of Nepal BIPAD Portal,2023,6,13,Western Region,Manang,Narpa Bhoomi,FLOOD,0,0,0,0,0,0,0,0.0,False,28.67916,84.18079,,,,,,,,,,,,,,,,,,,,,,,,True,True,False,True
episode-617274a82fd2491ae948,Government of Nepal BIPAD Portal,2023,6,13,Western Region,Myagdi,Raghuganga,FLOOD,0,0,0,0,0,0,0,0.0,False,28.54637,83.48729,,,,,,,,,,,,,,,,,,,,,,,,True,True,False,True
episode-2869700799fca2b7d356,Government of Nepal BIPAD Portal,2023,6,13,Central Region,Ramechhap,Gokulganga,FLOOD,1,0,0,0,0,0,0,0.0,False,27.53685,86.18811,,,,,,,,,,,,,,,,,,,,,,,,True,True,False,True
episode-5faa0b8723033b15e614,Government of Nepal BIPAD Portal,2023,6,14,Eastern Region,Bhojpur,Temkemaiyung,FLOOD,1,0,0,0,0,0,0,0.0,False,27.12905004,86.93104963,,,,,,,,,,,,,,,,,,,,,,,,True,True,False,True
episode-2bf73fcd85cfbfaf7a9f,Government of Nepal BIPAD Portal,2023,6,15,Eastern Region,Panchthar,Phidim,FLOOD,0,0,0,0,0,0,0,0.0,False,27.14773,87.78498,,,,,,,,,,,,,,,,,,,,,,,,True,True,False,True
episode-e5e16537168968e92f0a,Government of Nepal BIPAD Portal,2023,6,15,Eastern Region,Panchthar,Yangwarak,FLOOD,0,0,0,0,0,0,0,0.0,False,27.32235904,88.01002906,,,,,,,,,,,,,,,,,,,,,,,,True,True,False,True
episode-1c902d7626f04880aa77,Government of Nepal BIPAD Portal,2023,6,15,Eastern Region,Taplejung,Phaktanglung,FLOOD,0,0,0,0,0,0,0,0.0,False,27.60988,87.82613,,,,,,,,,,,,,,,,,,,,,,,,True,True,False,True
episode-fed20b8e6421d05d14bb,Government of Nepal BIPAD Portal,2023,6,15,Eastern Region,Taplejung,Sidingba,FLOOD,0,0,0,0,0,0,0,0.0,False,27.38678515,87.96453569,,,,,,,,,,,,,,,,,,,,,,,,True,True,False,True
episode-51407974ad98df8703ea,Government of Nepal BIPAD Portal,2023,6,15,Eastern Region,Taplejung,Sirijangha,FLOOD,0,0,0,0,0,0,0,0.0,False,27.40989719,87.91470592,,,,,,,,,,,,,,,,,,,,,,,,True,True,False,True
episode-94ebb8b297b3bbb25011,Government of Nepal BIPAD Portal,2023,6,16,Eastern Region,Panchthar,Phidim,FLOOD,0,0,0,0,0,0,0,0.0,False,27.14773,87.78498,,,,,,,,,,,,,,,,,,,,,,,,True,True,False,True
episode-692386018268c81b4203,Government of Nepal BIPAD Portal,2023,6,17,Eastern Region,Ilam,Mai,FLOOD,0,0,0,0,0,0,0,0.0,False,26.82812965,87.90455696,,,,,,,,,,,,,,,,,,,,,,,,True,True,False,True
episode-09b536c5edb50ce418a1,Government of Nepal BIPAD Portal,2023,6,17,Eastern Region,Panchthar,Phidim,FLOOD,0,0,0,0,0,0,0,0.0,False,27.14773,87.78498,,,,,,,,,,,,,,,,,,,,,,,,True,True,False,True
episode-49f37040924bab912e42,Government of Nepal BIPAD Portal,2023,6,17,Eastern Region,Sankhuwasabha,Chainpur,FLOOD,0,1,0,0,0,0,0,0.0,False,27.291394153333336,87.323847825,,,,,,,,,,,,,,,,,,,,,,,,True,True,False,True
episode-37f2d212e9c5e5ffc89f,Government of Nepal BIPAD Portal,2023,6,17,Eastern Region,Sankhuwasabha,Dharmadevi,FLOOD,0,0,0,0,0,0,0,0.0,False,27.238279525000003,87.316537055,,,,,,,,,,,,,,,,,,,,,,,,True,True,False,True
episode-e4c849212435c3a97448,Government of Nepal BIPAD Portal,2023,6,17,Eastern Region,Sankhuwasabha,Khandbari,FLOOD,3,16,3,0,12,7,0,0.0,False,27.3868814825,87.2156945863,,,,,,,,,,,,,,,,,,,,,,,,True,True,False,True
episode-443f4e2fdccd271751b8,Government of Nepal BIPAD Portal,2023,6,17,Eastern Region,Sankhuwasabha,Madi,FLOOD,0,0,0,0,0,0,0,0.0,False,27.28086532,87.4042855,,,,,,,,,,,,,,,,,,,,,,,,True,True,False,True
episode-e72912bb15f5ce5b8765,Government of Nepal BIPAD Portal,2023,6,17,Eastern Region,Sankhuwasabha,Panchakhapan,FLOOD,0,0,0,0,0,0,0,0.0,False,27.325386343333335,87.29551851000001,,,,,,,,,,,,,,,,,,,,,,,,True,True,False,True
episode-cbd24725adfe58f91497,Government of Nepal BIPAD Portal,2023,6,17,Eastern Region,Taplejung,Aathrai Tribeni,FLOOD,0,0,0,0,0,0,0,0.0,False,27.3195726,87.58026394,,,,,,,,,,,,,,,,,,,,,,,,True,True,False,True
episode-4682fd09be6813e93d7e,Government of Nepal BIPAD Portal,2023,6,17,Eastern Region,Taplejung,Maiwakhola,FLOOD,0,0,0,0,0,0,0,0.0,False,27.335164024999997,87.548402165,,,,,,,,,,,,,,,,,,,,,,,,True,True,False,True
episode-731c0ea627805aa0f657,Government of Nepal BIPAD Portal,2023,6,17,Eastern Region,Taplejung,Phaktanglung,FLOOD,0,0,1,0,0,0,0,0.0,False,27.60988,87.82613,,,,,,,,,,,,,,,,,,,,,,,,True,True,False,True
episode-098956fe598951d89033,Government of Nepal BIPAD Portal,2023,6,17,Eastern Region,Taplejung,Sidingba,FLOOD,0,0,0,0,0,0,0,0.0,False,27.34025373,87.91149661,,,,,,,,,,,,,,,,,,,,,,,,True,True,False,True
episode-cccd033b1fc992c9d69d,Government of Nepal BIPAD Portal,2023,6,18,Eastern Region,Panchthar,Falelung,FLOOD,0,0,0,0,12,20,0,0.0,False,27.193402643333332,87.92534297,,,,,,,,,,,,,,,,,,,,,,,,True,True,False,True
episode-d6b302adaff744a07236,Government of Nepal BIPAD Portal,2023,6,18,Eastern Region,Panchthar,Phidim,FLOOD,2,3,0,0,4,0,0,0.0,False,27.141052445,87.78179742125,,,,,,,,,,,,,,,,,,,,,,,,True,True,False,True
episode-45a72e6ec891e3179c68,Government of Nepal BIPAD Portal,2023,6,18,Eastern Region,Panchthar,Yangwarak,FLOOD,0,0,0,0,0,0,0,0.0,False,27.26054962,87.91611492999999,,,,,,,,,,,,,,,,,,,,,,,,True,True,False,True
episode-4a830ef589718fba13ae,Government of Nepal BIPAD Portal,2023,6,18,Eastern Region,Sankhuwasabha,Panchakhapan,FLOOD,0,0,0,0,0,0,0,0.0,False,27.34264277,87.34795541,,,,,,,,,,,,,,,,,,,,,,,,True,True,False,True
episode-09278bfffd605e3fc95a,Government of Nepal BIPAD Portal,2023,6,19,Eastern Region,Panchthar,Yangwarak,FLOOD,0,0,0,0,0,0,0,0.0,False,27.265384474999998,87.86736826,,,,,,,,,,,,,,,,,,,,,,,,True,True,False,True
episode-8526d46dda3a8bf269d3,Government of Nepal BIPAD Portal,2023,6,19,Eastern Region,Sankhuwasabha,Makalu,FLOOD,0,0,0,0,0,0,0,0.0,False,27.60870372,87.25412704,,,,,,,,,,,,,,,,,,,,,,,,True,True,False,True
episode-682aeaa6b655eb70b828,Government of Nepal BIPAD Portal,2023,6,19,Eastern Region,Udayapur,Belaka,FLOOD,0,0,0,0,0,0,0,0.0,False,26.82973058,87.12283713,,,,,,,,,,,,,,,,,,,,,,,,True,True,False,True
episode-c13985ff813d561c487c,Government of Nepal BIPAD Portal,2023,6,20,Western Region,Myagdi,Raghuganga,FLOOD,0,0,0,0,0,0,0,0.0,False,28.54637,83.48729,,,,,,,,,,,,,,,,,,,,,,,,True,True,False,True
episode-2368486b70170be0606c,Government of Nepal BIPAD Portal,2023,6,20,Eastern Region,Panchthar,Hilihang,FLOOD,0,0,0,0,0,0,0,0.0,False,27.26336772,87.75398984,,,,,,,,,,,,,,,,,,,,,,,,True,True,False,True
episode-d52ef20c77210d5a5d76,Government of Nepal BIPAD Portal,2023,6,20,Eastern Region,Panchthar,Yangwarak,FLOOD,0,0,0,0,0,0,0,0.0,False,27.266678640000002,87.82195787,,,,,,,,,,,,,,,,,,,,,,,,True,True,False,True
episode-001e9379001689da9565,Government of Nepal BIPAD Portal,2023,6,20,Eastern Region,Sankhuwasabha,Khandbari,FLOOD,0,0,0,0,0,0,0,0.0,False,27.3868814825,87.2156945863,,,,,,,,,,,,,,,,,,,,,,,,True,True,False,True
episode-6b27c750e3b9a45adb1c,Government of Nepal BIPAD Portal,2023,6,20,Eastern Region,Taplejung,Sirijangha,FLOOD,0,0,0,0,0,0,0,0.0,False,27.40989719,87.91470592,,,,,,,,,,,,,,,,,,,,,,,,True,True,False,True
episode-f028a5f33341a4793e09,Government of Nepal BIPAD Portal,2023,6,23,Eastern Region,Bhojpur,Bhojpur,FLOOD,0,0,0,0,0,0,0,0.0,False,27.17377,87.09084,,,,,,,,,,,,,,,,,,,,,,,,True,True,False,True
episode-1d7652149ec310d6bc2b,Government of Nepal BIPAD Portal,2023,6,23,Eastern Region,Bhojpur,Hatuwagadhi,FLOOD,0,0,0,0,0,0,0,0.0,False,27.04711845,87.12587607,,,,,,,,,,,,,,,,,,,,,,,,True,True,False,True
episode-a6611f951bef470953ee,Government of Nepal BIPAD Portal,2023,6,23,Eastern Region,Bhojpur,Shadananda,FLOOD,0,0,0,0,0,0,0,0.0,False,27.2872482,87.18651139,,,,,,,,,,,,,,,,,,,,,,,,True,True,False,True
episode-2ced7c5645226aff4f4e,Government of Nepal BIPAD Portal,2023,6,23,Eastern Region,Dhankuta,Dhankuta,FLOOD,0,0,0,0,0,0,0,0.0,False,27.00791,87.36671,,,,,,,,,,,,,,,,,,,,,,,,True,True,False,True
episode-0680f6f1392f0c2f4aca,Government of Nepal BIPAD Portal,2023,6,23,Eastern Region,Jhapa,Birtamode,FLOOD,0,0,0,0,0,0,0,0.0,False,26.63646336,88.02185032,,,,,,,,,,,,,,,,,,,,,,,,True,True,False,True
episode-28f774dd0cac912a956a,Government of Nepal BIPAD Portal,2023,6,23,Central Region,Sarlahi,Chakraghatta,FLOOD,0,0,0,0,0,0,0,0.0,False,26.91911882,85.50153583,,,,,,,,,,,,,,,,,,,,,,,,True,True,False,True
episode-917d5d4e16846e93ea35,Government of Nepal BIPAD Portal,2023,6,24,Central Region,Kavrepalanchok,Roshi,FLOOD,0,0,0,0,0,0,0,0.0,False,27.44680745,85.74471974,,,,,,,,,,,,,,,,,,,,,,,,True,True,False,True
episode-fb911c9c7aafe76e31af,Government of Nepal BIPAD Portal,2023,6,24,Eastern Region,Khotang,Khotehang,FLOOD,0,0,0,0,0,0,0,0.0,False,27.02361195,86.84571425,,,,,,,,,,,,,,,,,,,,,,,,True,True,False,True
episode-409bc01a446a795e1d02,Government of Nepal BIPAD Portal,2023,6,24,Mid-Western Region,Rukum East,Bhume,FLOOD,0,0,0,0,0,0,0,0.0,False,28.530523979999998,82.66352659,,,,,,,,,,,,,,,,,,,,,,,,True,True,False,True
episode-9ac9ffacf8c74fd34c12,Government of Nepal BIPAD Portal,2023,6,24,Central Region,Sindhuli,Golanjor,FLOOD,0,0,0,0,1,0,0,0.0,False,27.23796494,86.10586071,,,,,,,,,,,,,,,,,,,,,,,,True,True,False,True
episode-f26a31f7d6917de39ea6,Government of Nepal BIPAD Portal,2023,6,25,Mid-Western Region,Jumla,Guthichaur,FLOOD,1,0,0,0,0,0,0,0.0,False,29.1852522,82.31844942,,,,,,,,,,,,,,,,,,,,,,,,True,True,False,True
episode-7620ae1abe986df6deba,Government of Nepal BIPAD Portal,2023,6,26,Western Region,Kaski,Pokhara,FLOOD,0,0,0,0,0,0,0,0.0,False,28.29100255,83.95623713,,,,,,,,,,,,,,,,,,,,,,,,True,True,False,True
episode-0f221116b7db6e9d8b29,Government of Nepal BIPAD Portal,2023,6,27,Eastern Region,Panchthar,Phidim,FLOOD,0,0,0,0,0,0,0,0.0,False,27.14755188,87.73524958,,,,,,,,,,,,,,,,,,,,,,,,True,True,False,True
episode-a80e7420062995a4fec1,Government of Nepal BIPAD Portal,2023,6,27,Mid-Western Region,Pyuthan,Pyuthan,FLOOD,0,0,0,0,0,0,0,0.0,False,28.10780728,82.90208132,,,,,,,,,,,,,,,,,,,,,,,,True,True,False,True
episode-50c556f5c8060ee898ac,Government of Nepal BIPAD Portal,2023,6,29,Far Western Region,Achham,Bannigadhi Jayagadh,FLOOD,0,0,0,0,0,0,0,0.0,False,29.18133215,81.27401918,,,,,,,,,,,,,,,,,,,,,,,,True,True,False,True
episode-fc971afc282311347773,Government of Nepal BIPAD Portal,2023,7,1,Mid-Western Region,Banke,Rapti Sonari,FLOOD,0,0,0,0,0,0,0,0.0,False,28.09534,81.84765,,,,,,,,,,,,,,,,,,,,,,,,True,True,False,True
episode-f4f29f706a98d1d6e364,Government of Nepal BIPAD Portal,2023,7,4,Western Region,Mustang,Thasang,FLOOD,0,0,0,0,0,0,0,0.0,False,28.68987876,83.58687182,,,,,,,,,,,,,,,,,,,,,,,,True,True,False,True
episode-a0b61c897323592cef7e,Government of Nepal BIPAD Portal,2023,7,6,Western Region,Lamjung,Marsyangdi,FLOOD,0,0,1,0,0,0,0,0.0,False,28.28362,84.43609,,,,,,,,,,,,,,,,,,,,,,,,True,True,False,True
episode-aede1cc0d90294b616d1,Government of Nepal BIPAD Portal,2023,7,12,Eastern Region,Jhapa,Haldibari,FLOOD,0,0,0,0,0,0,0,0.0,False,26.49228972,87.97775691,,,,,,,,,,,,,,,,,,,,,,,,True,True,False,True
episode-11aaecb40f9e34ef4433,Government of Nepal BIPAD Portal,2023,7,12,Eastern Region,Morang,Belbari,FLOOD,0,0,0,0,0,0,0,0.0,False,26.61037,87.46726,,,,,,,,,,,,,,,,,,,,,,,,True,True,False,True
episode-c43a1fcc3eaad385c181,Government of Nepal BIPAD Portal,2023,7,13,Eastern Region,Jhapa,Barhadashi,FLOOD,0,0,0,0,0,0,0,0.0,False,26.58323,87.91446,,,,,,,,,,,,,,,,,,,,,,,,True,True,False,True
episode-3fcd8e76e9893108d91a,Government of Nepal BIPAD Portal,2023,7,13,Western Region,Manang,Narpa Bhoomi,FLOOD,0,0,0,0,0,0,0,0.0,False,28.67916,84.18079,,,,,,,,,,,,,,,,,,,,,,,,True,True,False,True
episode-6371f65f32059f38cfb3,Government of Nepal BIPAD Portal,2023,7,13,Eastern Region,Sunsari,Inaruwa,FLOOD,0,0,0,0,0,0,0,0.0,False,26.64064,87.12722,,,,,,,,,,,,,,,,,,,,,,,,True,True,False,True
episode-e428ac5fa49155fe379d,Government of Nepal BIPAD Portal,2023,7,13,Eastern Region,Taplejung,Phaktanglung,FLOOD,0,0,0,0,0,0,0,0.0,False,27.60988,87.82613,,,,,,,,,,,,,,,,,,,,,,,,True,True,False,True
episode-0c55e75f069746d40f92,Government of Nepal BIPAD Portal,2023,7,14,Eastern Region,Jhapa,Barhadashi,FLOOD,0,0,0,0,0,0,0,0.0,False,26.58323,87.91446,,,,,,,,,,,,,,,,,,,,,,,,True,True,False,True
episode-74db9b2ff0b2368b7f5f,Government of Nepal BIPAD Portal,2023,7,14,Western Region,Kaski,Pokhara,FLOOD,0,0,0,0,0,0,0,0.0,False,28.18170761,84.02069928,,,,,,,,,,,,,,,,,,,,,,,,True,True,False,True
episode-53aef9aa05849eaa3667,Government of Nepal BIPAD Portal,2023,7,14,Eastern Region,Morang,Belbari,FLOOD,0,0,0,0,0,0,0,0.0,False,26.61037,87.46726,,,,,,,,,,,,,,,,,,,,,,,,True,True,False,True
episode-2a05e7673493a1dd4c4c,Government of Nepal BIPAD Portal,2023,7,14,Eastern Region,Sunsari,Inaruwa,FLOOD,0,0,0,0,0,0,0,0.0,False,26.64064,87.12722,,,,,,,,,,,,,,,,,,,,,,,,True,True,False,True
episode-6884361cf7051a4bb15e,Government of Nepal BIPAD Portal,2023,7,15,Western Region,Mustang,Lo Ghekar Damodarkunda,FLOOD,0,0,0,0,0,0,0,0.0,False,28.9548,83.86811,,,,,,,,,,,,,,,,,,,,,,,,True,True,False,True
episode-0b17e2503182c1bf34ca,Government of Nepal BIPAD Portal,2023,7,18,Eastern Region,Udayapur,Rautamai,FLOOD,0,0,0,0,0,0,0,0.0,False,26.93279,86.66463,,,,,,,,,,,,,,,,,,,,,,,,True,True,False,True
episode-8953650d29244050ec7e,Government of Nepal BIPAD Portal,2023,7,20,Mid-Western Region,Surkhet,Bheriganga,FLOOD,0,0,0,0,0,0,0,0.0,False,28.424818295,81.74622446000001,,,,,,,,,,,,,,,,,,,,,,,,True,True,False,True
episode-460824ac5ca1089064fe,Government of Nepal BIPAD Portal,2023,7,21,Mid-Western Region,Pyuthan,Pyuthan,FLOOD,0,0,0,0,0,0,0,0.0,False,28.1203,82.85541,,,,,,,,,,,,,,,,,,,,,,,,True,True,False,True
episode-862b34d8901d9d9efaa1,Government of Nepal BIPAD Portal,2023,7,23,Central Region,Kathmandu,Kageshwori Manahora,FLOOD,1,0,0,0,0,0,0,0.0,False,27.69912,85.37856,,,,,,,,,,,,,,,,,,,,,,,,True,True,False,True
episode-4a2e95f54aa9b5e7cbcd,Government of Nepal BIPAD Portal,2023,7,24,Far Western Region,Bajura,Gaumul,FLOOD,0,0,0,0,0,0,0,0.0,False,29.5579,81.49045,,,,,,,,,,,,,,,,,,,,,,,,True,True,False,True
episode-8bf90657189980de77af,Government of Nepal BIPAD Portal,2023,7,25,Western Region,Rupandehi,Butwal,FLOOD,0,0,0,0,1,0,0,0.0,False,27.68143397,83.45941241,,,,,,,,,,,,,,,,,,,,,,,,True,True,False,True
episode-e2296ae134d517695e5a,Government of Nepal BIPAD Portal,2023,7,25,Western Region,Rupandehi,Tilottama,FLOOD,0,0,0,0,0,0,0,0.0,False,27.57833,83.42932,,,,,,,,,,,,,,,,,,,,,,,,True,True,False,True
episode-0bc3c7c40dc449b18b12,Government of Nepal BIPAD Portal,2023,7,29,Far Western Region,Darchula,Dunhu,FLOOD,0,0,0,0,0,0,0,0.0,False,29.87268587,80.63343432,,,,,,,,,,,,,,,,,,,,,,,,True,True,False,True
episode-c833c4a812c446ef9b8a,Government of Nepal BIPAD Portal,2023,7,29,Western Region,Kaski,Pokhara,FLOOD,0,0,0,0,0,0,0,0.0,False,28.26358367,84.03108977,,,,,,,,,,,,,,,,,,,,,,,,True,True,False,True
episode-a7247c6014550389f766,Government of Nepal BIPAD Portal,2023,7,31,Eastern Region,Bhojpur,Bhojpur,FLOOD,1,0,0,0,0,0,0,0.0,False,27.17377,87.09084,,,,,,,,,,,,,,,,,,,,,,,,True,True,False,True
episode-c1d198dd8f481ce2c188,Government of Nepal BIPAD Portal,2023,8,7,Far Western Region,Kailali,Ghodaghodi,FLOOD,0,0,0,0,0,0,0,0.0,False,28.65921649,80.92063982,,,,,,,,,,,,,,,,,,,,,,,,True,True,False,True
episode-586380047e8e3eab756d,Government of Nepal BIPAD Portal,2023,8,8,Central Region,Bara,Jitpur Simara,FLOOD,0,0,0,0,0,0,0,0.0,False,27.10642,85.06984,,,,,,,,,,,,,,,,,,,,,,,,True,True,False,True
episode-88c3c1c2a1480de2c3cc,Government of Nepal BIPAD Portal,2023,8,8,Mid-Western Region,Bardiya,Madhuwan,FLOOD,0,0,0,0,0,0,0,0.0,False,28.40416476,81.22870616,,,,,,,,,,,,,,,,,,,,,,,,True,True,False,True
episode-60f137d91bd0de26bdcd,Government of Nepal BIPAD Portal,2023,8,8,Far Western Region,Dadeldhura,Parashuram,FLOOD,0,0,0,0,0,0,0,0.0,False,29.12629781,80.27884894,,,,,,,,,,,,,,,,,,,,,,,,True,True,False,True
episode-a4480817cb620fe22480,Government of Nepal BIPAD Portal,2023,8,8,Far Western Region,Kailali,Bardagoriya,FLOOD,0,0,0,0,2,0,0,0.0,False,28.71763344,81.04698941,,,,,,,,,,,,,,,,,,,,,,,,True,True,False,True
episode-239c11a5d9bf245337b1,Government of Nepal BIPAD Portal,2023,8,8,Far Western Region,Kailali,Bhajani,FLOOD,0,0,0,0,4,0,0,0.0,False,28.52095762,80.99478068,,,,,,,,,,,,,,,,,,,,,,,,True,True,False,True
episode-8d7eee32b5502c266ef9,Government of Nepal BIPAD Portal,2023,8,8,Far Western Region,Kailali,Dhangadhi,FLOOD,0,0,0,0,1,0,0,0.0,False,28.711150930000002,80.60867357500001,,,,,,,,,,,,,,,,,,,,,,,,True,True,False,True
episode-fef34cecd7deb56e210e,Government of Nepal BIPAD Portal,2023,8,8,Far Western Region,Kailali,Gauriganga,FLOOD,1,0,0,0,12,0,0,0.0,False,28.7054799,80.86940809500001,,,,,,,,,,,,,,,,,,,,,,,,True,True,False,True
episode-c21c089102c54e5d4bf0,Government of Nepal BIPAD Portal,2023,8,8,Far Western Region,Kailali,Janaki,FLOOD,0,0,0,0,0,115,0,0.0,False,28.55711481,81.07804555,,,,,,,,,,,,,,,,,,,,,,,,True,True,False,True
episode-c5d09bd5c3efc71babe2,Government of Nepal BIPAD Portal,2023,8,8,Far Western Region,Kailali,Joshipur,FLOOD,0,0,0,0,0,0,0,0.0,False,28.54526474,81.00741265,,,,,,,,,,,,,,,,,,,,,,,,True,True,False,True
episode-760d3bc1af5a9a636dc1,Government of Nepal BIPAD Portal,2023,8,8,Far Western Region,Kailali,Kailari,FLOOD,0,0,0,0,0,1,0,0.0,False,28.52737452,80.8624959,,,,,,,,,,,,,,,,,,,,,,,,True,True,False,True
episode-a2084df5ef4291b4d1fe,Government of Nepal BIPAD Portal,2023,8,8,Far Western Region,Kailali,Tikapur,FLOOD,0,0,1,0,1,365,0,0.0,False,28.51478892,81.06486492,,,,,,,,,,,,,,,,,,,,,,,,True,True,False,True
episode-abde16cca2ca4982588d,Government of Nepal BIPAD Portal,2023,8,8,Central Region,Kathmandu,Budhanilkantha,FLOOD,0,0,0,0,0,1,0,0.0,False,27.74257431,85.36936048,,,,,,,,,,,,,,,,,,,,,,,,True,True,False,True
episode-1396c6bfd1dbc4fcf125,Government of Nepal BIPAD Portal,2023,8,8,Central Region,Mahottari,Sonama,FLOOD,1,0,0,0,0,0,0,0.0,False,26.85283421,85.74789093,,,,,,,,,,,,,,,,,,,,,,,,True,True,False,True
episode-67d0b7a6cd4fd51abbb0,Government of Nepal BIPAD Portal,2023,8,13,Western Region,Mustang,Gharapjhong,FLOOD,0,0,0,0,0,0,0,0.0,False,28.79861462,83.75391856,,,,,,,,,,,,,,,,,,,,,,,,True,True,False,True
episode-21555819012916d2609e,Government of Nepal BIPAD Portal,2023,8,13,Mid-Western Region,Rukum East,Sisne,FLOOD,0,0,0,0,0,0,0,0.0,False,28.64604449,82.58107893,,,,,,,,,,,,,,,,,,,,,,,,True,True,False,True
episode-7c93ad6b0127c9b2a003,Government of Nepal BIPAD Portal,2023,8,13,Eastern Region,Sankhuwasabha,Madi,FLOOD,0,0,1,0,0,0,0,0.0,False,27.2706583,87.34601737,,,,,,,,,,,,,,,,,,,,,,,,True,True,False,True
episode-571aae3259a047ccb6b8,Government of Nepal BIPAD Portal,2023,8,13,Central Region,Sindhuli,Phikkal,FLOOD,0,0,0,0,0,0,0,0.0,False,27.16930122,86.34760085,,,,,,,,,,,,,,,,,,,,,,,,True,True,False,True
episode-e3635f27188b8da3c403,Government of Nepal BIPAD Portal,2023,8,13,Eastern Region,Taplejung,Meringden,FLOOD,0,0,0,0,0,0,0,0.0,False,27.44175052,87.57938128,,,,,,,,,,,,,,,,,,,,,,,,True,True,False,True
episode-0aa8e158efeebae10b5e,Government of Nepal BIPAD Portal,2023,8,14,Mid-Western Region,Bardiya,Gulariya,FLOOD,0,0,0,0,0,0,0,0.0,False,28.1852357,81.39446389,,,,,,,,,,,,,,,,,,,,,,,,True,True,False,True
episode-ac653d0997a013027f5e,Government of Nepal BIPAD Portal,2023,8,14,Western Region,Mustang,Lo Ghekar Damodarkunda,FLOOD,0,0,0,0,31,16,0,0.0,False,28.9548,83.86811,,,,,,,,,,,,,,,,,,,,,,,,True,True,False,True
episode-723cb1e31be1ddc9acad,Government of Nepal BIPAD Portal,2023,8,14,Central Region,Sindhupalchok,Jugal,FLOOD,0,0,0,0,0,1,0,0.0,False,27.90711,85.75568,,,,,,,,,,,,,,,,,,,,,,,,True,True,False,True
episode-72b2e208fbc8a76d61fc,Government of Nepal BIPAD Portal,2023,8,20,Western Region,Mustang,Lo Ghekar Damodarkunda,FLOOD,0,0,0,0,0,0,0,0.0,False,28.9548,83.86811,,,,,,,,,,,,,,,,,,,,,,,,True,True,False,True
episode-f998e6181fa4d352f70b,Government of Nepal BIPAD Portal,2023,8,21,Eastern Region,Bhojpur,Bhojpur,FLOOD,0,0,0,0,0,0,0,0.0,False,27.17377,87.09084,,,,,,,,,,,,,,,,,,,,,,,,True,True,False,True
episode-7bfb7628655e93eff363,Government of Nepal BIPAD Portal,2023,8,21,Mid-Western Region,Jumla,Guthichaur,FLOOD,1,0,0,0,1,0,0,0.0,False,29.23923,82.21605,,,,,,,,,,,,,,,,,,,,,,,,True,True,False,True
episode-beff15cacbf1dd8ad49f,Government of Nepal BIPAD Portal,2023,8,23,Central Region,Sindhupalchok,Helambu,FLOOD,0,0,0,0,0,0,0,0.0,False,27.88497727,85.52959607,,,,,,,,,,,,,,,,,,,,,,,,True,True,False,True
episode-8b7ca6b702b2588d07b8,Government of Nepal BIPAD Portal,2023,8,25,Central Region,Rautahat,Brindaban,FLOOD,0,0,0,0,0,0,0,0.0,False,26.98914,85.33443,,,,,,,,,,,,,,,,,,,,,,,,True,True,False,True
episode-e4b54e750bb9ee47e139,Government of Nepal BIPAD Portal,2023,8,25,Central Region,Sindhupalchok,Helambu,FLOOD,0,0,0,0,0,0,0,0.0,False,27.88497727,85.52959607,,,,,,,,,,,,,,,,,,,,,,,,True,True,False,True
episode-b33db4dbd3832ecd1fc3,Government of Nepal BIPAD Portal,2023,8,25,Eastern Region,Siraha,Lahan,FLOOD,0,0,0,0,0,0,0,0.0,False,26.77246868,86.44947612,,,,,,,,,,,,,,,,,,,,,,,,True,True,False,True
episode-83a5679221a8b793367d,Government of Nepal BIPAD Portal,2023,8,26,Eastern Region,Saptari,Surunga,FLOOD,0,0,0,0,0,1,0,0.0,False,26.65859691,86.54639872,,,,,,,,,,,,,,,,,,,,,,,,True,True,False,True
episode-761ee68a9a7d75202fd3,Government of Nepal BIPAD Portal,2023,8,28,Western Region,Gorkha,Dharche,FLOOD,0,0,0,0,1,0,0,0.0,False,28.20085748,84.92065875,,,,,,,,,,,,,,,,,,,,,,,,True,True,False,True
episode-5b04a137a5f3d5626e7a,Government of Nepal BIPAD Portal,2023,9,3,Mid-Western Region,Rukum West,Chaurjahari,FLOOD,2,0,0,0,0,0,0,0.0,False,28.65776855,82.26755568,,,,,,,,,,,,,,,,,,,,,,,,True,True,False,True
episode-0310f4a85e2e7a0e5f67,Government of Nepal BIPAD Portal,2023,9,14,Mid-Western Region,Jajarkot,Kushe,FLOOD,0,0,0,0,0,0,0,0.0,False,28.86981,82.19935,,,,,,,,,,,,,,,,,,,,,,,,True,True,False,True
episode-70ae88230f0acce0c52e,Government of Nepal BIPAD Portal,2023,9,30,Western Region,Parbat,Kushma,FLOOD,2,1,0,0,0,0,0,0.0,False,28.20228,83.69519,,,,,,,,,,,,,,,,,,,,,,,,True,True,False,True
episode-5d08f91066d4923dddd4,UNDRR DesInventar Nepal,1971,4,21,Western Region,Tanahu,VYAS_NP_(DAMAULI),OTHER,0,0,0,0,0,0,0,0.0,False,,,,,,,,,,,,,,,,,,,,,,,,,,True,True,True,True
episode-5dcbf05650d972344f44,UNDRR DesInventar Nepal,1971,5,24,Western Region,Myagdi,RATNE_CHAUR,OTHER,0,0,0,0,0,0,0,0.0,False,,,,,,,,,,,,,,,,,,,,,,,,,,True,True,True,True
episode-de7dc3cd705b258a79e6,UNDRR DesInventar Nepal,1971,6,14,Central Region,Makwanpur,BHIMPHEDI,OTHER,0,0,0,0,0,0,0,0.0,True,,,,,,,,,,,,,,,,,,,,,,,,,,True,True,True,True
episode-8f1ec392dd070885f748,UNDRR DesInventar Nepal,1971,6,16,Central Region,Chitawan,JAGATPUR,OTHER,0,0,0,0,20,0,0,0.0,False,,,,,,,,,,,,,,,,,,,,,,,,,,True,True,True,True
episode-e59c4fa65d90528bb79c,UNDRR DesInventar Nepal,1971,6,16,Central Region,Chitawan,KHAIRAHANI,OTHER,0,0,0,0,0,0,0,0.0,True,,,,,,,,,,,,,,,,,,,,,,,,,,True,True,True,True
episode-1bdedd2f0820401a39dd,UNDRR DesInventar Nepal,1971,6,17,Central Region,Bhaktapur,SUDAL,OTHER,0,0,0,0,0,3,0,0.0,False,,,,,,,,,,,,,,,,,,,,,,,,,,True,True,True,True
episode-b352f17f4bdd3ff8d695,UNDRR DesInventar Nepal,1971,6,17,Eastern Region,Sunsari,Duhabi,OTHER,0,0,0,675,0,0,0,0.0,False,,,,,,,,,,,,,,,,,,,,,,,,,,True,True,True,True
episode-fa66cd507e90754d6dca,UNDRR DesInventar Nepal,1971,6,18,Central Region,Kavre,DEBITAR,OTHER,0,0,0,0,0,0,0,0.0,False,,,,,,,,,,,,,,,,,,,,,,,,,,True,True,True,True
episode-8b793912324158570fa2,UNDRR DesInventar Nepal,1971,6,18,Central Region,Lalitpur,Chandanpur,OTHER,4,0,1,0,1,0,0,0.0,False,,,,,,,,,,,,,,,,,,,,,,,,,,True,True,True,True
episode-f51acfcaf2357ccff368,UNDRR DesInventar Nepal,1971,6,22,Central Region,Sarlahi,JABDI,OTHER,0,0,0,0,10,0,0,0.0,False,,,,,,,,,,,,,,,,,,,,,,,,,,True,True,True,True
episode-9cf26adc1df37e14c339,UNDRR DesInventar Nepal,1971,6,22,Central Region,Sindhuli,Kakurthakur,OTHER,0,0,0,0,0,0,0,0.0,False,,,,,,,,,,,,,,,,,,,,,,,,,,True,True,True,True
episode-569b00d9fa3e01724678,UNDRR DesInventar Nepal,1971,6,25,Far Western Region,Doti,UNKNOWN,OTHER,5,0,0,0,0,0,0,0.0,False,,,,,,,,,,,,,,,,,,,,,,,,,,True,True,True,True
episode-3352174001ba636e1b49,UNDRR DesInventar Nepal,1971,7,2,Central Region,Rautahat,BAIRIYA,OTHER,0,0,0,0,0,0,0,0.0,False,,,,,,,,,,,,,,,,,,,,,,,,,,True,True,True,True
episode-a7a39c4ab9aa484c51a1,UNDRR DesInventar Nepal,1971,7,3,Central Region,Sindhuli,Bhimsthan,OTHER,22,0,0,0,0,0,0,0.0,False,,,,,,,,,,,,,,,,,,,,,,,,,,True,True,True,True
episode-59790ef1613f342cfa61,UNDRR DesInventar Nepal,1971,7,18,Eastern Region,Dhankuta,PAREWADIN,OTHER,3,0,0,0,0,0,0,0.0,False,,,,,,,,,,,,,,,,,,,,,,,,,,True,True,True,True
episode-cc514b6109abe06f1a37,UNDRR DesInventar Nepal,1971,7,31,Eastern Region,Jhapa,SANISCHARE,OTHER,0,0,0,0,0,0,0,0.0,False,,,,,,,,,,,,,,,,,,,,,,,,,,True,True,True,True
episode-6ea8e766cef4160fc04a,UNDRR DesInventar Nepal,1971,7,31,Eastern Region,Morang,Biratnagar Municipality,OTHER,0,0,0,135,0,0,0,0.0,False,,,,,,,,,,,,,,,,,,,,,,,,,,True,True,True,True
episode-9a1fb7d764b0161be268,UNDRR DesInventar Nepal,1971,8,12,Eastern Region,Morang,Urlabari,OTHER,0,0,0,0,0,14,0,0.0,False,,,,,,,,,,,,,,,,,,,,,,,,,,True,True,True,True
episode-e0e59e62bb6686479467,UNDRR DesInventar Nepal,1971,8,13,Central Region,Sindhupalchoke,Chautara,OTHER,0,0,0,0,0,2,0,0.0,True,,,,,,,,,,,,,,,,,,,,,,,,,,True,True,True,True
episode-117e1492e8217eee85e2,UNDRR DesInventar Nepal,1972,6,19,Western Region,Lamjung,UNKNOWN,OTHER,0,0,0,0,0,0,0,0.0,False,,,,,,,,,,,,,,,,,,,,,,,,,,True,True,True,True
episode-a2a7d72a13932b7b14ce,UNDRR DesInventar Nepal,1972,6,27,Western Region,Tanahu,UNKNOWN,OTHER,2,0,0,0,0,0,0,0.0,False,,,,,,,,,,,,,,,,,,,,,,,,,,True,True,True,True
episode-263e18a628979694b9ea,UNDRR DesInventar Nepal,1972,7,5,Far Western Region,Bajhang,UNKNOWN,OTHER,0,0,0,0,0,0,0,0.0,True,,,,,,,,,,,,,,,,,,,,,,,,,,True,True,True,True
episode-89e3a00cc4728d43cc97,UNDRR DesInventar Nepal,1972,7,28,Central Region,Kathmandu,KIRTIPUR MUNICIPALITY,HEAVY RAINS,0,0,0,0,3,0,0,0.0,False,,,,,,,,,,,,,,,,,,,,,,,,,,True,True,True,True
episode-f93ad96fd0666000c0dd,UNDRR DesInventar Nepal,1972,7,30,Central Region,Bhaktapur,BALKOT,OTHER,0,0,0,0,0,0,0,0.0,False,,,,,,,,,,,,,,,,,,,,,,,,,,True,True,True,True
episode-c4e74f908c5d9149401d,UNDRR DesInventar Nepal,1972,7,30,Central Region,Bhaktapur,SIPADOL,OTHER,0,0,0,0,0,0,0,0.0,True,,,,,,,,,,,,,,,,,,,,,,,,,,True,True,True,True
episode-daecaa73e5b12bbc5880,UNDRR DesInventar Nepal,1972,7,30,Central Region,Dhading,KHATTE,HEAVY RAINS,0,0,0,0,0,0,0,0.0,False,,,,,,,,,,,,,,,,,,,,,,,,,,True,True,True,True
episode-62bf7deccdbfa0b9e9b1,UNDRR DesInventar Nepal,1972,7,30,Central Region,Dhading,NAUBISE,OTHER,2,0,0,0,0,0,0,0.0,False,,,,,,,,,,,,,,,,,,,,,,,,,,True,True,True,True
episode-d6d9389f591183091b5b,UNDRR DesInventar Nepal,1972,7,30,Central Region,Dhading,SALANG,OTHER,0,0,0,0,0,0,0,0.0,True,,,,,,,,,,,,,,,,,,,,,,,,,,True,True,True,True
episode-a0219bfffa35280a27db,UNDRR DesInventar Nepal,1972,7,30,Central Region,Dhading,UNKNOWN,OTHER,1,0,0,0,0,0,0,0.0,False,,,,,,,,,,,,,,,,,,,,,,,,,,True,True,True,True
episode-12ed9c3d3b8f7d8959bd,UNDRR DesInventar Nepal,1972,7,30,Central Region,Kathmandu,BISHUNU BUDHANILKANTHA,HEAVY RAINS,0,0,0,0,0,0,0,0.0,False,,,,,,,,,,,,,,,,,,,,,,,,,,True,True,True,True
episode-ac3d0f4b4fb5af5f0f24,UNDRR DesInventar Nepal,1972,7,30,Central Region,Kathmandu,KATHMANDU METROPOLITAN CITY,HEAVY RAINS,0,0,0,0,0,0,0,0.0,True,,,,,,,,,,,,,,,,,,,,,,,,,,True,True,True,True
episode-a47da1fa0cad541a3ef4,UNDRR DesInventar Nepal,1972,7,30,Central Region,Kathmandu,UNKNOWN,HEAVY RAINS,0,0,0,0,0,0,0,0.0,False,,,,,,,,,,,,,,,,,,,,,,,,,,True,True,True,True
episode-420658e6d9eb07cc7c1d,UNDRR DesInventar Nepal,1972,7,30,Central Region,Nuwakot,UNKNOWN,OTHER,0,0,0,0,0,0,0,0.0,True,,,,,,,,,,,,,,,,,,,,,,,,,,True,True,True,True
episode-3d513ecd618943af5c3c,UNDRR DesInventar Nepal,1972,7,30,Western Region,Tanahu,CHHANG,HEAVY RAINS,0,0,0,0,0,0,0,0.0,False,,,,,,,,,,,,,,,,,,,,,,,,,,True,True,True,True
episode-5b8caf6dc84eb1a02a09,UNDRR DesInventar Nepal,1972,8,1,Central Region,Rautahat,BASANTAPATTI,HEAVY RAINS,0,0,0,250,0,0,250,0.0,False,,,,,,,,,,,,,,,,,,,,,,,,,,True,True,True,True
episode-cafce7ca748eff51d4aa,UNDRR DesInventar Nepal,1972,8,1,Eastern Region,Sunsari,Duhabi,HEAVY RAINS,0,0,0,0,0,0,0,0.0,False,,,,,,,,,,,,,,,,,,,,,,,,,,True,True,True,True
episode-066022b8afba91da7157,UNDRR DesInventar Nepal,1972,8,13,Western Region,Kaski,DHAMPUS,HEAVY RAINS,0,0,0,0,0,0,0,0.0,False,,,,,,,,,,,,,,,,,,,,,,,,,,True,True,True,True
episode-295d95300c1354fd512f,UNDRR DesInventar Nepal,1972,8,13,Western Region,Kaski,DHITAL,HEAVY RAINS,0,0,0,0,0,0,0,0.0,False,,,,,,,,,,,,,,,,,,,,,,,,,,True,True,True,True
episode-71f3e98c593bd6c78299,UNDRR DesInventar Nepal,1972,8,13,Western Region,Kaski,REEVAN,HEAVY RAINS,0,0,0,0,0,0,0,0.0,False,,,,,,,,,,,,,,,,,,,,,,,,,,True,True,True,True
episode-71a8c5164ce1cfe51acc,UNDRR DesInventar Nepal,1972,8,13,Western Region,Kaski,UNKNOWN,HEAVY RAINS,0,0,0,0,0,0,0,0.0,False,,,,,,,,,,,,,,,,,,,,,,,,,,True,True,True,True
episode-e54ccb301e4a7fbc73b1,UNDRR DesInventar Nepal,1972,8,15,Western Region,Kaski,POKHARA_SMP,HEAVY RAINS,0,0,0,0,0,0,0,0.0,False,,,,,,,,,,,,,,,,,,,,,,,,,,True,True,True,True
episode-a21110d0fb47e474afbd,UNDRR DesInventar Nepal,1972,9,16,Far Western Region,Kanchanpur,MAHENDRA NAGAR N.P.,HEAVY RAINS,0,0,0,0,2,0,0,0.0,False,,,,,,,,,,,,,,,,,,,,,,,,,,True,True,True,True
episode-905f8e498fb13eec5269,UNDRR DesInventar Nepal,1972,10,7,Western Region,Kaski,UNKNOWN,HEAVY RAINS,0,0,0,0,7,0,0,0.0,False,,,,,,,,,,,,,,,,,,,,,,,,,,True,True,True,True
episode-6ef8e4858ee20208c12f,UNDRR DesInventar Nepal,1973,5,20,Eastern Region,Saptari,RAJBIRAJ MUNICIPALITY,HEAVY RAINS,0,0,0,0,0,35,0,0.0,False,,,,,,,,,,,,,,,,,,,,,,,,,,True,True,True,True
episode-21f86fdcdf0ab4cbbf5d,UNDRR DesInventar Nepal,1973,5,21,Mid-Western Region,Dang,UNKNOWN,HEAVY RAINS,2,0,0,0,0,0,0,0.0,False,,,,,,,,,,,,,,,,,,,,,,,,,,True,True,True,True
episode-dfd687db5a6b62b12612,UNDRR DesInventar Nepal,1973,6,24,Central Region,Sindhuli,UNKNOWN,HEAVY RAINS,0,0,0,0,0,0,0,0.0,True,,,,,,,,,,,,,,,,,,,,,,,,,,True,True,True,True
episode-19d662fcf714f316e38e,UNDRR DesInventar Nepal,1973,6,25,Central Region,Nuwakot,UNKNOWN,HEAVY RAINS,0,0,0,0,0,1,0,0.0,False,,,,,,,,,,,,,,,,,,,,,,,,,,True,True,True,True
episode-780312352ffea9325171,UNDRR DesInventar Nepal,1973,6,25,Central Region,Nuwakot,UNKNOWN,RAIN,0,0,0,0,0,0,0,0.0,False,,,,,,,,,,,,,,,,,,,,,,,,,,True,True,True,True
episode-2bfcfc85c352609dcceb,UNDRR DesInventar Nepal,1973,6,29,Central Region,Dhanusa,UNKNOWN,HEAVY RAINS,0,0,0,0,0,0,0,0.0,True,,,,,,,,,,,,,,,,,,,,,,,,,,True,True,True,True
episode-4d6f54a73fe6239a1afe,UNDRR DesInventar Nepal,1973,7,2,Eastern Region,Morang,Drabesha,HEAVY RAINS,3,0,0,0,0,0,0,0.0,False,,,,,,,,,,,,,,,,,,,,,,,,,,True,True,True,True
episode-a4057218f6f755051b41,UNDRR DesInventar Nepal,1973,7,7,Central Region,Mahotari,Bardibas,HEAVY RAINS,0,0,0,7200,40,0,0,0.0,False,,,,,,,,,,,,,,,,,,,,,,,,,,True,True,True,True
episode-fc1f6b81f3ab8b1f8acb,UNDRR DesInventar Nepal,1973,7,8,Western Region,Lamjung,BHUJUNG,HEAVY RAINS,10,0,0,0,0,0,0,0.0,False,,,,,,,,,,,,,,,,,,,,,,,,,,True,True,True,True
episode-b3a99fc325dad1c3c232,UNDRR DesInventar Nepal,1973,7,25,Central Region,Kathmandu,KATHMANDU METROPOLITAN CITY,HEAVY RAINS,0,0,0,0,0,5,0,0.0,False,,,,,,,,,,,,,,,,,,,,,,,,,,True,True,True,True
episode-6fed58aff3334cd17d12,UNDRR DesInventar Nepal,1973,8,1,Central Region,Rautahat,BISHRAMPUR,HEAVY RAINS,0,0,0,0,15,0,0,0.0,False,,,,,,,,,,,,,,,,,,,,,,,,,,True,True,True,True
episode-2d5053eb7fe42b0d915c,UNDRR DesInventar Nepal,1973,8,11,Central Region,Mahotari,Jaleswar Municipalit,HEAVY RAINS,0,0,0,0,70,25,0,0.0,False,,,,,,,,,,,,,,,,,,,,,,,,,,True,True,True,True
episode-f8e38aeec54eda6e0055,UNDRR DesInventar Nepal,1973,9,19,Central Region,Sarlahi,LAUKATH,HEAVY RAINS,0,0,0,0,100,0,0,0.0,False,,,,,,,,,,,,,,,,,,,,,,,,,,True,True,True,True
episode-c95eb68990d52d4cf26d,UNDRR DesInventar Nepal,1973,10,4,Western Region,Rupandehi,MOTIPUR,HEAVY RAINS,3,0,0,0,0,0,0,0.0,False,,,,,,,,,,,,,,,,,,,,,,,,,,True,True,True,True
episode-4e100aedaf51e2f7c900,UNDRR DesInventar Nepal,1973,10,16,Central Region,Chitawan,AYODHYAPUR,HEAVY RAINS,0,0,0,0,25,0,0,0.0,False,,,,,,,,,,,,,,,,,,,,,,,,,,True,True,True,True
episode-291f5210a4dfcaadb4ec,UNDRR DesInventar Nepal,1973,10,16,Central Region,Chitawan,UNKNOWN,HEAVY RAINS,4,0,0,0,35,0,0,0.0,False,,,,,,,,,,,,,,,,,,,,,,,,,,True,True,True,True
episode-0c26068e678081984434,UNDRR DesInventar Nepal,1973,11,7,Central Region,Nuwakot,BIDUR MUNICIPALITY,OTHER,1,0,0,0,0,0,0,0.0,False,,,,,,,,,,,,,,,,,,,,,,,,,,True,True,True,True
episode-be1a43d1524ac97dc490,UNDRR DesInventar Nepal,1974,1,23,Far Western Region,Kanchanpur,MAHENDRA NAGAR N.P.,OTHER,0,0,0,0,0,0,0,0.0,False,,,,,,,,,,,,,,,,,,,,,,,,,,True,True,True,True
episode-6a690dfd82e675fa0fb6,UNDRR DesInventar Nepal,1974,6,9,Central Region,Dhading,DARKHA,OTHER,2,0,1,0,0,0,0,0.0,False,,,,,,,,,,,,,,,,,,,,,,,,,,True,True,True,True
episode-0430fc3b1e40406cf897,UNDRR DesInventar Nepal,1974,6,27,Western Region,Kaski,HEMJA,HEAVY RAINS,0,0,0,0,0,0,0,0.0,False,,,,,,,,,,,,,,,,,,,,,,,,,,True,True,True,True
episode-fff835fe1be73ba8f79b,UNDRR DesInventar Nepal,1974,6,28,Eastern Region,Jhapa,CHANDRAGADHI,HEAVY RAINS,0,0,0,0,0,0,0,0.0,False,,,,,,,,,,,,,,,,,,,,,,,,,,True,True,True,True
episode-c2decd2a81ea1a309be1,UNDRR DesInventar Nepal,1974,7,3,Western Region,Gulmi,BAJKATERI,HEAVY RAINS,0,0,0,0,6,0,0,0.0,False,,,,,,,,,,,,,,,,,,,,,,,,,,True,True,True,True
episode-f3986e233939b96390a6,UNDRR DesInventar Nepal,1974,7,20,Central Region,Mahotari,UNKNOWN,HEAVY RAINS,1,0,0,0,0,0,0,0.0,False,,,,,,,,,,,,,,,,,,,,,,,,,,True,True,True,True
episode-75aac0831a56b292b288,UNDRR DesInventar Nepal,1974,7,28,Central Region,Dhanusa,Janakpur Municipality,OTHER,0,0,0,0,60,0,0,0.0,False,,,,,,,,,,,,,,,,,,,,,,,,,,True,True,True,True
episode-1125968363546e07badb,UNDRR DesInventar Nepal,1974,7,29,Western Region,Baglung,DUDILABHATI,HEAVY RAINS,1,0,0,0,1,0,0,0.0,False,,,,,,,,,,,,,,,,,,,,,,,,,,True,True,True,True
episode-522df9b1217a7635f585,UNDRR DesInventar Nepal,1974,7,29,Western Region,Baglung,NARETHANTI,HEAVY RAINS,0,0,0,0,0,0,90,0.0,True,,,,,,,,,,,,,,,,,,,,,,,,,,True,True,True,True
episode-fb8a5dca0ba497b3fa2e,UNDRR DesInventar Nepal,1974,8,1,Eastern Region,Jhapa,MECHI MUN.,HEAVY RAINS,0,0,0,0,0,0,0,0.0,False,,,,,,,,,,,,,,,,,,,,,,,,,,True,True,True,True
episode-c899706243880f3969c1,UNDRR DesInventar Nepal,1974,8,1,Eastern Region,Morang,Dainiya,HEAVY RAINS,2,0,0,0,0,0,0,0.0,False,,,,,,,,,,,,,,,,,,,,,,,,,,True,True,True,True
episode-40eebfbd5d061714878f,UNDRR DesInventar Nepal,1974,8,1,Eastern Region,Sunsari,Duhabi,HEAVY RAINS,0,0,0,124,7,0,0,0.0,False,,,,,,,,,,,,,,,,,,,,,,,,,,True,True,True,True
episode-ff3da943e449bb9e0a47,UNDRR DesInventar Nepal,1974,8,2,Eastern Region,Jhapa,BHUDHABARE,HEAVY RAINS,3,0,0,0,0,0,0,0.0,False,,,,,,,,,,,,,,,,,,,,,,,,,,True,True,True,True
episode-98c7b86d44606b8ae0cc,UNDRR DesInventar Nepal,1974,8,3,Eastern Region,Dhankuta,RAJARANI,HEAVY RAINS,0,0,0,0,0,0,0,0.0,False,,,,,,,,,,,,,,,,,,,,,,,,,,True,True,True,True
episode-a43c0b85959303ae9e1e,UNDRR DesInventar Nepal,1974,8,3,Eastern Region,Dhankuta,UNKNOWN,HEAVY RAINS,0,0,0,0,3,0,0,0.0,False,,,,,,,,,,,,,,,,,,,,,,,,,,True,True,True,True
episode-86e3b6810cca6d280e5b,UNDRR DesInventar Nepal,1974,8,3,Eastern Region,Morang,Rajghat,HEAVY RAINS,0,0,0,0,6,80,0,0.0,False,,,,,,,,,,,,,,,,,,,,,,,,,,True,True,True,True
episode-ce786a36a9e203e47982,UNDRR DesInventar Nepal,1974,8,4,Central Region,Chitawan,JAGATPUR,HEAVY RAINS,0,0,0,420,2,0,0,0.0,False,,,,,,,,,,,,,,,,,,,,,,,,,,True,True,True,True
episode-6e762e618e82b0f19b41,UNDRR DesInventar Nepal,1974,8,4,Central Region,Dhanusa,Janakpur Municipality,HEAVY RAINS,0,0,0,1200,0,0,0,0.0,True,,,,,,,,,,,,,,,,,,,,,,,,,,True,True,True,True
episode-15b997c4ba17d9a82a2d,UNDRR DesInventar Nepal,1974,8,4,Eastern Region,Jhapa,PRITHIVINAGAR,HEAVY RAINS,3,0,0,0,0,0,0,0.0,False,,,,,,,,,,,,,,,,,,,,,,,,,,True,True,True,True
episode-df46cc3b1004be27758b,UNDRR DesInventar Nepal,1974,8,4,Central Region,Mahotari,Jaleswar Municipalit,HEAVY RAINS,0,0,0,0,200,0,0,0.0,False,,,,,,,,,,,,,,,,,,,,,,,,,,True,True,True,True
episode-a3070f4fd2383d016f2d,UNDRR DesInventar Nepal,1974,8,4,Central Region,Mahotari,UNKNOWN,HEAVY RAINS,0,0,0,0,0,0,0,0.0,False,,,,,,,,,,,,,,,,,,,,,,,,,,True,True,True,True
episode-e21a1e7df3a38a889813,UNDRR DesInventar Nepal,1974,8,12,Eastern Region,Jhapa,PRITHIVINAGAR,HEAVY RAINS,0,0,0,0,6,0,0,0.0,False,,,,,,,,,,,,,,,,,,,,,,,,,,True,True,True,True
episode-281de3b4d8a49875154d,UNDRR DesInventar Nepal,1974,8,13,Western Region,Kaski,DHITAL,HEAVY RAINS,0,0,0,0,0,0,0,0.0,False,,,,,,,,,,,,,,,,,,,,,,,,,,True,True,True,True
episode-04607690c87d217028c7,UNDRR DesInventar Nepal,1974,8,13,Western Region,Kaski,GHACHOK,HEAVY RAINS,0,0,0,0,0,0,0,0.0,False,,,,,,,,,,,,,,,,,,,,,,,,,,True,True,True,True
episode-1ae7e80fdb7752bc3b0d,UNDRR DesInventar Nepal,1974,8,13,Central Region,Parsa,Udayapur Ghurmi,HEAVY RAINS,3,0,0,0,0,0,0,0.0,False,,,,,,,,,,,,,,,,,,,,,,,,,,True,True,True,True
episode-0b0238d8e128e6452647,UNDRR DesInventar Nepal,1974,8,16,Central Region,Sarlahi,HATHIAUL,OTHER,0,0,0,0,9,0,0,0.0,False,,,,,,,,,,,,,,,,,,,,,,,,,,True,True,True,True
episode-7b25a34006d23690b4f5,UNDRR DesInventar Nepal,1974,8,17,Eastern Region,Jhapa,KERABARI,HEAVY RAINS,0,0,0,0,30,0,0,0.0,False,,,,,,,,,,,,,,,,,,,,,,,,,,True,True,True,True
episode-c5aa02f06c15e67bdee5,UNDRR DesInventar Nepal,1974,8,20,Central Region,Ramechhap,UNKNOWN,HEAVY RAINS,0,0,0,0,0,0,0,0.0,True,,,,,,,,,,,,,,,,,,,,,,,,,,True,True,True,True
episode-848ba5a3298fe0a4bf44,UNDRR DesInventar Nepal,1974,8,20,Central Region,Rautahat,UNKNOWN,OTHER,0,0,0,0,0,0,0,0.0,False,,,,,,,,,,,,,,,,,,,,,,,,,,True,True,True,True
episode-788967a45ed28f7b6183,UNDRR DesInventar Nepal,1974,8,20,Central Region,Sarlahi,PHARAHADAWA,HEAVY RAINS,0,0,0,0,0,0,0,0.0,True,,,,,,,,,,,,,,,,,,,,,,,,,,True,True,True,True
episode-3d9bfc8b26936e74affa,UNDRR DesInventar Nepal,1974,8,20,Central Region,Sarlahi,UNKNOWN,HEAVY RAINS,0,0,0,0,0,0,0,0.0,False,,,,,,,,,,,,,,,,,,,,,,,,,,True,True,True,True
episode-721894e762933c0e7515,UNDRR DesInventar Nepal,1974,8,20,Central Region,Sindhupalchoke,UNKNOWN,HEAVY RAINS,0,0,3,0,0,0,0,0.0,True,,,,,,,,,,,,,,,,,,,,,,,,,,True,True,True,True
episode-e0fb549fc75b57777648,UNDRR DesInventar Nepal,1974,8,27,Western Region,Baglung,UNKNOWN,OTHER,0,0,0,2500,12,0,0,0.0,False,,,,,,,,,,,,,,,,,,,,,,,,,,True,True,True,True
episode-87a1ff0d5b3403b82272,UNDRR DesInventar Nepal,1974,8,28,Eastern Region,Jhapa,UNKNOWN,HEAVY RAINS,0,0,0,0,118,0,0,0.0,False,,,,,,,,,,,,,,,,,,,,,,,,,,True,True,True,True
episode-09ad7b6c9b8cce62391b,UNDRR DesInventar Nepal,1974,8,31,Eastern Region,Saptari,UNKNOWN,HEAVY RAINS,0,0,0,180,10,0,0,0.0,False,,,,,,,,,,,,,,,,,,,,,,,,,,True,True,True,True
episode-328f7f86305d1a753293,UNDRR DesInventar Nepal,1974,9,2,Central Region,Kathmandu,KATHMANDU METROPOLITAN CITY,HEAVY RAINS,0,0,0,0,0,0,0,0.0,False,,,,,,,,,,,,,,,,,,,,,,,,,,True,True,True,True
episode-6ef6d54a3db1f3c5c7f4,UNDRR DesInventar Nepal,1974,9,2,Eastern Region,Morang,UNKNOWN,HEAVY RAINS,0,0,0,5701,20,0,84,0.0,False,,,,,,,,,,,,,,,,,,,,,,,,,,True,True,True,True
episode-6d0da0d774347f56fea0,UNDRR DesInventar Nepal,1974,9,7,Eastern Region,Dhankuta,UNKNOWN,HEAVY RAINS,0,0,0,0,0,0,0,0.0,True,,,,,,,,,,,,,,,,,,,,,,,,,,True,True,True,True
episode-e4522282d06d7d74ea8a,UNDRR DesInventar Nepal,1974,9,8,Western Region,Nawalparasi,UNKNOWN,HEAVY RAINS,0,0,0,3000,0,0,0,0.0,False,,,,,,,,,,,,,,,,,,,,,,,,,,True,True,True,True
episode-1fb50b252670be423c0c,UNDRR DesInventar Nepal,1974,9,10,Central Region,Chitawan,UNKNOWN,HEAVY RAINS,16,0,0,0,0,0,0,0.0,False,,,,,,,,,,,,,,,,,,,,,,,,,,True,True,True,True
episode-accd3f4e158b9c46cb4b,UNDRR DesInventar Nepal,1974,9,12,Western Region,Gorkha,UNKNOWN,RAIN,0,0,0,0,0,0,0,0.0,True,,,,,,,,,,,,,,,,,,,,,,,,,,True,True,True,True
episode-bda22f96ca8c283f0d9d,UNDRR DesInventar Nepal,1974,9,13,Central Region,Chitawan,PIPLE,HEAVY RAINS,0,0,0,0,25,0,0,1000.0,True,,,,,,,,,,,,,,,,,,,,,,,,,,True,True,True,True
episode-3285e770561d242b4cd2,UNDRR DesInventar Nepal,1974,9,13,Central Region,Chitawan,UNKNOWN,HEAVY RAINS,0,0,0,0,0,0,0,0.0,False,,,,,,,,,,,,,,,,,,,,,,,,,,True,True,True,True
episode-a440ae10354c6126a504,UNDRR DesInventar Nepal,1974,9,13,Central Region,Kavre,UNKNOWN,HEAVY RAINS,5,0,4,0,0,0,0,0.0,False,,,,,,,,,,,,,,,,,,,,,,,,,,True,True,True,True
episode-312f01d7a06f5d78c36e,UNDRR DesInventar Nepal,1974,9,13,Central Region,Lalitpur,UNKNOWN,HEAVY RAINS,0,0,0,260,45,0,0,0.0,False,,,,,,,,,,,,,,,,,,,,,,,,,,True,True,True,True
episode-3def8867920ef25f7743,UNDRR DesInventar Nepal,1974,9,13,Central Region,Rasuwa,Thulogaon,HEAVY RAINS,0,0,0,0,0,0,0,0.0,False,,,,,,,,,,,,,,,,,,,,,,,,,,True,True,True,True
episode-ef07e3899993d9e1479f,UNDRR DesInventar Nepal,1974,9,16,Eastern Region,Solukhumbu,Juving,HEAVY RAINS,0,0,0,0,0,0,0,0.0,True,,,,,,,,,,,,,,,,,,,,,,,,,,True,True,True,True
episode-1f92257fe57e3b27e788,UNDRR DesInventar Nepal,1974,9,18,Eastern Region,Sunsari,UNKNOWN,HEAVY RAINS,0,0,0,0,15,0,0,0.0,False,,,,,,,,,,,,,,,,,,,,,,,,,,True,True,True,True
episode-5cabc4d55a52d416a89c,UNDRR DesInventar Nepal,1974,9,19,Central Region,Chitawan,KAULE,HEAVY RAINS,8,0,0,0,0,0,0,0.0,False,,,,,,,,,,,,,,,,,,,,,,,,,,True,True,True,True
episode-193a6b94613b08521133,UNDRR DesInventar Nepal,1974,9,19,Central Region,Chitawan,UNKNOWN,HEAVY RAINS,11,0,0,0,0,0,0,0.0,False,,,,,,,,,,,,,,,,,,,,,,,,,,True,True,True,True
episode-4790d1d2195569cbae10,UNDRR DesInventar Nepal,1974,9,28,Central Region,Kavre,BANEPA MUNICIPALITY,HEAVY RAINS,0,0,0,0,0,0,0,0.0,False,,,,,,,,,,,,,,,,,,,,,,,,,,True,True,True,True
episode-72d9a533d98955229f47,UNDRR DesInventar Nepal,1974,9,30,Central Region,Kathmandu,UNKNOWN,OTHER,6,1,0,0,0,0,0,0.0,False,,,,,,,,,,,,,,,,,,,,,,,,,,True,True,True,True
episode-5f8250264efa2912a1a7,UNDRR DesInventar Nepal,1974,10,2,Far Western Region,Kanchanpur,PARASAN,HEAVY RAINS,0,0,0,1200,0,0,0,0.0,False,,,,,,,,,,,,,,,,,,,,,,,,,,True,True,True,True
episode-cb39492b55c1690696e2,UNDRR DesInventar Nepal,1974,10,4,Central Region,Dhanusa,Janakpur Municipality,HEAVY RAINS,0,0,0,0,0,0,0,0.0,True,,,,,,,,,,,,,,,,,,,,,,,,,,True,True,True,True
episode-7c70a6fd8bb4d751af34,UNDRR DesInventar Nepal,1974,10,4,Far Western Region,Kanchanpur,PARASAN,HEAVY RAINS,0,0,0,1200,0,0,0,0.0,False,,,,,,,,,,,,,,,,,,,,,,,,,,True,True,True,True
episode-4c17d62c9327f08e36c4,UNDRR DesInventar Nepal,1974,10,4,Central Region,Makwanpur,UNKNOWN,HEAVY RAINS,10,0,0,0,934,540,0,0.0,True,,,,,,,,,,,,,,,,,,,,,,,,,,True,True,True,True
episode-585ea3f872267b26be91,UNDRR DesInventar Nepal,1974,10,6,Eastern Region,Okhaldhunga,UNKNOWN,HEAVY RAINS,0,0,0,6,1,86,0,0.0,False,,,,,,,,,,,,,,,,,,,,,,,,,,True,True,True,True
episode-b35defbf9f0ebf5f7bab,UNDRR DesInventar Nepal,1974,10,8,Central Region,Kavre,UNKNOWN,OTHER,0,0,0,0,105,0,0,0.0,False,,,,,,,,,,,,,,,,,,,,,,,,,,True,True,True,True
episode-8cd4cc76609df2e259f6,UNDRR DesInventar Nepal,1974,10,9,Central Region,Makwanpur,HETAUDA MUNICIPALITY,OTHER,0,0,0,0,0,0,0,0.0,False,,,,,,,,,,,,,,,,,,,,,,,,,,True,True,True,True
episode-9f6a79dc3fa916b60a0c,UNDRR DesInventar Nepal,1975,6,12,Eastern Region,Bhojpur,UNKNOWN,HEAVY RAINS,0,0,0,0,0,0,0,0.0,True,,,,,,,,,,,,,,,,,,,,,,,,,,True,True,True,True
episode-103c29bf31fd7e78ad30,UNDRR DesInventar Nepal,1975,6,18,Eastern Region,Jhapa,CHANDRAGADHI,HEAVY RAINS,3,0,0,0,0,0,0,0.0,False,,,,,,,,,,,,,,,,,,,,,,,,,,True,True,True,True
episode-911a1549cbfc920e62a8,UNDRR DesInventar Nepal,1975,6,30,Central Region,Mahotari,Jaleswar Municipalit,HEAVY RAINS,0,0,0,0,0,0,0,0.0,False,,,,,,,,,,,,,,,,,,,,,,,,,,True,True,True,True
episode-f8a652b4813b3bde6e4a,UNDRR DesInventar Nepal,1975,7,1,Western Region,Syangja,PUTALIDHET NP,HEAVY RAINS,0,1,0,0,4,0,0,0.0,False,,,,,,,,,,,,,,,,,,,,,,,,,,True,True,True,True
episode-4144585ab4c7cd263053,UNDRR DesInventar Nepal,1975,7,5,Central Region,Kathmandu,KATHMANDU METROPOLITAN CITY,HEAVY RAINS,0,0,0,0,0,0,72,0.0,False,,,,,,,,,,,,,,,,,,,,,,,,,,True,True,True,True
episode-a33eab8db7b696f833d0,UNDRR DesInventar Nepal,1975,7,26,Far Western Region,Kanchanpur,CHANDANI,HEAVY RAINS,0,0,0,127,0,0,0,0.0,False,,,,,,,,,,,,,,,,,,,,,,,,,,True,True,True,True
episode-2ed9a7b712e59f9b0bcc,UNDRR DesInventar Nepal,1975,7,28,Central Region,Dhanusa,Janakpur Municipality,HEAVY RAINS,0,0,0,0,12,0,0,0.0,False,,,,,,,,,,,,,,,,,,,,,,,,,,True,True,True,True
episode-cbeac2fc69695c0b0bc0,UNDRR DesInventar Nepal,1975,8,1,Eastern Region,Jhapa,UNKNOWN,HEAVY RAINS,1,0,0,0,0,0,0,0.0,False,,,,,,,,,,,,,,,,,,,,,,,,,,True,True,True,True
episode-2b21a7f33602f9a90871,UNDRR DesInventar Nepal,1975,8,13,Western Region,Syangja,PUTALIDHET NP,HEAVY RAINS,0,0,0,5000,0,3,0,0.0,False,,,,,,,,,,,,,,,,,,,,,,,,,,True,True,True,True
episode-bbdb4860cb41fcd4d9bb,UNDRR DesInventar Nepal,1975,8,25,Western Region,Arghakanchi,CHHATRAGANJ,HEAVY RAINS,2,0,0,0,0,0,0,0.0,False,,,,,,,,,,,,,,,,,,,,,,,,,,True,True,True,True
episode-d6df3ddfff1aa18a1171,UNDRR DesInventar Nepal,1975,8,25,Mid-Western Region,Banke,HOLIA,HEAVY RAINS,0,0,0,1230,0,0,0,0.0,False,,,,,,,,,,,,,,,,,,,,,,,,,,True,True,True,True
episode-5229d2555ff3f2db2549,UNDRR DesInventar Nepal,1975,8,25,Western Region,Gulmi,UNKNOWN,HEAVY RAINS,9,8,0,0,25,0,0,0.0,False,,,,,,,,,,,,,,,,,,,,,,,,,,True,True,True,True
episode-3f87d7a4255eade24011,UNDRR DesInventar Nepal,1975,8,26,Mid-Western Region,Bardiya,BHIMMAPUR,HEAVY RAINS,0,0,0,234,18,0,0,0.0,False,,,,,,,,,,,,,,,,,,,,,,,,,,True,True,True,True
episode-dc7bb67c3bfb9a5105f6,UNDRR DesInventar Nepal,1975,8,28,Western Region,Rupandehi,BUTAWAL_NP,HEAVY RAINS,0,0,0,0,10,0,0,0.0,False,,,,,,,,,,,,,,,,,,,,,,,,,,True,True,True,True
episode-3c8b8aa59e8edbc885d5,UNDRR DesInventar Nepal,1976,5,27,Central Region,Nuwakot,UNKNOWN,OTHER,0,3,0,0,0,0,0,0.0,False,,,,,,,,,,,,,,,,,,,,,,,,,,True,True,True,True
episode-36a69716b7dc4158915f,UNDRR DesInventar Nepal,1976,6,13,Western Region,Kaski,MAJHTHANA,OTHER,0,0,0,0,5,0,0,0.0,False,,,,,,,,,,,,,,,,,,,,,,,,,,True,True,True,True
episode-976788b9690cac02acc9,UNDRR DesInventar Nepal,1976,6,13,Central Region,Sindhupalchoke,Nawalpur,OTHER,0,0,0,0,0,0,0,0.0,False,,,,,,,,,,,,,,,,,,,,,,,,,,True,True,True,True
episode-06a09e90019dbfe184ad,UNDRR DesInventar Nepal,1976,7,28,Central Region,Rautahat,MAHAMADPUR,OTHER,0,0,0,900,22,0,0,0.0,False,,,,,,,,,,,,,,,,,,,,,,,,,,True,True,True,True
episode-4d8a235b7aacf2259f6d,UNDRR DesInventar Nepal,1976,8,22,Western Region,Nawalparasi,UNKNOWN,UNKNOWN,0,0,0,0,0,0,0,0.0,False,,,,,,,,,,,,,,,,,,,,,,,,,,True,True,True,True
episode-6860e5f501d84178e078,UNDRR DesInventar Nepal,1976,8,30,Central Region,Sindhupalchoke,UNKNOWN,HEAVY RAINS,0,0,0,0,0,0,0,0.0,False,,,,,,,,,,,,,,,,,,,,,,,,,,True,True,True,True
episode-ae88f2285cde5aa6b5c3,UNDRR DesInventar Nepal,1976,9,11,Eastern Region,Taplejung,LELEP,HEAVY RAINS,0,0,0,0,0,0,0,0.0,False,,,,,,,,,,,,,,,,,,,,,,,,,,True,True,True,True
episode-229654454baac11f29b2,UNDRR DesInventar Nepal,1976,9,12,Western Region,Kaski,UNKNOWN,HEAVY RAINS,0,0,0,0,0,0,0,0.0,False,,,,,,,,,,,,,,,,,,,,,,,,,,True,True,True,True
episode-19cdeb31bb2cff226dbc,UNDRR DesInventar Nepal,1976,9,16,Eastern Region,Saptari,UNKNOWN,HEAVY RAINS,0,0,0,0,0,0,0,0.0,False,,,,,,,,,,,,,,,,,,,,,,,,,,True,True,True,True
episode-88192534d9e21306d70a,UNDRR DesInventar Nepal,1976,9,18,Central Region,Dhanusa,Janakpur Municipality,HEAVY RAINS,0,0,0,0,0,400,0,0.0,False,,,,,,,,,,,,,,,,,,,,,,,,,,True,True,True,True
episode-cb7f4e4a7cf5609b7fa3,UNDRR DesInventar Nepal,1976,9,21,Eastern Region,Saptari,RAJBIRAJ MUNICIPALITY,HEAVY RAINS,0,0,0,0,20,33,0,0.0,False,,,,,,,,,,,,,,,,,,,,,,,,,,True,True,True,True
episode-94f43a852fb5ffa11acb,UNDRR DesInventar Nepal,1977,4,22,Mid-Western Region,Surkhet,SALKOF,HEAVY RAINS,0,0,0,0,0,0,0,0.0,False,,,,,,,,,,,,,,,,,,,,,,,,,,True,True,True,True
episode-b9bb39fc0bce8fada05e,UNDRR DesInventar Nepal,1977,6,20,Eastern Region,Taplejung,SADEWA,UNKNOWN,0,0,0,0,0,0,0,0.0,True,,,,,,,,,,,,,,,,,,,,,,,,,,True,True,True,True
episode-98006d6ed893c7836177,UNDRR DesInventar Nepal,1977,7,8,Eastern Region,Jhapa,CHANDRAGADHI,OTHER,0,0,0,0,0,0,0,0.0,False,,,,,,,,,,,,,,,,,,,,,,,,,,True,True,True,True
episode-57996f0b46d00bdfdc87,UNDRR DesInventar Nepal,1977,7,15,Mid-Western Region,Dang,HALWAR,OTHER,2,0,0,0,0,0,0,0.0,False,,,,,,,,,,,,,,,,,,,,,,,,,,True,True,True,True
episode-2eb339171f4cffa5aee2,UNDRR DesInventar Nepal,1977,7,19,Eastern Region,Udayapur,Sundarpur,OTHER,0,0,0,0,0,0,0,0.0,False,,,,,,,,,,,,,,,,,,,,,,,,,,True,True,True,True
episode-e135d8d35eb90e78207f,UNDRR DesInventar Nepal,1977,8,12,Mid-Western Region,Rolpa,KARETI,UNKNOWN,11,0,0,0,0,0,0,0.0,False,,,,,,,,,,,,,,,,,,,,,,,,,,True,True,True,True
episode-0a6898f47c20accd94ea,UNDRR DesInventar Nepal,1977,8,12,Central Region,Sindhupalchoke,UNKNOWN,UNKNOWN,0,0,0,0,0,0,0,0.0,False,,,,,,,,,,,,,,,,,,,,,,,,,,True,True,True,True
episode-384a24fe7ae87333e70e,UNDRR DesInventar Nepal,1977,8,12,Eastern Region,Udayapur,Tapeshwari,HEAVY RAINS,0,0,0,480,0,80,0,0.0,False,,,,,,,,,,,,,,,,,,,,,,,,,,True,True,True,True
episode-984b1b0687986fe9abdf,UNDRR DesInventar Nepal,1977,8,19,Central Region,Rautahat,INARWARI,HEAVY RAINS,0,0,0,294,49,0,0,0.0,False,,,,,,,,,,,,,,,,,,,,,,,,,,True,True,True,True
episode-df37174649b4ff76c174,UNDRR DesInventar Nepal,1977,8,19,Eastern Region,Saptari,BISHARIYA,HEAVY RAINS,0,0,0,0,0,0,0,0.0,False,,,,,,,,,,,,,,,,,,,,,,,,,,True,True,True,True
episode-6044b0d8099750f4fb2d,UNDRR DesInventar Nepal,1977,8,19,Eastern Region,Saptari,RAJBIRAJ MUNICIPALITY,UNKNOWN,0,0,0,54,2,15,0,0.0,True,,,,,,,,,,,,,,,,,,,,,,,,,,True,True,True,True
episode-ba830f50f1cb1f9421a5,UNDRR DesInventar Nepal,1977,9,2,Eastern Region,Solukhumbu,UNKNOWN,OTHER,4,0,0,0,3,0,0,0.0,False,,,,,,,,,,,,,,,,,,,,,,,,,,True,True,True,True
episode-7fc7218fe5339b87925a,UNDRR DesInventar Nepal,1977,9,12,Mid-Western Region,Dang,DURUWA,OTHER,0,0,0,0,1,0,0,0.0,False,,,,,,,,,,,,,,,,,,,,,,,,,,True,True,True,True
episode-ee70093ead89e3ed08cb,UNDRR DesInventar Nepal,1977,9,21,Mid-Western Region,Dang,UNKNOWN,HEAVY RAINS,0,0,0,180,0,180,0,0.0,False,,,,,,,,,,,,,,,,,,,,,,,,,,True,True,True,True
episode-a56b0df7a5b67cc71311,UNDRR DesInventar Nepal,1978,4,27,Western Region,Palpa,GADAKOT,HEAVY RAINS,1,0,2,0,0,0,0,0.0,False,,,,,,,,,,,,,,,,,,,,,,,,,,True,True,True,True
episode-bab86e6edad3889e3ed7,UNDRR DesInventar Nepal,1978,6,13,Western Region,Gulmi,UNKNOWN,RAIN,0,0,0,0,0,0,0,0.0,False,,,,,,,,,,,,,,,,,,,,,,,,,,True,True,True,True
episode-546db5a543c4ce9f8265,UNDRR DesInventar Nepal,1978,6,28,Western Region,Nawalparasi,UNKNOWN,HEAVY RAINS,0,0,0,140,0,0,0,0.0,False,,,,,,,,,,,,,,,,,,,,,,,,,,True,True,True,True
episode-ab8ff66e8825c108eb66,UNDRR DesInventar Nepal,1978,7,3,Western Region,Gulmi,UNKNOWN,RAIN,0,0,0,0,0,0,0,0.0,False,,,,,,,,,,,,,,,,,,,,,,,,,,True,True,True,True
episode-ae3a01b9928841f7c7a2,UNDRR DesInventar Nepal,1978,7,11,Central Region,Rautahat,INERWA,HEAVY RAINS,0,0,0,406,0,0,0,0.0,False,,,,,,,,,,,,,,,,,,,,,,,,,,True,True,True,True
episode-f581a96cc1d904200c29,UNDRR DesInventar Nepal,1978,7,16,Central Region,Chitawan,BACHHEULI,HEAVY RAINS,1,0,0,0,0,0,0,0.0,False,,,,,,,,,,,,,,,,,,,,,,,,,,True,True,True,True
episode-75b0f68458ad0d6e70f6,UNDRR DesInventar Nepal,1978,7,16,Central Region,Chitawan,MEGHAULI,HEAVY RAINS,0,0,0,0,0,0,170,0.0,False,,,,,,,,,,,,,,,,,,,,,,,,,,True,True,True,True
episode-1d47feda1a0f7e6018b8,UNDRR DesInventar Nepal,1978,7,16,Central Region,Chitawan,PADMPUR,HEAVY RAINS,2,0,0,0,0,0,0,0.0,False,,,,,,,,,,,,,,,,,,,,,,,,,,True,True,True,True
episode-0386dcd810307a778f82,UNDRR DesInventar Nepal,1978,7,16,Central Region,Chitawan,UNKNOWN,HEAVY RAINS,0,0,0,0,0,0,0,0.0,False,,,,,,,,,,,,,,,,,,,,,,,,,,True,True,True,True
episode-72584ba1e8dd34608ee3,UNDRR DesInventar Nepal,1978,7,16,Central Region,Rautahat,GAUR NP,HEAVY RAINS,0,0,0,4500,800,0,0,0.0,False,,,,,,,,,,,,,,,,,,,,,,,,,,True,True,True,True
episode-6d02772681d01fe9a060,UNDRR DesInventar Nepal,1978,7,17,Mid-Western Region,Dang,UNKNOWN,HEAVY RAINS,0,0,0,8,1,0,0,0.0,False,,,,,,,,,,,,,,,,,,,,,,,,,,True,True,True,True
episode-0dd25efa892dc8814c1f,UNDRR DesInventar Nepal,1978,7,17,Mid-Western Region,Dang,UNKNOWN,RAIN,0,0,0,0,10,5,0,0.0,False,,,,,,,,,,,,,,,,,,,,,,,,,,True,True,True,True
episode-b32eaf79bf2d1d7e62c1,UNDRR DesInventar Nepal,1978,7,17,Western Region,Parbat,UNKNOWN,HEAVY RAINS,0,0,0,0,0,0,0,0.0,False,,,,,,,,,,,,,,,,,,,,,,,,,,True,True,True,True
episode-0fb3aa17f55630217810,UNDRR DesInventar Nepal,1978,7,18,Western Region,Nawalparasi,UNKNOWN,HEAVY RAINS,0,0,0,0,0,0,0,0.0,False,,,,,,,,,,,,,,,,,,,,,,,,,,True,True,True,True
episode-6c847cc5b4e0c4dc2bf8,UNDRR DesInventar Nepal,1978,7,22,Mid-Western Region,Banke,PHATTEPUR,HEAVY RAINS,0,0,0,4060,0,0,0,0.0,False,,,,,,,,,,,,,,,,,,,,,,,,,,True,True,True,True
episode-49a05da83b35bad00ae2,UNDRR DesInventar Nepal,1978,7,22,Mid-Western Region,Bardiya,UNKNOWN,HEAVY RAINS,0,0,0,0,0,0,0,0.0,False,,,,,,,,,,,,,,,,,,,,,,,,,,True,True,True,True
episode-4377e6ec6c35419f3757,UNDRR DesInventar Nepal,1978,7,22,Central Region,Chitawan,PADMPUR,HEAVY RAINS,2,0,0,0,0,0,0,0.0,False,,,,,,,,,,,,,,,,,,,,,,,,,,True,True,True,True
episode-a93daf8d781e4bceb1d9,UNDRR DesInventar Nepal,1978,7,22,Central Region,Chitawan,UNKNOWN,HEAVY RAINS,1,0,0,0,0,0,0,0.0,False,,,,,,,,,,,,,,,,,,,,,,,,,,True,True,True,True
episode-27c625ea290fdcd12dec,UNDRR DesInventar Nepal,1978,7,22,Central Region,Sarlahi,BALARA,HEAVY RAINS,1,0,0,0,0,0,0,0.0,False,,,,,,,,,,,,,,,,,,,,,,,,,,True,True,True,True
episode-4782dfad2d9fe675f17c,UNDRR DesInventar Nepal,1978,7,22,Central Region,Sarlahi,HATHIAUL,HEAVY RAINS,1,0,0,0,0,0,0,0.0,False,,,,,,,,,,,,,,,,,,,,,,,,,,True,True,True,True
episode-8a0d12cd29324fc542a1,UNDRR DesInventar Nepal,1978,7,23,Central Region,Chitawan,JAGATPUR,HEAVY RAINS,0,0,0,0,0,0,0,0.0,False,,,,,,,,,,,,,,,,,,,,,,,,,,True,True,True,True
episode-02aa74d0aa22f46d79a3,UNDRR DesInventar Nepal,1978,7,23,Mid-Western Region,Dang,HAPUR,HEAVY RAINS,1,0,0,0,0,0,0,0.0,False,,,,,,,,,,,,,,,,,,,,,,,,,,True,True,True,True
episode-e1f33cfc48d6f91e3193,UNDRR DesInventar Nepal,1978,7,25,Central Region,Sarlahi,UNKNOWN,HEAVY RAINS,0,0,0,0,0,0,0,0.0,False,,,,,,,,,,,,,,,,,,,,,,,,,,True,True,True,True
episode-5da3fd9b13850f51ce9a,UNDRR DesInventar Nepal,1978,7,27,Mid-Western Region,Banke,UNKNOWN,HEAVY RAINS,0,0,0,168,0,0,0,0.0,False,,,,,,,,,,,,,,,,,,,,,,,,,,True,True,True,True
episode-eb5afaebe6e7cb9b4ef0,UNDRR DesInventar Nepal,1978,7,29,Mid-Western Region,Banke,UNKNOWN,HEAVY RAINS,0,0,0,306,0,0,0,0.0,False,,,,,,,,,,,,,,,,,,,,,,,,,,True,True,True,True
episode-0488bc01abbbc2b28ba6,UNDRR DesInventar Nepal,1978,7,29,Mid-Western Region,Dang,SATBARIYA,HEAVY RAINS,0,0,0,0,28,0,126,0.0,False,,,,,,,,,,,,,,,,,,,,,,,,,,True,True,True,True
episode-554dfcf4dfd0e9cc0192,UNDRR DesInventar Nepal,1978,7,29,Eastern Region,Jhapa,BHUDHABARE,HEAVY RAINS,0,0,0,0,0,0,0,0.0,False,,,,,,,,,,,,,,,,,,,,,,,,,,True,True,True,True
episode-02f92fbbd25adfec57eb,UNDRR DesInventar Nepal,1978,7,29,Eastern Region,Jhapa,SURUNGA,OTHER,0,0,0,11,0,0,0,0.0,False,,,,,,,,,,,,,,,,,,,,,,,,,,True,True,True,True
episode-87433de4800038fd7006,UNDRR DesInventar Nepal,1978,7,30,Central Region,Nuwakot,UNKNOWN,HEAVY RAINS,0,0,0,0,0,0,0,0.0,False,,,,,,,,,,,,,,,,,,,,,,,,,,True,True,True,True
episode-90dfd015b01dddd2a62a,UNDRR DesInventar Nepal,1978,8,7,Western Region,Kapilbastu,UNKNOWN,HEAVY RAINS,0,0,0,0,35,0,0,0.0,False,,,,,,,,,,,,,,,,,,,,,,,,,,True,True,True,True
episode-231c68ed76f0ebde5cbe,UNDRR DesInventar Nepal,1978,8,8,Central Region,Sarlahi,CHHATAUNA,HEAVY RAINS,0,0,0,0,35,0,0,0.0,False,,,,,,,,,,,,,,,,,,,,,,,,,,True,True,True,True
episode-f817433ef1eb3ec96088,UNDRR DesInventar Nepal,1978,8,8,Central Region,Sarlahi,HATHIAUL,HEAVY RAINS,0,0,0,0,50,0,0,0.0,False,,,,,,,,,,,,,,,,,,,,,,,,,,True,True,True,True
episode-6677e5f5428bf2bac6ee,UNDRR DesInventar Nepal,1978,8,8,Central Region,Sarlahi,JAMUNIYA,HEAVY RAINS,0,0,0,0,4,0,0,0.0,False,,,,,,,,,,,,,,,,,,,,,,,,,,True,True,True,True
episode-ff1daea45ee3bca0ee53,UNDRR DesInventar Nepal,1978,8,8,Central Region,Sarlahi,LAKSMIPUR (KO),HEAVY RAINS,0,0,0,0,35,0,0,0.0,False,,,,,,,,,,,,,,,,,,,,,,,,,,True,True,True,True
episode-13fb6642dc19034ea64e,UNDRR DesInventar Nepal,1978,8,8,Central Region,Sarlahi,SUNDARPUR,HEAVY RAINS,0,0,0,0,12,0,0,0.0,False,,,,,,,,,,,,,,,,,,,,,,,,,,True,True,True,True
episode-873947292e19cf0ce07d,UNDRR DesInventar Nepal,1978,8,8,Central Region,Sarlahi,UNKNOWN,HEAVY RAINS,0,0,0,0,40,0,0,0.0,False,,,,,,,,,,,,,,,,,,,,,,,,,,True,True,True,True
episode-74cd5419da0293e6f63b,UNDRR DesInventar Nepal,1978,8,9,Western Region,Kaski,DANGSING,HEAVY RAINS,0,0,0,143,3,0,0,0.0,False,,,,,,,,,,,,,,,,,,,,,,,,,,True,True,True,True
episode-263bb660e0adbe8cd8f4,UNDRR DesInventar Nepal,1978,8,23,Mid-Western Region,Dang,CHAILAHI,HEAVY RAINS,0,0,0,0,25,0,0,0.0,False,,,,,,,,,,,,,,,,,,,,,,,,,,True,True,True,True
episode-0c69515830e86150aba1,UNDRR DesInventar Nepal,1978,9,5,Central Region,Chitawan,UNKNOWN,HEAVY RAINS,0,0,0,0,49,0,0,0.0,False,,,,,,,,,,,,,,,,,,,,,,,,,,True,True,True,True
episode-8ea4f160c6d2372c4ed7,UNDRR DesInventar Nepal,1978,9,9,Western Region,Nawalparasi,BADAHARA_DUBBAUL,OTHER,0,0,0,0,0,0,0,0.0,False,,,,,,,,,,,,,,,,,,,,,,,,,,True,True,True,True
episode-cc6bdfea32c50270d0a5,UNDRR DesInventar Nepal,1978,9,9,Western Region,Nawalparasi,BHUJAHAWA,OTHER,0,0,0,0,26,0,0,0.0,False,,,,,,,,,,,,,,,,,,,,,,,,,,True,True,True,True
episode-342352f57350d3e2f26b,UNDRR DesInventar Nepal,1978,9,9,Western Region,Nawalparasi,NARASAHI,OTHER,0,0,0,0,0,0,0,0.0,False,,,,,,,,,,,,,,,,,,,,,,,,,,True,True,True,True
episode-3f674e99179724a7324e,UNDRR DesInventar Nepal,1978,9,9,Western Region,Nawalparasi,RAMPURVA,OTHER,0,0,0,0,12,0,0,0.0,False,,,,,,,,,,,,,,,,,,,,,,,,,,True,True,True,True
episode-53319e9bbc7850e266dc,UNDRR DesInventar Nepal,1978,9,9,Western Region,Nawalparasi,UNKNOWN,OTHER,0,0,0,0,150,0,0,3000.0,True,,,,,,,,,,,,,,,,,,,,,,,,,,True,True,True,True
episode-10f4a6c7abbbb0054e18,UNDRR DesInventar Nepal,1978,9,10,Western Region,Rupandehi,UNKNOWN,UNKNOWN,0,0,0,301,52,0,0,0.0,False,,,,,,,,,,,,,,,,,,,,,,,,,,True,True,True,True
episode-0ec113f76a6510027d5c,UNDRR DesInventar Nepal,1978,9,18,Central Region,Kavre,BHUMLUTAR,HEAVY RAINS,0,0,0,0,0,0,0,0.0,False,,,,,,,,,,,,,,,,,,,,,,,,,,True,True,True,True
episode-81d39f6f3d174ebd8312,UNDRR DesInventar Nepal,1978,10,1,Eastern Region,Sunsari,UNKNOWN,UNKNOWN,0,0,0,0,4,0,0,0.0,False,,,,,,,,,,,,,,,,,,,,,,,,,,True,True,True,True
episode-1b5cef2855fffc6bfc02,UNDRR DesInventar Nepal,1979,2,20,Western Region,Rupandehi,ANANDABAN,OTHER,0,0,0,0,0,0,0,0.0,False,,,,,,,,,,,,,,,,,,,,,,,,,,True,True,True,True
episode-78b879c13a679ef2eeca,UNDRR DesInventar Nepal,1979,7,7,Eastern Region,Sunsari,UNKNOWN,OTHER,0,0,0,0,33,0,0,0.0,False,,,,,,,,,,,,,,,,,,,,,,,,,,True,True,True,True
episode-c49bdeaaf5ea6dbe9c26,UNDRR DesInventar Nepal,1979,8,1,Central Region,Sarlahi,UNKNOWN,OTHER,0,0,0,0,50,0,0,0.0,False,,,,,,,,,,,,,,,,,,,,,,,,,,True,True,True,True
episode-8160b1adaa2cc341524b,UNDRR DesInventar Nepal,1979,8,2,Eastern Region,Jhapa,UNKNOWN,RAIN,0,0,0,80,0,0,0,0.0,False,,,,,,,,,,,,,,,,,,,,,,,,,,True,True,True,True
episode-a40aa6443a6767609668,UNDRR DesInventar Nepal,1979,8,4,Eastern Region,Jhapa,TOPGANCHHI,OTHER,0,0,0,9,9,0,0,0.0,False,,,,,,,,,,,,,,,,,,,,,,,,,,True,True,True,True
episode-0fdafdaa369b53f61903,UNDRR DesInventar Nepal,1979,8,7,Western Region,Syangja,ARUKHARKA,OTHER,0,0,1,1160,0,0,0,0.0,False,,,,,,,,,,,,,,,,,,,,,,,,,,True,True,True,True
episode-a38fa821ea236aeed8e7,UNDRR DesInventar Nepal,1979,8,8,Mid-Western Region,Banke,NEPALGANJ N.P.,OTHER,0,0,0,10,0,0,0,0.0,False,,,,,,,,,,,,,,,,,,,,,,,,,,True,True,True,True
episode-de065810aa0d6a6949e0,UNDRR DesInventar Nepal,1979,8,8,Mid-Western Region,Banke,UNKNOWN,OTHER,0,0,0,0,25,0,0,0.0,False,,,,,,,,,,,,,,,,,,,,,,,,,,True,True,True,True
episode-c9dad0aa06ffd3a2a31d,UNDRR DesInventar Nepal,1979,8,11,Central Region,Kavre,UNKNOWN,LANDSLIDE,0,0,0,75,13,0,0,0.0,False,,,,,,,,,,,,,,,,,,,,,,,,,,True,True,True,True
episode-95c06ded193166f846dc,UNDRR DesInventar Nepal,1979,8,13,Western Region,Tanahu,UNKNOWN,OTHER,0,0,0,41,0,0,0,0.0,False,,,,,,,,,,,,,,,,,,,,,,,,,,True,True,True,True
episode-9f7b198e92fa83f280c9,UNDRR DesInventar Nepal,1979,8,20,Central Region,Makwanpur,HADIKHOLA,RAIN,15,0,1,331,7,0,0,0.0,False,,,,,,,,,,,,,,,,,,,,,,,,,,True,True,True,True
episode-832f1901326f143bd367,UNDRR DesInventar Nepal,1979,8,21,Central Region,Rautahat,UNKNOWN,OTHER,0,0,0,50000,500,0,0,0.0,False,,,,,,,,,,,,,,,,,,,,,,,,,,True,True,True,True
episode-dec066ca6a6304fa891f,UNDRR DesInventar Nepal,1979,8,27,Central Region,Chitawan,UNKNOWN,OTHER,0,0,0,0,7,0,0,0.0,False,,,,,,,,,,,,,,,,,,,,,,,,,,True,True,True,True
episode-35d787d490234a7e26e3,UNDRR DesInventar Nepal,1979,8,27,Central Region,Makwanpur,HATIYA,HEAVY RAINS,0,0,0,0,8,0,0,0.0,False,,,,,,,,,,,,,,,,,,,,,,,,,,True,True,True,True
episode-25164e4365e6a5be47b4,UNDRR DesInventar Nepal,1979,8,30,Mid-Western Region,Banke,UNKNOWN,OTHER,0,0,0,0,1,0,0,0.0,False,,,,,,,,,,,,,,,,,,,,,,,,,,True,True,True,True
episode-d18f5254d9df91832e2f,UNDRR DesInventar Nepal,1979,8,30,Central Region,Makwanpur,BHIMPHEDI,OTHER,0,0,0,0,0,0,0,0.0,False,,,,,,,,,,,,,,,,,,,,,,,,,,True,True,True,True
episode-af15fbcf44f3f8ec9ef6,UNDRR DesInventar Nepal,1979,8,31,Western Region,Syangja,PUTALIDHET NP,OTHER,0,0,0,0,2,0,0,0.0,False,,,,,,,,,,,,,,,,,,,,,,,,,,True,True,True,True
episode-067ab23d1ae098756d54,UNDRR DesInventar Nepal,1979,9,1,Eastern Region,Sunsari,UNKNOWN,OTHER,0,0,0,7,0,0,0,0.0,False,,,,,,,,,,,,,,,,,,,,,,,,,,True,True,True,True
episode-f580ac888cd518c12bbc,UNDRR DesInventar Nepal,1979,9,2,Central Region,Dhanusa,Raghunathpur,OTHER,0,0,0,0,13,0,0,0.0,False,,,,,,,,,,,,,,,,,,,,,,,,,,True,True,True,True
episode-9ad73a88302f9b896b9d,UNDRR DesInventar Nepal,1979,9,3,Eastern Region,Saptari,TILATHI,OTHER,0,0,0,25,0,0,0,0.0,False,,,,,,,,,,,,,,,,,,,,,,,,,,True,True,True,True
episode-680b5aec37c4e146b576,UNDRR DesInventar Nepal,1979,9,3,Western Region,Tanahu,UNKNOWN,HEAVY RAINS,0,0,0,0,0,0,0,0.0,False,,,,,,,,,,,,,,,,,,,,,,,,,,True,True,True,True
episode-3dbdec6a53dee5a722b5,UNDRR DesInventar Nepal,1979,9,5,Western Region,Kaski,PURANCHAUR,HEAVY RAINS,0,0,0,0,0,0,0,0.0,False,,,,,,,,,,,,,,,,,,,,,,,,,,True,True,True,True
episode-db4967f8555892aa6825,UNDRR DesInventar Nepal,1979,9,5,Western Region,Lamjung,UNKNOWN,RAIN,0,0,0,0,0,0,0,0.0,False,,,,,,,,,,,,,,,,,,,,,,,,,,True,True,True,True
episode-3b74a7578ff3323e5563,UNDRR DesInventar Nepal,1979,9,11,Eastern Region,Jhapa,DAMAK MUN.,RAIN,0,0,0,0,8,0,0,0.0,False,,,,,,,,,,,,,,,,,,,,,,,,,,True,True,True,True
episode-93fede453429d7fd4bc1,UNDRR DesInventar Nepal,1979,9,11,Eastern Region,Morang,Jhurkiya,HEAVY RAINS,0,0,0,0,35,0,0,0.0,False,,,,,,,,,,,,,,,,,,,,,,,,,,True,True,True,True
episode-b4e924441bf36f4d7e8c,UNDRR DesInventar Nepal,1980,6,23,Eastern Region,Taplejung,UNKNOWN,UNKNOWN,8,0,0,15,10,0,0,0.0,False,,,,,,,,,,,,,,,,,,,,,,,,,,True,True,True,True
episode-1e4a95dc45f778bab753,UNDRR DesInventar Nepal,1980,7,1,Far Western Region,Kanchanpur,CHANDANI,UNKNOWN,0,1,0,588,0,0,0,0.0,False,,,,,,,,,,,,,,,,,,,,,,,,,,True,True,True,True
episode-ae7b7add78b4177b0fc0,UNDRR DesInventar Nepal,1980,7,19,Central Region,Sindhupalchoke,Selan,RAIN,0,0,0,220,0,0,0,0.0,False,,,,,,,,,,,,,,,,,,,,,,,,,,True,True,True,True
episode-bfef49520ffcc6a6a93c,UNDRR DesInventar Nepal,1980,7,25,Central Region,Kathmandu,KATHMANDU METROPOLITAN CITY,UNKNOWN,0,0,0,0,2,1,0,0.0,False,,,,,,,,,,,,,,,,,,,,,,,,,,True,True,True,True
episode-9135a7ca9c793a36dcb9,UNDRR DesInventar Nepal,1980,8,9,Central Region,Rautahat,BASATPUR,TECHNICAL FAILU,0,0,0,165,30,0,0,0.0,False,,,,,,,,,,,,,,,,,,,,,,,,,,True,True,True,True
episode-f47881347d958c8d1112,UNDRR DesInventar Nepal,1980,8,9,Central Region,Rautahat,UNKNOWN,UNKNOWN,0,0,0,110,20,0,0,0.0,False,,,,,,,,,,,,,,,,,,,,,,,,,,True,True,True,True
episode-9bff1316e7b342db9ac0,UNDRR DesInventar Nepal,1980,8,13,Eastern Region,Sunsari,Mahendranagar,UNKNOWN,0,0,0,0,523,0,0,0.0,False,,,,,,,,,,,,,,,,,,,,,,,,,,True,True,True,True
episode-6504dc233b3c58bd03a1,UNDRR DesInventar Nepal,1980,8,14,Far Western Region,Kanchanpur,RAUTELI BICHAWA,UNKNOWN,0,0,0,682,22,121,0,0.0,False,,,,,,,,,,,,,,,,,,,,,,,,,,True,True,True,True
episode-252bf9fb72477aed0b4f,UNDRR DesInventar Nepal,1980,9,7,Eastern Region,Jhapa,TOPGANCHHI,UNKNOWN,0,0,0,0,15,0,0,0.0,False,,,,,,,,,,,,,,,,,,,,,,,,,,True,True,True,True
episode-bdc18bd2a689e68a3ce8,UNDRR DesInventar Nepal,1981,5,28,Central Region,Kavre,UNKNOWN,OTHER,4,0,1,0,0,0,0,0.0,False,,,,,,,,,,,,,,,,,,,,,,,,,,True,True,True,True
episode-5346951a349051b3b9d7,UNDRR DesInventar Nepal,1981,6,29,Eastern Region,Morang,Biratnagar Municipality,OTHER,0,0,0,0,0,30,0,0.0,True,,,,,,,,,,,,,,,,,,,,,,,,,,True,True,True,True
episode-9a8892158294b2cb237a,UNDRR DesInventar Nepal,1981,7,2,Western Region,Baglung,DUDILABHATI,HEAVY RAINS,0,0,0,0,6,0,0,0.0,False,,,,,,,,,,,,,,,,,,,,,,,,,,True,True,True,True
episode-94da4e34722b39911ff4,UNDRR DesInventar Nepal,1981,7,7,Western Region,Baglung,MALIKA,HEAVY RAINS,1,1,0,0,2,0,0,0.0,False,,,,,,,,,,,,,,,,,,,,,,,,,,True,True,True,True
episode-0f5b0b68bb5d932491ed,UNDRR DesInventar Nepal,1981,7,7,Western Region,Myagdi,JYMARUKOT,HEAVY RAINS,0,0,0,0,0,0,0,0.0,False,,,,,,,,,,,,,,,,,,,,,,,,,,True,True,True,True
episode-214d1617ff64d338439d,UNDRR DesInventar Nepal,1981,7,10,Central Region,Sindhupalchoke,Tatopani,OTHER,0,1,0,0,33,0,0,0.0,True,,,,,,,,,,,,,,,,,,,,,,,,,,True,True,True,True
episode-a59b13150b9dc8436b4f,UNDRR DesInventar Nepal,1981,7,10,Central Region,Sindhupalchoke,UNKNOWN,OTHER,0,1,0,0,5,0,0,0.0,True,,,,,,,,,,,,,,,,,,,,,,,,,,True,True,True,True
episode-f8c2aab372f90baa7ed5,UNDRR DesInventar Nepal,1981,7,13,Far Western Region,Bajura,Budhiganga,OTHER,0,3,0,0,0,0,0,0.0,False,,,,,,,,,,,,,,,,,,,,,,,,,,True,True,True,True
episode-999143a40c23f6d54f9c,UNDRR DesInventar Nepal,1981,7,13,Western Region,Rupandehi,ANANDABAN,OTHER,0,0,0,0,0,0,0,0.0,False,,,,,,,,,,,,,,,,,,,,,,,,,,True,True,True,True
episode-b6dba9487e9624272c80,UNDRR DesInventar Nepal,1981,7,14,Eastern Region,Jhapa,TOPGANCHHI,OTHER,0,0,0,0,7,0,0,0.0,False,,,,,,,,,,,,,,,,,,,,,,,,,,True,True,True,True
episode-b0dbf2d6eaa761195820,UNDRR DesInventar Nepal,1981,7,14,Eastern Region,Jhapa,UNKNOWN,OTHER,0,0,0,0,20,0,0,0.0,False,,,,,,,,,,,,,,,,,,,,,,,,,,True,True,True,True
episode-06ce9b1bccaaf8aaf070,UNDRR DesInventar Nepal,1981,7,17,Mid-Western Region,Banke,UNKNOWN,OTHER,0,2,0,0,0,0,0,0.0,False,,,,,,,,,,,,,,,,,,,,,,,,,,True,True,True,True
episode-13b333a893824ae731ed,UNDRR DesInventar Nepal,1981,7,17,Far Western Region,Kanchanpur,RAUTELI BICHAWA,HEAVY RAINS,0,0,0,0,72,0,0,0.0,False,,,,,,,,,,,,,,,,,,,,,,,,,,True,True,True,True
episode-def1e02f3094e66e6cdc,UNDRR DesInventar Nepal,1981,7,17,Far Western Region,Kanchanpur,UNKNOWN,HEAVY RAINS,0,0,0,0,0,0,0,0.0,False,,,,,,,,,,,,,,,,,,,,,,,,,,True,True,True,True
episode-a2c82fb93f7095a120eb,UNDRR DesInventar Nepal,1981,7,18,Eastern Region,Saptari,UNKNOWN,OTHER,0,0,0,0,0,0,0,0.0,False,,,,,,,,,,,,,,,,,,,,,,,,,,True,True,True,True
episode-61873c2db52cafa91434,UNDRR DesInventar Nepal,1981,7,30,Eastern Region,Siraha,Kalyanpur,OTHER,0,0,0,0,0,0,0,0.0,False,,,,,,,,,,,,,,,,,,,,,,,,,,True,True,True,True
episode-c9863a6ba0734f38cbd7,UNDRR DesInventar Nepal,1981,8,4,Far Western Region,Kanchanpur,MAHENDRA NAGAR N.P.,LANDSLIDE,0,0,0,974,0,0,0,0.0,False,,,,,,,,,,,,,,,,,,,,,,,,,,True,True,True,True
episode-89194df674384a4d1765,UNDRR DesInventar Nepal,1981,8,5,Eastern Region,Morang,Govindapur,OTHER,0,0,0,46,0,0,0,0.0,False,,,,,,,,,,,,,,,,,,,,,,,,,,True,True,True,True
episode-4442f197da908291fe58,UNDRR DesInventar Nepal,1981,8,8,Western Region,Rupandehi,MAINAHIYA,HEAVY RAINS,0,0,0,0,57,0,0,0.0,False,,,,,,,,,,,,,,,,,,,,,,,,,,True,True,True,True
episode-1fdef53e616d2a37560d,UNDRR DesInventar Nepal,1981,8,8,Western Region,Rupandehi,SIDDHARTHANAGAR_NP,UNKNOWN,0,0,0,154,55,0,0,0.0,False,,,,,,,,,,,,,,,,,,,,,,,,,,True,True,True,True
episode-44c936e96ef336efef57,UNDRR DesInventar Nepal,1981,8,10,Eastern Region,Sunsari,UNKNOWN,OTHER,0,0,0,1740,0,0,0,0.0,False,,,,,,,,,,,,,,,,,,,,,,,,,,True,True,True,True
episode-691f65d2db0ecd0fef4d,UNDRR DesInventar Nepal,1981,8,22,Central Region,Sindhupalchoke,Phulpinkatti,OTHER,0,13,0,0,1,0,0,0.0,False,,,,,,,,,,,,,,,,,,,,,,,,,,True,True,True,True
episode-8d0494843af6b7954da3,UNDRR DesInventar Nepal,1981,9,10,Western Region,Arghakanchi,UNKNOWN,UNKNOWN,1,6,0,0,0,0,0,0.0,False,,,,,,,,,,,,,,,,,,,,,,,,,,True,True,True,True
episode-38ebdc593b5b31fb08c6,UNDRR DesInventar Nepal,1981,9,10,Western Region,Nawalparasi,UNKNOWN,OTHER,3,5,0,0,36,0,0,0.0,False,,,,,,,,,,,,,,,,,,,,,,,,,,True,True,True,True
episode-4d73ea4b1637cee7470c,UNDRR DesInventar Nepal,1981,9,10,Western Region,Rupandehi,BUTAWAL_NP,OTHER,35,83,0,14500,0,2,0,0.0,False,,,,,,,,,,,,,,,,,,,,,,,,,,True,True,True,True
episode-76d89d24849f30c742eb,UNDRR DesInventar Nepal,1981,9,26,Mid-Western Region,Pyuthan,UNKNOWN,LANDSLIDE,4,0,0,0,0,0,0,0.0,False,,,,,,,,,,,,,,,,,,,,,,,,,,True,True,True,True
episode-18d08c2ff9a6423fea92,UNDRR DesInventar Nepal,1981,9,28,Central Region,Lalitpur,Lele,HEAVY RAINS,8,8,0,0,13,0,0,0.0,False,,,,,,,,,,,,,,,,,,,,,,,,,,True,True,True,True
episode-da8d222e28174abfe9c5,UNDRR DesInventar Nepal,1981,9,28,Central Region,Lalitpur,Lele,OTHER,8,8,0,0,13,0,0,0.0,False,,,,,,,,,,,,,,,,,,,,,,,,,,True,True,True,True
episode-bd2dec33646555d3381b,UNDRR DesInventar Nepal,1981,9,29,Central Region,Kathmandu,DAKSINKALI,OTHER,0,0,0,0,0,0,0,0.0,False,,,,,,,,,,,,,,,,,,,,,,,,,,True,True,True,True
episode-2d4313976d093a97b9fc,UNDRR DesInventar Nepal,1981,9,29,Western Region,Palpa,UNKNOWN,OTHER,5,22,0,25000,125,0,0,0.0,False,,,,,,,,,,,,,,,,,,,,,,,,,,True,True,True,True
episode-767bedfab9873bffe379,UNDRR DesInventar Nepal,1981,9,30,Western Region,Arghakanchi,UNKNOWN,OTHER,3,3,0,0,0,0,0,0.0,False,,,,,,,,,,,,,,,,,,,,,,,,,,True,True,True,True
episode-075b0fde6003964450ea,UNDRR DesInventar Nepal,1981,9,30,Central Region,Lalitpur,Chapagaon,OTHER,7,0,0,0,25,0,0,0.0,False,,,,,,,,,,,,,,,,,,,,,,,,,,True,True,True,True
episode-bdaa623d2d92235f6d7a,UNDRR DesInventar Nepal,1981,9,30,Central Region,Lalitpur,UNKNOWN,HEAVY RAINS,18,0,0,0,8,70,0,0.0,False,,,,,,,,,,,,,,,,,,,,,,,,,,True,True,True,True
episode-c9a8bae77fd2f53643a8,UNDRR DesInventar Nepal,1981,9,30,Central Region,Lalitpur,UNKNOWN,OTHER,0,10,0,0,10,0,0,0.0,False,,,,,,,,,,,,,,,,,,,,,,,,,,True,True,True,True
episode-414b44697a8c1c6af7e8,UNDRR DesInventar Nepal,1981,9,30,Western Region,Nawalparasi,TAMSARIYA,OTHER,5,0,0,0,0,0,0,0.0,False,,,,,,,,,,,,,,,,,,,,,,,,,,True,True,True,True
episode-6111c969783e9489fc15,UNDRR DesInventar Nepal,1981,9,30,Western Region,Nawalparasi,UNKNOWN,OTHER,0,0,0,4,0,694,0,0.0,False,,,,,,,,,,,,,,,,,,,,,,,,,,True,True,True,True
episode-f9b6acbf83e88a3fcaa0,UNDRR DesInventar Nepal,1981,9,30,Western Region,Tanahu,UNKNOWN,HEAVY RAINS,23,7,4,0,0,0,0,0.0,False,,,,,,,,,,,,,,,,,,,,,,,,,,True,True,True,True
episode-ca8e22ff940b5b9e7e12,UNDRR DesInventar Nepal,1981,9,31,Western Region,Rupandehi,UNKNOWN,OTHER,1,0,0,0,144,0,0,0.0,False,,,,,,,,,,,,,,,,,,,,,,,,,,True,True,True,True
episode-6e9c0957344a52fc5065,UNDRR DesInventar Nepal,1981,10,10,Western Region,Palpa,UNKNOWN,HEAVY RAINS,4,27,0,0,0,0,0,0.0,False,,,,,,,,,,,,,,,,,,,,,,,,,,True,True,True,True
episode-4bde386eb8f1b2d39f2a,UNDRR DesInventar Nepal,1982,7,9,Central Region,Dolakha,Lapilang,HEAVY RAINS,0,0,0,0,0,0,0,0.0,False,,,,,,,,,,,,,,,,,,,,,,,,,,True,True,True,True
episode-0ede33d4df7d03a4185d,UNDRR DesInventar Nepal,1982,7,9,Central Region,Sarlahi,SISAUT,RAIN,0,0,0,0,9,0,0,0.0,False,,,,,,,,,,,,,,,,,,,,,,,,,,True,True,True,True
episode-39ce771779bbf2078bef,UNDRR DesInventar Nepal,1982,7,9,Central Region,Sarlahi,SUNDARPUR,RAIN,0,0,0,0,0,0,0,0.0,False,,,,,,,,,,,,,,,,,,,,,,,,,,True,True,True,True
episode-06de0ceeb98815e49e9d,UNDRR DesInventar Nepal,1982,7,28,Central Region,Parsa,Janakitola,HEAVY RAINS,0,0,0,0,20,0,0,0.0,False,,,,,,,,,,,,,,,,,,,,,,,,,,True,True,True,True
episode-24f88bfb486cb98e8ebc,UNDRR DesInventar Nepal,1982,7,28,Eastern Region,Saptari,UNKNOWN,RAIN,0,0,0,0,0,0,0,0.0,False,,,,,,,,,,,,,,,,,,,,,,,,,,True,True,True,True
episode-9fd3b99db4a946bbd463,UNDRR DesInventar Nepal,1982,7,29,Eastern Region,Sankhuwasabha,Sabhapokhari,RAIN,1,0,0,534,0,0,0,0.0,False,,,,,,,,,,,,,,,,,,,,,,,,,,True,True,True,True
episode-6f649d235b89a09120d3,UNDRR DesInventar Nepal,1982,8,7,Eastern Region,Saptari,UNKNOWN,RAIN,0,0,0,0,1,0,0,0.0,False,,,,,,,,,,,,,,,,,,,,,,,,,,True,True,True,True
episode-b35bbc2102003efc0686,UNDRR DesInventar Nepal,1982,8,15,Western Region,Kaski,DHITAL,HEAVY RAINS,1,0,0,30,0,0,0,0.0,False,,,,,,,,,,,,,,,,,,,,,,,,,,True,True,True,True
episode-66c19256ae290ad7d1ca,UNDRR DesInventar Nepal,1982,8,15,Western Region,Kaski,LUMLE,HEAVY RAINS,0,0,0,0,0,0,0,0.0,False,,,,,,,,,,,,,,,,,,,,,,,,,,True,True,True,True
episode-ec22dfaf1dee5fdc0799,UNDRR DesInventar Nepal,1982,8,17,Western Region,Nawalparasi,PRASAUNI,RAIN,0,0,0,0,0,0,0,0.0,False,,,,,,,,,,,,,,,,,,,,,,,,,,True,True,True,True
episode-8865caac6748e8db612a,UNDRR DesInventar Nepal,1982,8,17,Central Region,Ramechhap,Khimti,HEAVY RAINS,1,2,0,0,0,21,0,0.0,False,,,,,,,,,,,,,,,,,,,,,,,,,,True,True,True,True
episode-149bd32c717d81491066,UNDRR DesInventar Nepal,1982,8,17,Western Region,Rupandehi,BUTAWAL_NP,RAIN,0,0,0,0,1,0,0,0.0,False,,,,,,,,,,,,,,,,,,,,,,,,,,True,True,True,True
episode-673f72027ef6d3fd3ff2,UNDRR DesInventar Nepal,1982,8,17,Western Region,Rupandehi,SALJHANDI,RAIN,0,0,0,0,0,0,0,0.0,False,,,,,,,,,,,,,,,,,,,,,,,,,,True,True,True,True
episode-2bda3074b8fc8314498c,UNDRR DesInventar Nepal,1982,9,5,Central Region,Sindhupalchoke,Chautara,HEAVY RAINS,0,0,0,0,0,0,0,0.0,False,,,,,,,,,,,,,,,,,,,,,,,,,,True,True,True,True
episode-28edeab40a1ddfa32072,UNDRR DesInventar Nepal,1982,9,16,Mid-Western Region,Banke,UNKNOWN,RAIN,0,0,0,0,0,0,0,0.0,False,,,,,,,,,,,,,,,,,,,,,,,,,,True,True,True,True
episode-6e48042311ccd7c64a84,UNDRR DesInventar Nepal,1982,9,16,Eastern Region,Udayapur,Rupatar,RAIN,0,0,0,0,15,0,0,0.0,False,,,,,,,,,,,,,,,,,,,,,,,,,,True,True,True,True
episode-80320b4ee7d6baf04f93,UNDRR DesInventar Nepal,1982,9,22,Mid-Western Region,Banke,BANKATAWA,HEAVY RAINS,0,0,0,0,0,0,0,0.0,False,,,,,,,,,,,,,,,,,,,,,,,,,,True,True,True,True
episode-2de80ca50535ad38d50c,UNDRR DesInventar Nepal,1983,5,9,Central Region,Nuwakot,OKHARPAUWA,HEAVY RAINS,2,1,0,0,0,0,0,0.0,False,,,,,,,,,,,,,,,,,,,,,,,,,,True,True,True,True
episode-b1a6ff50669d9acfe80a,UNDRR DesInventar Nepal,1983,5,15,Central Region,Bhaktapur,BALKOT,HEAVY RAINS,1,0,0,0,0,0,0,0.0,False,,,,,,,,,,,,,,,,,,,,,,,,,,True,True,True,True
episode-b68eda9a412e4959c2ae,UNDRR DesInventar Nepal,1983,6,17,Eastern Region,Khotang,Sungdel,HEAVY RAINS,0,0,0,0,0,1,0,0.0,False,,,,,,,,,,,,,,,,,,,,,,,,,,True,True,True,True
episode-a44b0e9bcb303772767c,UNDRR DesInventar Nepal,1983,6,22,Mid-Western Region,Jumla,TALIUM,HEAVY RAINS,0,0,0,0,0,0,0,0.0,False,,,,,,,,,,,,,,,,,,,,,,,,,,True,True,True,True
episode-3eb1d1f48ba2652b3f4e,UNDRR DesInventar Nepal,1983,7,4,Eastern Region,Udayapur,Sundarpur,HEAVY RAINS,0,0,0,0,0,0,0,0.0,False,,,,,,,,,,,,,,,,,,,,,,,,,,True,True,True,True
episode-faa6ec7156a92ca095b3,UNDRR DesInventar Nepal,1983,7,18,Central Region,Kathmandu,KATHMANDU METROPOLITAN CITY,HEAVY RAINS,0,0,0,0,1,0,0,0.0,False,,,,,,,,,,,,,,,,,,,,,,,,,,True,True,True,True
episode-9aa1749aeccf887dfca2,UNDRR DesInventar Nepal,1983,7,19,Eastern Region,Udayapur,Sundarpur,HEAVY RAINS,0,0,0,0,7,0,0,0.0,False,,,,,,,,,,,,,,,,,,,,,,,,,,True,True,True,True
episode-c19e86df408db44a228e,UNDRR DesInventar Nepal,1983,7,20,Western Region,Kaski,UNKNOWN,HEAVY RAINS,0,0,0,0,0,0,0,0.0,False,,,,,,,,,,,,,,,,,,,,,,,,,,True,True,True,True
episode-eabaec55c810e1ee7079,UNDRR DesInventar Nepal,1983,7,23,Eastern Region,Jhapa,UNKNOWN,HEAVY RAINS,0,0,0,0,0,0,0,0.0,False,,,,,,,,,,,,,,,,,,,,,,,,,,True,True,True,True
episode-57fb5f5d396eff1b9bcd,UNDRR DesInventar Nepal,1983,7,24,Western Region,Syangja,UNKNOWN,HEAVY RAINS,0,0,0,0,0,0,0,0.0,False,,,,,,,,,,,,,,,,,,,,,,,,,,True,True,True,True
episode-b32511d76cf8279962f0,UNDRR DesInventar Nepal,1983,7,27,Eastern Region,Jhapa,DANGIBARI,HEAVY RAINS,0,0,0,0,0,5,0,0.0,False,,,,,,,,,,,,,,,,,,,,,,,,,,True,True,True,True
episode-df2d4b22c98dedfa2991,UNDRR DesInventar Nepal,1983,7,27,Eastern Region,Jhapa,GHAILADUWA,HEAVY RAINS,0,0,0,0,0,21,67,0.0,False,,,,,,,,,,,,,,,,,,,,,,,,,,True,True,True,True
episode-e0eea39ad3b1cdbe3b25,UNDRR DesInventar Nepal,1983,7,27,Eastern Region,Jhapa,SATASIDHAM,UNKNOWN,0,0,0,0,9,0,0,0.0,False,,,,,,,,,,,,,,,,,,,,,,,,,,True,True,True,True
episode-7a2933b22ac8ef0734a6,UNDRR DesInventar Nepal,1983,7,27,Eastern Region,Morang,Urlabari,UNKNOWN,0,0,0,95,0,0,0,0.0,False,,,,,,,,,,,,,,,,,,,,,,,,,,True,True,True,True
episode-8387efbdd54368008dd5,UNDRR DesInventar Nepal,1983,7,31,Western Region,Baglung,BHIMPOKHARA,UNKNOWN,25,0,0,0,0,0,0,0.0,False,,,,,,,,,,,,,,,,,,,,,,,,,,True,True,True,True
episode-fc2ce06d39f6a570bae6,UNDRR DesInventar Nepal,1983,7,31,Western Region,Baglung,MALIKA,HEAVY RAINS,0,0,0,0,5,0,0,0.0,True,,,,,,,,,,,,,,,,,,,,,,,,,,True,True,True,True
episode-dba1e13ebdbd286ff3d4,UNDRR DesInventar Nepal,1983,7,31,Western Region,Myagdi,UNKNOWN,HEAVY RAINS,0,0,0,0,0,0,0,0.0,False,,,,,,,,,,,,,,,,,,,,,,,,,,True,True,True,True
episode-f0920349e6dc8b60fa51,UNDRR DesInventar Nepal,1983,8,1,Central Region,Kathmandu,KATHMANDU METROPOLITAN CITY,HEAVY RAINS,0,0,0,0,0,0,0,0.0,True,,,,,,,,,,,,,,,,,,,,,,,,,,True,True,True,True
episode-a742ca6f9344b577038c,UNDRR DesInventar Nepal,1983,8,2,Central Region,Kathmandu,KATHMANDU METROPOLITAN CITY,HEAVY RAINS,2,0,1,0,0,0,0,0.0,False,,,,,,,,,,,,,,,,,,,,,,,,,,True,True,True,True
episode-95f5f3d5737773b505a2,UNDRR DesInventar Nepal,1983,8,2,Central Region,Kathmandu,UNKNOWN,HEAVY RAINS,0,0,0,0,0,0,0,0.0,False,,,,,,,,,,,,,,,,,,,,,,,,,,True,True,True,True
episode-62c5f902256a42a7fc20,UNDRR DesInventar Nepal,1983,8,7,Western Region,Baglung,PANDAVKHANI,HEAVY RAINS,10,0,0,0,10,0,0,0.0,True,,,,,,,,,,,,,,,,,,,,,,,,,,True,True,True,True
episode-84e477009c8576d88317,UNDRR DesInventar Nepal,1983,8,15,Far Western Region,Doti,UNKNOWN,HEAVY RAINS,2,0,0,0,0,0,0,0.0,False,,,,,,,,,,,,,,,,,,,,,,,,,,True,True,True,True
episode-0daeba9635d0277cb5b6,UNDRR DesInventar Nepal,1983,8,20,Eastern Region,Sunsari,Parkashpur,HEAVY RAINS,0,0,0,157,3,0,0,0.0,False,,,,,,,,,,,,,,,,,,,,,,,,,,True,True,True,True
episode-13704cdba4e2964bbc84,UNDRR DesInventar Nepal,1983,8,25,Far Western Region,Darchula,Guljar,HEAVY RAINS,0,0,0,500,8,55,0,0.0,False,,,,,,,,,,,,,,,,,,,,,,,,,,True,True,True,True
episode-926c488e301bb572fdff,UNDRR DesInventar Nepal,1983,8,28,Eastern Region,Siraha,UNKNOWN,HEAVY RAINS,0,0,0,0,0,1000,0,560.0,True,,,,,,,,,,,,,,,,,,,,,,,,,,True,True,True,True
episode-8795260c1b01ee7b9812,UNDRR DesInventar Nepal,1983,9,4,Eastern Region,Sankhuwasabha,Kharang,UNKNOWN,0,1,0,0,0,0,0,0.0,False,,,,,,,,,,,,,,,,,,,,,,,,,,True,True,True,True
episode-840cc1fe76a19d6c6485,UNDRR DesInventar Nepal,1983,9,13,Eastern Region,Sunsari,Barahachhatra,HEAVY RAINS,0,0,0,0,0,0,0,0.0,False,,,,,,,,,,,,,,,,,,,,,,,,,,True,True,True,True
episode-43fc9cb445b418cb90fa,UNDRR DesInventar Nepal,1983,9,16,Central Region,Dolakha,UNKNOWN,HEAVY RAINS,5,0,0,0,0,10,0,0.0,False,,,,,,,,,,,,,,,,,,,,,,,,,,True,True,True,True
episode-c67babdf3f620626e53c,UNDRR DesInventar Nepal,1983,9,20,Mid-Western Region,Banke,NARAINAPUR,UNKNOWN,0,0,0,0,0,0,0,0.0,False,,,,,,,,,,,,,,,,,,,,,,,,,,True,True,True,True
episode-0f0f25123e9dc9fe5b68,UNDRR DesInventar Nepal,1983,10,18,Far Western Region,Kanchanpur,CHANDANI,HEAVY RAINS,0,0,0,0,20,0,0,0.0,False,,,,,,,,,,,,,,,,,,,,,,,,,,True,True,True,True
episode-3a715ad8b7008d600ca3,UNDRR DesInventar Nepal,1984,6,23,Central Region,Bara,UNKNOWN,HEAVY RAINS,0,0,0,246,0,0,0,0.0,False,,,,,,,,,,,,,,,,,,,,,,,,,,True,True,True,True
episode-d195d922a01ca0b7af44,UNDRR DesInventar Nepal,1984,7,14,Eastern Region,Jhapa,LAKHANPUR,HEAVY RAINS,0,0,0,0,0,1,0,0.0,False,,,,,,,,,,,,,,,,,,,,,,,,,,True,True,True,True
episode-67c29f6353325f4a199d,UNDRR DesInventar Nepal,1984,7,15,Eastern Region,Saptari,RAJBIRAJ MUNICIPALITY,HEAVY RAINS,0,0,0,0,0,0,0,3000.0,True,,,,,,,,,,,,,,,,,,,,,,,,,,True,True,True,True
episode-7d5b61fe2f864fb306de,UNDRR DesInventar Nepal,1984,7,17,Mid-Western Region,Rukum,GOTAME_KOT,HEAVY RAINS,2,0,0,0,50,0,0,0.0,False,,,,,,,,,,,,,,,,,,,,,,,,,,True,True,True,True
episode-587d5527604370fdd56f,UNDRR DesInventar Nepal,1984,7,20,Far Western Region,Achham,BUDHAKOT,HEAVY RAINS,0,0,0,722,0,0,0,0.0,False,,,,,,,,,,,,,,,,,,,,,,,,,,True,True,True,True
episode-524776972d4214babe22,UNDRR DesInventar Nepal,1984,7,20,Mid-Western Region,Dang,PANCHAKULE,HEAVY RAINS,0,0,0,0,8,0,0,0.0,False,,,,,,,,,,,,,,,,,,,,,,,,,,True,True,True,True
episode-6e3343b673d29a86e68d,UNDRR DesInventar Nepal,1984,7,20,Central Region,Sindhupalchoke,UNKNOWN,HEAVY RAINS,0,0,0,0,8,0,0,0.0,False,,,,,,,,,,,,,,,,,,,,,,,,,,True,True,True,True
episode-143f4a380ccd53ebadfc,UNDRR DesInventar Nepal,1984,7,20,Eastern Region,Terhathum,Jirikhimti,HEAVY RAINS,0,0,2,0,0,5,0,0.0,False,,,,,,,,,,,,,,,,,,,,,,,,,,True,True,True,True
episode-db77f8f09636b456e8ab,UNDRR DesInventar Nepal,1984,7,21,Far Western Region,Achham,DHAMALI,HEAVY RAINS,0,0,0,20,1,0,0,0.0,False,,,,,,,,,,,,,,,,,,,,,,,,,,True,True,True,True
episode-fd29f327d35b92047625,UNDRR DesInventar Nepal,1984,7,22,Eastern Region,Ilam,SIDDHITHUMKA,HEAVY RAINS,1,3,0,0,0,0,0,0.0,False,,,,,,,,,,,,,,,,,,,,,,,,,,True,True,True,True
episode-619634c7d8205b38ae26,UNDRR DesInventar Nepal,1984,7,23,Mid-Western Region,Banke,BAGESHWORI,HEAVY RAINS,0,0,0,0,0,0,0,0.0,False,,,,,,,,,,,,,,,,,,,,,,,,,,True,True,True,True
episode-d11b1eb2edf25dee3a13,UNDRR DesInventar Nepal,1984,7,23,Mid-Western Region,Banke,NEPALGANJ N.P.,HEAVY RAINS,0,0,0,0,0,0,0,0.0,False,,,,,,,,,,,,,,,,,,,,,,,,,,True,True,True,True
episode-7b82e7eded8f98587094,UNDRR DesInventar Nepal,1984,7,23,Central Region,Dhanusa,Janakpur Municipality,HEAVY RAINS,0,0,0,0,0,0,0,0.0,False,,,,,,,,,,,,,,,,,,,,,,,,,,True,True,True,True
episode-446ec5e98a052ee1cbec,UNDRR DesInventar Nepal,1984,7,23,Western Region,Gulmi,UNKNOWN,HEAVY RAINS,7,0,0,0,0,0,0,0.0,False,,,,,,,,,,,,,,,,,,,,,,,,,,True,True,True,True
episode-e0f0ca11aa01c79dd338,UNDRR DesInventar Nepal,1984,7,25,Central Region,Dhanusa,Lagamayadha Guthi,HEAVY RAINS,0,0,0,0,0,0,0,0.0,True,,,,,,,,,,,,,,,,,,,,,,,,,,True,True,True,True
episode-54c3ab42dbfc36567e3d,UNDRR DesInventar Nepal,1984,7,25,Central Region,Mahotari,UNKNOWN,HEAVY RAINS,0,0,0,0,175,0,0,0.0,False,,,,,,,,,,,,,,,,,,,,,,,,,,True,True,True,True
episode-8570d770df99104ea931,UNDRR DesInventar Nepal,1984,7,25,Mid-Western Region,Rukum,KHARA,HEAVY RAINS,4,0,0,0,0,0,0,0.0,False,,,,,,,,,,,,,,,,,,,,,,,,,,True,True,True,True
episode-427dad14d853ebb2267c,UNDRR DesInventar Nepal,1984,7,25,Mid-Western Region,Rukum,RANSI,HEAVY RAINS,4,0,0,0,1,0,0,0.0,False,,,,,,,,,,,,,,,,,,,,,,,,,,True,True,True,True
episode-04ca92f26bddf2707fb5,UNDRR DesInventar Nepal,1984,7,25,Mid-Western Region,Rukum,RUNGHA,HEAVY RAINS,0,0,0,134,0,0,0,0.0,False,,,,,,,,,,,,,,,,,,,,,,,,,,True,True,True,True
episode-b80476debdfddbba67ed,UNDRR DesInventar Nepal,1984,7,26,Mid-Western Region,Banke,UNKNOWN,HEAVY RAINS,0,0,0,0,0,0,0,0.0,True,,,,,,,,,,,,,,,,,,,,,,,,,,True,True,True,True
episode-aa2938492163931b6168,UNDRR DesInventar Nepal,1984,7,27,Far Western Region,Kailali,DHANGADHI MUNICIPALITY,HEAVY RAINS,1,0,0,900,36,0,0,10.0,True,,,,,,,,,,,,,,,,,,,,,,,,,,True,True,True,True
episode-f0639df94e9b59afb1c9,UNDRR DesInventar Nepal,1984,7,27,Eastern Region,Udayapur,UNKNOWN,HEAVY RAINS,0,0,0,0,0,0,0,0.0,True,,,,,,,,,,,,,,,,,,,,,,,,,,True,True,True,True
episode-6b3d8f37c2a3194529f1,UNDRR DesInventar Nepal,1984,7,30,Mid-Western Region,Bardiya,PASHUPATI MAGAR,HEAVY RAINS,0,0,0,0,0,0,0,0.0,False,,,,,,,,,,,,,,,,,,,,,,,,,,True,True,True,True
episode-a1928d7fa7ee5e5bb38a,UNDRR DesInventar Nepal,1984,8,1,Eastern Region,Jhapa,DAMAK MUN.,HEAVY RAINS,0,0,0,0,0,0,0,0.0,False,,,,,,,,,,,,,,,,,,,,,,,,,,True,True,True,True
episode-b23c2ec14f65b1b149ca,UNDRR DesInventar Nepal,1984,8,1,Eastern Region,Jhapa,LAKHANPUR,HEAVY RAINS,0,0,0,73,0,0,0,0.0,True,,,,,,,,,,,,,,,,,,,,,,,,,,True,True,True,True
episode-9808428f088b4d6e36e1,UNDRR DesInventar Nepal,1984,8,1,Eastern Region,Morang,Belbari,HEAVY RAINS,0,0,0,84,0,0,0,0.0,False,,,,,,,,,,,,,,,,,,,,,,,,,,True,True,True,True
episode-7a56f9ac34a9a79356de,UNDRR DesInventar Nepal,1984,8,1,Eastern Region,Morang,Dangighat,HEAVY RAINS,0,0,0,90,0,0,0,0.0,False,,,,,,,,,,,,,,,,,,,,,,,,,,True,True,True,True
episode-d0eb6d00a0414e991c66,UNDRR DesInventar Nepal,1984,8,1,Eastern Region,Siraha,Bastipur,HEAVY RAINS,0,0,0,0,0,0,0,0.0,False,,,,,,,,,,,,,,,,,,,,,,,,,,True,True,True,True
episode-a14057f293ccae9b780b,UNDRR DesInventar Nepal,1984,8,4,Mid-Western Region,Banke,BAGESHWORI,HEAVY RAINS,0,0,0,0,0,0,0,0.0,False,,,,,,,,,,,,,,,,,,,,,,,,,,True,True,True,True
episode-1c26b39d6c6094c8f69b,UNDRR DesInventar Nepal,1984,8,4,Mid-Western Region,Banke,UNKNOWN,HEAVY RAINS,0,0,0,0,35,0,0,0.0,False,,,,,,,,,,,,,,,,,,,,,,,,,,True,True,True,True
episode-9d5edbe11e869bcde67c,UNDRR DesInventar Nepal,1984,8,4,Mid-Western Region,Bardiya,GOLA,HEAVY RAINS,0,0,0,39,0,0,0,0.0,False,,,,,,,,,,,,,,,,,,,,,,,,,,True,True,True,True
episode-7028c0dc173d51aea451,UNDRR DesInventar Nepal,1984,8,7,Western Region,Syangja,ARUKHARKA,HEAVY RAINS,0,0,0,0,2,0,0,0.0,False,,,,,,,,,,,,,,,,,,,,,,,,,,True,True,True,True
episode-0effd8083cce8f5fc677,UNDRR DesInventar Nepal,1984,8,8,Eastern Region,Saptari,UNKNOWN,HEAVY RAINS,0,0,0,0,0,0,0,0.0,False,,,,,,,,,,,,,,,,,,,,,,,,,,True,True,True,True
episode-1b05d2d55c092d9f8e8e,UNDRR DesInventar Nepal,1984,8,8,Eastern Region,Udayapur,Beltar,HEAVY RAINS,0,0,0,0,0,0,0,0.0,False,,,,,,,,,,,,,,,,,,,,,,,,,,True,True,True,True
episode-7916a73ae90c1298d276,UNDRR DesInventar Nepal,1984,8,11,Far Western Region,Kailali,MALAKHET,HEAVY RAINS,0,0,0,0,0,0,0,0.0,True,,,,,,,,,,,,,,,,,,,,,,,,,,True,True,True,True
episode-0da58e4d6fc0af74d77a,UNDRR DesInventar Nepal,1984,8,22,Central Region,Sindhupalchoke,Maneswara,HEAVY RAINS,0,0,0,0,0,0,0,0.0,True,,,,,,,,,,,,,,,,,,,,,,,,,,True,True,True,True
episode-049b689ed1bb861b9c6f,UNDRR DesInventar Nepal,1984,8,27,Far Western Region,Kailali,MALAKHET,HEAVY RAINS,0,0,0,0,5,0,0,0.0,False,,,,,,,,,,,,,,,,,,,,,,,,,,True,True,True,True
episode-e4d1c7bc2a8ed0ba2db4,UNDRR DesInventar Nepal,1984,8,29,Western Region,Syangja,PUTALIDHET NP,HEAVY RAINS,0,0,0,0,0,0,0,13000.0,True,,,,,,,,,,,,,,,,,,,,,,,,,,True,True,True,True
episode-e7a1b89bbc72d37d95f8,UNDRR DesInventar Nepal,1984,9,9,Central Region,Chitawan,MANGALUR,HEAVY RAINS,0,0,0,0,0,0,0,0.0,True,,,,,,,,,,,,,,,,,,,,,,,,,,True,True,True,True
episode-67b5a2eeab9ea6565262,UNDRR DesInventar Nepal,1984,9,17,Central Region,Dhanusa,Tulsi,HEAVY RAINS,1,0,0,0,0,0,0,0.0,False,,,,,,,,,,,,,,,,,,,,,,,,,,True,True,True,True
episode-495025195e876c42586e,UNDRR DesInventar Nepal,1984,9,17,Central Region,Rautahat,GAUR NP,HEAVY RAINS,0,0,0,0,0,0,0,0.0,True,,,,,,,,,,,,,,,,,,,,,,,,,,True,True,True,True
episode-d0d269221ad2ceda333e,UNDRR DesInventar Nepal,1984,9,18,Central Region,Dhanusa,Tulsi,HEAVY RAINS,1,0,1,0,1,0,0,30.0,True,,,,,,,,,,,,,,,,,,,,,,,,,,True,True,True,True
episode-c4823d480d3f8ac87312,UNDRR DesInventar Nepal,1984,9,19,Eastern Region,Khotang,Dikuwa,HEAVY RAINS,0,0,0,0,0,0,0,0.0,True,,,,,,,,,,,,,,,,,,,,,,,,,,True,True,True,True
episode-d0fd3541ee364ff69edc,UNDRR DesInventar Nepal,1984,9,20,Central Region,Sindhuli,Bhuwaneswari,HEAVY RAINS,0,21,0,0,0,0,0,0.0,False,,,,,,,,,,,,,,,,,,,,,,,,,,True,True,True,True
episode-1590574e6f27801eb35d,UNDRR DesInventar Nepal,1984,9,20,Central Region,Sindhuli,Hariharpur Gadhi,HEAVY RAINS,0,0,0,0,50,0,0,0.0,False,,,,,,,,,,,,,,,,,,,,,,,,,,True,True,True,True
episode-9a028add67e920971829,UNDRR DesInventar Nepal,1984,9,22,Central Region,Nuwakot,KUMARI,HEAVY RAINS,0,0,0,0,0,0,0,0.0,False,,,,,,,,,,,,,,,,,,,,,,,,,,True,True,True,True
episode-68df6d71aafdd8abec49,UNDRR DesInventar Nepal,1984,9,24,Central Region,Sindhupalchoke,Karthali,HEAVY RAINS,0,0,0,40,1,0,0,0.0,True,,,,,,,,,,,,,,,,,,,,,,,,,,True,True,True,True
episode-f4ad9ca8aea68bef8414,UNDRR DesInventar Nepal,1984,9,25,Central Region,Sindhuli,Bahun Tilpung,HEAVY RAINS,2,0,0,0,0,0,0,0.0,False,,,,,,,,,,,,,,,,,,,,,,,,,,True,True,True,True
episode-5bdbb2450974f47a5274,UNDRR DesInventar Nepal,1984,9,25,Central Region,Sindhuli,Bhadrakali,HEAVY RAINS,22,0,0,0,0,0,0,0.0,False,,,,,,,,,,,,,,,,,,,,,,,,,,True,True,True,True
episode-02655ae2fb3a86c441ec,UNDRR DesInventar Nepal,1984,9,25,Central Region,Sindhuli,Bhimeshwar Khurkot,HEAVY RAINS,8,0,0,0,0,0,0,0.0,False,,,,,,,,,,,,,,,,,,,,,,,,,,True,True,True,True
episode-c4b6028e8c792ea66b93,UNDRR DesInventar Nepal,1984,9,25,Central Region,Sindhuli,Dandi Gurase,HEAVY RAINS,4,0,0,0,0,0,0,0.0,False,,,,,,,,,,,,,,,,,,,,,,,,,,True,True,True,True
episode-d8c36f047397d63d491b,UNDRR DesInventar Nepal,1984,9,25,Central Region,Sindhuli,Harshahi,HEAVY RAINS,14,0,0,0,0,0,0,0.0,False,,,,,,,,,,,,,,,,,,,,,,,,,,True,True,True,True
episode-e9126552bfc48cfc3bdc,UNDRR DesInventar Nepal,1984,9,25,Central Region,Sindhuli,Jalkanya,HEAVY RAINS,9,0,0,0,0,0,0,0.0,False,,,,,,,,,,,,,,,,,,,,,,,,,,True,True,True,True
episode-7130858a8be387311c94,UNDRR DesInventar Nepal,1984,9,25,Central Region,Sindhuli,Jhangajholi Ratomato,HEAVY RAINS,18,0,0,0,0,0,0,0.0,False,,,,,,,,,,,,,,,,,,,,,,,,,,True,True,True,True
episode-dea51341c9f37ec85d48,UNDRR DesInventar Nepal,1984,9,25,Central Region,Sindhuli,Ratanchura,HEAVY RAINS,11,0,0,0,0,0,0,0.0,False,,,,,,,,,,,,,,,,,,,,,,,,,,True,True,True,True
episode-9ed344537dc34829e228,UNDRR DesInventar Nepal,1984,9,25,Central Region,Sindhuli,UNKNOWN,HEAVY RAINS,45,0,0,100,0,0,0,0.0,False,,,,,,,,,,,,,,,,,,,,,,,,,,True,True,True,True
episode-e28076804a24259ca6b7,UNDRR DesInventar Nepal,1984,10,9,Eastern Region,Jhapa,DAMAK MUN.,HEAVY RAINS,0,0,0,0,5,0,0,0.0,False,,,,,,,,,,,,,,,,,,,,,,,,,,True,True,True,True
episode-6aab4c2301c0f95077dc,UNDRR DesInventar Nepal,1984,10,9,Eastern Region,Jhapa,DHARMPUR,HEAVY RAINS,0,0,0,0,0,0,0,0.0,False,,,,,,,,,,,,,,,,,,,,,,,,,,True,True,True,True
episode-b5193f5c77695654dd93,UNDRR DesInventar Nepal,1984,10,9,Eastern Region,Jhapa,KECHANA,HEAVY RAINS,0,0,0,0,0,0,0,0.0,False,,,,,,,,,,,,,,,,,,,,,,,,,,True,True,True,True
episode-5c5ad3ee75643c15c490,UNDRR DesInventar Nepal,1984,10,9,Eastern Region,Jhapa,TOPGANCHHI,HEAVY RAINS,0,0,0,73,0,0,0,0.0,False,,,,,,,,,,,,,,,,,,,,,,,,,,True,True,True,True
episode-9e66c3d829c10ce6e8e1,UNDRR DesInventar Nepal,1984,10,9,Eastern Region,Jhapa,UNKNOWN,HEAVY RAINS,0,0,0,0,0,0,0,0.0,False,,,,,,,,,,,,,,,,,,,,,,,,,,True,True,True,True
episode-e6e9927a6ebe18e75f4a,UNDRR DesInventar Nepal,1984,10,10,Central Region,Chitawan,KORAK,HEAVY RAINS,9,0,0,0,3,0,0,0.0,False,,,,,,,,,,,,,,,,,,,,,,,,,,True,True,True,True
episode-940e29e315b4c5ddc5ac,UNDRR DesInventar Nepal,1984,10,10,Eastern Region,Siraha,Chatari,HEAVY RAINS,4,0,0,0,0,0,0,0.0,False,,,,,,,,,,,,,,,,,,,,,,,,,,True,True,True,True
episode-96de45d444f6fecd06f7,UNDRR DesInventar Nepal,1984,10,16,Central Region,Sindhuli,UNKNOWN,RAIN,0,0,0,0,0,0,0,0.0,False,,,,,,,,,,,,,,,,,,,,,,,,,,True,True,True,True
episode-c388567626ee750dcdc7,UNDRR DesInventar Nepal,1984,10,30,Central Region,Sarlahi,UNKNOWN,HEAVY RAINS,0,0,0,0,265,0,0,0.0,False,,,,,,,,,,,,,,,,,,,,,,,,,,True,True,True,True
episode-9f6e34e2b40bd99fdf71,UNDRR DesInventar Nepal,1985,5,17,Eastern Region,Sankhuwasabha,Chainpur,HEAVY RAINS,1,0,0,0,0,0,0,0.0,False,,,,,,,,,,,,,,,,,,,,,,,,,,True,True,True,True
episode-b3432fd9229cbb5e88f8,UNDRR DesInventar Nepal,1985,7,3,Western Region,Kaski,CHAPAKOT,HEAVY RAINS,1,0,0,0,0,0,0,0.0,False,,,,,,,,,,,,,,,,,,,,,,,,,,True,True,True,True
episode-d0594d4e963941fa229f,UNDRR DesInventar Nepal,1985,7,4,Far Western Region,Bajhang,Chaudhari,HEAVY RAINS,1,0,0,0,0,0,0,0.0,False,,,,,,,,,,,,,,,,,,,,,,,,,,True,True,True,True
episode-520f86255087fb2816de,UNDRR DesInventar Nepal,1985,7,4,Far Western Region,Bajhang,Rayal,HEAVY RAINS,0,0,0,0,2,0,0,0.0,False,,,,,,,,,,,,,,,,,,,,,,,,,,True,True,True,True
episode-a3656286cafd3b298530,UNDRR DesInventar Nepal,1985,7,15,Far Western Region,Bajhang,UNKNOWN,HEAVY RAINS,0,0,0,0,0,0,0,0.0,False,,,,,,,,,,,,,,,,,,,,,,,,,,True,True,True,True
episode-927f897625a8812d1dda,UNDRR DesInventar Nepal,1985,7,27,Eastern Region,Jhapa,ARJUNDHARA,HEAVY RAINS,0,0,0,0,0,0,0,0.0,False,,,,,,,,,,,,,,,,,,,,,,,,,,True,True,True,True
episode-4baf689345b607cdfe60,UNDRR DesInventar Nepal,1985,7,27,Eastern Region,Jhapa,DAMAK MUN.,HEAVY RAINS,0,0,0,0,0,0,0,0.0,False,,,,,,,,,,,,,,,,,,,,,,,,,,True,True,True,True
episode-877a5cc415eaf01698fe,UNDRR DesInventar Nepal,1985,7,28,Eastern Region,Morang,Bahuni,HEAVY RAINS,0,0,0,17,3,0,0,0.0,False,,,,,,,,,,,,,,,,,,,,,,,,,,True,True,True,True
episode-2e25c1a80dd07d05a5df,UNDRR DesInventar Nepal,1985,7,28,Eastern Region,Morang,Belbari,HEAVY RAINS,0,0,0,22,4,0,0,0.0,False,,,,,,,,,,,,,,,,,,,,,,,,,,True,True,True,True
episode-174d4dc24ec914bb39e6,UNDRR DesInventar Nepal,1985,7,28,Eastern Region,Morang,Govindapur,HEAVY RAINS,0,0,0,45,8,0,0,0.0,False,,,,,,,,,,,,,,,,,,,,,,,,,,True,True,True,True
episode-3865950d036512e6e66b,UNDRR DesInventar Nepal,1985,7,28,Eastern Region,Morang,Sundarpur,HEAVY RAINS,0,0,0,17,0,0,0,0.0,False,,,,,,,,,,,,,,,,,,,,,,,,,,True,True,True,True
episode-bad72ae1c194650a40ac,UNDRR DesInventar Nepal,1985,8,1,Western Region,Kaski,BHADAURE,HEAVY RAINS,0,0,0,280,0,0,0,0.0,True,,,,,,,,,,,,,,,,,,,,,,,,,,True,True,True,True
episode-85d015e3685eb4144bd2,UNDRR DesInventar Nepal,1985,8,4,Eastern Region,Solukhumbu,Chaurikharka,HEAVY RAINS,0,0,0,28,6,5,0,0.0,False,,,,,,,,,,,,,,,,,,,,,,,,,,True,True,True,True
episode-8d4547928d7dbe29e21a,UNDRR DesInventar Nepal,1985,8,4,Eastern Region,Solukhumbu,Namche,HEAVY RAINS,3,0,0,0,29,0,0,0.0,True,,,,,,,,,,,,,,,,,,,,,,,,,,True,True,True,True
episode-3a728d56d9ef602f4ca8,UNDRR DesInventar Nepal,1985,8,14,Central Region,Sindhupalchoke,Dhuskun,HEAVY RAINS,2,5,0,0,0,0,0,0.0,False,,,,,,,,,,,,,,,,,,,,,,,,,,True,True,True,True
episode-3ce4ae28f0579d61128a,UNDRR DesInventar Nepal,1985,8,14,Central Region,Sindhupalchoke,Lisankhu,HEAVY RAINS,0,0,0,39,7,0,0,0.0,False,,,,,,,,,,,,,,,,,,,,,,,,,,True,True,True,True
episode-41cf1853b559ba074d70,UNDRR DesInventar Nepal,1985,8,14,Central Region,Sindhupalchoke,Piskar,HEAVY RAINS,0,0,0,0,0,0,0,0.0,True,,,,,,,,,,,,,,,,,,,,,,,,,,True,True,True,True
episode-421fca232d27c61df524,UNDRR DesInventar Nepal,1985,9,4,Central Region,Parsa,Bashantapur,HEAVY RAINS,0,0,0,0,15,0,0,0.0,False,,,,,,,,,,,,,,,,,,,,,,,,,,True,True,True,True
episode-77c2210ec0ea5245816b,UNDRR DesInventar Nepal,1985,9,5,Central Region,Makwanpur,HADIKHOLA,HEAVY RAINS,11,2,0,0,53,0,0,0.0,False,,,,,,,,,,,,,,,,,,,,,,,,,,True,True,True,True
episode-9b4021656eb7e9022f9e,UNDRR DesInventar Nepal,1985,9,6,Central Region,Rautahat,GAUR NP,HEAVY RAINS,0,0,0,0,0,0,0,0.0,True,,,,,,,,,,,,,,,,,,,,,,,,,,True,True,True,True
episode-1b67e43d98187a830320,UNDRR DesInventar Nepal,1985,9,8,Central Region,Sarlahi,GHURKAULI,HEAVY RAINS,0,0,0,67,21,0,0,0.0,False,,,,,,,,,,,,,,,,,,,,,,,,,,True,True,True,True
episode-68b46ea551053bde6fb7,UNDRR DesInventar Nepal,1985,9,10,Central Region,Makwanpur,MANAHARI,HEAVY RAINS,0,0,0,230,0,0,0,0.0,False,,,,,,,,,,,,,,,,,,,,,,,,,,True,True,True,True
episode-bc10d314761c62f9713b,UNDRR DesInventar Nepal,1985,9,12,Far Western Region,Kanchanpur,CHANDANI,HEAVY RAINS,0,0,0,0,0,0,0,0.0,False,,,,,,,,,,,,,,,,,,,,,,,,,,True,True,True,True
episode-355e50e8dc2ce4fc58c1,UNDRR DesInventar Nepal,1985,9,12,Far Western Region,Kanchanpur,DODHAR,HEAVY RAINS,0,0,0,0,2,0,0,0.0,False,,,,,,,,,,,,,,,,,,,,,,,,,,True,True,True,True
episode-736b723b8f281be5f0b5,UNDRR DesInventar Nepal,1985,9,14,Central Region,Sindhupalchoke,Panrgretar,HEAVY RAINS,0,0,0,0,0,0,0,0.0,False,,,,,,,,,,,,,,,,,,,,,,,,,,True,True,True,True
episode-e2ab84556869806d9e88,UNDRR DesInventar Nepal,1985,9,15,Central Region,Dolakha,Boch,HEAVY RAINS,16,0,7,0,7,0,0,0.0,False,,,,,,,,,,,,,,,,,,,,,,,,,,True,True,True,True
episode-cf19438b1cfd3a981066,UNDRR DesInventar Nepal,1985,9,17,Central Region,Parsa,Sugauli Birta,HEAVY RAINS,0,0,0,0,0,0,0,0.0,False,,,,,,,,,,,,,,,,,,,,,,,,,,True,True,True,True
episode-49939f2246969610a0dc,UNDRR DesInventar Nepal,1985,10,11,Eastern Region,Sankhuwasabha,Pathibhara,RAIN,0,0,0,0,0,0,0,0.0,False,,,,,,,,,,,,,,,,,,,,,,,,,,True,True,True,True
episode-e6306085fbb0d01bdfa3,UNDRR DesInventar Nepal,1986,7,26,Central Region,Dolakha,Suri,HEAVY RAINS,0,0,0,0,0,0,0,0.0,True,,,,,,,,,,,,,,,,,,,,,,,,,,True,True,True,True
episode-96d1e0e2b085c67e4937,UNDRR DesInventar Nepal,1986,8,22,Central Region,Chitawan,UNKNOWN,HEAVY RAINS,1,0,0,0,0,0,0,0.0,False,,,,,,,,,,,,,,,,,,,,,,,,,,True,True,True,True
episode-829146b6bebf95c4f08b,UNDRR DesInventar Nepal,1986,8,24,Central Region,Chitawan,GARDI,HEAVY RAINS,0,0,0,0,0,0,0,0.0,False,,,,,,,,,,,,,,,,,,,,,,,,,,True,True,True,True
episode-ff7174e18b7300f8b766,UNDRR DesInventar Nepal,1986,8,24,Central Region,Chitawan,KATHAR,OTHER,0,0,0,0,0,0,0,0.0,False,,,,,,,,,,,,,,,,,,,,,,,,,,True,True,True,True
episode-63e2db7673336652c72f,UNDRR DesInventar Nepal,1986,8,24,Central Region,Chitawan,MEGHAULI,HEAVY RAINS,0,0,0,0,0,0,0,0.0,False,,,,,,,,,,,,,,,,,,,,,,,,,,True,True,True,True
episode-c07134159e1c2b0dece5,UNDRR DesInventar Nepal,1986,9,7,Central Region,Sarlahi,DHUNGREKHOLA,HEAVY RAINS,0,0,0,0,5,0,0,0.0,False,,,,,,,,,,,,,,,,,,,,,,,,,,True,True,True,True
episode-4831d0d4d0f837cc537c,UNDRR DesInventar Nepal,1986,9,13,Central Region,Parsa,Laharthakari,HEAVY RAINS,5,0,0,0,0,0,0,0.0,True,,,,,,,,,,,,,,,,,,,,,,,,,,True,True,True,True
episode-13227a0936620c928407,UNDRR DesInventar Nepal,1986,9,16,Eastern Region,Jhapa,DAMAK MUN.,HEAVY RAINS,0,0,0,0,1,0,0,0.0,False,,,,,,,,,,,,,,,,,,,,,,,,,,True,True,True,True
episode-3af0a7409a49ce342a1d,UNDRR DesInventar Nepal,1986,9,16,Eastern Region,Sunsari,Mahendranagar,HEAVY RAINS,0,0,0,0,0,0,0,0.0,False,,,,,,,,,,,,,,,,,,,,,,,,,,True,True,True,True
episode-026f04e6f5245f2bed67,UNDRR DesInventar Nepal,1986,10,10,Eastern Region,Jhapa,SURUNGA,HEAVY RAINS,2,0,0,0,0,0,0,0.0,False,,,,,,,,,,,,,,,,,,,,,,,,,,True,True,True,True
episode-a9a3bedeb1fda7fa894b,UNDRR DesInventar Nepal,1987,6,29,Western Region,Gorkha,ARBAN,HEAVY RAINS,2,0,0,0,0,0,0,0.0,False,,,,,,,,,,,,,,,,,,,,,,,,,,True,True,True,True
episode-9fcc4e0557a18a589ed9,UNDRR DesInventar Nepal,1987,6,29,Western Region,Gorkha,ARU POKHARI,HEAVY RAINS,4,0,0,0,0,0,0,0.0,False,,,,,,,,,,,,,,,,,,,,,,,,,,True,True,True,True
episode-3805293bf12753a06180,UNDRR DesInventar Nepal,1987,6,29,Central Region,Nuwakot,BUNTANG,HEAVY RAINS,6,0,0,0,1,0,0,0.0,False,,,,,,,,,,,,,,,,,,,,,,,,,,True,True,True,True
episode-23c8f720ec813784478f,UNDRR DesInventar Nepal,1987,6,29,Central Region,Nuwakot,DEURALI,HEAVY RAINS,17,0,0,0,3,0,0,0.0,False,,,,,,,,,,,,,,,,,,,,,,,,,,True,True,True,True
episode-409b58dbe67d55cdae69,UNDRR DesInventar Nepal,1987,6,29,Central Region,Nuwakot,KALYANPUR,HEAVY RAINS,0,0,0,0,0,0,0,0.0,False,,,,,,,,,,,,,,,,,,,,,,,,,,True,True,True,True
episode-542c1d8a5abecd8546d8,UNDRR DesInventar Nepal,1987,6,30,Central Region,Dolakha,UNKNOWN,HEAVY RAINS,4,0,2,146,1,26,0,0.0,False,,,,,,,,,,,,,,,,,,,,,,,,,,True,True,True,True
episode-5bcba05374ca772b5dd5,UNDRR DesInventar Nepal,1987,6,30,Central Region,Sindhupalchoke,Barahbise,HEAVY RAINS,0,0,0,95,17,0,0,0.0,False,,,,,,,,,,,,,,,,,,,,,,,,,,True,True,True,True
episode-20d352748816719260e6,UNDRR DesInventar Nepal,1987,6,30,Central Region,Sindhupalchoke,UNKNOWN,HEAVY RAINS,0,0,0,0,0,0,0,0.0,False,,,,,,,,,,,,,,,,,,,,,,,,,,True,True,True,True
episode-40141c71476f0a7401bc,UNDRR DesInventar Nepal,1987,7,10,Central Region,Chitawan,DIVYA NAGAR,HEAVY RAINS,0,0,0,504,10,0,0,0.0,False,,,,,,,,,,,,,,,,,,,,,,,,,,True,True,True,True
episode-c93b51a7af09a24173d1,UNDRR DesInventar Nepal,1987,7,25,Central Region,Kathmandu,KATHMANDU METROPOLITAN CITY,HEAVY RAINS,1,0,0,0,0,0,0,0.0,False,,,,,,,,,,,,,,,,,,,,,,,,,,True,True,True,True
episode-11d9c03489265cd1e9d8,UNDRR DesInventar Nepal,1987,8,8,Western Region,Mustang,JOMSOM,HEAVY RAINS,0,0,0,0,0,0,0,0.0,False,,,,,,,,,,,,,,,,,,,,,,,,,,True,True,True,True
episode-98c31aacf4c9974e6c31,UNDRR DesInventar Nepal,1987,8,8,Eastern Region,Saptari,RAJBIRAJ MUNICIPALITY,HEAVY RAINS,0,0,0,0,0,0,0,0.0,False,,,,,,,,,,,,,,,,,,,,,,,,,,True,True,True,True
episode-3d3df6803f93c44879e0,UNDRR DesInventar Nepal,1987,8,8,Eastern Region,Sunsari,UNKNOWN,HEAVY RAINS,0,0,0,0,0,0,0,0.0,False,,,,,,,,,,,,,,,,,,,,,,,,,,True,True,True,True
episode-175e8340209a1757c5f0,UNDRR DesInventar Nepal,1987,8,10,Central Region,Parsa,UNKNOWN,HEAVY RAINS,0,0,0,0,0,0,0,0.0,False,,,,,,,,,,,,,,,,,,,,,,,,,,True,True,True,True
episode-9985e61d699e6faf3452,UNDRR DesInventar Nepal,1987,8,10,Western Region,Rupandehi,SIDDHARTHANAGAR_NP,HEAVY RAINS,1,0,1,0,0,0,0,0.0,False,,,,,,,,,,,,,,,,,,,,,,,,,,True,True,True,True
episode-3fc99b530cb99b8617f5,UNDRR DesInventar Nepal,1987,8,10,Eastern Region,Siraha,UNKNOWN,HEAVY RAINS,0,0,0,0,0,0,0,0.0,False,,,,,,,,,,,,,,,,,,,,,,,,,,True,True,True,True
episode-73989ae74d7240e70caf,UNDRR DesInventar Nepal,1987,8,12,Eastern Region,Morang,Govindapur,HEAVY RAINS,0,0,0,0,0,0,0,0.0,False,,,,,,,,,,,,,,,,,,,,,,,,,,True,True,True,True
episode-ae4f446bb84452a05160,UNDRR DesInventar Nepal,1987,8,13,Eastern Region,Jhapa,DAMAK MUN.,HEAVY RAINS,0,0,0,0,0,0,0,0.0,False,,,,,,,,,,,,,,,,,,,,,,,,,,True,True,True,True
episode-8a57d20efdaba468dc42,UNDRR DesInventar Nepal,1987,9,6,Western Region,Mustang,JOMSOM,HEAVY RAINS,0,0,0,1249,0,0,0,0.0,False,,,,,,,,,,,,,,,,,,,,,,,,,,True,True,True,True
episode-658e6fbb8dbe67592b71,UNDRR DesInventar Nepal,1987,9,8,Central Region,Rautahat,GADHI BHAGAWANPUR,HEAVY RAINS,3,0,0,0,0,5876,0,0.0,False,,,,,,,,,,,,,,,,,,,,,,,,,,True,True,True,True
episode-debfe5f922dade9193bf,UNDRR DesInventar Nepal,1987,10,15,Central Region,Lalitpur,Saibu,HEAVY RAINS,0,0,0,0,0,0,0,0.0,False,,,,,,,,,,,,,,,,,,,,,,,,,,True,True,True,True
episode-4b272abd4d04e6f25d33,UNDRR DesInventar Nepal,1988,6,21,Eastern Region,Jhapa,UNKNOWN,HEAVY RAINS,0,0,0,0,0,0,0,0.0,False,,,,,,,,,,,,,,,,,,,,,,,,,,True,True,True,True
episode-e909e76db76dec3baa81,UNDRR DesInventar Nepal,1988,6,21,Mid-Western Region,Salyan,DHAJARI PIPAL,HEAVY RAINS,0,1,0,0,0,0,0,0.0,False,,,,,,,,,,,,,,,,,,,,,,,,,,True,True,True,True
episode-7321df992cbb3efb14c2,UNDRR DesInventar Nepal,1988,6,27,Western Region,Baglung,KHUNGKHANI,HEAVY RAINS,7,0,0,0,32,0,0,0.0,False,,,,,,,,,,,,,,,,,,,,,,,,,,True,True,True,True
episode-074879813ee9d6882ad9,UNDRR DesInventar Nepal,1988,7,1,Far Western Region,Bajura,UNKNOWN,HEAVY RAINS,0,0,0,0,0,0,0,0.0,False,,,,,,,,,,,,,,,,,,,,,,,,,,True,True,True,True
episode-f772c0a2a64b613d35d2,UNDRR DesInventar Nepal,1988,7,4,Central Region,Dhanusa,UNKNOWN,HEAVY RAINS,0,0,0,0,0,0,0,0.0,True,,,,,,,,,,,,,,,,,,,,,,,,,,True,True,True,True
episode-b1525e1d0bcc85789186,UNDRR DesInventar Nepal,1988,7,4,Central Region,Mahotari,Ankar,HEAVY RAINS,0,0,0,0,0,0,0,0.0,False,,,,,,,,,,,,,,,,,,,,,,,,,,True,True,True,True
episode-e52e98be0c2fccb28e06,UNDRR DesInventar Nepal,1988,7,4,Central Region,Mahotari,Ekdara Bela,HEAVY RAINS,0,0,0,0,0,0,0,0.0,False,,,,,,,,,,,,,,,,,,,,,,,,,,True,True,True,True
episode-08504bce926ebba78dbc,UNDRR DesInventar Nepal,1988,7,4,Central Region,Mahotari,Ekrahiya,HEAVY RAINS,0,0,0,0,0,0,0,0.0,False,,,,,,,,,,,,,,,,,,,,,,,,,,True,True,True,True
episode-29f31853b02d14782612,UNDRR DesInventar Nepal,1988,7,4,Central Region,Mahotari,Parsa Dewad,HEAVY RAINS,0,0,0,0,0,0,0,0.0,False,,,,,,,,,,,,,,,,,,,,,,,,,,True,True,True,True
episode-f3aa8639a113a743c0d0,UNDRR DesInventar Nepal,1988,7,4,Central Region,Mahotari,Phulhara Parikali,HEAVY RAINS,0,0,0,0,0,0,0,0.0,True,,,,,,,,,,,,,,,,,,,,,,,,,,True,True,True,True
episode-01ea67cd675ba528b83c,UNDRR DesInventar Nepal,1988,7,4,Central Region,Mahotari,UNKNOWN,HEAVY RAINS,0,0,0,0,0,0,0,0.0,False,,,,,,,,,,,,,,,,,,,,,,,,,,True,True,True,True
episode-3fcc7eaa5127b098609d,UNDRR DesInventar Nepal,1988,7,4,Eastern Region,Saptari,MALAHANIYA,HEAVY RAINS,0,0,0,0,0,0,0,1500.0,True,,,,,,,,,,,,,,,,,,,,,,,,,,True,True,True,True
episode-9501aea3b6ca6900e925,UNDRR DesInventar Nepal,1988,7,4,Eastern Region,Saptari,RAMPUR JAMUWA,HEAVY RAINS,0,0,0,0,0,0,0,0.0,False,,,,,,,,,,,,,,,,,,,,,,,,,,True,True,True,True
episode-5ab782a6d8344e9cb8bf,UNDRR DesInventar Nepal,1988,7,4,Eastern Region,Saptari,TILATHI,HEAVY RAINS,0,0,0,0,0,0,0,0.0,False,,,,,,,,,,,,,,,,,,,,,,,,,,True,True,True,True
episode-a154e0b410819a2202b5,UNDRR DesInventar Nepal,1988,7,4,Central Region,Sarlahi,JANAKINAGAR,HEAVY RAINS,0,0,0,0,126,0,0,0.0,False,,,,,,,,,,,,,,,,,,,,,,,,,,True,True,True,True
episode-9372fcf301d6162a516e,UNDRR DesInventar Nepal,1988,7,4,Central Region,Sarlahi,MALANGAWA MUN,HEAVY RAINS,0,0,0,0,0,0,0,0.0,True,,,,,,,,,,,,,,,,,,,,,,,,,,True,True,True,True
episode-285733b9cc1a4daab246,UNDRR DesInventar Nepal,1988,7,4,Central Region,Sarlahi,NETRAGANJ,HEAVY RAINS,0,0,0,0,0,4,0,0.0,False,,,,,,,,,,,,,,,,,,,,,,,,,,True,True,True,True
episode-f86ad5180f1093b631f2,UNDRR DesInventar Nepal,1988,7,4,Central Region,Sarlahi,SAKRAUL,HEAVY RAINS,0,0,0,0,0,0,0,0.0,False,,,,,,,,,,,,,,,,,,,,,,,,,,True,True,True,True
episode-6990537ae4d8b32ee8a0,UNDRR DesInventar Nepal,1988,7,4,Central Region,Sarlahi,SASAPUR,HEAVY RAINS,0,0,0,0,4,0,0,0.0,False,,,,,,,,,,,,,,,,,,,,,,,,,,True,True,True,True
episode-18b8cc36bbc135164ca5,UNDRR DesInventar Nepal,1988,7,4,Central Region,Sarlahi,UNKNOWN,HEAVY RAINS,0,0,0,0,0,0,0,0.0,False,,,,,,,,,,,,,,,,,,,,,,,,,,True,True,True,True
episode-e54e89ce9e1a2df58dad,UNDRR DesInventar Nepal,1988,7,5,Western Region,Tanahu,UNKNOWN,HEAVY RAINS,0,1,0,0,0,0,0,0.0,False,,,,,,,,,,,,,,,,,,,,,,,,,,True,True,True,True
episode-17a383cb5061985844a8,UNDRR DesInventar Nepal,1988,7,10,Mid-Western Region,Banke,BAIJAPUR,HEAVY RAINS,0,0,0,0,0,0,0,0.0,False,,,,,,,,,,,,,,,,,,,,,,,,,,True,True,True,True
episode-cdebad46c3e4a9f597c4,UNDRR DesInventar Nepal,1988,7,10,Mid-Western Region,Banke,BETAHANI,OTHER,0,0,0,0,0,0,0,0.0,False,,,,,,,,,,,,,,,,,,,,,,,,,,True,True,True,True
episode-32b27144ab46e784795f,UNDRR DesInventar Nepal,1988,7,10,Mid-Western Region,Banke,BINAUNA,HEAVY RAINS,0,0,0,0,0,0,0,0.0,False,,,,,,,,,,,,,,,,,,,,,,,,,,True,True,True,True
episode-0bcc8b7aecbe0eae9953,UNDRR DesInventar Nepal,1988,7,10,Mid-Western Region,Banke,HOLIA,HEAVY RAINS,0,0,0,0,0,0,0,0.0,False,,,,,,,,,,,,,,,,,,,,,,,,,,True,True,True,True
episode-6e62b89d3c258ac11f0f,UNDRR DesInventar Nepal,1988,7,10,Mid-Western Region,Banke,KACHANPUR,OTHER,0,0,0,0,0,0,0,0.0,False,,,,,,,,,,,,,,,,,,,,,,,,,,True,True,True,True
episode-4f514b5088b294283f76,UNDRR DesInventar Nepal,1988,7,10,Mid-Western Region,Banke,KAMDI,HEAVY RAINS,0,0,0,0,0,0,0,0.0,False,,,,,,,,,,,,,,,,,,,,,,,,,,True,True,True,True
episode-00c3ca8db42be6f877b1,UNDRR DesInventar Nepal,1988,7,10,Mid-Western Region,Banke,KHASKUSMA,HEAVY RAINS,0,0,0,0,0,0,0,0.0,False,,,,,,,,,,,,,,,,,,,,,,,,,,True,True,True,True
episode-65a9326f87871ee808ec,UNDRR DesInventar Nepal,1988,7,10,Mid-Western Region,Banke,PHATTEPUR,OTHER,0,0,0,0,0,0,0,0.0,False,,,,,,,,,,,,,,,,,,,,,,,,,,True,True,True,True
episode-9f41d2988cd11f4dc828,UNDRR DesInventar Nepal,1988,7,11,Central Region,Chitawan,GUNJA NAGAR,FLOOD,0,0,0,505,87,0,0,0.0,False,,,,,,,,,,,,,,,,,,,,,,,,,,True,True,True,True
episode-2dc0b8b586fd52529fdd,UNDRR DesInventar Nepal,1988,7,15,Mid-Western Region,Jajarkot,Khalanga,HEAVY RAINS,0,0,0,0,0,0,0,0.0,False,,,,,,,,,,,,,,,,,,,,,,,,,,True,True,True,True
episode-387cc58a4a72cda6a459,UNDRR DesInventar Nepal,1988,7,16,Central Region,Sindhupalchoke,UNKNOWN,UNKNOWN,1,0,0,0,0,0,0,0.0,False,,,,,,,,,,,,,,,,,,,,,,,,,,True,True,True,True
episode-331348536b8a9c3a0757,UNDRR DesInventar Nepal,1988,7,16,Eastern Region,Sunsari,Barahachhatra,HEAVY RAINS,0,0,0,0,0,0,0,0.0,False,,,,,,,,,,,,,,,,,,,,,,,,,,True,True,True,True
episode-a1606026a56ab3475296,UNDRR DesInventar Nepal,1988,7,18,Mid-Western Region,Dang,SATBARIYA,HEAVY RAINS,1,0,0,0,0,0,0,0.0,False,,,,,,,,,,,,,,,,,,,,,,,,,,True,True,True,True
episode-9d33c3fb05514bf8f548,UNDRR DesInventar Nepal,1988,7,23,Western Region,Syangja,PHEDIKHOLA,HEAVY RAINS,1,0,0,0,0,0,0,0.0,False,,,,,,,,,,,,,,,,,,,,,,,,,,True,True,True,True
episode-c42a7e8c2f84050bddfa,UNDRR DesInventar Nepal,1988,7,24,Eastern Region,Udayapur,UNKNOWN,HEAVY RAINS,0,0,0,0,0,0,0,0.0,True,,,,,,,,,,,,,,,,,,,,,,,,,,True,True,True,True
episode-40144d690bfc8b56b474,UNDRR DesInventar Nepal,1988,7,25,Far Western Region,Kanchanpur,MAHENDRA NAGAR N.P.,HEAVY RAINS,0,0,0,0,0,0,0,0.0,False,,,,,,,,,,,,,,,,,,,,,,,,,,True,True,True,True
episode-ec9c0050047b70b00362,UNDRR DesInventar Nepal,1988,7,25,Far Western Region,Kanchanpur,UNKNOWN,HEAVY RAINS,0,0,0,0,0,0,0,0.0,False,,,,,,,,,,,,,,,,,,,,,,,,,,True,True,True,True
episode-86ca0c3c24c508861b0f,UNDRR DesInventar Nepal,1988,7,25,Western Region,Kapilbastu,UNKNOWN,HEAVY RAINS,0,0,0,0,0,0,0,0.0,False,,,,,,,,,,,,,,,,,,,,,,,,,,True,True,True,True
episode-84a55757f98043d7ad40,UNDRR DesInventar Nepal,1988,8,3,Mid-Western Region,Bardiya,MANAU,FLOOD,0,0,0,0,0,0,0,0.0,True,,,,,,,,,,,,,,,,,,,,,,,,,,True,True,True,True
episode-6ff37a10598a47757f3a,UNDRR DesInventar Nepal,1988,8,3,Mid-Western Region,Bardiya,UNKNOWN,FLOOD,0,0,0,0,0,0,0,0.0,False,,,,,,,,,,,,,,,,,,,,,,,,,,True,True,True,True
episode-0d621083caa56a1b9b25,UNDRR DesInventar Nepal,1988,8,5,Western Region,Manang,CHAME,FLOOD,0,0,0,0,0,0,0,0.0,True,,,,,,,,,,,,,,,,,,,,,,,,,,True,True,True,True
episode-433c34325f321a6bb386,UNDRR DesInventar Nepal,1988,8,23,Far Western Region,Kailali,DANSINHAPUR,FLOOD,0,0,0,500,0,0,0,0.0,False,,,,,,,,,,,,,,,,,,,,,,,,,,True,True,True,True
episode-79bca786d7927df2842c,UNDRR DesInventar Nepal,1988,8,23,Eastern Region,Saptari,HANUMAN NAGAR,OTHER,0,0,0,0,0,0,0,0.0,False,,,,,,,,,,,,,,,,,,,,,,,,,,True,True,True,True
episode-891eb9f97ea5819b3324,UNDRR DesInventar Nepal,1988,8,28,Eastern Region,Jhapa,SHARANMATI,FLOOD,0,0,0,0,15,0,0,0.0,False,,,,,,,,,,,,,,,,,,,,,,,,,,True,True,True,True
episode-74f8ca05dc1fea95a6e3,UNDRR DesInventar Nepal,1988,8,28,Eastern Region,Jhapa,SHIVAGANJ,FLOOD,0,0,0,308,0,0,0,0.0,False,,,,,,,,,,,,,,,,,,,,,,,,,,True,True,True,True
episode-a48360a42196b4ea0b2e,UNDRR DesInventar Nepal,1988,8,28,Eastern Region,Jhapa,SURUNGA,TECHNICAL FAILU,0,0,0,0,0,0,0,0.0,False,,,,,,,,,,,,,,,,,,,,,,,,,,True,True,True,True
episode-da38f082c5907c5c25c0,UNDRR DesInventar Nepal,1988,9,12,Western Region,Myagdi,PULACHAUR,FLOOD,0,0,0,0,0,1,0,0.0,False,,,,,,,,,,,,,,,,,,,,,,,,,,True,True,True,True
episode-9fb51cc6252f373c395e,UNDRR DesInventar Nepal,1988,9,12,Western Region,Myagdi,SINGHA,FLOOD,0,0,0,0,0,8,0,0.0,False,,,,,,,,,,,,,,,,,,,,,,,,,,True,True,True,True
episode-89c5c6ab45c6b4d1e403,UNDRR DesInventar Nepal,1988,9,12,Eastern Region,Solukhumbu,Namche,FLOOD,0,0,0,0,0,0,0,0.0,True,,,,,,,,,,,,,,,,,,,,,,,,,,True,True,True,True
episode-723d29b2f594ad39f2e6,UNDRR DesInventar Nepal,1988,9,14,Eastern Region,Ilam,UNKNOWN,HEAVY RAINS,0,0,0,0,0,0,0,0.0,False,,,,,,,,,,,,,,,,,,,,,,,,,,True,True,True,True
episode-8dc54f3f61ff14be61e2,UNDRR DesInventar Nepal,1988,9,16,Eastern Region,Siraha,UNKNOWN,HEAVY RAINS,0,0,0,0,0,0,0,0.0,True,,,,,,,,,,,,,,,,,,,,,,,,,,True,True,True,True
episode-e2f58eebedeb3922967b,UNDRR DesInventar Nepal,1988,9,21,Eastern Region,Ilam,DANABARI,HEAVY RAINS,0,0,0,0,0,0,0,0.0,False,,,,,,,,,,,,,,,,,,,,,,,,,,True,True,True,True
episode-393dc3a9211997889e00,UNDRR DesInventar Nepal,1988,9,22,Western Region,Nawalparasi,UNKNOWN,HEAVY RAINS,0,0,0,0,0,0,0,0.0,False,,,,,,,,,,,,,,,,,,,,,,,,,,True,True,True,True
episode-9bbf28902081045c26f4,UNDRR DesInventar Nepal,1989,1,12,Mid-Western Region,Bardiya,UNKNOWN,UNKNOWN,0,0,0,0,0,0,0,0.0,True,,,,,,,,,,,,,,,,,,,,,,,,,,True,True,True,True
episode-8c998321fae319e4a251,UNDRR DesInventar Nepal,1989,6,4,Eastern Region,Panchthar,BHARAPA,OTHER,1,0,0,0,0,0,0,0.0,False,,,,,,,,,,,,,,,,,,,,,,,,,,True,True,True,True
episode-71df7b0f76002743366a,UNDRR DesInventar Nepal,1989,6,4,Eastern Region,Panchthar,PAUWASARANTAR,OTHER,1,0,0,0,0,0,0,0.0,False,,,,,,,,,,,,,,,,,,,,,,,,,,True,True,True,True
episode-76314cb38847c33c7900,UNDRR DesInventar Nepal,1989,7,1,Eastern Region,Okhaldhunga,UNKNOWN,HEAVY RAINS,2,0,0,0,0,0,0,0.0,False,,,,,,,,,,,,,,,,,,,,,,,,,,True,True,True,True
episode-0fb91cfca5b667b08f07,UNDRR DesInventar Nepal,1989,7,1,Mid-Western Region,Rukum,BIJAYASHWORI,HEAVY RAINS,2,0,0,0,70,0,0,0.0,False,,,,,,,,,,,,,,,,,,,,,,,,,,True,True,True,True
episode-377eb3fd8278c0b36bda,UNDRR DesInventar Nepal,1989,7,12,Mid-Western Region,Salyan,UNKNOWN,OTHER,2,0,0,0,0,0,0,0.0,False,,,,,,,,,,,,,,,,,,,,,,,,,,True,True,True,True
episode-05f397050f58c3183d9a,UNDRR DesInventar Nepal,1989,7,17,Mid-Western Region,Dang,SATBARIYA,OTHER,2,0,0,0,0,0,0,0.0,False,,,,,,,,,,,,,,,,,,,,,,,,,,True,True,True,True
episode-77ee0047a672b8490b81,UNDRR DesInventar Nepal,1989,7,17,Western Region,Nawalparasi,UNKNOWN,OTHER,1,0,0,0,45,0,0,0.0,False,,,,,,,,,,,,,,,,,,,,,,,,,,True,True,True,True
episode-69adb7f1b935f7c570bb,UNDRR DesInventar Nepal,1989,7,22,Eastern Region,Okhaldhunga,BARUNESHWAR,HEAVY RAINS,0,1,0,0,0,0,0,0.0,False,,,,,,,,,,,,,,,,,,,,,,,,,,True,True,True,True
episode-4aff5251de364a7a9cda,UNDRR DesInventar Nepal,1989,7,22,Eastern Region,Okhaldhunga,BETINI,OTHER,5,0,0,0,0,0,0,0.0,False,,,,,,,,,,,,,,,,,,,,,,,,,,True,True,True,True
episode-417bd09a8e788198a971,UNDRR DesInventar Nepal,1989,7,22,Eastern Region,Okhaldhunga,CHYANAM,OTHER,0,0,0,560,100,0,0,0.0,False,,,,,,,,,,,,,,,,,,,,,,,,,,True,True,True,True
episode-9226d111b0ee9e61163f,UNDRR DesInventar Nepal,1989,7,24,Mid-Western Region,Jumla,SHANIGAUN,OTHER,5,0,0,0,0,0,0,0.0,False,,,,,,,,,,,,,,,,,,,,,,,,,,True,True,True,True
episode-16ad268eaed94d90651f,UNDRR DesInventar Nepal,1989,7,24,Mid-Western Region,Jumla,UNKNOWN,OTHER,0,0,0,0,0,0,0,0.0,True,,,,,,,,,,,,,,,,,,,,,,,,,,True,True,True,True
episode-c8f89f2a6930d844bce9,UNDRR DesInventar Nepal,1989,7,29,Central Region,Rautahat,BADHARWA,OTHER,0,0,0,224,0,0,0,0.0,False,,,,,,,,,,,,,,,,,,,,,,,,,,True,True,True,True
episode-0103ce9fcd25e9e65425,UNDRR DesInventar Nepal,1989,7,29,Central Region,Rautahat,PIPARIYA,OTHER,0,0,0,51,0,0,0,0.0,False,,,,,,,,,,,,,,,,,,,,,,,,,,True,True,True,True
episode-58466ec5e0c1a26234f8,UNDRR DesInventar Nepal,1989,7,29,Central Region,Rautahat,UNKNOWN,OTHER,0,0,0,459,0,0,0,0.0,False,,,,,,,,,,,,,,,,,,,,,,,,,,True,True,True,True
episode-f31c5df5b6485083d9c6,UNDRR DesInventar Nepal,1989,7,29,Western Region,Rupandehi,UNKNOWN,HEAVY RAINS,0,0,0,214,39,0,0,0.0,False,,,,,,,,,,,,,,,,,,,,,,,,,,True,True,True,True
episode-4063e1170ae90512e7c4,UNDRR DesInventar Nepal,1989,8,3,Mid-Western Region,Pyuthan,AKHRA,HEAVY RAINS,0,0,0,0,16,0,0,0.0,False,,,,,,,,,,,,,,,,,,,,,,,,,,True,True,True,True
episode-7d241b4883e87f81ac1a,UNDRR DesInventar Nepal,1989,8,4,Mid-Western Region,Bardiya,GULARIYA,OTHER,0,0,0,0,7,0,0,0.0,False,,,,,,,,,,,,,,,,,,,,,,,,,,True,True,True,True
episode-cc259dfeca7c353ab945,UNDRR DesInventar Nepal,1989,8,4,Eastern Region,Morang,Belbari,OTHER,0,0,0,101,18,0,0,0.0,True,,,,,,,,,,,,,,,,,,,,,,,,,,True,True,True,True
episode-9af6964da998b4b83556,UNDRR DesInventar Nepal,1989,8,9,Eastern Region,Siraha,Bhagawanpur,HEAVY RAINS,0,0,0,0,0,0,0,0.0,False,,,,,,,,,,,,,,,,,,,,,,,,,,True,True,True,True
episode-aa5c5a1ea9ce1b557a4c,UNDRR DesInventar Nepal,1989,8,9,Eastern Region,Solukhumbu,Necha Batase,HEAVY RAINS,0,0,0,0,0,0,0,0.0,True,,,,,,,,,,,,,,,,,,,,,,,,,,True,True,True,True
episode-6b2293784d52d3a76c04,UNDRR DesInventar Nepal,1989,8,11,Eastern Region,Morang,Sijuwa,OTHER,0,0,0,0,0,0,0,0.0,False,,,,,,,,,,,,,,,,,,,,,,,,,,True,True,True,True
episode-4625f342db0de4be675c,UNDRR DesInventar Nepal,1989,8,21,Mid-Western Region,Pyuthan,DHARMPANI,OTHER,0,0,0,0,0,0,0,0.0,False,,,,,,,,,,,,,,,,,,,,,,,,,,True,True,True,True
episode-d5105ad24649c55f0395,UNDRR DesInventar Nepal,1989,8,28,Western Region,Gorkha,CHUMCHET,LANDSLIDE,2,0,0,101,0,0,0,0.0,True,,,,,,,,,,,,,,,,,,,,,,,,,,True,True,True,True
episode-b1fa6ec25cff3d9f3263,UNDRR DesInventar Nepal,1989,8,28,Far Western Region,Kanchanpur,CHANDANI,HEAVY RAINS,0,0,0,0,11,200,0,0.0,False,,,,,,,,,,,,,,,,,,,,,,,,,,True,True,True,True
episode-18579cab6596030faeb1,UNDRR DesInventar Nepal,1989,8,28,Far Western Region,Kanchanpur,DODHAR,HEAVY RAINS,0,0,0,0,0,0,0,0.0,False,,,,,,,,,,,,,,,,,,,,,,,,,,True,True,True,True
episode-eb6809f41c7c5fd01d91,UNDRR DesInventar Nepal,1989,9,6,Eastern Region,Saptari,GOBARGADHA,OTHER,0,0,0,0,0,0,0,0.0,False,,,,,,,,,,,,,,,,,,,,,,,,,,True,True,True,True
episode-6370cd637e63bb593dad,UNDRR DesInventar Nepal,1989,9,6,Eastern Region,Saptari,HANUMAN NAGAR,OTHER,0,0,0,10528,0,0,0,0.0,False,,,,,,,,,,,,,,,,,,,,,,,,,,True,True,True,True
episode-e2fb53e59a9d43ff6100,UNDRR DesInventar Nepal,1989,9,6,Eastern Region,Saptari,JOGINIYA,OTHER,0,0,0,0,0,0,0,0.0,False,,,,,,,,,,,,,,,,,,,,,,,,,,True,True,True,True
episode-85e75b0d38bc0f0b958c,UNDRR DesInventar Nepal,1989,9,6,Eastern Region,Saptari,UNKNOWN,OTHER,4,0,0,0,0,1000,0,0.0,True,,,,,,,,,,,,,,,,,,,,,,,,,,True,True,True,True
episode-d03a97ebd193d461340d,UNDRR DesInventar Nepal,1989,9,10,Central Region,Makwanpur,SARIKHETA PALASE,OTHER,3,0,0,0,0,0,0,0.0,False,,,,,,,,,,,,,,,,,,,,,,,,,,True,True,True,True
episode-62666f2d5f0c75ea03a4,UNDRR DesInventar Nepal,1989,9,12,Far Western Region,Kanchanpur,DEKHATBHULI,OTHER,0,0,0,28,5,0,0,0.0,False,,,,,,,,,,,,,,,,,,,,,,,,,,True,True,True,True
episode-c72dd0a2a73afd7c5af2,UNDRR DesInventar Nepal,1989,9,12,Far Western Region,Kanchanpur,SANKARPUR,OTHER,0,0,0,62,12,0,0,0.0,False,,,,,,,,,,,,,,,,,,,,,,,,,,True,True,True,True
episode-e2081f0e16de6b0f2829,UNDRR DesInventar Nepal,1989,10,4,Eastern Region,Morang,Madhumalla,OTHER,0,0,0,0,7,0,0,0.0,True,,,,,,,,,,,,,,,,,,,,,,,,,,True,True,True,True
episode-619aa5c7c634fee17de1,UNDRR DesInventar Nepal,1989,12,17,Western Region,Gorkha,UNKNOWN,OTHER,1,4,3,0,0,0,0,0.0,False,,,,,,,,,,,,,,,,,,,,,,,,,,True,True,True,True
episode-d6ef90e2606d5051e426,UNDRR DesInventar Nepal,1990,1,22,Eastern Region,Okhaldhunga,DIYALE,OTHER,0,0,0,0,0,0,0,0.0,True,,,,,,,,,,,,,,,,,,,,,,,,,,True,True,True,True
episode-20beae67b016de71bd31,UNDRR DesInventar Nepal,1990,6,6,Far Western Region,Kanchanpur,MAHENDRA NAGAR N.P.,HEAVY RAINS,2,2,0,0,0,0,0,0.0,False,,,,,,,,,,,,,,,,,,,,,,,,,,True,True,True,True
episode-0f612f4897d4d801bfed,UNDRR DesInventar Nepal,1990,6,18,Central Region,Kathmandu,SUNDARIJAL,HEAVY RAINS,0,0,0,0,0,0,0,0.0,False,,,,,,,,,,,,,,,,,,,,,,,,,,True,True,True,True
episode-4e9eed47974e5490c2d1,UNDRR DesInventar Nepal,1990,6,22,Eastern Region,Jhapa,PRITHIVINAGAR,HEAVY RAINS,3,0,0,0,0,0,0,0.0,False,,,,,,,,,,,,,,,,,,,,,,,,,,True,True,True,True
episode-40ccc8a2a042c9963492,UNDRR DesInventar Nepal,1990,7,5,Central Region,Mahotari,Hathisarwa,HEAVY RAINS,0,0,0,0,0,0,0,0.0,False,,,,,,,,,,,,,,,,,,,,,,,,,,True,True,True,True
episode-d212bc6cb3a67b145b5b,UNDRR DesInventar Nepal,1990,7,9,Far Western Region,Kanchanpur,MAHENDRA NAGAR N.P.,HEAVY RAINS,0,0,0,0,41,0,0,0.0,False,,,,,,,,,,,,,,,,,,,,,,,,,,True,True,True,True
episode-7ecf30225bb2140d066e,UNDRR DesInventar Nepal,1990,7,10,Far Western Region,Kanchanpur,CHANDANI,HEAVY RAINS,0,0,0,0,20,0,0,0.0,False,,,,,,,,,,,,,,,,,,,,,,,,,,True,True,True,True
episode-7f68bc72ccd2cbb3f066,UNDRR DesInventar Nepal,1990,7,10,Far Western Region,Kanchanpur,RAUTELI BICHAWA,HEAVY RAINS,0,0,0,0,6,0,0,0.0,False,,,,,,,,,,,,,,,,,,,,,,,,,,True,True,True,True
episode-256771bbebc8bdf6a403,UNDRR DesInventar Nepal,1990,8,10,Far Western Region,Bajura,UNKNOWN,HEAVY RAINS,6,0,0,0,0,7,0,0.0,False,,,,,,,,,,,,,,,,,,,,,,,,,,True,True,True,True
episode-a2885bb6fe97eb194d7a,UNDRR DesInventar Nepal,1990,8,26,Central Region,Chitawan,BACHHEULI,HEAVY RAINS,0,0,0,0,161,0,0,0.0,False,,,,,,,,,,,,,,,,,,,,,,,,,,True,True,True,True
episode-8ae625bf4f6f4c6c558a,UNDRR DesInventar Nepal,1990,8,26,Central Region,Chitawan,BHANDARA,HEAVY RAINS,32,12,0,0,292,0,0,0.0,False,,,,,,,,,,,,,,,,,,,,,,,,,,True,True,True,True
episode-85001262e6605bbfe999,UNDRR DesInventar Nepal,1990,8,26,Central Region,Chitawan,CHAINPUR,HEAVY RAINS,0,0,0,0,20,0,0,0.0,False,,,,,,,,,,,,,,,,,,,,,,,,,,True,True,True,True
episode-b8d31192d98982b7c8bc,UNDRR DesInventar Nepal,1990,8,26,Central Region,Chitawan,DARE CHOWK,HEAVY RAINS,0,0,0,0,7,0,0,0.0,False,,,,,,,,,,,,,,,,,,,,,,,,,,True,True,True,True
episode-24cedbb76a43240b8a7d,UNDRR DesInventar Nepal,1990,8,26,Central Region,Chitawan,KATHAR,HEAVY RAINS,0,0,0,0,21,0,0,0.0,False,,,,,,,,,,,,,,,,,,,,,,,,,,True,True,True,True
episode-5e662888f0e638248ce8,UNDRR DesInventar Nepal,1990,8,26,Central Region,Chitawan,KUMROJ,HEAVY RAINS,0,0,0,0,25,0,0,0.0,False,,,,,,,,,,,,,,,,,,,,,,,,,,True,True,True,True
episode-c41110e52bb05fed0cdd,UNDRR DesInventar Nepal,1990,8,26,Central Region,Chitawan,PIPLE,HEAVY RAINS,0,0,0,0,150,0,0,0.0,False,,,,,,,,,,,,,,,,,,,,,,,,,,True,True,True,True
episode-0a8fc2e77ba6e43b6e72,UNDRR DesInventar Nepal,1990,8,26,Central Region,Chitawan,RATNA NAGAR N.P.,HEAVY RAINS,0,0,0,0,13,0,0,0.0,False,,,,,,,,,,,,,,,,,,,,,,,,,,True,True,True,True
episode-d37349264ebc595561ef,UNDRR DesInventar Nepal,1990,8,26,Central Region,Chitawan,UNKNOWN,HEAVY RAINS,0,0,0,0,9,0,0,0.0,False,,,,,,,,,,,,,,,,,,,,,,,,,,True,True,True,True
episode-aa7e47fc311b9b6706ba,UNDRR DesInventar Nepal,1990,8,26,Central Region,Makwanpur,UNKNOWN,HEAVY RAINS,0,0,0,0,5,0,0,0.0,False,,,,,,,,,,,,,,,,,,,,,,,,,,True,True,True,True
episode-54bf89c16339a05d9bef,UNDRR DesInventar Nepal,1990,8,26,Western Region,Nawalparasi,UNKNOWN,HEAVY RAINS,0,0,0,0,80,0,0,0.0,False,,,,,,,,,,,,,,,,,,,,,,,,,,True,True,True,True
episode-3cc3877416f4f56019d7,UNDRR DesInventar Nepal,1990,8,26,Central Region,Ramechhap,Manthali,HEAVY RAINS,0,0,0,0,10,0,0,0.0,False,,,,,,,,,,,,,,,,,,,,,,,,,,True,True,True,True
episode-4a150848c83015e97368,UNDRR DesInventar Nepal,1990,8,26,Central Region,Rautahat,GAUR NP,HEAVY RAINS,4,0,0,0,0,0,0,0.0,False,,,,,,,,,,,,,,,,,,,,,,,,,,True,True,True,True
episode-9ba1ef98810d8a5dc864,UNDRR DesInventar Nepal,1990,8,26,Eastern Region,Sunsari,UNKNOWN,HEAVY RAINS,0,0,0,1400,0,0,0,0.0,False,,,,,,,,,,,,,,,,,,,,,,,,,,True,True,True,True
episode-e84f5951718f86b74b71,UNDRR DesInventar Nepal,1990,8,27,Central Region,Rautahat,UNKNOWN,OTHER,0,0,0,0,0,1300,0,0.0,False,,,,,,,,,,,,,,,,,,,,,,,,,,True,True,True,True
episode-dcc003341d826f0d0c20,UNDRR DesInventar Nepal,1990,9,10,Central Region,Chitawan,UNKNOWN,HEAVY RAINS,0,0,0,0,0,0,0,0.0,False,,,,,,,,,,,,,,,,,,,,,,,,,,True,True,True,True
episode-55be5d1a284e4ae226cb,UNDRR DesInventar Nepal,1990,10,1,Mid-Western Region,Mugu,KOTDADA,HEAVY RAINS,0,0,0,0,0,0,0,0.0,False,,,,,,,,,,,,,,,,,,,,,,,,,,True,True,True,True
episode-f408ed606f6bc97bae03,UNDRR DesInventar Nepal,1990,10,2,Eastern Region,Udayapur,UNKNOWN,HEAVY RAINS,0,0,0,672,0,0,0,0.0,False,,,,,,,,,,,,,,,,,,,,,,,,,,True,True,True,True
episode-a526a1091d5cf13ef319,UNDRR DesInventar Nepal,1990,10,25,Western Region,Syangja,JAGATRADEVI,OTHER,5,0,0,0,0,0,0,0.0,False,,,,,,,,,,,,,,,,,,,,,,,,,,True,True,True,True
episode-2e3f81e26996c1fe22e2,UNDRR DesInventar Nepal,1991,7,16,Eastern Region,Morang,Tankisinuwari,HEAVY RAINS,0,0,0,0,0,0,0,0.0,False,,,,,,,,,,,,,,,,,,,,,,,,,,True,True,True,True
episode-3b3da06cd6b261d33010,UNDRR DesInventar Nepal,1991,7,17,Eastern Region,Morang,UNKNOWN,FLOOD,0,0,0,20000,0,0,0,0.0,False,,,,,,,,,,,,,,,,,,,,,,,,,,True,True,True,True
episode-9f9eadac8cb2b41af324,UNDRR DesInventar Nepal,1991,7,17,Eastern Region,Saptari,BAMANGAMA KATTI,HEAVY RAINS,0,0,0,0,0,0,0,0.0,False,,,,,,,,,,,,,,,,,,,,,,,,,,True,True,True,True
episode-33de1c9806c80be8e8b9,UNDRR DesInventar Nepal,1991,7,17,Eastern Region,Saptari,CHHINNAMASTA,HEAVY RAINS,0,0,0,0,0,0,0,0.0,False,,,,,,,,,,,,,,,,,,,,,,,,,,True,True,True,True
episode-fd1517359c533556e4b7,UNDRR DesInventar Nepal,1991,7,17,Eastern Region,Saptari,HANUMAN NAGAR,HEAVY RAINS,0,0,0,2000,0,0,0,0.0,False,,,,,,,,,,,,,,,,,,,,,,,,,,True,True,True,True
episode-1592ce4dbd98539f4f17,UNDRR DesInventar Nepal,1991,7,17,Eastern Region,Saptari,INARWA,HEAVY RAINS,0,0,0,0,0,0,0,0.0,False,,,,,,,,,,,,,,,,,,,,,,,,,,True,True,True,True
episode-d97dfe50f6d44c9d53a5,UNDRR DesInventar Nepal,1991,7,17,Eastern Region,Saptari,KAMALPUR,HEAVY RAINS,0,0,0,0,0,0,0,0.0,False,,,,,,,,,,,,,,,,,,,,,,,,,,True,True,True,True
episode-396fb9b98e4ca49de729,UNDRR DesInventar Nepal,1991,7,17,Eastern Region,Saptari,KOILADI,HEAVY RAINS,0,0,0,0,0,0,0,0.0,False,,,,,,,,,,,,,,,,,,,,,,,,,,True,True,True,True
episode-370e23b05c80217411f5,UNDRR DesInventar Nepal,1991,7,17,Eastern Region,Saptari,LALAPATLI,HEAVY RAINS,0,0,0,0,0,0,0,0.0,False,,,,,,,,,,,,,,,,,,,,,,,,,,True,True,True,True
episode-110fcab83b675e102342,UNDRR DesInventar Nepal,1991,7,17,Eastern Region,Saptari,PARSHWANI,HEAVY RAINS,0,0,0,0,0,0,0,0.0,False,,,,,,,,,,,,,,,,,,,,,,,,,,True,True,True,True
episode-ea321dd9c5150d047122,UNDRR DesInventar Nepal,1991,7,17,Eastern Region,Saptari,THELIYA,HEAVY RAINS,0,0,0,0,0,0,0,0.0,False,,,,,,,,,,,,,,,,,,,,,,,,,,True,True,True,True
episode-aa6ff3273054e2f26df9,UNDRR DesInventar Nepal,1991,7,17,Eastern Region,Saptari,TIKULIYA,HEAVY RAINS,0,0,0,0,0,0,0,0.0,False,,,,,,,,,,,,,,,,,,,,,,,,,,True,True,True,True
episode-f9ca294cd3c40990ee2f,UNDRR DesInventar Nepal,1991,7,17,Eastern Region,Saptari,TILATHI,HEAVY RAINS,0,0,0,0,0,0,0,0.0,False,,,,,,,,,,,,,,,,,,,,,,,,,,True,True,True,True
episode-4bc492c41de5a90c7948,UNDRR DesInventar Nepal,1991,7,17,Eastern Region,Saptari,UNKNOWN,HEAVY RAINS,0,0,0,0,0,0,0,0.0,False,,,,,,,,,,,,,,,,,,,,,,,,,,True,True,True,True
episode-cf7f8eb1b97dd3cb6120,UNDRR DesInventar Nepal,1991,7,17,Eastern Region,Sunsari,Chimdi,HEAVY RAINS,0,0,0,1000,0,0,0,0.0,False,,,,,,,,,,,,,,,,,,,,,,,,,,True,True,True,True
episode-002445200c755063b197,UNDRR DesInventar Nepal,1991,7,20,Central Region,Dhanusa,Dhalkebar,HEAVY RAINS,0,0,0,0,0,0,0,0.0,True,,,,,,,,,,,,,,,,,,,,,,,,,,True,True,True,True
episode-2429031990acd4d7754a,UNDRR DesInventar Nepal,1991,8,8,Eastern Region,Saptari,MOHANPUR,HEAVY RAINS,0,0,0,0,2,0,0,0.0,False,,,,,,,,,,,,,,,,,,,,,,,,,,True,True,True,True
episode-187d6012f30123a69d88,UNDRR DesInventar Nepal,1991,8,10,Western Region,Nawalparasi,SHIVAMANDIR,HEAVY RAINS,0,0,0,113,11,0,0,0.0,False,,,,,,,,,,,,,,,,,,,,,,,,,,True,True,True,True
episode-1c9cc1ac525b55f1675b,UNDRR DesInventar Nepal,1991,8,20,Eastern Region,Saptari,BARSAIN,HEAVY RAINS,0,0,0,157,0,12,0,0.0,False,,,,,,,,,,,,,,,,,,,,,,,,,,True,True,True,True
episode-dfa9c3740551de76581e,UNDRR DesInventar Nepal,1991,8,20,Eastern Region,Saptari,JOGINIYA,HEAVY RAINS,0,0,0,974,0,0,0,0.0,False,,,,,,,,,,,,,,,,,,,,,,,,,,True,True,True,True
episode-794c6b8c7103f2e3b0ea,UNDRR DesInventar Nepal,1991,8,27,Central Region,Rautahat,BASATPUR,HEAVY RAINS,0,0,0,0,0,0,0,0.0,False,,,,,,,,,,,,,,,,,,,,,,,,,,True,True,True,True
episode-0cd009f2963854fd7ade,UNDRR DesInventar Nepal,1991,8,27,Central Region,Rautahat,BHALOHIYA,HEAVY RAINS,0,0,0,0,0,0,0,0.0,False,,,,,,,,,,,,,,,,,,,,,,,,,,True,True,True,True
episode-6cacfe25611c8b597267,UNDRR DesInventar Nepal,1991,8,27,Central Region,Rautahat,BHASERWA,HEAVY RAINS,0,0,0,0,0,0,0,0.0,False,,,,,,,,,,,,,,,,,,,,,,,,,,True,True,True,True
episode-f108f3a0276a97bc2572,UNDRR DesInventar Nepal,1991,8,27,Central Region,Rautahat,BHAWANIPUR,HEAVY RAINS,0,0,0,0,0,0,0,0.0,False,,,,,,,,,,,,,,,,,,,,,,,,,,True,True,True,True
episode-a9cc744a4be7584785d0,UNDRR DesInventar Nepal,1991,8,27,Central Region,Rautahat,HAJMINIYA,HEAVY RAINS,0,0,0,0,0,0,0,0.0,False,,,,,,,,,,,,,,,,,,,,,,,,,,True,True,True,True
episode-8bfcb3954d0ebf285a95,UNDRR DesInventar Nepal,1991,8,27,Central Region,Rautahat,HARSAHA PHATUHA (B),HEAVY RAINS,0,0,0,0,0,0,0,0.0,False,,,,,,,,,,,,,,,,,,,,,,,,,,True,True,True,True
episode-805f1d1fa7d6cc5a3402,UNDRR DesInventar Nepal,1991,8,27,Central Region,Rautahat,LAKSMINIYA,HEAVY RAINS,0,0,0,0,0,0,0,0.0,False,,,,,,,,,,,,,,,,,,,,,,,,,,True,True,True,True
episode-6ab933385ba745f75986,UNDRR DesInventar Nepal,1991,8,27,Central Region,Rautahat,PHATUWA MAHESHPUR,HEAVY RAINS,0,0,0,0,0,0,0,0.0,False,,,,,,,,,,,,,,,,,,,,,,,,,,True,True,True,True
episode-e54d77364c6711379e81,UNDRR DesInventar Nepal,1991,8,27,Central Region,Rautahat,PIPARA BHAGWANPUR,HEAVY RAINS,0,0,0,0,0,0,0,0.0,False,,,,,,,,,,,,,,,,,,,,,,,,,,True,True,True,True
episode-a7610d319435793664fa,UNDRR DesInventar Nepal,1991,8,27,Central Region,Rautahat,POTHIYAHI,HEAVY RAINS,0,0,0,0,0,0,0,0.0,False,,,,,,,,,,,,,,,,,,,,,,,,,,True,True,True,True
episode-d10021aaa78afe7d2620,UNDRR DesInventar Nepal,1991,8,27,Central Region,Rautahat,TENGRAHA,HEAVY RAINS,0,0,0,0,0,0,0,0.0,False,,,,,,,,,,,,,,,,,,,,,,,,,,True,True,True,True
episode-fb9af3fb23185b3fd938,UNDRR DesInventar Nepal,1991,8,27,Central Region,Rautahat,UNKNOWN,HEAVY RAINS,0,0,0,0,0,0,0,0.0,False,,,,,,,,,,,,,,,,,,,,,,,,,,True,True,True,True
episode-871169e7705c3738acf2,UNDRR DesInventar Nepal,1991,8,30,Mid-Western Region,Dang,BELA,HEAVY RAINS,0,0,0,0,0,0,0,0.0,True,,,,,,,,,,,,,,,,,,,,,,,,,,True,True,True,True
episode-ec1f1e9db4f010f35876,UNDRR DesInventar Nepal,1991,8,30,Mid-Western Region,Dang,BIJAURI,HEAVY RAINS,0,0,0,0,0,0,0,0.0,False,,,,,,,,,,,,,,,,,,,,,,,,,,True,True,True,True
episode-1b05d94569c3781ea06f,UNDRR DesInventar Nepal,1991,8,30,Mid-Western Region,Dang,CHAILAHI,HEAVY RAINS,0,0,0,0,0,0,0,0.0,False,,,,,,,,,,,,,,,,,,,,,,,,,,True,True,True,True
episode-31796724777ebeb068a5,UNDRR DesInventar Nepal,1991,8,30,Mid-Western Region,Dang,DHIKPUR,HEAVY RAINS,0,0,0,0,0,0,0,0.0,False,,,,,,,,,,,,,,,,,,,,,,,,,,True,True,True,True
episode-4aabc29b9eb1ee1ea082,UNDRR DesInventar Nepal,1991,8,30,Mid-Western Region,Dang,LALMATIYA,HEAVY RAINS,0,0,0,0,0,0,0,0.0,False,,,,,,,,,,,,,,,,,,,,,,,,,,True,True,True,True
episode-882e3237549efa70220f,UNDRR DesInventar Nepal,1991,8,30,Mid-Western Region,Dang,SISAHNIYA,HEAVY RAINS,0,0,0,0,0,0,0,0.0,False,,,,,,,,,,,,,,,,,,,,,,,,,,True,True,True,True
episode-8d982eac3ccb7cf6b897,UNDRR DesInventar Nepal,1991,8,30,Mid-Western Region,Dang,SONPUR,HEAVY RAINS,0,0,0,0,0,0,0,0.0,False,,,,,,,,,,,,,,,,,,,,,,,,,,True,True,True,True
episode-55e142689d8443ad2844,UNDRR DesInventar Nepal,1991,9,7,Central Region,Sindhuli,UNKNOWN,HEAVY RAINS,0,0,0,0,0,0,0,0.0,False,,,,,,,,,,,,,,,,,,,,,,,,,,True,True,True,True
episode-e62dec30c042d0eb4b29,UNDRR DesInventar Nepal,1991,9,12,Eastern Region,Udayapur,Beltar,HEAVY RAINS,0,0,0,184,0,0,0,0.0,False,,,,,,,,,,,,,,,,,,,,,,,,,,True,True,True,True
episode-fa7c29d34a580f7b0577,UNDRR DesInventar Nepal,1991,9,13,Far Western Region,Kanchanpur,UNKNOWN,HEAVY RAINS,2,0,0,8400,0,0,0,0.0,False,,,,,,,,,,,,,,,,,,,,,,,,,,True,True,True,True
episode-b925bbaa141c915bfd02,UNDRR DesInventar Nepal,1991,9,14,Eastern Region,Jhapa,DAMAK MUN.,RAIN,0,0,0,73,13,0,0,0.0,False,,,,,,,,,,,,,,,,,,,,,,,,,,True,True,True,True
episode-5da9f5ddbba46a45f461,UNDRR DesInventar Nepal,1991,9,15,Eastern Region,Jhapa,ANARMANI,HEAVY RAINS,0,0,0,0,0,0,0,0.0,False,,,,,,,,,,,,,,,,,,,,,,,,,,True,True,True,True
episode-49b6fac915628c3ca92b,UNDRR DesInventar Nepal,1991,9,15,Eastern Region,Jhapa,DAMAK MUN.,RAIN,0,0,0,22,4,0,0,0.0,False,,,,,,,,,,,,,,,,,,,,,,,,,,True,True,True,True
episode-3b52633d0b5fd1e17c7e,UNDRR DesInventar Nepal,1991,9,15,Eastern Region,Jhapa,DHAIJAN,HEAVY RAINS,0,0,0,84,3,0,0,0.0,False,,,,,,,,,,,,,,,,,,,,,,,,,,True,True,True,True
episode-72581de49a001dd7d107,UNDRR DesInventar Nepal,1991,9,15,Eastern Region,Jhapa,KUMARKHOD,RAIN,0,0,0,28,5,0,0,0.0,False,,,,,,,,,,,,,,,,,,,,,,,,,,True,True,True,True
episode-0167bca4c324cf4e67c8,UNDRR DesInventar Nepal,1991,9,15,Eastern Region,Jhapa,MAHESHPUR,HEAVY RAINS,0,0,0,0,0,0,0,0.0,False,,,,,,,,,,,,,,,,,,,,,,,,,,True,True,True,True
episode-12609b651046b3821478,UNDRR DesInventar Nepal,1991,9,15,Eastern Region,Jhapa,MECHI MUN.,HEAVY RAINS,0,0,0,0,0,0,0,0.0,False,,,,,,,,,,,,,,,,,,,,,,,,,,True,True,True,True
episode-8ed94024b909f68e4b26,UNDRR DesInventar Nepal,1991,9,15,Eastern Region,Jhapa,SURUNGA,HEAVY RAINS,0,0,0,0,0,0,0,200.0,True,,,,,,,,,,,,,,,,,,,,,,,,,,True,True,True,True
episode-2549665247385cf8e417,UNDRR DesInventar Nepal,1991,9,16,Eastern Region,Jhapa,MECHI MUN.,HEAVY RAINS,0,0,0,0,0,0,0,0.0,False,,,,,,,,,,,,,,,,,,,,,,,,,,True,True,True,True
episode-de39568ae2965b700505,UNDRR DesInventar Nepal,1991,9,19,Eastern Region,Morang,UNKNOWN,HEAVY RAINS,16,0,0,0,0,0,0,0.0,False,,,,,,,,,,,,,,,,,,,,,,,,,,True,True,True,True
episode-094b7136d8370fadf49f,UNDRR DesInventar Nepal,1991,9,23,Central Region,Sindhuli,Pipalmadhi,HEAVY RAINS,0,0,0,0,0,0,0,0.0,False,,,,,,,,,,,,,,,,,,,,,,,,,,True,True,True,True
episode-0f907653f5885f218ce0,UNDRR DesInventar Nepal,1991,9,28,Eastern Region,Panchthar,CHYANTHAPU,HEAVY RAINS,0,0,0,1635,0,0,0,0.0,False,,,,,,,,,,,,,,,,,,,,,,,,,,True,True,True,True
episode-79c725e6897e4f06821a,UNDRR DesInventar Nepal,1991,9,30,Eastern Region,Jhapa,SATASIDHAM,HEAVY RAINS,0,0,0,0,0,0,0,0.0,False,,,,,,,,,,,,,,,,,,,,,,,,,,True,True,True,True
episode-f22404fcbc6b0e43596a,UNDRR DesInventar Nepal,1991,10,20,Eastern Region,Jhapa,UNKNOWN,DESIGN ERROR,27,0,0,0,0,0,0,0.0,False,,,,,,,,,,,,,,,,,,,,,,,,,,True,True,True,True
episode-c1f4dbf1805ab61f74fc,UNDRR DesInventar Nepal,1992,7,8,Mid-Western Region,Jumla,UNKNOWN,HEAVY RAINS,1,0,0,0,1,0,0,0.0,False,,,,,,,,,,,,,,,,,,,,,,,,,,True,True,True,True
episode-f8e5fb5e4cd8b3930ed3,UNDRR DesInventar Nepal,1992,7,30,Western Region,Manang,THOCHE,HEAVY RAINS,0,0,0,0,0,0,0,0.0,True,,,,,,,,,,,,,,,,,,,,,,,,,,True,True,True,True
episode-a537031afd4b3254e240,UNDRR DesInventar Nepal,1992,8,23,Eastern Region,Terhathum,UNKNOWN,HEAVY RAINS,1,1,0,0,1,0,0,0.0,False,,,,,,,,,,,,,,,,,,,,,,,,,,True,True,True,True
episode-d322444ac21f427f563a,UNDRR DesInventar Nepal,1992,10,15,Central Region,Sarlahi,HARIPUR,RAIN,0,0,0,0,0,0,0,0.0,False,,,,,,,,,,,,,,,,,,,,,,,,,,True,True,True,True
episode-c59fb048845700d587ce,UNDRR DesInventar Nepal,1993,5,12,Central Region,Sindhuli,Hariharpur Gadhi,HEAVY RAINS,0,0,0,0,0,0,0,0.0,False,,,,,,,,,,,,,,,,,,,,,,,,,,True,True,True,True
episode-e3878cc5111ee47055a1,UNDRR DesInventar Nepal,1993,5,28,Eastern Region,Khotang,Dhitutanga,HEAVY RAINS,1,0,0,0,0,0,0,0.0,False,,,,,,,,,,,,,,,,,,,,,,,,,,True,True,True,True
episode-b75c9d5262b0bcb2e7d2,UNDRR DesInventar Nepal,1993,6,0,Central Region,Sindhuli,Bastipur,HEAVY RAINS,0,0,0,1330,58,30,0,0.0,False,,,,,,,,,,,,,,,,,,,,,,,,,,True,True,True,True
episode-5ca91acfb653bac6286e,UNDRR DesInventar Nepal,1993,6,6,Central Region,Nuwakot,OKHARPAUWA,HEAVY RAINS,0,0,0,0,0,0,0,0.0,False,,,,,,,,,,,,,,,,,,,,,,,,,,True,True,True,True
episode-464060ae3149b6be9328,UNDRR DesInventar Nepal,1993,6,18,Central Region,Dolakha,Marbu,HEAVY RAINS,0,2,1,0,1,0,0,0.0,False,,,,,,,,,,,,,,,,,,,,,,,,,,True,True,True,True
episode-71738e07a448bb861a12,UNDRR DesInventar Nepal,1993,6,18,Central Region,Ramechhap,Chuchure,HEAVY RAINS,0,0,0,0,0,0,0,0.0,True,,,,,,,,,,,,,,,,,,,,,,,,,,True,True,True,True
episode-d6887a153a3919fa56a1,UNDRR DesInventar Nepal,1993,7,0,Central Region,Bara,UNKNOWN,HEAVY RAINS,2,0,0,0,0,0,0,0.0,False,,,,,,,,,,,,,,,,,,,,,,,,,,True,True,True,True
episode-e884693b803d309e5b4f,UNDRR DesInventar Nepal,1993,7,0,Central Region,Chitawan,BACHHEULI,HEAVY RAINS,6,0,0,3396,219,0,0,0.0,False,,,,,,,,,,,,,,,,,,,,,,,,,,True,True,True,True
episode-929d14842db856497306,UNDRR DesInventar Nepal,1993,7,0,Central Region,Chitawan,KATHAR,HEAVY RAINS,4,0,0,9691,459,0,0,0.0,False,,,,,,,,,,,,,,,,,,,,,,,,,,True,True,True,True
episode-b8d316ae8ead71cd4dcb,UNDRR DesInventar Nepal,1993,7,0,Central Region,Chitawan,KUMROJ,HEAVY RAINS,2,0,0,6349,330,0,0,0.0,False,,,,,,,,,,,,,,,,,,,,,,,,,,True,True,True,True
episode-fd697063b868eec8557d,UNDRR DesInventar Nepal,1993,7,0,Central Region,Chitawan,PADMPUR,HEAVY RAINS,1,0,0,2805,163,0,0,0.0,False,,,,,,,,,,,,,,,,,,,,,,,,,,True,True,True,True
episode-5d71831e83e4e7598664,UNDRR DesInventar Nepal,1993,7,0,Central Region,Chitawan,PIPLE,HEAVY RAINS,0,0,0,1540,150,0,0,0.0,False,,,,,,,,,,,,,,,,,,,,,,,,,,True,True,True,True
episode-05fee6cb50f276047d81,UNDRR DesInventar Nepal,1993,7,0,Central Region,Dhanusa,UNKNOWN,HEAVY RAINS,0,0,0,17280,477,1620,0,0.0,False,,,,,,,,,,,,,,,,,,,,,,,,,,True,True,True,True
episode-98cb039b0975bbf7063a,UNDRR DesInventar Nepal,1993,7,0,Central Region,Kathmandu,UNKNOWN,HEAVY RAINS,1,0,3,0,0,0,0,0.0,False,,,,,,,,,,,,,,,,,,,,,,,,,,True,True,True,True
episode-85482b06f891a0e57f45,UNDRR DesInventar Nepal,1993,7,0,Central Region,Kavre,BALTING,HEAVY RAINS,0,0,0,72,0,11,0,0.0,False,,,,,,,,,,,,,,,,,,,,,,,,,,True,True,True,True
episode-3ce1480b0cfaeaa50328,UNDRR DesInventar Nepal,1993,7,0,Central Region,Kavre,BEKHSIMLE,HEAVY RAINS,1,0,0,3132,68,0,0,0.0,False,,,,,,,,,,,,,,,,,,,,,,,,,,True,True,True,True
episode-0a6a1ea3deac4de73275,UNDRR DesInventar Nepal,1993,7,0,Central Region,Kavre,MAHADEVSTHAN MANDAN,HEAVY RAINS,1,0,0,109,0,0,0,0.0,False,,,,,,,,,,,,,,,,,,,,,,,,,,True,True,True,True
episode-6227996eeb401e924386,UNDRR DesInventar Nepal,1993,7,0,Central Region,Kavre,SALDHARA,HEAVY RAINS,12,0,0,675,23,0,0,0.0,False,,,,,,,,,,,,,,,,,,,,,,,,,,True,True,True,True
episode-57d11c829e14e4255689,UNDRR DesInventar Nepal,1993,7,0,Central Region,Kavre,UNKNOWN,HEAVY RAINS,6,0,0,1071,49,14,0,0.0,False,,,,,,,,,,,,,,,,,,,,,,,,,,True,True,True,True
episode-6e58f7ea639fe2d04c4e,UNDRR DesInventar Nepal,1993,7,0,Central Region,Lalitpur,UNKNOWN,HEAVY RAINS,7,0,12,1355,51,51,0,0.0,True,,,,,,,,,,,,,,,,,,,,,,,,,,True,True,True,True
episode-bae0f050f628d68699c0,UNDRR DesInventar Nepal,1993,7,0,Central Region,Mahotari,UNKNOWN,HEAVY RAINS,8,0,3,0,0,0,0,0.0,False,,,,,,,,,,,,,,,,,,,,,,,,,,True,True,True,True
episode-c953e9ee7d644e524b11,UNDRR DesInventar Nepal,1993,7,0,Central Region,Makwanpur,AMBHANJYANG,HEAVY RAINS,0,0,0,2141,14,44,0,0.0,False,,,,,,,,,,,,,,,,,,,,,,,,,,True,True,True,True
episode-2532200e530125b391f5,UNDRR DesInventar Nepal,1993,7,0,Central Region,Makwanpur,BETINI,HEAVY RAINS,3,0,0,1360,11,6,0,0.0,False,,,,,,,,,,,,,,,,,,,,,,,,,,True,True,True,True
episode-242683e77e36689c259f,UNDRR DesInventar Nepal,1993,7,0,Central Region,Makwanpur,CHITLANG,HEAVY RAINS,1,0,0,3295,20,9,0,0.0,False,,,,,,,,,,,,,,,,,,,,,,,,,,True,True,True,True
episode-8e8e81b2f401856292ce,UNDRR DesInventar Nepal,1993,7,0,Central Region,Makwanpur,DHIYAL,HEAVY RAINS,0,0,0,0,7,21,0,0.0,False,,,,,,,,,,,,,,,,,,,,,,,,,,True,True,True,True
episode-120978089b33846e4f50,UNDRR DesInventar Nepal,1993,7,0,Central Region,Makwanpur,HADIKHOLA,HEAVY RAINS,0,0,0,1946,11,5,0,0.0,False,,,,,,,,,,,,,,,,,,,,,,,,,,True,True,True,True
episode-4ee1789fd4a112960ac9,UNDRR DesInventar Nepal,1993,7,0,Central Region,Makwanpur,HARNAMADI,HEAVY RAINS,0,0,0,108,0,0,0,0.0,False,,,,,,,,,,,,,,,,,,,,,,,,,,True,True,True,True
episode-40224a4e8a94cce78c61,UNDRR DesInventar Nepal,1993,7,0,Central Region,Makwanpur,HATIYA,HEAVY RAINS,0,0,0,446,0,6,0,0.0,False,,,,,,,,,,,,,,,,,,,,,,,,,,True,True,True,True
episode-68610f1bc426eace9ff0,UNDRR DesInventar Nepal,1993,7,0,Central Region,Makwanpur,KOGATE,HEAVY RAINS,0,0,0,65,0,3,0,0.0,False,,,,,,,,,,,,,,,,,,,,,,,,,,True,True,True,True
episode-c656a41a0f02cf80aec6,UNDRR DesInventar Nepal,1993,7,0,Central Region,Makwanpur,MANAHARI,HEAVY RAINS,1,0,0,2734,105,13,0,0.0,False,,,,,,,,,,,,,,,,,,,,,,,,,,True,True,True,True
episode-990d4c77ec616c466327,UNDRR DesInventar Nepal,1993,7,0,Central Region,Makwanpur,MANTHALI,HEAVY RAINS,0,0,0,685,15,3,0,0.0,False,,,,,,,,,,,,,,,,,,,,,,,,,,True,True,True,True
episode-6a7d03c795bc080cbb5d,UNDRR DesInventar Nepal,1993,7,0,Central Region,Makwanpur,NAMTAR,HEAVY RAINS,6,0,0,3260,112,126,0,0.0,False,,,,,,,,,,,,,,,,,,,,,,,,,,True,True,True,True
episode-b97af976f937d0560c2d,UNDRR DesInventar Nepal,1993,7,0,Central Region,Makwanpur,NIBUWATAR,HEAVY RAINS,1,0,0,979,39,48,0,0.0,False,,,,,,,,,,,,,,,,,,,,,,,,,,True,True,True,True
episode-0b0a5bc54b5e742bceff,UNDRR DesInventar Nepal,1993,7,0,Central Region,Makwanpur,PADAM POKHARI,HEAVY RAINS,0,0,0,54,0,0,0,0.0,False,,,,,,,,,,,,,,,,,,,,,,,,,,True,True,True,True
episode-68c5010e57dd8d9bb775,UNDRR DesInventar Nepal,1993,7,0,Central Region,Makwanpur,PHAKHEL,HEAVY RAINS,2,0,0,74,3,3,0,0.0,False,,,,,,,,,,,,,,,,,,,,,,,,,,True,True,True,True
episode-90323ad91b7bd05e4b7f,UNDRR DesInventar Nepal,1993,7,0,Central Region,Makwanpur,PHAPARBARI,FLOOD,20,0,0,9779,104,29,0,0.0,False,,,,,,,,,,,,,,,,,,,,,,,,,,True,True,True,True
episode-f30684731ae343e4bb48,UNDRR DesInventar Nepal,1993,7,0,Central Region,Makwanpur,SHIKHARPUR,HEAVY RAINS,2,0,0,1913,7,14,0,0.0,False,,,,,,,,,,,,,,,,,,,,,,,,,,True,True,True,True
episode-9a88c0ec5ecc8658c1ff,UNDRR DesInventar Nepal,1993,7,0,Central Region,Makwanpur,SHRIPUR CHATIWAN,HEAVY RAINS,2,0,0,1010,15,4,0,0.0,False,,,,,,,,,,,,,,,,,,,,,,,,,,True,True,True,True
episode-c2b4c6788077db427538,UNDRR DesInventar Nepal,1993,7,0,Central Region,Makwanpur,SUKAURA,HEAVY RAINS,0,0,0,2125,15,7,0,0.0,False,,,,,,,,,,,,,,,,,,,,,,,,,,True,True,True,True
episode-7facbb236251e611213f,UNDRR DesInventar Nepal,1993,7,0,Central Region,Parsa,UNKNOWN,HEAVY RAINS,2,0,0,4460,131,107,0,0.0,False,,,,,,,,,,,,,,,,,,,,,,,,,,True,True,True,True
episode-4c8161f6cf9db5ff52df,UNDRR DesInventar Nepal,1993,7,0,Central Region,Rautahat,AGAIBI,HEAVY RAINS,0,0,0,1360,0,25,0,0.0,False,,,,,,,,,,,,,,,,,,,,,,,,,,True,True,True,True
episode-fc12000210dd55dfa41c,UNDRR DesInventar Nepal,1993,7,0,Central Region,Rautahat,AKOLWA,HEAVY RAINS,0,0,0,270,0,10,0,0.0,False,,,,,,,,,,,,,,,,,,,,,,,,,,True,True,True,True
episode-052d754e83b1e71a1507,UNDRR DesInventar Nepal,1993,7,0,Central Region,Rautahat,AURAIYA,HEAVY RAINS,0,0,0,1971,0,76,0,0.0,False,,,,,,,,,,,,,,,,,,,,,,,,,,True,True,True,True
episode-3ffa07c94ac1a6eaeca9,UNDRR DesInventar Nepal,1993,7,0,Central Region,Rautahat,BADHARWA,HEAVY RAINS,8,0,0,3834,468,258,0,0.0,False,,,,,,,,,,,,,,,,,,,,,,,,,,True,True,True,True
episode-29bea62ae12ee61f96fd,UNDRR DesInventar Nepal,1993,7,0,Central Region,Rautahat,BAIRIYA,HEAVY RAINS,0,0,0,2952,0,41,0,0.0,False,,,,,,,,,,,,,,,,,,,,,,,,,,True,True,True,True
episode-45a2ee12d14957633d18,UNDRR DesInventar Nepal,1993,7,0,Central Region,Rautahat,BASANTAPATTI,HEAVY RAINS,0,0,0,2180,0,16,0,0.0,False,,,,,,,,,,,,,,,,,,,,,,,,,,True,True,True,True
episode-9f6045d796721be75c8c,UNDRR DesInventar Nepal,1993,7,0,Central Region,Rautahat,BASATPUR,HEAVY RAINS,8,0,0,4562,150,634,0,0.0,False,,,,,,,,,,,,,,,,,,,,,,,,,,True,True,True,True
episode-b1ae445be1aef447025e,UNDRR DesInventar Nepal,1993,7,0,Central Region,Rautahat,BHALOHIYA,HEAVY RAINS,0,0,0,2859,11,179,0,0.0,False,,,,,,,,,,,,,,,,,,,,,,,,,,True,True,True,True
episode-23378157bb66c62742ce,UNDRR DesInventar Nepal,1993,7,0,Central Region,Rautahat,BHASERWA,HEAVY RAINS,0,0,0,551,0,74,0,0.0,False,,,,,,,,,,,,,,,,,,,,,,,,,,True,True,True,True
episode-64b3dcbb0fe735058e19,UNDRR DesInventar Nepal,1993,7,0,Central Region,Rautahat,BHAWANIPUR,HEAVY RAINS,0,0,0,2956,0,36,0,0.0,False,,,,,,,,,,,,,,,,,,,,,,,,,,True,True,True,True
episode-b5188c5bb8e7753bb3f3,UNDRR DesInventar Nepal,1993,7,0,Central Region,Rautahat,BHEDIYAHI,HEAVY RAINS,0,0,0,2266,0,0,0,0.0,False,,,,,,,,,,,,,,,,,,,,,,,,,,True,True,True,True
episode-0f208995099f56a54e9d,UNDRR DesInventar Nepal,1993,7,0,Central Region,Rautahat,BRAMHAPURI,HEAVY RAINS,3,0,0,3464,34,584,0,0.0,False,,,,,,,,,,,,,,,,,,,,,,,,,,True,True,True,True
episode-1134a4170d2563800b47,UNDRR DesInventar Nepal,1993,7,0,Central Region,Rautahat,DEWAHI,HEAVY RAINS,0,0,0,1743,0,90,0,0.0,False,,,,,,,,,,,,,,,,,,,,,,,,,,True,True,True,True
episode-4faf7bf12e03d486dde3,UNDRR DesInventar Nepal,1993,7,0,Central Region,Rautahat,DHARMAPUR,HEAVY RAINS,36,0,0,3235,547,158,0,0.0,False,,,,,,,,,,,,,,,,,,,,,,,,,,True,True,True,True
episode-950f81ffc0c1f6020b17,UNDRR DesInventar Nepal,1993,7,0,Central Region,Rautahat,DUMARIYA,HEAVY RAINS,0,0,0,649,0,46,0,0.0,False,,,,,,,,,,,,,,,,,,,,,,,,,,True,True,True,True
episode-7d0eb3b96685739a7911,UNDRR DesInventar Nepal,1993,7,0,Central Region,Rautahat,GAMHARIYA PARSA,HEAVY RAINS,0,0,0,2266,70,169,0,0.0,False,,,,,,,,,,,,,,,,,,,,,,,,,,True,True,True,True
episode-c25db9b98c911a28eda2,UNDRR DesInventar Nepal,1993,7,0,Central Region,Rautahat,HAJMINIYA,HEAVY RAINS,0,0,0,2982,8,35,0,0.0,False,,,,,,,,,,,,,,,,,,,,,,,,,,True,True,True,True
episode-59936a330f51aa9cb56d,UNDRR DesInventar Nepal,1993,7,0,Central Region,Rautahat,INARWARI,HEAVY RAINS,0,0,0,677,6,14,0,0.0,False,,,,,,,,,,,,,,,,,,,,,,,,,,True,True,True,True
episode-8229f3510fa216dc4e02,UNDRR DesInventar Nepal,1993,7,0,Central Region,Rautahat,JATAHARA,HEAVY RAINS,0,0,0,3485,49,305,0,0.0,False,,,,,,,,,,,,,,,,,,,,,,,,,,True,True,True,True
episode-330f218f7f51a1e6c39e,UNDRR DesInventar Nepal,1993,7,0,Central Region,Rautahat,JETHARAHIYA,HEAVY RAINS,0,0,0,1861,0,1,0,0.0,False,,,,,,,,,,,,,,,,,,,,,,,,,,True,True,True,True
episode-a2bd4eb24a7a1e670465,UNDRR DesInventar Nepal,1993,7,0,Central Region,Rautahat,JIGADAWA BELBICHHAWA,HEAVY RAINS,0,0,0,2802,0,29,0,0.0,False,,,,,,,,,,,,,,,,,,,,,,,,,,True,True,True,True
episode-ec973443e1eda05130fa,UNDRR DesInventar Nepal,1993,7,0,Central Region,Rautahat,KANAKPUR,HEAVY RAINS,0,0,0,60,10,3,0,0.0,False,,,,,,,,,,,,,,,,,,,,,,,,,,True,True,True,True
episode-2e4895978403db764094,UNDRR DesInventar Nepal,1993,7,0,Central Region,Rautahat,KARKACH KARMAHIV,HEAVY RAINS,0,0,0,1583,60,57,0,0.0,False,,,,,,,,,,,,,,,,,,,,,,,,,,True,True,True,True
episode-5196d235dee3011b97fb,UNDRR DesInventar Nepal,1993,7,0,Central Region,Rautahat,KARUNIVA,HEAVY RAINS,0,0,0,2535,0,28,0,0.0,False,,,,,,,,,,,,,,,,,,,,,,,,,,True,True,True,True
episode-3b362b01ed12a98bf650,UNDRR DesInventar Nepal,1993,7,0,Central Region,Rautahat,KATAHARIYA (B),HEAVY RAINS,2,0,0,1016,1,2,0,0.0,False,,,,,,,,,,,,,,,,,,,,,,,,,,True,True,True,True
episode-9cc8fa77632fa82f84d8,UNDRR DesInventar Nepal,1993,7,0,Central Region,Rautahat,LAKSMIPUR,HEAVY RAINS,0,0,0,2410,14,57,0,0.0,False,,,,,,,,,,,,,,,,,,,,,,,,,,True,True,True,True
episode-46d220ad590dd9072a82,UNDRR DesInventar Nepal,1993,7,0,Central Region,Rautahat,LAUKAHA,HEAVY RAINS,0,0,0,1417,0,21,0,0.0,False,,,,,,,,,,,,,,,,,,,,,,,,,,True,True,True,True
episode-442d40159917a1ce04a7,UNDRR DesInventar Nepal,1993,7,0,Central Region,Rautahat,MADANPUR,HEAVY RAINS,1,0,0,1617,8,72,0,0.0,False,,,,,,,,,,,,,,,,,,,,,,,,,,True,True,True,True
episode-f510032a78c25ffdf590,UNDRR DesInventar Nepal,1993,7,0,Central Region,Rautahat,PAURAI,HEAVY RAINS,44,0,0,1144,181,0,0,0.0,False,,,,,,,,,,,,,,,,,,,,,,,,,,True,True,True,True
episode-c0239197be3adfa7240b,UNDRR DesInventar Nepal,1993,7,0,Central Region,Rautahat,PHATUWA MAHESHPUR,HEAVY RAINS,0,0,0,3305,0,78,0,0.0,False,,,,,,,,,,,,,,,,,,,,,,,,,,True,True,True,True
episode-de46ae231b724e2ae83c,UNDRR DesInventar Nepal,1993,7,0,Central Region,Rautahat,PIPARA BHAGWANPUR,HEAVY RAINS,1,0,0,2192,27,95,0,0.0,False,,,,,,,,,,,,,,,,,,,,,,,,,,True,True,True,True
episode-72362852edaf6378f932,UNDRR DesInventar Nepal,1993,7,0,Central Region,Rautahat,PREMPUR GONAHI,HEAVY RAINS,0,0,0,649,0,3,0,0.0,False,,,,,,,,,,,,,,,,,,,,,,,,,,True,True,True,True
episode-5a38769b6c20a7d217d7,UNDRR DesInventar Nepal,1993,7,0,Central Region,Rautahat,RAJDEVI,HEAVY RAINS,1,0,0,1074,22,158,0,0.0,False,,,,,,,,,,,,,,,,,,,,,,,,,,True,True,True,True
episode-e94b20e3b1446a4879d9,UNDRR DesInventar Nepal,1993,7,0,Central Region,Rautahat,RAJPUR PHARHADAWA,HEAVY RAINS,0,0,0,1362,0,20,0,0.0,False,,,,,,,,,,,,,,,,,,,,,,,,,,True,True,True,True
episode-93488559ec7b597a81a6,UNDRR DesInventar Nepal,1993,7,0,Central Region,Rautahat,RAJPUR TULSI,HEAVY RAINS,0,0,0,2004,33,43,0,0.0,False,,,,,,,,,,,,,,,,,,,,,,,,,,True,True,True,True
episode-84e41212c632f4f4e00f,UNDRR DesInventar Nepal,1993,7,0,Central Region,Rautahat,RAMPUR KHAP,HEAVY RAINS,1,0,0,3066,45,158,0,0.0,False,,,,,,,,,,,,,,,,,,,,,,,,,,True,True,True,True
episode-25d5a98415a7408639aa,UNDRR DesInventar Nepal,1993,7,0,Central Region,Rautahat,SARAUTHA,HEAVY RAINS,0,0,0,1692,0,12,0,0.0,False,,,,,,,,,,,,,,,,,,,,,,,,,,True,True,True,True
episode-3a413bf2e682e6de5803,UNDRR DesInventar Nepal,1993,7,0,Central Region,Rautahat,TEJAPAKAD,HEAVY RAINS,0,0,0,2049,0,15,0,0.0,False,,,,,,,,,,,,,,,,,,,,,,,,,,True,True,True,True
episode-d810ffde78767155fa95,UNDRR DesInventar Nepal,1993,7,0,Central Region,Rautahat,UNKNOWN,HEAVY RAINS,3,0,0,5142,168,437,0,0.0,False,,,,,,,,,,,,,,,,,,,,,,,,,,True,True,True,True
episode-8a42e9457cbb8dd2aea0,UNDRR DesInventar Nepal,1993,7,0,Western Region,Rupandehi,UNKNOWN,HEAVY RAINS,1,0,0,1080,0,191,0,0.0,True,,,,,,,,,,,,,,,,,,,,,,,,,,True,True,True,True
episode-1523bd60517111405071,UNDRR DesInventar Nepal,1993,7,0,Central Region,Sarlahi,ACHALGADH,HEAVY RAINS,2,0,0,2259,74,273,0,0.0,False,,,,,,,,,,,,,,,,,,,,,,,,,,True,True,True,True
episode-88e9b052653338553f11,UNDRR DesInventar Nepal,1993,7,0,Central Region,Sarlahi,ARNAHA,HEAVY RAINS,2,0,0,2226,235,156,0,0.0,False,,,,,,,,,,,,,,,,,,,,,,,,,,True,True,True,True
episode-4063ae2ea3988f69750a,UNDRR DesInventar Nepal,1993,7,0,Central Region,Sarlahi,BAHADURPUR,HEAVY RAINS,0,0,0,549,130,0,0,0.0,False,,,,,,,,,,,,,,,,,,,,,,,,,,True,True,True,True
episode-ccbc1beaadd6dc3bf4ed,UNDRR DesInventar Nepal,1993,7,0,Central Region,Sarlahi,BALARA,HEAVY RAINS,6,0,0,5305,423,402,0,0.0,False,,,,,,,,,,,,,,,,,,,,,,,,,,True,True,True,True
episode-4e490ccef95e61f1bbce,UNDRR DesInventar Nepal,1993,7,0,Central Region,Sarlahi,BARAUDHORANA,HEAVY RAINS,0,0,0,2827,203,292,0,0.0,False,,,,,,,,,,,,,,,,,,,,,,,,,,True,True,True,True
episode-29cdfce42c6ea064d605,UNDRR DesInventar Nepal,1993,7,0,Central Region,Sarlahi,BELAWAJABDI,HEAVY RAINS,0,0,0,1322,181,128,0,0.0,False,,,,,,,,,,,,,,,,,,,,,,,,,,True,True,True,True
episode-db6d20e50433d2a60f66,UNDRR DesInventar Nepal,1993,7,0,Central Region,Sarlahi,BELHI,HEAVY RAINS,0,0,0,307,25,54,0,0.0,False,,,,,,,,,,,,,,,,,,,,,,,,,,True,True,True,True
episode-b2a8fa43ca5632c367df,UNDRR DesInventar Nepal,1993,7,0,Central Region,Sarlahi,BHAWANIPUR,HEAVY RAINS,5,0,0,1056,114,51,0,0.0,False,,,,,,,,,,,,,,,,,,,,,,,,,,True,True,True,True
episode-86309ab1a377375fa8fb,UNDRR DesInventar Nepal,1993,7,0,Central Region,Sarlahi,BRAMHAPURI,HEAVY RAINS,0,0,0,115,9,14,0,0.0,False,,,,,,,,,,,,,,,,,,,,,,,,,,True,True,True,True
episode-9ff80c7d8c27a228a262,UNDRR DesInventar Nepal,1993,7,0,Central Region,Sarlahi,CHHATAUNA,HEAVY RAINS,0,0,0,1892,207,106,0,0.0,False,,,,,,,,,,,,,,,,,,,,,,,,,,True,True,True,True
episode-ae1f3eb685366ed814df,UNDRR DesInventar Nepal,1993,7,0,Central Region,Sarlahi,CHHOTAUL,HEAVY RAINS,10,0,0,2738,238,237,0,0.0,False,,,,,,,,,,,,,,,,,,,,,,,,,,True,True,True,True
episode-f334512b6edf6a5f7e6a,UNDRR DesInventar Nepal,1993,7,0,Central Region,Sarlahi,DHUNGREKHOLA,HEAVY RAINS,3,0,0,179,9,4,0,0.0,False,,,,,,,,,,,,,,,,,,,,,,,,,,True,True,True,True
episode-cd6624a5adbd894097c2,UNDRR DesInventar Nepal,1993,7,0,Central Region,Sarlahi,DUMARIYA,HEAVY RAINS,3,0,0,1399,52,147,0,0.0,False,,,,,,,,,,,,,,,,,,,,,,,,,,True,True,True,True
episode-9bce9f357be3014881a9,UNDRR DesInventar Nepal,1993,7,0,Central Region,Sarlahi,GADHIYA,HEAVY RAINS,6,0,0,3471,117,530,0,0.0,False,,,,,,,,,,,,,,,,,,,,,,,,,,True,True,True,True
episode-d22ac1385f61b4585672,UNDRR DesInventar Nepal,1993,7,0,Central Region,Sarlahi,HAJARIYA,HEAVY RAINS,16,0,0,6897,433,800,0,0.0,False,,,,,,,,,,,,,,,,,,,,,,,,,,True,True,True,True
episode-97b5fd46b5566dbeab6d,UNDRR DesInventar Nepal,1993,7,0,Central Region,Sarlahi,HARKATHAWA,HEAVY RAINS,0,0,0,3227,153,343,0,0.0,False,,,,,,,,,,,,,,,,,,,,,,,,,,True,True,True,True
episode-d4cdee442abf5efe6163,UNDRR DesInventar Nepal,1993,7,0,Central Region,Sarlahi,HATHIAUL,HEAVY RAINS,11,0,0,4433,558,340,0,0.0,False,,,,,,,,,,,,,,,,,,,,,,,,,,True,True,True,True
episode-6c7f6e91f2840254269d,UNDRR DesInventar Nepal,1993,7,0,Central Region,Sarlahi,JABDI,HEAVY RAINS,0,0,0,13,1,4,0,0.0,False,,,,,,,,,,,,,,,,,,,,,,,,,,True,True,True,True
episode-68f570608ff9cd6033a1,UNDRR DesInventar Nepal,1993,7,0,Central Region,Sarlahi,JANAKINAGAR,HEAVY RAINS,2,0,0,859,122,17,0,0.0,False,,,,,,,,,,,,,,,,,,,,,,,,,,True,True,True,True
episode-0588c3cf0a7a48df03df,UNDRR DesInventar Nepal,1993,7,0,Central Region,Sarlahi,KABILASI,HEAVY RAINS,0,0,0,78,14,2,0,0.0,False,,,,,,,,,,,,,,,,,,,,,,,,,,True,True,True,True
episode-cac794e1c9845a4f0596,UNDRR DesInventar Nepal,1993,7,0,Central Region,Sarlahi,KAIINJOR,HEAVY RAINS,0,0,0,35,7,1,0,0.0,False,,,,,,,,,,,,,,,,,,,,,,,,,,True,True,True,True
episode-0a9877cd7c39138f9861,UNDRR DesInventar Nepal,1993,7,0,Central Region,Sarlahi,KHAIRWA,HEAVY RAINS,1,0,0,961,16,238,0,0.0,False,,,,,,,,,,,,,,,,,,,,,,,,,,True,True,True,True
episode-4b23f7f3078b9d48773e,UNDRR DesInventar Nepal,1993,7,0,Central Region,Sarlahi,LAUKATH,HEAVY RAINS,2,0,0,2818,270,178,0,0.0,False,,,,,,,,,,,,,,,,,,,,,,,,,,True,True,True,True
episode-361f505cf34fcd332973,UNDRR DesInventar Nepal,1993,7,0,Central Region,Sarlahi,MADHUBANGOTH,HEAVY RAINS,0,0,0,359,1,78,0,0.0,False,,,,,,,,,,,,,,,,,,,,,,,,,,True,True,True,True
episode-e4c8923e88ffdcadc229,UNDRR DesInventar Nepal,1993,7,0,Central Region,Sarlahi,MADHUBANI,HEAVY RAINS,1,0,0,975,58,144,0,0.0,False,,,,,,,,,,,,,,,,,,,,,,,,,,True,True,True,True
episode-19348d83482984ff99e3,UNDRR DesInventar Nepal,1993,7,0,Central Region,Sarlahi,MAHINATHPUR,HEAVY RAINS,0,0,0,1896,295,133,0,0.0,False,,,,,,,,,,,,,,,,,,,,,,,,,,True,True,True,True
episode-f00f90307daa76dba022,UNDRR DesInventar Nepal,1993,7,0,Central Region,Sarlahi,MANPUR,HEAVY RAINS,6,0,0,2665,448,26,0,0.0,False,,,,,,,,,,,,,,,,,,,,,,,,,,True,True,True,True
episode-1a59a68a5dd75a97367b,UNDRR DesInventar Nepal,1993,7,0,Central Region,Sarlahi,MIRJAPUR,HEAVY RAINS,2,0,0,2520,407,141,0,0.0,False,,,,,,,,,,,,,,,,,,,,,,,,,,True,True,True,True
episode-aed52d72e311b9685dc4,UNDRR DesInventar Nepal,1993,7,0,Central Region,Sarlahi,MURTIYA,HEAVY RAINS,79,0,0,2626,303,182,0,0.0,False,,,,,,,,,,,,,,,,,,,,,,,,,,True,True,True,True
episode-2e688eb944afea1f946a,UNDRR DesInventar Nepal,1993,7,0,Central Region,Sarlahi,NARAYANKHOLA,HEAVY RAINS,0,0,0,182,29,2,0,0.0,False,,,,,,,,,,,,,,,,,,,,,,,,,,True,True,True,True
episode-09be576420d69c4e4c69,UNDRR DesInventar Nepal,1993,7,0,Central Region,Sarlahi,NETRAGANJ,HEAVY RAINS,6,0,0,1171,174,14,0,0.0,False,,,,,,,,,,,,,,,,,,,,,,,,,,True,True,True,True
episode-0360a7da20d00806d521,UNDRR DesInventar Nepal,1993,7,0,Central Region,Sarlahi,PARARIYA,HEAVY RAINS,0,0,0,566,93,1,0,0.0,False,,,,,,,,,,,,,,,,,,,,,,,,,,True,True,True,True
episode-d1af0410d981031639d4,UNDRR DesInventar Nepal,1993,7,0,Central Region,Sarlahi,PARWANIPUR,HEAVY RAINS,0,0,0,153,14,6,0,0.0,False,,,,,,,,,,,,,,,,,,,,,,,,,,True,True,True,True
episode-fb2cad558d523b66ca27,UNDRR DesInventar Nepal,1993,7,0,Central Region,Sarlahi,PIDARI,HEAVY RAINS,1,0,0,87,21,0,0,0.0,False,,,,,,,,,,,,,,,,,,,,,,,,,,True,True,True,True
episode-ab5d25f982547049e713,UNDRR DesInventar Nepal,1993,7,0,Central Region,Sarlahi,RAJGHAT,HEAVY RAINS,19,0,0,4444,258,710,0,0.0,False,,,,,,,,,,,,,,,,,,,,,,,,,,True,True,True,True
episode-636e1f379267bfbb9ccb,UNDRR DesInventar Nepal,1993,7,0,Central Region,Sarlahi,RAMNAGAR BHAHUARWA,HEAVY RAINS,0,0,0,1403,73,151,0,0.0,False,,,,,,,,,,,,,,,,,,,,,,,,,,True,True,True,True
episode-db366363d2d6cae7dd37,UNDRR DesInventar Nepal,1993,7,0,Central Region,Sarlahi,SAKRAUL,HEAVY RAINS,0,0,0,193,2,31,0,0.0,False,,,,,,,,,,,,,,,,,,,,,,,,,,True,True,True,True
episode-f1b082986f1e61386d0c,UNDRR DesInventar Nepal,1993,7,0,Central Region,Sarlahi,SEKHUNA,HEAVY RAINS,2,0,0,807,26,104,0,0.0,False,,,,,,,,,,,,,,,,,,,,,,,,,,True,True,True,True
episode-baf6e52019be900f58e8,UNDRR DesInventar Nepal,1993,7,0,Central Region,Sarlahi,SHREEPUR,HEAVY RAINS,2,0,0,1711,69,238,0,0.0,False,,,,,,,,,,,,,,,,,,,,,,,,,,True,True,True,True
episode-d6f9d2128efd9ca4c1a4,UNDRR DesInventar Nepal,1993,7,0,Central Region,Sarlahi,SIMARA,HEAVY RAINS,0,0,0,86,15,9,0,0.0,False,,,,,,,,,,,,,,,,,,,,,,,,,,True,True,True,True
episode-9dc8385e3be56ddaec0b,UNDRR DesInventar Nepal,1993,7,0,Central Region,Sarlahi,SISAUT,HEAVY RAINS,1,0,0,2666,123,285,0,0.0,False,,,,,,,,,,,,,,,,,,,,,,,,,,True,True,True,True
episode-67bf33c812843ceeb5d6,UNDRR DesInventar Nepal,1993,7,0,Central Region,Sarlahi,SUDAMA,HEAVY RAINS,0,0,0,2892,67,363,0,0.0,False,,,,,,,,,,,,,,,,,,,,,,,,,,True,True,True,True
episode-b8ae6771f7abc329ab3a,UNDRR DesInventar Nepal,1993,7,0,Central Region,Sarlahi,SUNDARPUR,HEAVY RAINS,2,0,0,3502,239,377,0,0.0,False,,,,,,,,,,,,,,,,,,,,,,,,,,True,True,True,True
episode-29f54c5c67489886ce05,UNDRR DesInventar Nepal,1993,7,0,Central Region,Sarlahi,TRIBHUWAN NAGAR,HEAVY RAINS,0,0,0,404,0,103,0,0.0,False,,,,,,,,,,,,,,,,,,,,,,,,,,True,True,True,True
episode-16ea4cc13cccb34bad6d,UNDRR DesInventar Nepal,1993,7,0,Central Region,Sarlahi,VELHI,HEAVY RAINS,0,0,0,23,0,3,0,0.0,False,,,,,,,,,,,,,,,,,,,,,,,,,,True,True,True,True
episode-df02b361554bb875d272,UNDRR DesInventar Nepal,1993,7,0,Central Region,Sindhuli,Amale,HEAVY RAINS,0,0,0,1120,28,35,0,0.0,False,,,,,,,,,,,,,,,,,,,,,,,,,,True,True,True,True
episode-a826a9a4e4f7ab1ef8ff,UNDRR DesInventar Nepal,1993,7,0,Central Region,Sindhuli,Ambote,HEAVY RAINS,2,0,0,1512,22,26,0,0.0,False,,,,,,,,,,,,,,,,,,,,,,,,,,True,True,True,True
episode-34b1ff6a36bb48df4f83,UNDRR DesInventar Nepal,1993,7,0,Central Region,Sindhuli,Arunthakur,HEAVY RAINS,0,0,0,310,12,50,0,0.0,False,,,,,,,,,,,,,,,,,,,,,,,,,,True,True,True,True
episode-b79073b058edd8b7f5c0,UNDRR DesInventar Nepal,1993,7,0,Central Region,Sindhuli,Bahun Tilpung,HEAVY RAINS,0,0,0,1150,0,10,0,0.0,False,,,,,,,,,,,,,,,,,,,,,,,,,,True,True,True,True
episode-ab344bc64f699b398a88,UNDRR DesInventar Nepal,1993,7,0,Central Region,Sindhuli,Balajor,HEAVY RAINS,0,0,0,1025,4,24,0,0.0,False,,,,,,,,,,,,,,,,,,,,,,,,,,True,True,True,True
episode-00937f75a701b5ae9e50,UNDRR DesInventar Nepal,1993,7,0,Central Region,Sindhuli,Belghari,HEAVY RAINS,6,0,0,2040,4,45,0,0.0,False,,,,,,,,,,,,,,,,,,,,,,,,,,True,True,True,True
episode-3cc47fd51af8bf197100,UNDRR DesInventar Nepal,1993,7,0,Central Region,Sindhuli,Bhadrakali,HEAVY RAINS,0,0,0,1500,52,76,0,0.0,False,,,,,,,,,,,,,,,,,,,,,,,,,,True,True,True,True
episode-5bcee792c90188793acd,UNDRR DesInventar Nepal,1993,7,0,Central Region,Sindhuli,Bhimeshwar Khurkot,HEAVY RAINS,0,0,0,990,17,10,0,0.0,False,,,,,,,,,,,,,,,,,,,,,,,,,,True,True,True,True
episode-5cdad39a7d8671e3924f,UNDRR DesInventar Nepal,1993,7,0,Central Region,Sindhuli,Bhimsthan,HEAVY RAINS,1,0,0,1261,7,64,0,0.0,False,,,,,,,,,,,,,,,,,,,,,,,,,,True,True,True,True
episode-fdfb500ffb6b786d0e92,UNDRR DesInventar Nepal,1993,7,0,Central Region,Sindhuli,Bitijor,HEAVY RAINS,0,0,0,140,10,1,0,0.0,False,,,,,,,,,,,,,,,,,,,,,,,,,,True,True,True,True
episode-5dc213c5dbbfe4a274e1,UNDRR DesInventar Nepal,1993,7,0,Central Region,Sindhuli,Dandi Gurase,HEAVY RAINS,0,0,0,1945,20,33,0,0.0,False,,,,,,,,,,,,,,,,,,,,,,,,,,True,True,True,True
episode-6e8da861b2278603d721,UNDRR DesInventar Nepal,1993,7,0,Central Region,Sindhuli,Dudhauli,HEAVY RAINS,0,0,0,2470,14,24,0,0.0,False,,,,,,,,,,,,,,,,,,,,,,,,,,True,True,True,True
episode-25a101fafad7ff85b295,UNDRR DesInventar Nepal,1993,7,0,Central Region,Sindhuli,Dund Bhanjyang,HEAVY RAINS,0,0,0,584,1,10,0,0.0,False,,,,,,,,,,,,,,,,,,,,,,,,,,True,True,True,True
episode-51751db1539a282082ab,UNDRR DesInventar Nepal,1993,7,0,Central Region,Sindhuli,Hariharpur Gadhi,HEAVY RAINS,0,0,0,885,14,15,0,0.0,False,,,,,,,,,,,,,,,,,,,,,,,,,,True,True,True,True
episode-76045ad026b09cb02627,UNDRR DesInventar Nepal,1993,7,0,Central Region,Sindhuli,Harshahi,HEAVY RAINS,0,0,0,2224,3,6,0,0.0,False,,,,,,,,,,,,,,,,,,,,,,,,,,True,True,True,True
episode-d2df179ca72809fb7ca3,UNDRR DesInventar Nepal,1993,7,0,Central Region,Sindhuli,Jalkanya,HEAVY RAINS,0,0,0,638,25,11,0,0.0,False,,,,,,,,,,,,,,,,,,,,,,,,,,True,True,True,True
episode-df25a8fae283231cea9f,UNDRR DesInventar Nepal,1993,7,0,Central Region,Sindhuli,Jarayotar,HEAVY RAINS,0,0,0,895,5,45,0,0.0,False,,,,,,,,,,,,,,,,,,,,,,,,,,True,True,True,True
episode-8fc0b6a64e8c1e76541f,UNDRR DesInventar Nepal,1993,7,0,Central Region,Sindhuli,Jhangajholi Ratomato,HEAVY RAINS,0,0,0,2860,48,11,0,0.0,False,,,,,,,,,,,,,,,,,,,,,,,,,,True,True,True,True
episode-762ecfe13579b266e664,UNDRR DesInventar Nepal,1993,7,0,Central Region,Sindhuli,Jinakhu,HEAVY RAINS,0,0,0,295,15,44,0,0.0,False,,,,,,,,,,,,,,,,,,,,,,,,,,True,True,True,True
episode-365e263527eef40357fd,UNDRR DesInventar Nepal,1993,7,0,Central Region,Sindhuli,Kakurthakur,HEAVY RAINS,0,0,0,1030,3,5,0,0.0,False,,,,,,,,,,,,,,,,,,,,,,,,,,True,True,True,True
episode-db4ead94f50d8a2c82d9,UNDRR DesInventar Nepal,1993,7,0,Central Region,Sindhuli,Kalpabriksha,HEAVY RAINS,5,0,0,3810,55,72,0,0.0,False,,,,,,,,,,,,,,,,,,,,,,,,,,True,True,True,True
episode-af38e5225d29ad407652,UNDRR DesInventar Nepal,1993,7,0,Central Region,Sindhuli,Kapilakot,HEAVY RAINS,10,0,0,3760,21,93,0,0.0,False,,,,,,,,,,,,,,,,,,,,,,,,,,True,True,True,True
episode-fca5a0572e5c78315130,UNDRR DesInventar Nepal,1993,7,0,Central Region,Sindhuli,Khansang,HEAVY RAINS,0,0,0,430,1,13,0,0.0,False,,,,,,,,,,,,,,,,,,,,,,,,,,True,True,True,True
episode-c87c4502ea902e7e307e,UNDRR DesInventar Nepal,1993,7,0,Central Region,Sindhuli,Kholagaon,HEAVY RAINS,0,0,0,775,1,10,0,0.0,False,,,,,,,,,,,,,,,,,,,,,,,,,,True,True,True,True
episode-2000ba670c131f3fcf18,UNDRR DesInventar Nepal,1993,7,0,Central Region,Sindhuli,Kyaneswar,HEAVY RAINS,6,0,0,2100,31,15,0,0.0,False,,,,,,,,,,,,,,,,,,,,,,,,,,True,True,True,True
episode-0cb1669e926cb0fa4593,UNDRR DesInventar Nepal,1993,7,0,Central Region,Sindhuli,Ladabhir,HEAVY RAINS,0,0,0,872,5,5,0,0.0,False,,,,,,,,,,,,,,,,,,,,,,,,,,True,True,True,True
episode-9a168902dd1181d340fa,UNDRR DesInventar Nepal,1993,7,0,Central Region,Sindhuli,Lampantar,HEAVY RAINS,0,0,0,1825,25,3,0,0.0,False,,,,,,,,,,,,,,,,,,,,,,,,,,True,True,True,True
episode-7c0a3da444fb312916fc,UNDRR DesInventar Nepal,1993,7,0,Central Region,Sindhuli,Mahadev Danda,HEAVY RAINS,1,0,0,1635,5,72,0,0.0,False,,,,,,,,,,,,,,,,,,,,,,,,,,True,True,True,True
episode-c599f39374a7a9f59b6a,UNDRR DesInventar Nepal,1993,7,0,Central Region,Sindhuli,Mahadevsthan,HEAVY RAINS,0,0,0,630,31,24,0,0.0,False,,,,,,,,,,,,,,,,,,,,,,,,,,True,True,True,True
episode-298de4747edb1133921f,UNDRR DesInventar Nepal,1993,7,0,Central Region,Sindhuli,Mahendrajhadi,HEAVY RAINS,6,0,0,2100,15,24,0,0.0,False,,,,,,,,,,,,,,,,,,,,,,,,,,True,True,True,True
episode-14baeb6fa842dab5bce0,UNDRR DesInventar Nepal,1993,7,0,Central Region,Sindhuli,Majhuwa,HEAVY RAINS,0,0,0,360,15,10,0,0.0,False,,,,,,,,,,,,,,,,,,,,,,,,,,True,True,True,True
episode-492a623608ffcd98dedf,UNDRR DesInventar Nepal,1993,7,0,Central Region,Sindhuli,Netrakali,HEAVY RAINS,0,0,0,1320,88,19,0,0.0,False,,,,,,,,,,,,,,,,,,,,,,,,,,True,True,True,True
episode-3d79a9d8c3939872e795,UNDRR DesInventar Nepal,1993,7,0,Central Region,Sindhuli,Nipane,HEAVY RAINS,0,0,0,1125,8,29,0,0.0,False,,,,,,,,,,,,,,,,,,,,,,,,,,True,True,True,True
episode-020ab92893b1726b2ee4,UNDRR DesInventar Nepal,1993,7,0,Central Region,Sindhuli,Pipalmadhi,HEAVY RAINS,0,0,0,1326,15,9,0,0.0,False,,,,,,,,,,,,,,,,,,,,,,,,,,True,True,True,True
episode-3d34ca9ef46533875217,UNDRR DesInventar Nepal,1993,7,0,Central Region,Sindhuli,Ranibas,HEAVY RAINS,0,0,0,1765,4,19,0,0.0,False,,,,,,,,,,,,,,,,,,,,,,,,,,True,True,True,True
episode-f781fe711d48d8c2029c,UNDRR DesInventar Nepal,1993,7,0,Central Region,Sindhuli,Ranichuri,HEAVY RAINS,3,0,0,805,53,44,0,0.0,False,,,,,,,,,,,,,,,,,,,,,,,,,,True,True,True,True
episode-fe582f60160db92f4ff2,UNDRR DesInventar Nepal,1993,7,0,Central Region,Sindhuli,Ratanchura,HEAVY RAINS,0,0,0,1360,48,29,0,0.0,False,,,,,,,,,,,,,,,,,,,,,,,,,,True,True,True,True
episode-1690474474ece53ed01d,UNDRR DesInventar Nepal,1993,7,0,Central Region,Sindhuli,Ratnawati,HEAVY RAINS,0,0,0,1252,5,17,0,0.0,False,,,,,,,,,,,,,,,,,,,,,,,,,,True,True,True,True
episode-69399d32e90631409e32,UNDRR DesInventar Nepal,1993,7,0,Central Region,Sindhuli,Shanteswari,HEAVY RAINS,1,0,0,1888,25,117,0,0.0,False,,,,,,,,,,,,,,,,,,,,,,,,,,True,True,True,True
episode-ec692cd3b27b1065fbd7,UNDRR DesInventar Nepal,1993,7,0,Central Region,Sindhuli,Shitalpati,HEAVY RAINS,0,0,0,1732,20,2,0,0.0,False,,,,,,,,,,,,,,,,,,,,,,,,,,True,True,True,True
episode-9c853add0291ccb1cd7f,UNDRR DesInventar Nepal,1993,7,0,Central Region,Sindhuli,Sirthauli,HEAVY RAINS,0,0,0,3190,27,10,0,0.0,False,,,,,,,,,,,,,,,,,,,,,,,,,,True,True,True,True
episode-53593edcb816d4029465,UNDRR DesInventar Nepal,1993,7,0,Central Region,Sindhuli,Swalpathana,HEAVY RAINS,1,0,0,1169,1,10,0,0.0,False,,,,,,,,,,,,,,,,,,,,,,,,,,True,True,True,True
episode-7dcaebb715ba4c372d3b,UNDRR DesInventar Nepal,1993,7,0,Central Region,Sindhuli,Tamajor,HEAVY RAINS,0,0,0,1730,62,21,0,0.0,False,,,,,,,,,,,,,,,,,,,,,,,,,,True,True,True,True
episode-4861bd83669075a03852,UNDRR DesInventar Nepal,1993,7,0,Central Region,Sindhuli,Tandi,HEAVY RAINS,0,0,0,2235,33,21,0,0.0,False,,,,,,,,,,,,,,,,,,,,,,,,,,True,True,True,True
episode-ecfb2f5833cc214754e6,UNDRR DesInventar Nepal,1993,7,0,Central Region,Sindhuli,Tinkanya,HEAVY RAINS,1,0,0,1467,43,6,0,0.0,False,,,,,,,,,,,,,,,,,,,,,,,,,,True,True,True,True
episode-5498d532efbacacd55fb,UNDRR DesInventar Nepal,1993,7,0,Central Region,Sindhuli,Toshramkhola,HEAVY RAINS,0,0,0,94,0,0,0,0.0,False,,,,,,,,,,,,,,,,,,,,,,,,,,True,True,True,True
episode-af2e503e75acfbaaab6f,UNDRR DesInventar Nepal,1993,7,0,Central Region,Sindhuli,UNKNOWN,HEAVY RAINS,10,0,0,9472,153,119,0,0.0,False,,,,,,,,,,,,,,,,,,,,,,,,,,True,True,True,True
episode-22ceba4230cfed7f3a79,UNDRR DesInventar Nepal,1993,7,7,Mid-Western Region,Banke,RAJENA,HEAVY RAINS,1,1,0,0,0,0,0,0.0,False,,,,,,,,,,,,,,,,,,,,,,,,,,True,True,True,True
episode-11b5cfad922cbaf3b0a3,UNDRR DesInventar Nepal,1993,7,16,Western Region,Nawalparasi,PRASAUNI,HEAVY RAINS,1,0,0,0,0,0,0,0.0,False,,,,,,,,,,,,,,,,,,,,,,,,,,True,True,True,True
episode-fef38144c3d336dc408b,UNDRR DesInventar Nepal,1993,7,18,Central Region,Dhading,NAUBISE,HEAVY RAINS,5,0,0,780,31,7,0,0.0,False,,,,,,,,,,,,,,,,,,,,,,,,,,True,True,True,True
episode-c2b0e18f3a5cd2e856e3,UNDRR DesInventar Nepal,1993,7,18,Central Region,Mahotari,Bardibas,HEAVY RAINS,0,0,0,0,0,0,0,0.0,False,,,,,,,,,,,,,,,,,,,,,,,,,,True,True,True,True
episode-97f1de35ce58005ac565,UNDRR DesInventar Nepal,1993,7,19,Central Region,Chitawan,BHANDARA,HEAVY RAINS,21,0,0,64920,477,0,0,0.0,False,,,,,,,,,,,,,,,,,,,,,,,,,,True,True,True,True
episode-50ddda0de9d011908586,UNDRR DesInventar Nepal,1993,7,19,Central Region,Dhading,BENIGHAT,HEAVY RAINS,0,0,0,43,8,0,0,0.0,False,,,,,,,,,,,,,,,,,,,,,,,,,,True,True,True,True
episode-d24163b788bb5b4d2b33,UNDRR DesInventar Nepal,1993,7,19,Central Region,Dhading,DARKHA,HEAVY RAINS,0,0,0,11,2,0,0,0.0,False,,,,,,,,,,,,,,,,,,,,,,,,,,True,True,True,True
episode-d124452d7792cf608524,UNDRR DesInventar Nepal,1993,7,19,Central Region,Dhading,UNKNOWN,HEAVY RAINS,0,0,0,49,4,5,0,0.0,False,,,,,,,,,,,,,,,,,,,,,,,,,,True,True,True,True
episode-bc3e3422f4110baa1b6b,UNDRR DesInventar Nepal,1993,7,19,Central Region,Dhanusa,Janakpur Municipality,HEAVY RAINS,0,0,0,0,4,30,0,0.0,False,,,,,,,,,,,,,,,,,,,,,,,,,,True,True,True,True
episode-414fa9202e10463bf94c,UNDRR DesInventar Nepal,1993,7,19,Central Region,Dhanusa,UNKNOWN,HEAVY RAINS,0,0,0,2000,0,0,0,0.0,False,,,,,,,,,,,,,,,,,,,,,,,,,,True,True,True,True
episode-d3997e9224ccd216e573,UNDRR DesInventar Nepal,1993,7,19,Central Region,Lalitpur,Lamatar,HEAVY RAINS,0,2,0,0,5,0,0,0.0,False,,,,,,,,,,,,,,,,,,,,,,,,,,True,True,True,True
episode-f6c8c937a48c03426eb0,UNDRR DesInventar Nepal,1993,7,19,Central Region,Makwanpur,AGRA,HEAVY RAINS,39,0,0,5719,99,863,0,0.0,False,,,,,,,,,,,,,,,,,,,,,,,,,,True,True,True,True
episode-309e1609784ef2a08fa9,UNDRR DesInventar Nepal,1993,7,19,Central Region,Makwanpur,BHAISE,HEAVY RAINS,9,0,0,2820,44,135,0,0.0,False,,,,,,,,,,,,,,,,,,,,,,,,,,True,True,True,True
episode-ac31a10f5baff8c5cee4,UNDRR DesInventar Nepal,1993,7,19,Central Region,Makwanpur,BHIMPHEDI,HEAVY RAINS,0,0,0,693,11,35,0,0.0,False,,,,,,,,,,,,,,,,,,,,,,,,,,True,True,True,True
episode-ae6c203355e0fa59abe6,UNDRR DesInventar Nepal,1993,7,19,Central Region,Makwanpur,DAMAN,HEAVY RAINS,22,0,0,5415,0,0,0,0.0,False,,,,,,,,,,,,,,,,,,,,,,,,,,True,True,True,True
episode-963b1cbd87ab906cd751,UNDRR DesInventar Nepal,1993,7,19,Central Region,Makwanpur,HETAUDA MUNICIPALITY,HEAVY RAINS,0,0,0,205,21,13,0,0.0,False,,,,,,,,,,,,,,,,,,,,,,,,,,True,True,True,True
episode-3d9ab0a352cbabcb289b,UNDRR DesInventar Nepal,1993,7,19,Central Region,Makwanpur,PALUNG,HEAVY RAINS,60,0,0,3321,45,25,0,0.0,False,,,,,,,,,,,,,,,,,,,,,,,,,,True,True,True,True
episode-1e40d2abda2bdab3f087,UNDRR DesInventar Nepal,1993,7,19,Central Region,Sindhuli,UNKNOWN,HEAVY RAINS,0,0,0,4880,66,65,0,0.0,False,,,,,,,,,,,,,,,,,,,,,,,,,,True,True,True,True
episode-fc28b7bff78c6f80303d,UNDRR DesInventar Nepal,1993,7,20,Central Region,Bara,HARDIYA (A),HEAVY RAINS,0,0,0,0,0,0,0,100.0,True,,,,,,,,,,,,,,,,,,,,,,,,,,True,True,True,True
episode-610696b0eb197aa7eb85,UNDRR DesInventar Nepal,1993,7,20,Central Region,Bara,NIJGADH,HEAVY RAINS,0,0,0,0,0,0,0,0.0,False,,,,,,,,,,,,,,,,,,,,,,,,,,True,True,True,True
episode-8bd4740281b180b909c7,UNDRR DesInventar Nepal,1993,7,20,Central Region,Dhanusa,Tulsi,HEAVY RAINS,0,0,0,0,0,0,0,0.0,False,,,,,,,,,,,,,,,,,,,,,,,,,,True,True,True,True
episode-a6332bbe14734933ebc3,UNDRR DesInventar Nepal,1993,7,20,Eastern Region,Jhapa,DAMAK MUN.,HEAVY RAINS,0,0,0,76,4,0,0,0.0,False,,,,,,,,,,,,,,,,,,,,,,,,,,True,True,True,True
episode-15a2b807c9958b135a09,UNDRR DesInventar Nepal,1993,7,20,Central Region,Mahotari,Kisan Nagar,HEAVY RAINS,0,0,0,2700,4,16,0,0.0,False,,,,,,,,,,,,,,,,,,,,,,,,,,True,True,True,True
episode-c72fb0fdc8afb14f0861,UNDRR DesInventar Nepal,1993,7,20,Central Region,Rautahat,GAUR NP,HEAVY RAINS,3,0,0,3907,58,370,0,0.0,False,,,,,,,,,,,,,,,,,,,,,,,,,,True,True,True,True
episode-36b1f1c12311e4bf9a5c,UNDRR DesInventar Nepal,1993,7,20,Central Region,Sarlahi,KARMAIYA,HEAVY RAINS,178,0,0,2140,264,135,0,0.0,False,,,,,,,,,,,,,,,,,,,,,,,,,,True,True,True,True
episode-9ffdb2f6f0d665f63e68,UNDRR DesInventar Nepal,1993,7,20,Central Region,Sarlahi,PATHARKOT,HEAVY RAINS,1,0,0,279,15,28,0,0.0,False,,,,,,,,,,,,,,,,,,,,,,,,,,True,True,True,True
episode-35191123fd85dfd90054,UNDRR DesInventar Nepal,1993,7,21,Central Region,Bara,UNKNOWN,HEAVY RAINS,0,0,0,20000,23,0,0,0.0,True,,,,,,,,,,,,,,,,,,,,,,,,,,True,True,True,True
episode-fa9bb8aef081fadabfd1,UNDRR DesInventar Nepal,1993,7,21,Central Region,Chitawan,KHAIRAHANI,HEAVY RAINS,21,0,0,64920,477,0,0,0.0,True,,,,,,,,,,,,,,,,,,,,,,,,,,True,True,True,True
episode-c2aa9759e56dd8283a00,UNDRR DesInventar Nepal,1993,7,21,Central Region,Kathmandu,KATHMANDU METROPOLITAN CITY,HEAVY RAINS,0,0,0,43,0,8,0,0.0,False,,,,,,,,,,,,,,,,,,,,,,,,,,True,True,True,True
episode-ac607d7195669260a5a2,UNDRR DesInventar Nepal,1993,7,21,Central Region,Rautahat,CHANDRANIGAHPUR,HEAVY RAINS,8,0,0,4320,50,200,0,0.0,False,,,,,,,,,,,,,,,,,,,,,,,,,,True,True,True,True
episode-9288eb132cfc71c70b6d,UNDRR DesInventar Nepal,1993,7,21,Central Region,Sarlahi,BARAHATHAWA,HEAVY RAINS,81,0,0,5783,535,543,0,0.0,False,,,,,,,,,,,,,,,,,,,,,,,,,,True,True,True,True
episode-9e60b199e7d7432d68cf,UNDRR DesInventar Nepal,1993,7,21,Central Region,Sarlahi,DHANKAUL (PA),HEAVY RAINS,0,50,0,1364,162,208,0,0.0,False,,,,,,,,,,,,,,,,,,,,,,,,,,True,True,True,True
episode-511599712650a81aa433,UNDRR DesInventar Nepal,1993,7,21,Central Region,Sarlahi,SHANKAPUR,HEAVY RAINS,237,0,0,4980,387,616,0,0.0,False,,,,,,,,,,,,,,,,,,,,,,,,,,True,True,True,True
episode-72499013b74ce71001b9,UNDRR DesInventar Nepal,1993,7,21,Central Region,Sarlahi,UNKNOWN,HEAVY RAINS,0,0,0,0,0,0,0,300.0,True,,,,,,,,,,,,,,,,,,,,,,,,,,True,True,True,True
episode-7bf87f166683a270bfab,UNDRR DesInventar Nepal,1993,7,21,Central Region,Sindhuli,Hatpate,HEAVY RAINS,0,0,0,2680,20,10,0,0.0,False,,,,,,,,,,,,,,,,,,,,,,,,,,True,True,True,True
episode-4271d4cfe65318dd22c6,UNDRR DesInventar Nepal,1993,7,22,Central Region,Kathmandu,UNKNOWN,HEAVY RAINS,0,0,0,0,0,0,0,0.0,False,,,,,,,,,,,,,,,,,,,,,,,,,,True,True,True,True
episode-d870e5ba0e726239ea70,UNDRR DesInventar Nepal,1993,7,22,Central Region,Mahotari,Gaushala,HEAVY RAINS,0,0,0,0,0,0,0,0.0,False,,,,,,,,,,,,,,,,,,,,,,,,,,True,True,True,True
episode-5dbae1c9fa9d483835af,UNDRR DesInventar Nepal,1993,8,0,Central Region,Makwanpur,BASMADI,HEAVY RAINS,23,0,0,1152,29,54,0,0.0,False,,,,,,,,,,,,,,,,,,,,,,,,,,True,True,True,True
episode-71598e2cff93a43fcdc5,UNDRR DesInventar Nepal,1993,8,2,Central Region,Kathmandu,KATHMANDU METROPOLITAN CITY,OTHER,0,0,0,0,1,0,0,0.0,False,,,,,,,,,,,,,,,,,,,,,,,,,,True,True,True,True
episode-ea7054840b7b6aa41d88,UNDRR DesInventar Nepal,1993,8,4,Eastern Region,Jhapa,MAHABHARA,HEAVY RAINS,0,0,0,18,1,0,0,0.0,False,,,,,,,,,,,,,,,,,,,,,,,,,,True,True,True,True
episode-f6e62990e72b0b7aa6f6,UNDRR DesInventar Nepal,1993,8,5,Eastern Region,Jhapa,PATHAMARI,HEAVY RAINS,0,0,0,0,0,0,0,0.0,False,,,,,,,,,,,,,,,,,,,,,,,,,,True,True,True,True
episode-df8f9ad6bc7f424d1dfb,UNDRR DesInventar Nepal,1993,8,5,Eastern Region,Jhapa,SHIVAGANJ,HEAVY RAINS,0,0,0,0,0,0,0,0.0,False,,,,,,,,,,,,,,,,,,,,,,,,,,True,True,True,True
episode-919c9418b500b9e8f18f,UNDRR DesInventar Nepal,1993,8,5,Far Western Region,Kailali,BELADEVIPUR,HEAVY RAINS,2,0,0,0,0,0,0,0.0,False,,,,,,,,,,,,,,,,,,,,,,,,,,True,True,True,True
episode-87c3460128a5f9158028,UNDRR DesInventar Nepal,1993,8,8,Mid-Western Region,Dailekh,UNKNOWN,HEAVY RAINS,0,0,0,0,0,0,0,0.0,False,,,,,,,,,,,,,,,,,,,,,,,,,,True,True,True,True
episode-08ddbee1725f71489b05,UNDRR DesInventar Nepal,1993,8,10,Mid-Western Region,Banke,BANAKATTI,HEAVY RAINS,0,0,0,162,14,0,0,0.0,False,,,,,,,,,,,,,,,,,,,,,,,,,,True,True,True,True
episode-0740274ec1d177898fd2,UNDRR DesInventar Nepal,1993,8,10,Mid-Western Region,Banke,BETAHANI,HEAVY RAINS,0,0,0,0,64,0,0,824.0,True,,,,,,,,,,,,,,,,,,,,,,,,,,True,True,True,True
episode-e4a5a36c83302069891a,UNDRR DesInventar Nepal,1993,8,10,Mid-Western Region,Banke,HOLIA,HEAVY RAINS,0,0,0,248,13,0,0,0.0,False,,,,,,,,,,,,,,,,,,,,,,,,,,True,True,True,True
episode-62b1cd9d670a086ef43a,UNDRR DesInventar Nepal,1993,8,10,Mid-Western Region,Banke,KAMDI,HEAVY RAINS,0,0,0,135,8,0,0,0.0,False,,,,,,,,,,,,,,,,,,,,,,,,,,True,True,True,True
episode-ea364a17a881708d6c72,UNDRR DesInventar Nepal,1993,8,10,Mid-Western Region,Banke,KOHALPUR,HEAVY RAINS,0,0,0,270,21,0,0,0.0,False,,,,,,,,,,,,,,,,,,,,,,,,,,True,True,True,True
episode-22e11b8d8a86108f4e9f,UNDRR DesInventar Nepal,1993,8,10,Mid-Western Region,Banke,MANIKAPUR,HEAVY RAINS,0,0,0,113,6,0,0,0.0,False,,,,,,,,,,,,,,,,,,,,,,,,,,True,True,True,True
episode-236306157c04fe0df5d8,UNDRR DesInventar Nepal,1993,8,10,Mid-Western Region,Banke,SAMSERGANJ,HEAVY RAINS,0,0,0,315,36,0,0,0.0,False,,,,,,,,,,,,,,,,,,,,,,,,,,True,True,True,True
episode-5b887863b3cc61cfae0b,UNDRR DesInventar Nepal,1993,8,10,Central Region,Mahotari,Dhirapur,UNKNOWN,0,0,0,1323,4,0,0,0.0,False,,,,,,,,,,,,,,,,,,,,,,,,,,True,True,True,True
episode-12a92ba11c581867d10b,UNDRR DesInventar Nepal,1993,8,10,Western Region,Nawalparasi,TRIBENI_SUSTA,UNKNOWN,0,0,0,189,0,0,0,0.0,False,,,,,,,,,,,,,,,,,,,,,,,,,,True,True,True,True
episode-12f2237c99d158de7993,UNDRR DesInventar Nepal,1993,8,10,Central Region,Rautahat,DHARMAPUR,UNKNOWN,0,0,0,0,22,0,1000,0.0,False,,,,,,,,,,,,,,,,,,,,,,,,,,True,True,True,True
episode-ec5bb7a51f04e3bc9062,UNDRR DesInventar Nepal,1993,8,11,Central Region,Kavre,POKHARI NARANSTHAN,HEAVY RAINS,0,0,0,0,0,0,0,600.0,True,,,,,,,,,,,,,,,,,,,,,,,,,,True,True,True,True
episode-31d7faa25de10ff6e08a,UNDRR DesInventar Nepal,1993,8,11,Central Region,Kavre,UNKNOWN,HEAVY RAINS,0,0,0,0,0,0,0,0.0,True,,,,,,,,,,,,,,,,,,,,,,,,,,True,True,True,True
episode-5295ddfe103364586fc4,UNDRR DesInventar Nepal,1993,8,18,Eastern Region,Sunsari,UNKNOWN,HEAVY RAINS,0,0,0,0,0,0,0,0.0,False,,,,,,,,,,,,,,,,,,,,,,,,,,True,True,True,True
episode-fea12dba12a54f9534ff,UNDRR DesInventar Nepal,1993,8,19,Eastern Region,Saptari,BADAGAMA,HEAVY RAINS,0,0,0,0,0,0,0,0.0,False,,,,,,,,,,,,,,,,,,,,,,,,,,True,True,True,True
episode-48a44ff7c99088941fda,UNDRR DesInventar Nepal,1993,8,22,Central Region,Bara,UNKNOWN,HEAVY RAINS,0,0,0,0,0,0,0,0.0,False,,,,,,,,,,,,,,,,,,,,,,,,,,True,True,True,True
episode-8402938d51822556c903,UNDRR DesInventar Nepal,1993,8,22,Eastern Region,Jhapa,MECHI MUN.,HEAVY RAINS,0,0,0,0,0,0,0,0.0,False,,,,,,,,,,,,,,,,,,,,,,,,,,True,True,True,True
episode-47f443025db32fb869c2,UNDRR DesInventar Nepal,1993,8,22,Eastern Region,Saptari,BAKDHUWA,HEAVY RAINS,0,0,0,0,0,0,0,0.0,False,,,,,,,,,,,,,,,,,,,,,,,,,,True,True,True,True
episode-e1e0c9b0065f1bbea3b4,UNDRR DesInventar Nepal,1993,8,22,Eastern Region,Saptari,BANAULI,HEAVY RAINS,0,0,0,248,10,0,0,0.0,False,,,,,,,,,,,,,,,,,,,,,,,,,,True,True,True,True
episode-62a35670e83a8c9fda4b,UNDRR DesInventar Nepal,1993,8,22,Eastern Region,Saptari,BHANGAHA,HEAVY RAINS,0,0,0,1960,0,0,0,0.0,False,,,,,,,,,,,,,,,,,,,,,,,,,,True,True,True,True
episode-90a3a2f1173b872f73ce,UNDRR DesInventar Nepal,1993,8,22,Eastern Region,Saptari,INARWA,HEAVY RAINS,0,0,0,1125,15,0,0,0.0,False,,,,,,,,,,,,,,,,,,,,,,,,,,True,True,True,True
episode-68b2ff66fe83ec67eca3,UNDRR DesInventar Nepal,1993,8,22,Eastern Region,Saptari,RAJBIRAJ MUNICIPALITY,HEAVY RAINS,0,0,0,0,0,0,0,0.0,False,,,,,,,,,,,,,,,,,,,,,,,,,,True,True,True,True
episode-d418b4bd83418ac51912,UNDRR DesInventar Nepal,1993,8,22,Eastern Region,Saptari,UNKNOWN,HEAVY RAINS,0,0,0,2149,0,0,0,0.0,False,,,,,,,,,,,,,,,,,,,,,,,,,,True,True,True,True
episode-125d96b3dd4ed359fd53,UNDRR DesInventar Nepal,1993,8,23,Central Region,Bara,AMLEKHGANJ,HEAVY RAINS,0,0,0,0,0,0,0,0.0,True,,,,,,,,,,,,,,,,,,,,,,,,,,True,True,True,True
episode-844968e2f7149e2744e1,UNDRR DesInventar Nepal,1993,8,23,Western Region,Nawalparasi,BHUJAHAWA,HEAVY RAINS,1,0,0,0,0,0,0,0.0,False,,,,,,,,,,,,,,,,,,,,,,,,,,True,True,True,True
episode-f970c9ea3393d2bf1591,UNDRR DesInventar Nepal,1993,8,24,Western Region,Kaski,LACHOK,HEAVY RAINS,0,0,0,0,0,0,0,0.0,False,,,,,,,,,,,,,,,,,,,,,,,,,,True,True,True,True
episode-8c5467d4e7101ebfcc69,UNDRR DesInventar Nepal,1993,8,28,Central Region,Bara,UNKNOWN,HEAVY RAINS,0,0,0,0,0,0,0,0.0,False,,,,,,,,,,,,,,,,,,,,,,,,,,True,True,True,True
episode-a523a39c23d74fa35fdf,UNDRR DesInventar Nepal,1993,9,3,Mid-Western Region,Banke,UNKNOWN,HEAVY RAINS,0,0,0,0,0,0,0,0.0,False,,,,,,,,,,,,,,,,,,,,,,,,,,True,True,True,True
episode-ebef7ea747ee1f70c4c1,UNDRR DesInventar Nepal,1993,9,4,Eastern Region,Saptari,JAGINIYA 2,HEAVY RAINS,0,0,0,0,0,0,0,0.0,False,,,,,,,,,,,,,,,,,,,,,,,,,,True,True,True,True
episode-ea9cadc6429629c332c0,UNDRR DesInventar Nepal,1993,9,5,Far Western Region,Kanchanpur,DODHAR,HEAVY RAINS,0,0,0,0,0,0,0,0.0,False,,,,,,,,,,,,,,,,,,,,,,,,,,True,True,True,True
episode-b6d359fd3cffd6a59391,UNDRR DesInventar Nepal,1993,9,9,Western Region,Arghakanchi,BAGI,HEAVY RAINS,1,0,0,0,1,0,0,0.0,False,,,,,,,,,,,,,,,,,,,,,,,,,,True,True,True,True
episode-8243a4e206e462e692c5,UNDRR DesInventar Nepal,1993,9,9,Western Region,Arghakanchi,DHIKURA,HEAVY RAINS,0,0,0,0,0,0,0,0.0,False,,,,,,,,,,,,,,,,,,,,,,,,,,True,True,True,True
episode-0c279381de46cb3bf422,UNDRR DesInventar Nepal,1993,9,11,Far Western Region,Kanchanpur,CHANDANI,HEAVY RAINS,0,0,0,0,7,0,0,0.0,False,,,,,,,,,,,,,,,,,,,,,,,,,,True,True,True,True
episode-8c469be6ebea382df430,UNDRR DesInventar Nepal,1993,9,11,Far Western Region,Kanchanpur,MAHENDRA NAGAR N.P.,HEAVY RAINS,0,0,0,180,15,35,0,0.0,False,,,,,,,,,,,,,,,,,,,,,,,,,,True,True,True,True
episode-be393a593d5a799a801a,UNDRR DesInventar Nepal,1993,9,11,Far Western Region,Kanchanpur,RAUTELI BICHAWA,HEAVY RAINS,0,0,0,3920,0,0,0,0.0,False,,,,,,,,,,,,,,,,,,,,,,,,,,True,True,True,True
episode-04a06c30e40af86f2079,UNDRR DesInventar Nepal,1993,9,12,Far Western Region,Kanchanpur,RAMPUR BILASPUR,HEAVY RAINS,2,0,0,0,0,0,0,0.0,False,,,,,,,,,,,,,,,,,,,,,,,,,,True,True,True,True
episode-e6bd3e11095bd8290c06,UNDRR DesInventar Nepal,1993,9,15,Far Western Region,Kanchanpur,BAISI BICHAWA,HEAVY RAINS,0,0,0,1485,0,0,0,0.0,False,,,,,,,,,,,,,,,,,,,,,,,,,,True,True,True,True
episode-9599a0d10218c7197a57,UNDRR DesInventar Nepal,1993,9,15,Far Western Region,Kanchanpur,CHANDANI,HEAVY RAINS,0,0,0,672,0,0,0,0.0,False,,,,,,,,,,,,,,,,,,,,,,,,,,True,True,True,True
episode-a0a72d3b0e42cf6564b9,UNDRR DesInventar Nepal,1993,9,15,Far Western Region,Kanchanpur,RAMPUR BILASPUR,HEAVY RAINS,2,0,0,90,5,0,0,0.0,False,,,,,,,,,,,,,,,,,,,,,,,,,,True,True,True,True
episode-7c8e93aee39618b5e305,UNDRR DesInventar Nepal,1993,9,15,Far Western Region,Kanchanpur,RAUTELI BICHAWA,HEAVY RAINS,0,0,0,1520,0,0,0,0.0,False,,,,,,,,,,,,,,,,,,,,,,,,,,True,True,True,True
episode-ed2cedab10b34b24b494,UNDRR DesInventar Nepal,1993,9,15,Far Western Region,Kanchanpur,SHREEPUR,HEAVY RAINS,0,0,0,672,15,0,0,0.0,False,,,,,,,,,,,,,,,,,,,,,,,,,,True,True,True,True
episode-fac06ef7da58d81d06db,UNDRR DesInventar Nepal,1993,9,15,Western Region,Tanahu,KYAMIN,HEAVY RAINS,1,0,0,0,0,0,0,0.0,False,,,,,,,,,,,,,,,,,,,,,,,,,,True,True,True,True
episode-b51ca0201044f8bb1717,UNDRR DesInventar Nepal,1993,9,21,Far Western Region,Dadeldhura,UNKNOWN,HEAVY RAINS,0,0,0,0,0,0,0,0.0,True,,,,,,,,,,,,,,,,,,,,,,,,,,True,True,True,True
episode-4331e5baa4f489db730e,UNDRR DesInventar Nepal,1993,10,10,Western Region,Kapilbastu,KAJARHAWA,HEAVY RAINS,0,0,0,1327,92,145,0,0.0,False,,,,,,,,,,,,,,,,,,,,,,,,,,True,True,True,True
episode-7e2befe7156a5e163c5d,UNDRR DesInventar Nepal,1993,11,15,Western Region,Tanahu,AANBUKHAIRENI,HUMAN MISTAKE,5,0,0,0,0,0,0,0.0,False,,,,,,,,,,,,,,,,,,,,,,,,,,True,True,True,True
episode-bcdbf78453785e56f5e9,UNDRR DesInventar Nepal,1994,5,13,Mid-Western Region,Kalikot,UNKNOWN,HEAVY RAINS,4,0,0,0,0,0,0,0.0,False,,,,,,,,,,,,,,,,,,,,,,,,,,True,True,True,True
episode-79f6a21034a36eae8318,UNDRR DesInventar Nepal,1994,5,24,Eastern Region,Siraha,Radhopur,UNKNOWN,1,0,2,0,0,0,0,0.0,False,,,,,,,,,,,,,,,,,,,,,,,,,,True,True,True,True
episode-ef4c6ff0e9ae86a9bfdf,UNDRR DesInventar Nepal,1994,6,21,Mid-Western Region,Jajarkot,UNKNOWN,HEAVY RAINS,0,0,0,0,10,0,0,0.0,False,,,,,,,,,,,,,,,,,,,,,,,,,,True,True,True,True
episode-1c8a16479ad4e336cac1,UNDRR DesInventar Nepal,1994,6,23,Mid-Western Region,Banke,MAHADEVPURI,HEAVY RAINS,0,1,3,0,0,0,0,0.0,False,,,,,,,,,,,,,,,,,,,,,,,,,,True,True,True,True
episode-8d1d6b30d99e2cf2659d,UNDRR DesInventar Nepal,1994,7,14,Mid-Western Region,Jajarkot,Dhime,HEAVY RAINS,1,0,0,0,0,0,0,0.0,False,,,,,,,,,,,,,,,,,,,,,,,,,,True,True,True,True
episode-aea518fb65198ff085db,UNDRR DesInventar Nepal,1994,8,2,Far Western Region,Baitadi,BHUMESWOR,HEAVY RAINS,0,0,0,0,1,0,0,0.0,False,,,,,,,,,,,,,,,,,,,,,,,,,,True,True,True,True
episode-ff72ea8000dc5f446514,UNDRR DesInventar Nepal,1994,8,2,Far Western Region,Bajhang,Luyanta,HEAVY RAINS,0,0,0,0,0,0,0,0.0,False,,,,,,,,,,,,,,,,,,,,,,,,,,True,True,True,True
episode-7d18bde3c84a10f8dfa4,UNDRR DesInventar Nepal,1994,8,8,Western Region,Tanahu,KHAIRENITAR,HEAVY RAINS,0,1,0,0,0,0,0,0.0,False,,,,,,,,,,,,,,,,,,,,,,,,,,True,True,True,True
episode-09e7b631b6495cf0a2ee,UNDRR DesInventar Nepal,1994,8,9,Central Region,Nuwakot,BALKUMARI,HEAVY RAINS,0,0,0,134,0,0,0,0.0,False,,,,,,,,,,,,,,,,,,,,,,,,,,True,True,True,True
episode-9e26d737a5b374520ca3,UNDRR DesInventar Nepal,1994,8,9,Central Region,Nuwakot,KAULE,HEAVY RAINS,0,0,0,0,0,0,0,0.0,False,,,,,,,,,,,,,,,,,,,,,,,,,,True,True,True,True
episode-0418ddb34c309b3535bc,UNDRR DesInventar Nepal,1994,8,9,Central Region,Nuwakot,KHARANI TAR,HEAVY RAINS,2,0,2,268,0,0,0,0.0,False,,,,,,,,,,,,,,,,,,,,,,,,,,True,True,True,True
episode-b24f2aecb08a74369ed8,UNDRR DesInventar Nepal,1994,8,9,Central Region,Nuwakot,MANAKAMANA,HEAVY RAINS,0,0,0,0,0,0,0,0.0,False,,,,,,,,,,,,,,,,,,,,,,,,,,True,True,True,True
episode-6f3969228776cdc7075b,UNDRR DesInventar Nepal,1994,8,9,Central Region,Nuwakot,RAUTBESHI,HEAVY RAINS,0,0,0,139,0,0,5,0.0,False,,,,,,,,,,,,,,,,,,,,,,,,,,True,True,True,True
episode-9ec3c1a5ece9f3ed9c08,UNDRR DesInventar Nepal,1994,8,9,Central Region,Nuwakot,SAMUNDRATAR,HEAVY RAINS,0,0,0,134,0,0,0,0.0,False,,,,,,,,,,,,,,,,,,,,,,,,,,True,True,True,True
episode-3d89b47a4fe4d1890637,UNDRR DesInventar Nepal,1994,8,9,Central Region,Nuwakot,UNKNOWN,HEAVY RAINS,0,0,0,0,3,0,0,0.0,True,,,,,,,,,,,,,,,,,,,,,,,,,,True,True,True,True
episode-223a9376a921248474e8,UNDRR DesInventar Nepal,1994,8,10,Central Region,Nuwakot,BETINI,HEAVY RAINS,0,0,0,388,0,0,254,0.0,False,,,,,,,,,,,,,,,,,,,,,,,,,,True,True,True,True
episode-fd9c4050947d433034ad,UNDRR DesInventar Nepal,1994,8,23,Mid-Western Region,Jajarkot,Rokayagaun,HEAVY RAINS,0,0,0,0,0,0,0,0.0,False,,,,,,,,,,,,,,,,,,,,,,,,,,True,True,True,True
episode-67331b4d2c483ba1bd1a,UNDRR DesInventar Nepal,1994,8,24,Western Region,Mustang,CHHOSER,HEAVY RAINS,0,0,0,0,0,0,0,0.0,False,,,,,,,,,,,,,,,,,,,,,,,,,,True,True,True,True
episode-1e7228c35778771f66e7,UNDRR DesInventar Nepal,1994,9,1,Central Region,Bhaktapur,MADHYAPUR THIMI,HEAVY RAINS,0,0,0,0,0,0,0,0.0,False,,,,,,,,,,,,,,,,,,,,,,,,,,True,True,True,True
episode-f6b0a8813adb7df1e2cd,UNDRR DesInventar Nepal,1994,9,3,Central Region,Kathmandu,UNKNOWN,HEAVY RAINS,0,0,0,0,0,0,0,0.0,False,,,,,,,,,,,,,,,,,,,,,,,,,,True,True,True,True
episode-fad4c7bbfe771595d378,UNDRR DesInventar Nepal,1994,9,12,Central Region,Parsa,Mahadevpatti,HEAVY RAINS,0,0,0,50,10,0,0,0.0,False,,,,,,,,,,,,,,,,,,,,,,,,,,True,True,True,True
episode-30f9f9f4184132c4263e,UNDRR DesInventar Nepal,1994,9,25,Central Region,Nuwakot,BIDUR MUNICIPALITY,HEAVY RAINS,1,0,0,0,0,0,0,0.0,False,,,,,,,,,,,,,,,,,,,,,,,,,,True,True,True,True
episode-c2ccc8c460d6c45531cb,UNDRR DesInventar Nepal,1995,6,4,Eastern Region,Jhapa,DAMAK MUN.,HEAVY RAINS,0,0,4,0,0,0,0,0.0,False,,,,,,,,,,,,,,,,,,,,,,,,,,True,True,True,True
episode-36042ccb7722d2bc114b,UNDRR DesInventar Nepal,1995,6,18,Central Region,Kathmandu,KATHMANDU METROPOLITAN CITY,HEAVY RAINS,0,0,0,0,0,5,0,0.0,False,,,,,,,,,,,,,,,,,,,,,,,,,,True,True,True,True
episode-8cb2dc6a07ad937d57d2,UNDRR DesInventar Nepal,1995,6,18,Eastern Region,Sankhuwasabha,Chepuwa,OTHER,1,1,0,0,0,0,0,0.0,False,,,,,,,,,,,,,,,,,,,,,,,,,,True,True,True,True
episode-6fb1f536fc8ccafd43c1,UNDRR DesInventar Nepal,1995,7,0,Mid-Western Region,Bardiya,UNKNOWN,HEAVY RAINS,6,0,0,18194,492,1276,0,0.0,False,,,,,,,,,,,,,,,,,,,,,,,,,,True,True,True,True
episode-493a37019a28c240d146,UNDRR DesInventar Nepal,1995,7,0,Eastern Region,Bhojpur,UNKNOWN,HEAVY RAINS,0,0,0,0,6,0,0,0.0,False,,,,,,,,,,,,,,,,,,,,,,,,,,True,True,True,True
episode-71ca11b2744b6363d84c,UNDRR DesInventar Nepal,1995,7,0,Central Region,Dhanusa,UNKNOWN,HEAVY RAINS,0,0,2,206869,908,4695,0,0.0,False,,,,,,,,,,,,,,,,,,,,,,,,,,True,True,True,True
episode-5db8c890c3fdb26dd165,UNDRR DesInventar Nepal,1995,7,0,Eastern Region,Jhapa,UNKNOWN,HEAVY RAINS,0,0,0,2240,83,0,0,0.0,False,,,,,,,,,,,,,,,,,,,,,,,,,,True,True,True,True
episode-02b3950a2d9f2bf2de2a,UNDRR DesInventar Nepal,1995,7,0,Central Region,Mahotari,UNKNOWN,HEAVY RAINS,2,0,1,285560,1286,4903,0,0.0,False,,,,,,,,,,,,,,,,,,,,,,,,,,True,True,True,True
episode-138ee064edda8f764df3,UNDRR DesInventar Nepal,1995,7,0,Central Region,Makwanpur,UNKNOWN,HEAVY RAINS,0,0,1,264,3,7,0,0.0,False,,,,,,,,,,,,,,,,,,,,,,,,,,True,True,True,True
episode-7453ba23d79f700b80d3,UNDRR DesInventar Nepal,1995,7,0,Western Region,Nawalparasi,UNKNOWN,HEAVY RAINS,2,0,0,505,4,415,0,0.0,False,,,,,,,,,,,,,,,,,,,,,,,,,,True,True,True,True
episode-d2a6287c7530018ea6fc,UNDRR DesInventar Nepal,1995,7,0,Central Region,Parsa,UNKNOWN,HEAVY RAINS,0,0,2,151,0,0,0,0.0,False,,,,,,,,,,,,,,,,,,,,,,,,,,True,True,True,True
episode-06560030b5804da30112,UNDRR DesInventar Nepal,1995,7,0,Central Region,Rasuwa,UNKNOWN,HEAVY RAINS,0,0,0,0,0,0,0,0.0,False,,,,,,,,,,,,,,,,,,,,,,,,,,True,True,True,True
episode-f699eb431835697093b0,UNDRR DesInventar Nepal,1995,7,0,Western Region,Rupandehi,UNKNOWN,HEAVY RAINS,1,0,0,6,0,0,0,0.0,False,,,,,,,,,,,,,,,,,,,,,,,,,,True,True,True,True
episode-c2667d8496a8ad458d77,UNDRR DesInventar Nepal,1995,7,0,Eastern Region,Saptari,UNKNOWN,HEAVY RAINS,0,0,0,706,0,27,0,0.0,False,,,,,,,,,,,,,,,,,,,,,,,,,,True,True,True,True
episode-fba42306063b5e201507,UNDRR DesInventar Nepal,1995,7,0,Central Region,Sarlahi,UNKNOWN,HEAVY RAINS,0,0,0,83600,815,2905,0,0.0,False,,,,,,,,,,,,,,,,,,,,,,,,,,True,True,True,True
episode-4e1435bb8ad4c121431e,UNDRR DesInventar Nepal,1995,7,0,Central Region,Sindhuli,UNKNOWN,HEAVY RAINS,0,0,0,95,16,0,0,0.0,False,,,,,,,,,,,,,,,,,,,,,,,,,,True,True,True,True
episode-acf26d01e30d06453298,UNDRR DesInventar Nepal,1995,7,0,Eastern Region,Siraha,UNKNOWN,HEAVY RAINS,2,0,0,10954,0,0,0,0.0,False,,,,,,,,,,,,,,,,,,,,,,,,,,True,True,True,True
episode-118d448b132139389897,UNDRR DesInventar Nepal,1995,7,2,Western Region,Nawalparasi,UNKNOWN,HEAVY RAINS,0,0,0,335,2,0,0,0.0,True,,,,,,,,,,,,,,,,,,,,,,,,,,True,True,True,True
episode-2704dadc7eee739b15b8,UNDRR DesInventar Nepal,1995,7,7,Western Region,Syangja,KICHANAS,HEAVY RAINS,0,0,2,0,3,0,0,0.0,False,,,,,,,,,,,,,,,,,,,,,,,,,,True,True,True,True
episode-59afe29166945d616ab6,UNDRR DesInventar Nepal,1995,7,9,Western Region,Baglung,MALMA,HEAVY RAINS,0,0,0,0,0,0,0,0.0,False,,,,,,,,,,,,,,,,,,,,,,,,,,True,True,True,True
episode-64e0772e9566b7321d61,UNDRR DesInventar Nepal,1995,7,9,Western Region,Syangja,UNKNOWN,HEAVY RAINS,2,0,2,0,0,0,0,0.0,False,,,,,,,,,,,,,,,,,,,,,,,,,,True,True,True,True
episode-f662435b5f0c15dabb04,UNDRR DesInventar Nepal,1995,7,12,Central Region,Chitawan,MEGHAULI,OTHER,0,0,0,0,0,0,0,0.0,False,,,,,,,,,,,,,,,,,,,,,,,,,,True,True,True,True
episode-42883887c857b06b0337,UNDRR DesInventar Nepal,1995,7,20,Western Region,Parbat,RANIPANI,HEAVY RAINS,0,0,4,0,0,6,0,0.0,False,,,,,,,,,,,,,,,,,,,,,,,,,,True,True,True,True
episode-88a87e63072158fd5e8d,UNDRR DesInventar Nepal,1995,7,20,Western Region,Parbat,TRIBENI,HEAVY RAINS,0,0,0,0,0,0,0,0.0,False,,,,,,,,,,,,,,,,,,,,,,,,,,True,True,True,True
episode-28510b1ec70124a35a22,UNDRR DesInventar Nepal,1995,7,20,Western Region,Syangja,ARJUN CAHUPARI,HEAVY RAINS,0,0,0,0,3,0,0,0.0,False,,,,,,,,,,,,,,,,,,,,,,,,,,True,True,True,True
episode-3c10ce1fc4b8390e9376,UNDRR DesInventar Nepal,1995,7,23,Western Region,Syangja,DARSIN DAHATHUM,HEAVY RAINS,2,0,3,0,4,0,0,0.0,False,,,,,,,,,,,,,,,,,,,,,,,,,,True,True,True,True
episode-f265239c8d46770e1641,UNDRR DesInventar Nepal,1995,7,27,Eastern Region,Dhankuta,UNKNOWN,HEAVY RAINS,5,0,0,0,0,0,0,0.0,False,,,,,,,,,,,,,,,,,,,,,,,,,,True,True,True,True
episode-9ed6679c5817fb8d8239,UNDRR DesInventar Nepal,1995,8,6,Western Region,Kaski,KALIKA,HEAVY RAINS,0,0,0,0,0,0,0,0.0,False,,,,,,,,,,,,,,,,,,,,,,,,,,True,True,True,True
episode-20f5b43427d42dfb2a64,UNDRR DesInventar Nepal,1995,8,6,Western Region,Kaski,KRISTINACHNECHAUR,HEAVY RAINS,0,0,0,0,0,0,0,0.0,False,,,,,,,,,,,,,,,,,,,,,,,,,,True,True,True,True
episode-18ea4377f9dcd63caea2,UNDRR DesInventar Nepal,1995,8,6,Western Region,Kaski,POKHARA_SMP,HEAVY RAINS,0,0,0,0,0,0,0,0.0,False,,,,,,,,,,,,,,,,,,,,,,,,,,True,True,True,True
episode-8c3e40eced6eb5ce0149,UNDRR DesInventar Nepal,1995,8,8,Western Region,Kaski,POKHARA_SMP,HEAVY RAINS,0,0,0,0,0,0,0,0.0,False,,,,,,,,,,,,,,,,,,,,,,,,,,True,True,True,True
episode-442d4a61912ec8113f93,UNDRR DesInventar Nepal,1995,8,9,Western Region,Kaski,CHAPAKOT,HEAVY RAINS,1,0,0,0,0,0,0,0.0,False,,,,,,,,,,,,,,,,,,,,,,,,,,True,True,True,True
episode-376d6301b3647a29be63,UNDRR DesInventar Nepal,1995,8,12,Western Region,Syangja,UNKNOWN,OTHER,0,0,0,0,0,0,0,0.0,False,,,,,,,,,,,,,,,,,,,,,,,,,,True,True,True,True
episode-b1c3cee2386cde749749,UNDRR DesInventar Nepal,1995,8,13,Central Region,Rautahat,CHANDRANIGAHPUR,HEAVY RAINS,0,0,0,0,0,0,0,0.0,False,,,,,,,,,,,,,,,,,,,,,,,,,,True,True,True,True
episode-b1d6d2970ab24b9b2112,UNDRR DesInventar Nepal,1995,8,14,Mid-Western Region,Bardiya,BAGNAHA,HEAVY RAINS,0,0,0,0,0,0,0,0.0,False,,,,,,,,,,,,,,,,,,,,,,,,,,True,True,True,True
episode-8204e876d3f4fbd22a79,UNDRR DesInventar Nepal,1995,8,14,Central Region,Dhanusa,UNKNOWN,HEAVY RAINS,0,0,0,0,0,11,0,0.0,False,,,,,,,,,,,,,,,,,,,,,,,,,,True,True,True,True
episode-5120bebc8d1aa29cd082,UNDRR DesInventar Nepal,1995,8,16,Eastern Region,Sunsari,Mahendranagar,HEAVY RAINS,0,0,0,0,0,0,0,0.0,False,,,,,,,,,,,,,,,,,,,,,,,,,,True,True,True,True
episode-65bbbfc84bc4aad8a983,UNDRR DesInventar Nepal,1995,8,22,Far Western Region,Doti,DAUD,HEAVY RAINS,0,1,0,0,1,0,0,0.0,False,,,,,,,,,,,,,,,,,,,,,,,,,,True,True,True,True
episode-b71c32245175bfff11ec,UNDRR DesInventar Nepal,1995,8,22,Central Region,Sarlahi,JABDI,HEAVY RAINS,0,0,0,400,0,0,0,0.0,False,,,,,,,,,,,,,,,,,,,,,,,,,,True,True,True,True
episode-2e59501d3728c84216ed,UNDRR DesInventar Nepal,1995,8,27,Eastern Region,Siraha,Meheshpur Patari,HEAVY RAINS,0,0,0,0,0,0,0,0.0,False,,,,,,,,,,,,,,,,,,,,,,,,,,True,True,True,True
episode-eadd2c280d624ef8a88f,UNDRR DesInventar Nepal,1995,8,28,Far Western Region,Achham,UNKNOWN,HEAVY RAINS,0,0,0,2608,0,0,0,0.0,False,,,,,,,,,,,,,,,,,,,,,,,,,,True,True,True,True
episode-9d474f1d300ec7fc23d1,UNDRR DesInventar Nepal,1995,9,19,Western Region,Kaski,POKHARA_SMP,HEAVY RAINS,0,0,0,0,0,0,0,0.0,False,,,,,,,,,,,,,,,,,,,,,,,,,,True,True,True,True
episode-3f3084dced8a8b8234ad,UNDRR DesInventar Nepal,1996,6,12,Western Region,Kaski,CHAPAKOT,HEAVY RAINS,0,0,0,0,0,0,0,0.0,False,,,,,,,,,,,,,,,,,,,,,,,,,,True,True,True,True
episode-8d01776710a776e54742,UNDRR DesInventar Nepal,1996,6,17,Mid-Western Region,Dang,LAXMIPUR,HEAVY RAINS,0,2,1,0,0,0,0,0.0,False,,,,,,,,,,,,,,,,,,,,,,,,,,True,True,True,True
episode-062905624b2aca66017f,UNDRR DesInventar Nepal,1996,7,0,Mid-Western Region,Banke,UNKNOWN,OTHER,0,0,0,123,5,17,0,0.0,False,,,,,,,,,,,,,,,,,,,,,,,,,,True,True,True,True
episode-e2a413a0b215b849e0fc,UNDRR DesInventar Nepal,1996,7,0,Central Region,Bara,UNKNOWN,HEAVY RAINS,0,0,0,269,0,0,0,0.0,False,,,,,,,,,,,,,,,,,,,,,,,,,,True,True,True,True
episode-ca87b9850bb3793b74e4,UNDRR DesInventar Nepal,1996,7,0,Mid-Western Region,Bardiya,UNKNOWN,OTHER,1,0,0,1232,27,40,0,0.0,False,,,,,,,,,,,,,,,,,,,,,,,,,,True,True,True,True
episode-d174a2a1c6174f2009d6,UNDRR DesInventar Nepal,1996,7,0,Central Region,Bhaktapur,UNKNOWN,HEAVY RAINS,0,0,0,62,11,0,0,0.0,False,,,,,,,,,,,,,,,,,,,,,,,,,,True,True,True,True
episode-e713703c52339caceac1,UNDRR DesInventar Nepal,1996,7,0,Central Region,Chitawan,UNKNOWN,HEAVY RAINS,0,0,0,67,0,0,0,0.0,False,,,,,,,,,,,,,,,,,,,,,,,,,,True,True,True,True
episode-71ba1ebbe9ee31b8f895,UNDRR DesInventar Nepal,1996,7,0,Mid-Western Region,Dang,UNKNOWN,OTHER,0,0,0,185,6,9,0,0.0,False,,,,,,,,,,,,,,,,,,,,,,,,,,True,True,True,True
episode-b1d8fbd882a985ac5843,UNDRR DesInventar Nepal,1996,7,0,Eastern Region,Jhapa,UNKNOWN,OTHER,3,0,0,5532,431,214,0,0.0,False,,,,,,,,,,,,,,,,,,,,,,,,,,True,True,True,True
episode-2866f9e88b2782b88c97,UNDRR DesInventar Nepal,1996,7,0,Central Region,Kathmandu,UNKNOWN,OTHER,2,0,2,73,11,1,0,0.0,False,,,,,,,,,,,,,,,,,,,,,,,,,,True,True,True,True
episode-836339fd14f36b70eef8,UNDRR DesInventar Nepal,1996,7,0,Central Region,Lalitpur,UNKNOWN,HEAVY RAINS,2,0,0,17,1,0,0,0.0,False,,,,,,,,,,,,,,,,,,,,,,,,,,True,True,True,True
episode-ab1d08713438b4f3ab64,UNDRR DesInventar Nepal,1996,7,0,Central Region,Mahotari,UNKNOWN,HEAVY RAINS,0,0,0,90,6,0,0,0.0,False,,,,,,,,,,,,,,,,,,,,,,,,,,True,True,True,True
episode-96618f18f128d7517b79,UNDRR DesInventar Nepal,1996,7,0,Central Region,Makwanpur,UNKNOWN,HEAVY RAINS,1,0,0,6,0,0,0,0.0,False,,,,,,,,,,,,,,,,,,,,,,,,,,True,True,True,True
episode-1354c05b2f6272bdb71f,UNDRR DesInventar Nepal,1996,7,0,Eastern Region,Morang,UNKNOWN,OTHER,8,0,0,12645,371,1876,0,0.0,False,,,,,,,,,,,,,,,,,,,,,,,,,,True,True,True,True
episode-c389c4bb3dbaad1e3ba4,UNDRR DesInventar Nepal,1996,7,0,Central Region,Rautahat,UNKNOWN,HEAVY RAINS,1,0,0,224,15,0,0,0.0,False,,,,,,,,,,,,,,,,,,,,,,,,,,True,True,True,True
episode-faff001e8c59e011703b,UNDRR DesInventar Nepal,1996,7,0,Eastern Region,Saptari,UNKNOWN,HEAVY RAINS,0,0,1,241137,3929,12,0,0.0,False,,,,,,,,,,,,,,,,,,,,,,,,,,True,True,True,True
episode-01173a7272086587d0a4,UNDRR DesInventar Nepal,1996,7,0,Central Region,Sarlahi,UNKNOWN,HEAVY RAINS,0,0,0,1310,82,166,0,0.0,False,,,,,,,,,,,,,,,,,,,,,,,,,,True,True,True,True
episode-5668df026bd802017a1c,UNDRR DesInventar Nepal,1996,7,0,Eastern Region,Siraha,UNKNOWN,OTHER,0,0,0,11586,297,1149,0,0.0,False,,,,,,,,,,,,,,,,,,,,,,,,,,True,True,True,True
episode-e3f47ebb9dcc227ec06e,UNDRR DesInventar Nepal,1996,7,0,Eastern Region,Sunsari,UNKNOWN,OTHER,3,0,0,56358,2938,6341,0,0.0,False,,,,,,,,,,,,,,,,,,,,,,,,,,True,True,True,True
episode-75477c8fbac724d54f90,UNDRR DesInventar Nepal,1996,7,0,Eastern Region,Udayapur,UNKNOWN,OTHER,4,0,0,39089,808,53,0,0.0,False,,,,,,,,,,,,,,,,,,,,,,,,,,True,True,True,True
episode-e47f0648841871902cad,UNDRR DesInventar Nepal,1996,7,10,Far Western Region,Kailali,HASULIYA,HEAVY RAINS,0,0,0,378,1,0,0,0.0,False,,,,,,,,,,,,,,,,,,,,,,,,,,True,True,True,True
episode-0a051d3d369c43a785ea,UNDRR DesInventar Nepal,1996,7,13,Mid-Western Region,Banke,UNKNOWN,HEAVY RAINS,0,0,0,0,0,0,0,0.0,False,,,,,,,,,,,,,,,,,,,,,,,,,,True,True,True,True
episode-213fe7f3b329e0413976,UNDRR DesInventar Nepal,1996,7,13,Western Region,Rupandehi,UNKNOWN,HEAVY RAINS,0,0,0,0,6,0,0,0.0,False,,,,,,,,,,,,,,,,,,,,,,,,,,True,True,True,True
episode-e9c1c8ba7316b5a9e73d,UNDRR DesInventar Nepal,1996,7,14,Eastern Region,Jhapa,DAMAK MUN.,HEAVY RAINS,0,0,0,0,13,0,0,0.0,False,,,,,,,,,,,,,,,,,,,,,,,,,,True,True,True,True
episode-59adf6a3695a77c24d3c,UNDRR DesInventar Nepal,1996,7,14,Eastern Region,Sunsari,UNKNOWN,HEAVY RAINS,0,0,0,0,20,0,0,0.0,False,,,,,,,,,,,,,,,,,,,,,,,,,,True,True,True,True
episode-435849d7eaaf6d8d54e4,UNDRR DesInventar Nepal,1996,7,15,Western Region,Rupandehi,UNKNOWN,HEAVY RAINS,2,0,0,0,25,0,0,0.0,False,,,,,,,,,,,,,,,,,,,,,,,,,,True,True,True,True
episode-2fe9b51cde9381eae6cc,UNDRR DesInventar Nepal,1996,7,16,Eastern Region,Jhapa,UNKNOWN,HEAVY RAINS,2,0,0,0,0,0,0,0.0,False,,,,,,,,,,,,,,,,,,,,,,,,,,True,True,True,True
episode-166280599bbc2d414d4d,UNDRR DesInventar Nepal,1996,7,17,Eastern Region,Morang,Biratnagar Municipality,HEAVY RAINS,1,0,0,0,0,0,0,0.0,False,,,,,,,,,,,,,,,,,,,,,,,,,,True,True,True,True
episode-83a407fa6a30b341b134,UNDRR DesInventar Nepal,1996,7,17,Western Region,Nawalparasi,UNKNOWN,HEAVY RAINS,1,0,0,2558,0,203,0,0.0,False,,,,,,,,,,,,,,,,,,,,,,,,,,True,True,True,True
episode-5259bee238a987f4990e,UNDRR DesInventar Nepal,1996,7,19,Mid-Western Region,Mugu,PINA,HEAVY RAINS,8,0,0,0,2,0,0,0.0,False,,,,,,,,,,,,,,,,,,,,,,,,,,True,True,True,True
episode-dac3c5f6b891828f1f80,UNDRR DesInventar Nepal,1996,7,20,Central Region,Dhanusa,Hariharpur,HEAVY RAINS,0,0,0,0,0,0,0,0.0,False,,,,,,,,,,,,,,,,,,,,,,,,,,True,True,True,True
episode-dd67263715ee2a4af17f,UNDRR DesInventar Nepal,1996,7,22,Central Region,Sindhupalchoke,Tatopani,HEAVY RAINS,10,61,0,3,18,0,0,0.0,False,,,,,,,,,,,,,,,,,,,,,,,,,,True,True,True,True
episode-041ca1df49db3d5ffe83,UNDRR DesInventar Nepal,1996,7,22,Eastern Region,Siraha,UNKNOWN,HEAVY RAINS,0,0,0,0,150,500,0,0.0,False,,,,,,,,,,,,,,,,,,,,,,,,,,True,True,True,True
episode-0d4edbcef1c46e7d0213,UNDRR DesInventar Nepal,1996,7,26,Central Region,Dolakha,Sunakhani,HEAVY RAINS,8,0,0,0,15,0,0,0.0,False,,,,,,,,,,,,,,,,,,,,,,,,,,True,True,True,True
episode-77e5cb966529246062f4,UNDRR DesInventar Nepal,1996,7,29,Eastern Region,Jhapa,MAHABHARA,OTHER,0,0,0,852,0,0,0,0.0,False,,,,,,,,,,,,,,,,,,,,,,,,,,True,True,True,True
episode-e1b19c9312fa43923e69,UNDRR DesInventar Nepal,1996,8,2,Central Region,Sindhuli,Kalpabriksha,HEAVY RAINS,0,0,0,164,0,0,0,0.0,False,,,,,,,,,,,,,,,,,,,,,,,,,,True,True,True,True
episode-9b97fda786de74258750,UNDRR DesInventar Nepal,1996,8,12,Western Region,Kaski,LWANGGHALELL,HEAVY RAINS,1,2,0,162,0,0,0,0.0,False,,,,,,,,,,,,,,,,,,,,,,,,,,True,True,True,True
episode-703b780bcbe99946549b,UNDRR DesInventar Nepal,1996,8,24,Western Region,Lamjung,GAUDA,HEAVY RAINS,0,0,0,157,0,0,0,0.0,False,,,,,,,,,,,,,,,,,,,,,,,,,,True,True,True,True
episode-daddaf306a1038d7072d,UNDRR DesInventar Nepal,1996,8,24,Eastern Region,Udayapur,UNKNOWN,HEAVY RAINS,0,0,0,0,0,0,0,0.0,False,,,,,,,,,,,,,,,,,,,,,,,,,,True,True,True,True
episode-1438058aff86fa17e55d,UNDRR DesInventar Nepal,1996,8,25,Western Region,Arghakanchi,UNKNOWN,HEAVY RAINS,2,0,0,0,62,0,0,0.0,False,,,,,,,,,,,,,,,,,,,,,,,,,,True,True,True,True
episode-e26945bfe10ed1bb4af6,UNDRR DesInventar Nepal,1996,9,5,Central Region,Sindhupalchoke,UNKNOWN,HEAVY RAINS,13,0,4,0,0,0,0,0.0,False,,,,,,,,,,,,,,,,,,,,,,,,,,True,True,True,True
episode-a07f3aab1784e03eeaff,UNDRR DesInventar Nepal,1997,6,15,Eastern Region,Terhathum,Morahang,OTHER,2,0,0,0,0,0,0,0.0,False,,,,,,,,,,,,,,,,,,,,,,,,,,True,True,True,True
episode-8770f65f03f23cddbed0,UNDRR DesInventar Nepal,1997,7,0,Western Region,Baglung,UNKNOWN,HEAVY RAINS,0,0,0,2138,33,1,0,0.0,False,,,,,,,,,,,,,,,,,,,,,,,,,,True,True,True,True
episode-1292a19cf190a0451cc8,UNDRR DesInventar Nepal,1997,7,0,Far Western Region,Baitadi,UNKNOWN,HEAVY RAINS,0,0,0,4498,10,0,0,0.0,False,,,,,,,,,,,,,,,,,,,,,,,,,,True,True,True,True
episode-18b8a3842f64a97a1b37,UNDRR DesInventar Nepal,1997,7,0,Far Western Region,Bajhang,UNKNOWN,HEAVY RAINS,0,0,0,1588,32,7,0,0.0,False,,,,,,,,,,,,,,,,,,,,,,,,,,True,True,True,True
episode-f8cb6e0180b33b773605,UNDRR DesInventar Nepal,1997,7,0,Far Western Region,Bajura,UNKNOWN,HEAVY RAINS,1,0,0,16,0,0,0,0.0,False,,,,,,,,,,,,,,,,,,,,,,,,,,True,True,True,True
episode-e830c2d4318db0ad3022,UNDRR DesInventar Nepal,1997,7,0,Mid-Western Region,Banke,UNKNOWN,HEAVY RAINS,0,0,0,535,20,0,0,0.0,False,,,,,,,,,,,,,,,,,,,,,,,,,,True,True,True,True
episode-913118eb44197e1c8fc6,UNDRR DesInventar Nepal,1997,7,0,Central Region,Bara,UNKNOWN,HEAVY RAINS,0,0,0,0,1,0,0,0.0,False,,,,,,,,,,,,,,,,,,,,,,,,,,True,True,True,True
episode-41fa4bb0dbe193912ed5,UNDRR DesInventar Nepal,1997,7,0,Mid-Western Region,Bardiya,UNKNOWN,HEAVY RAINS,0,0,0,65,0,0,0,0.0,False,,,,,,,,,,,,,,,,,,,,,,,,,,True,True,True,True
episode-530aea0e8978df896f70,UNDRR DesInventar Nepal,1997,7,0,Central Region,Bhaktapur,UNKNOWN,HEAVY RAINS,0,0,0,810,34,88,0,0.0,False,,,,,,,,,,,,,,,,,,,,,,,,,,True,True,True,True
episode-04a2d804e12f013abf07,UNDRR DesInventar Nepal,1997,7,0,Eastern Region,Bhojpur,UNKNOWN,HEAVY RAINS,5,0,0,967,1,0,0,0.0,False,,,,,,,,,,,,,,,,,,,,,,,,,,True,True,True,True
episode-79fc6050fbd337824501,UNDRR DesInventar Nepal,1997,7,0,Central Region,Chitawan,UNKNOWN,HEAVY RAINS,0,0,0,297,0,0,0,0.0,False,,,,,,,,,,,,,,,,,,,,,,,,,,True,True,True,True
episode-4d7cd2f4bc855778677b,UNDRR DesInventar Nepal,1997,7,0,Mid-Western Region,Dang,UNKNOWN,HEAVY RAINS,1,0,0,5,0,0,0,0.0,False,,,,,,,,,,,,,,,,,,,,,,,,,,True,True,True,True
episode-3cae1b2b83b6b43d7873,UNDRR DesInventar Nepal,1997,7,0,Far Western Region,Darchula,UNKNOWN,HEAVY RAINS,1,0,0,0,0,0,0,0.0,False,,,,,,,,,,,,,,,,,,,,,,,,,,True,True,True,True
episode-7e08bb11655a099a3ef0,UNDRR DesInventar Nepal,1997,7,0,Central Region,Dhading,UNKNOWN,HEAVY RAINS,3,0,0,38,3,3,0,0.0,False,,,,,,,,,,,,,,,,,,,,,,,,,,True,True,True,True
episode-150e4be8a7d55e47ea15,UNDRR DesInventar Nepal,1997,7,0,Far Western Region,Doti,UNKNOWN,HEAVY RAINS,0,0,0,313,3,74,0,0.0,False,,,,,,,,,,,,,,,,,,,,,,,,,,True,True,True,True
episode-d234f364dc2ccd622a6d,UNDRR DesInventar Nepal,1997,7,0,Eastern Region,Ilam,UNKNOWN,HEAVY RAINS,7,0,0,356,94,75,0,0.0,False,,,,,,,,,,,,,,,,,,,,,,,,,,True,True,True,True
episode-ac587f750dc0354b710d,UNDRR DesInventar Nepal,1997,7,0,Far Western Region,Kanchanpur,UNKNOWN,HEAVY RAINS,1,0,0,464,0,27,0,0.0,False,,,,,,,,,,,,,,,,,,,,,,,,,,True,True,True,True
episode-52113732bd03c9f2f8d0,UNDRR DesInventar Nepal,1997,7,0,Western Region,Kaski,UNKNOWN,HEAVY RAINS,0,0,3,0,0,18,0,0.0,False,,,,,,,,,,,,,,,,,,,,,,,,,,True,True,True,True
episode-8b93ce23256354f8b749,UNDRR DesInventar Nepal,1997,7,0,Eastern Region,Khotang,UNKNOWN,HEAVY RAINS,2,0,0,1723,9,17,0,0.0,False,,,,,,,,,,,,,,,,,,,,,,,,,,True,True,True,True
episode-b78084a47cf2a973b7b6,UNDRR DesInventar Nepal,1997,7,0,Eastern Region,Morang,UNKNOWN,HEAVY RAINS,0,0,0,38,0,0,0,0.0,False,,,,,,,,,,,,,,,,,,,,,,,,,,True,True,True,True
episode-76441c09f9305aa4123e,UNDRR DesInventar Nepal,1997,7,0,Eastern Region,Okhaldhunga,UNKNOWN,HEAVY RAINS,0,0,0,1447,105,33,0,0.0,False,,,,,,,,,,,,,,,,,,,,,,,,,,True,True,True,True
episode-eb008e43ebc67cb3b855,UNDRR DesInventar Nepal,1997,7,0,Western Region,Parbat,UNKNOWN,HEAVY RAINS,0,0,0,324,12,10,0,0.0,False,,,,,,,,,,,,,,,,,,,,,,,,,,True,True,True,True
episode-21d6d0af23b2a53bdd75,UNDRR DesInventar Nepal,1997,7,0,Central Region,Parsa,UNKNOWN,HEAVY RAINS,0,0,0,49,9,0,0,0.0,False,,,,,,,,,,,,,,,,,,,,,,,,,,True,True,True,True
episode-7ad7b7a3fad905ffe418,UNDRR DesInventar Nepal,1997,7,0,Central Region,Ramechhap,UNKNOWN,HEAVY RAINS,2,0,0,670,13,4,0,0.0,False,,,,,,,,,,,,,,,,,,,,,,,,,,True,True,True,True
episode-eef2c4e316ee8e04ae16,UNDRR DesInventar Nepal,1997,7,0,Central Region,Rautahat,UNKNOWN,HEAVY RAINS,0,0,0,1652,1,0,0,0.0,False,,,,,,,,,,,,,,,,,,,,,,,,,,True,True,True,True
episode-6eedbde4469fff3859d8,UNDRR DesInventar Nepal,1997,7,0,Mid-Western Region,Rolpa,UNKNOWN,HEAVY RAINS,3,0,2,351,17,0,0,0.0,False,,,,,,,,,,,,,,,,,,,,,,,,,,True,True,True,True
episode-b00bcd898a4cac3a57a4,UNDRR DesInventar Nepal,1997,7,0,Eastern Region,Saptari,UNKNOWN,HEAVY RAINS,0,0,0,518,14,0,0,0.0,False,,,,,,,,,,,,,,,,,,,,,,,,,,True,True,True,True
episode-118a6d45bf017fe4a24f,UNDRR DesInventar Nepal,1997,7,0,Central Region,Sarlahi,UNKNOWN,HEAVY RAINS,0,0,0,1566,103,155,0,0.0,False,,,,,,,,,,,,,,,,,,,,,,,,,,True,True,True,True
episode-0d7f9014ad0b55f17764,UNDRR DesInventar Nepal,1997,7,0,Eastern Region,Solukhumbu,UNKNOWN,LANDSLIDE,0,0,1,27,3,0,0,0.0,False,,,,,,,,,,,,,,,,,,,,,,,,,,True,True,True,True
episode-3b5f5aa71f3355c032e2,UNDRR DesInventar Nepal,1997,7,0,Western Region,Syangja,UNKNOWN,HEAVY RAINS,1,0,0,102,0,0,0,0.0,False,,,,,,,,,,,,,,,,,,,,,,,,,,True,True,True,True
episode-4773293d654ad39c16b3,UNDRR DesInventar Nepal,1997,7,4,Western Region,Kaski,PURANCHAUR,HEAVY RAINS,1,0,0,0,0,0,0,0.0,False,,,,,,,,,,,,,,,,,,,,,,,,,,True,True,True,True
episode-91e6bc8470c93ffe3bff,UNDRR DesInventar Nepal,1997,7,17,Far Western Region,Kailali,MUNUWA,OTHER,1,0,0,0,0,0,0,0.0,False,,,,,,,,,,,,,,,,,,,,,,,,,,True,True,True,True
episode-4cb0e9627c4a5f727fbe,UNDRR DesInventar Nepal,1997,7,17,Far Western Region,Kailali,PRATAPAPUR,OTHER,1,0,0,0,0,0,0,0.0,False,,,,,,,,,,,,,,,,,,,,,,,,,,True,True,True,True
episode-618b8fc04ef771cefbb3,UNDRR DesInventar Nepal,1997,7,18,Far Western Region,Darchula,UNKNOWN,RAIN,0,0,0,135,0,25,0,0.0,False,,,,,,,,,,,,,,,,,,,,,,,,,,True,True,True,True
episode-5329d6fadf588a95a627,UNDRR DesInventar Nepal,1997,7,22,Far Western Region,Kanchanpur,RAUTELI BICHAWA,OTHER,0,0,0,0,3,0,0,0.0,False,,,,,,,,,,,,,,,,,,,,,,,,,,True,True,True,True
episode-8be1d48c1d67257b94dc,UNDRR DesInventar Nepal,1997,7,22,Far Western Region,Kanchanpur,UNKNOWN,HEAVY RAINS,1,0,0,0,0,0,0,0.0,False,,,,,,,,,,,,,,,,,,,,,,,,,,True,True,True,True
episode-582deef3aebc65de0f70,UNDRR DesInventar Nepal,1997,7,25,Mid-Western Region,Dang,LALMATIYA,OTHER,0,0,0,0,0,0,0,0.0,False,,,,,,,,,,,,,,,,,,,,,,,,,,True,True,True,True
episode-fd2ad09344861999ea2a,UNDRR DesInventar Nepal,1997,8,2,Far Western Region,Bajura,Dahakot,OTHER,0,0,0,0,13,0,0,0.0,False,,,,,,,,,,,,,,,,,,,,,,,,,,True,True,True,True
episode-4915eaf8ef311332f7dc,UNDRR DesInventar Nepal,1997,8,2,Far Western Region,Bajura,Manakot,OTHER,0,0,0,0,11,0,0,0.0,False,,,,,,,,,,,,,,,,,,,,,,,,,,True,True,True,True
episode-caaded6762403c398789,UNDRR DesInventar Nepal,1997,8,2,Far Western Region,Bajura,UNKNOWN,HEAVY RAINS,0,0,0,0,0,0,0,0.0,False,,,,,,,,,,,,,,,,,,,,,,,,,,True,True,True,True
episode-464b104f8eb0ae624e84,UNDRR DesInventar Nepal,1997,8,2,Far Western Region,Kailali,DANSINHAPUR,HEAVY RAINS,0,0,0,157,0,29,0,0.0,False,,,,,,,,,,,,,,,,,,,,,,,,,,True,True,True,True
episode-c379f689b182836ba65a,UNDRR DesInventar Nepal,1997,8,2,Far Western Region,Kailali,NARAYANPUR,OTHER,0,0,0,0,0,0,0,0.0,False,,,,,,,,,,,,,,,,,,,,,,,,,,True,True,True,True
episode-dc64d3bbebef5064626c,UNDRR DesInventar Nepal,1997,8,4,Far Western Region,Kanchanpur,CHANDANI,OTHER,0,0,0,0,0,20,0,0.0,False,,,,,,,,,,,,,,,,,,,,,,,,,,True,True,True,True
episode-74c510f804dd6132d1be,UNDRR DesInventar Nepal,1997,8,9,Eastern Region,Ilam,UNKNOWN,OTHER,14,0,0,0,0,0,0,0.0,False,,,,,,,,,,,,,,,,,,,,,,,,,,True,True,True,True
episode-d12b0e8b8ad0b55d396b,UNDRR DesInventar Nepal,1997,8,9,Far Western Region,Kanchanpur,BAISI BICHAWA,OTHER,0,0,0,0,0,0,0,0.0,False,,,,,,,,,,,,,,,,,,,,,,,,,,True,True,True,True
episode-30090d3cee5cc58dd21e,UNDRR DesInventar Nepal,1997,8,9,Far Western Region,Kanchanpur,MAHENDRA NAGAR N.P.,HEAVY RAINS,0,0,0,50,0,0,0,0.0,False,,,,,,,,,,,,,,,,,,,,,,,,,,True,True,True,True
episode-083f760915afe3601ec5,UNDRR DesInventar Nepal,1997,8,9,Far Western Region,Kanchanpur,SHREEPUR,OTHER,0,0,0,0,0,0,0,0.0,False,,,,,,,,,,,,,,,,,,,,,,,,,,True,True,True,True
episode-70425f951bbb0d5a7b88,UNDRR DesInventar Nepal,1997,8,9,Far Western Region,Kanchanpur,UNKNOWN,OTHER,0,0,0,270,62,0,0,0.0,False,,,,,,,,,,,,,,,,,,,,,,,,,,True,True,True,True
episode-e1f731141c23693a6af3,UNDRR DesInventar Nepal,1997,8,11,Mid-Western Region,Bardiya,GULARIYA,HEAVY RAINS,0,0,0,0,0,0,0,0.0,False,,,,,,,,,,,,,,,,,,,,,,,,,,True,True,True,True
episode-02e7df2b889f0bb49e80,UNDRR DesInventar Nepal,1997,8,11,Central Region,Chitawan,JAGATPUR,OTHER,0,0,0,0,0,0,0,0.0,True,,,,,,,,,,,,,,,,,,,,,,,,,,True,True,True,True
episode-b1e7bf7279d3f871aab1,UNDRR DesInventar Nepal,1997,8,11,Eastern Region,Jhapa,MAHABHARA,OTHER,0,0,0,0,0,0,0,0.0,False,,,,,,,,,,,,,,,,,,,,,,,,,,True,True,True,True
episode-7957f91aadea7fe9a835,UNDRR DesInventar Nepal,1997,8,11,Eastern Region,Jhapa,SURUNGA,OTHER,0,0,0,0,0,0,0,0.0,False,,,,,,,,,,,,,,,,,,,,,,,,,,True,True,True,True
episode-f0506b74f341eab67d03,UNDRR DesInventar Nepal,1997,8,11,Far Western Region,Kailali,DHANGADHI MUNICIPALITY,OTHER,0,0,0,81,15,0,0,0.0,False,,,,,,,,,,,,,,,,,,,,,,,,,,True,True,True,True
episode-caf9e56ca1a71f8129f4,UNDRR DesInventar Nepal,1997,8,11,Far Western Region,Kailali,PAWERA,OTHER,0,0,0,0,20,0,0,0.0,False,,,,,,,,,,,,,,,,,,,,,,,,,,True,True,True,True
episode-45d2bc6bfe8a4e75d844,UNDRR DesInventar Nepal,1997,8,11,Far Western Region,Kailali,PHULWARI,OTHER,0,0,0,40,15,0,0,0.0,False,,,,,,,,,,,,,,,,,,,,,,,,,,True,True,True,True
episode-9c23b0bf32dedd3a41ee,UNDRR DesInventar Nepal,1997,8,11,Western Region,Kapilbastu,MOTIPUR,OTHER,0,0,0,0,0,0,0,0.0,False,,,,,,,,,,,,,,,,,,,,,,,,,,True,True,True,True
episode-ca70d2ee48e132ee1f56,UNDRR DesInventar Nepal,1997,8,11,Western Region,Kapilbastu,UNKNOWN,OTHER,0,0,0,0,0,0,0,0.0,False,,,,,,,,,,,,,,,,,,,,,,,,,,True,True,True,True
episode-38da0652abc915e90e98,UNDRR DesInventar Nepal,1997,8,12,Eastern Region,Udayapur,UNKNOWN,OTHER,1,0,0,0,0,0,0,0.0,False,,,,,,,,,,,,,,,,,,,,,,,,,,True,True,True,True
episode-4afe49bb34e271c113ec,UNDRR DesInventar Nepal,1997,8,14,Central Region,Sarlahi,ISHWORPUR,OTHER,1,0,0,0,0,0,0,0.0,False,,,,,,,,,,,,,,,,,,,,,,,,,,True,True,True,True
episode-3026f7eb73a5324bd96b,UNDRR DesInventar Nepal,1997,8,15,Western Region,Manang,CHAME,OTHER,0,0,0,0,1,0,0,0.0,False,,,,,,,,,,,,,,,,,,,,,,,,,,True,True,True,True
episode-44fb3491a75d6d20a3ae,UNDRR DesInventar Nepal,1997,8,16,Western Region,Syangja,UNKNOWN,HEAVY RAINS,3,0,0,0,12,0,0,0.0,False,,,,,,,,,,,,,,,,,,,,,,,,,,True,True,True,True
episode-e9974b1178ae181d52ff,UNDRR DesInventar Nepal,1997,8,16,Western Region,Syangja,UNKNOWN,OTHER,0,0,0,92,0,0,0,0.0,False,,,,,,,,,,,,,,,,,,,,,,,,,,True,True,True,True
episode-ad99641cbc4c81632288,UNDRR DesInventar Nepal,1997,8,19,Central Region,Sarlahi,HARIWON,HEAVY RAINS,0,0,0,0,0,0,0,0.0,False,,,,,,,,,,,,,,,,,,,,,,,,,,True,True,True,True
episode-0ff031bcfa3ef1220eda,UNDRR DesInventar Nepal,1997,8,19,Central Region,Sarlahi,MADHUBANGOTH,HEAVY RAINS,0,0,0,0,0,0,0,0.0,False,,,,,,,,,,,,,,,,,,,,,,,,,,True,True,True,True
episode-7784543410100022645e,UNDRR DesInventar Nepal,1997,8,19,Central Region,Sarlahi,PARARIYA,HEAVY RAINS,0,0,0,0,0,0,0,0.0,False,,,,,,,,,,,,,,,,,,,,,,,,,,True,True,True,True
episode-ee2e8152aad76aea0e94,UNDRR DesInventar Nepal,1997,8,19,Central Region,Sarlahi,PHULPARASI,HEAVY RAINS,0,0,0,0,30,0,0,0.0,False,,,,,,,,,,,,,,,,,,,,,,,,,,True,True,True,True
episode-b780976afaa0b148f3af,UNDRR DesInventar Nepal,1997,8,19,Central Region,Sarlahi,SIMARA,HEAVY RAINS,0,0,0,0,0,0,0,0.0,False,,,,,,,,,,,,,,,,,,,,,,,,,,True,True,True,True
episode-72dc5ef2da55e96fa1b0,UNDRR DesInventar Nepal,1997,8,19,Central Region,Sarlahi,SUNDARPUR,HEAVY RAINS,0,0,0,0,0,0,0,0.0,False,,,,,,,,,,,,,,,,,,,,,,,,,,True,True,True,True
episode-a341eec9dea6a247654a,UNDRR DesInventar Nepal,1997,8,19,Central Region,Sarlahi,UNKNOWN,HEAVY RAINS,0,0,0,0,0,0,0,0.0,False,,,,,,,,,,,,,,,,,,,,,,,,,,True,True,True,True
episode-857e21d4882b83286f94,UNDRR DesInventar Nepal,1997,8,23,Central Region,Sindhupalchoke,Syaule,OTHER,0,0,0,378,0,0,0,0.0,False,,,,,,,,,,,,,,,,,,,,,,,,,,True,True,True,True
episode-c310ee0cf14d399b1da3,UNDRR DesInventar Nepal,1997,8,23,Central Region,Sindhupalchoke,Thakani,HEAVY RAINS,0,0,0,0,0,0,0,0.0,True,,,,,,,,,,,,,,,,,,,,,,,,,,True,True,True,True
episode-530c7fa72912167d5d42,UNDRR DesInventar Nepal,1997,9,1,Central Region,Sindhupalchoke,Shikharpur,HEAVY RAINS,0,0,0,0,4,0,0,0.0,False,,,,,,,,,,,,,,,,,,,,,,,,,,True,True,True,True
episode-b2ef459141fbb0b2478f,UNDRR DesInventar Nepal,1997,12,20,Western Region,Rupandehi,BUTAWAL_NP,OTHER,2,0,0,0,0,0,0,0.0,False,,,,,,,,,,,,,,,,,,,,,,,,,,True,True,True,True
episode-6c46222ae192f1758c6a,UNDRR DesInventar Nepal,1998,4,23,Far Western Region,Achham,JALPADEVI,HEAVY RAINS,4,2,0,0,0,0,0,0.0,False,,,,,,,,,,,,,,,,,,,,,,,,,,True,True,True,True
episode-cec515083f9837a73f7b,UNDRR DesInventar Nepal,1998,5,24,Far Western Region,Achham,JALPADEVI,HEAVY RAINS,4,0,0,0,0,0,0,0.0,False,,,,,,,,,,,,,,,,,,,,,,,,,,True,True,True,True
episode-852e9f50ae21cf3db76d,UNDRR DesInventar Nepal,1998,5,26,Central Region,Bhaktapur,SUDAL,HEAVY RAINS,0,0,0,0,0,0,0,0.0,True,,,,,,,,,,,,,,,,,,,,,,,,,,True,True,True,True
episode-e5ac3b4427fab8a51fa9,UNDRR DesInventar Nepal,1998,5,26,Central Region,Bhaktapur,TATHALI,HEAVY RAINS,0,0,0,0,0,0,0,0.0,True,,,,,,,,,,,,,,,,,,,,,,,,,,True,True,True,True
episode-f0eb765a5dc41ed3a1a0,UNDRR DesInventar Nepal,1998,5,26,Central Region,Makwanpur,NAMTAR,OTHER,4,0,0,0,0,0,0,0.0,False,,,,,,,,,,,,,,,,,,,,,,,,,,True,True,True,True
episode-2c7580c11cb8265d4eca,UNDRR DesInventar Nepal,1998,6,21,Western Region,Kapilbastu,BHALABARI,HEAVY RAINS,4,0,0,0,0,0,0,0.0,False,,,,,,,,,,,,,,,,,,,,,,,,,,True,True,True,True
episode-cdc59e3cdc3393f48c56,UNDRR DesInventar Nepal,1998,6,28,Mid-Western Region,Dang,CHAILAHI,HEAVY RAINS,0,0,0,0,0,0,0,0.0,True,,,,,,,,,,,,,,,,,,,,,,,,,,True,True,True,True
episode-4ab9cf8dd52aa91c404c,UNDRR DesInventar Nepal,1998,7,0,Far Western Region,Baitadi,UNKNOWN,HEAVY RAINS,1,0,0,1247,20,0,0,0.0,False,,,,,,,,,,,,,,,,,,,,,,,,,,True,True,True,True
episode-3340f35c69c13c3aacb2,UNDRR DesInventar Nepal,1998,7,0,Mid-Western Region,Banke,UNKNOWN,HEAVY RAINS,1,0,0,2614,39,0,0,0.0,False,,,,,,,,,,,,,,,,,,,,,,,,,,True,True,True,True
episode-0cd73e1e7e0ea5975621,UNDRR DesInventar Nepal,1998,7,0,Mid-Western Region,Bardiya,UNKNOWN,HEAVY RAINS,1,0,0,5,0,0,0,0.0,False,,,,,,,,,,,,,,,,,,,,,,,,,,True,True,True,True
episode-3b9630f653284465b044,UNDRR DesInventar Nepal,1998,7,0,Eastern Region,Bhojpur,UNKNOWN,HEAVY RAINS,2,0,0,2041,26,0,0,0.0,False,,,,,,,,,,,,,,,,,,,,,,,,,,True,True,True,True
episode-3e776a892d8b12e7b2fc,UNDRR DesInventar Nepal,1998,7,0,Mid-Western Region,Dang,UNKNOWN,HEAVY RAINS,3,0,0,54,0,0,0,0.0,False,,,,,,,,,,,,,,,,,,,,,,,,,,True,True,True,True
episode-9b665b0d4dd40b69c911,UNDRR DesInventar Nepal,1998,7,0,Central Region,Dhanusa,UNKNOWN,HEAVY RAINS,0,0,0,0,0,0,0,0.0,False,,,,,,,,,,,,,,,,,,,,,,,,,,True,True,True,True
episode-50916b12f900a9c01708,UNDRR DesInventar Nepal,1998,7,0,Mid-Western Region,Dolpa,UNKNOWN,HEAVY RAINS,0,0,3,113,0,0,0,0.0,False,,,,,,,,,,,,,,,,,,,,,,,,,,True,True,True,True
episode-5dd239ad0d88c64d072f,UNDRR DesInventar Nepal,1998,7,0,Western Region,Gorkha,UNKNOWN,HEAVY RAINS,2,0,1,400,13,0,0,0.0,False,,,,,,,,,,,,,,,,,,,,,,,,,,True,True,True,True
episode-141334fd75b496c2e897,UNDRR DesInventar Nepal,1998,7,0,Mid-Western Region,Humla,UNKNOWN,HEAVY RAINS,1,0,3,27,4,0,0,0.0,False,,,,,,,,,,,,,,,,,,,,,,,,,,True,True,True,True
episode-7d6e19a8182c96b77d38,UNDRR DesInventar Nepal,1998,7,0,Eastern Region,Jhapa,UNKNOWN,HEAVY RAINS,1,0,0,1858,263,0,0,0.0,False,,,,,,,,,,,,,,,,,,,,,,,,,,True,True,True,True
episode-e3e8efc6a1c6e726ce5e,UNDRR DesInventar Nepal,1998,7,0,Far Western Region,Kanchanpur,UNKNOWN,HEAVY RAINS,2,0,0,1706,0,0,0,0.0,False,,,,,,,,,,,,,,,,,,,,,,,,,,True,True,True,True
episode-42294e2e4cd9cce4b139,UNDRR DesInventar Nepal,1998,7,0,Western Region,Kapilbastu,UNKNOWN,HEAVY RAINS,4,0,0,16266,3184,0,0,0.0,False,,,,,,,,,,,,,,,,,,,,,,,,,,True,True,True,True
episode-12e9b1fbef4ad7e8cfd0,UNDRR DesInventar Nepal,1998,7,0,Central Region,Kavre,UNKNOWN,HEAVY RAINS,0,0,0,200,37,0,0,0.0,False,,,,,,,,,,,,,,,,,,,,,,,,,,True,True,True,True
episode-acda800e97a1ab6b5dad,UNDRR DesInventar Nepal,1998,7,0,Central Region,Makwanpur,UNKNOWN,HEAVY RAINS,4,0,0,227,7,0,0,0.0,False,,,,,,,,,,,,,,,,,,,,,,,,,,True,True,True,True
episode-cd76d74f9739d3eeabb0,UNDRR DesInventar Nepal,1998,7,0,Western Region,Nawalparasi,UNKNOWN,HEAVY RAINS,0,0,0,1423,0,0,0,0.0,False,,,,,,,,,,,,,,,,,,,,,,,,,,True,True,True,True
episode-dda87692630f0b9f3154,UNDRR DesInventar Nepal,1998,7,0,Central Region,Parsa,UNKNOWN,HEAVY RAINS,4,0,0,2776,0,0,0,0.0,False,,,,,,,,,,,,,,,,,,,,,,,,,,True,True,True,True
episode-9bf5ef6511eb7787977f,UNDRR DesInventar Nepal,1998,7,0,Central Region,Ramechhap,UNKNOWN,HEAVY RAINS,3,0,0,16,1,0,0,0.0,False,,,,,,,,,,,,,,,,,,,,,,,,,,True,True,True,True
episode-5fe4c20f9406ff38a461,UNDRR DesInventar Nepal,1998,7,0,Central Region,Rasuwa,UNKNOWN,HEAVY RAINS,1,0,1,529,31,0,0,0.0,False,,,,,,,,,,,,,,,,,,,,,,,,,,True,True,True,True
episode-1bf2d6cd5d738e56dbe8,UNDRR DesInventar Nepal,1998,7,0,Central Region,Rautahat,UNKNOWN,HEAVY RAINS,2,0,0,59,0,0,0,0.0,False,,,,,,,,,,,,,,,,,,,,,,,,,,True,True,True,True
episode-e66e69d966b73f0f1c70,UNDRR DesInventar Nepal,1998,7,0,Mid-Western Region,Rukum,UNKNOWN,HEAVY RAINS,0,0,0,297,0,0,0,0.0,False,,,,,,,,,,,,,,,,,,,,,,,,,,True,True,True,True
episode-86355bd9d9f8625c094f,UNDRR DesInventar Nepal,1998,7,0,Western Region,Rupandehi,UNKNOWN,HEAVY RAINS,14,0,4,6458,68,0,0,0.0,False,,,,,,,,,,,,,,,,,,,,,,,,,,True,True,True,True
episode-99915ff3fed0cadb9aae,UNDRR DesInventar Nepal,1998,7,0,Eastern Region,Saptari,UNKNOWN,HEAVY RAINS,0,0,20,57094,1909,0,0,0.0,False,,,,,,,,,,,,,,,,,,,,,,,,,,True,True,True,True
episode-9a200928d7529021a740,UNDRR DesInventar Nepal,1998,7,0,Central Region,Sarlahi,UNKNOWN,HEAVY RAINS,4,0,0,18306,3142,0,0,0.0,False,,,,,,,,,,,,,,,,,,,,,,,,,,True,True,True,True
episode-87b9dbcca355282df9fc,UNDRR DesInventar Nepal,1998,7,0,Eastern Region,Siraha,UNKNOWN,HEAVY RAINS,1,0,0,1588,1,0,0,0.0,False,,,,,,,,,,,,,,,,,,,,,,,,,,True,True,True,True
episode-a3c582584f7b5af59afb,UNDRR DesInventar Nepal,1998,7,0,Eastern Region,Sunsari,UNKNOWN,HEAVY RAINS,0,0,0,8570,1211,0,0,0.0,False,,,,,,,,,,,,,,,,,,,,,,,,,,True,True,True,True
episode-5d8f0c3589afca91e9d4,UNDRR DesInventar Nepal,1998,7,0,Mid-Western Region,Surkhet,UNKNOWN,HEAVY RAINS,0,0,0,351,12,0,0,0.0,False,,,,,,,,,,,,,,,,,,,,,,,,,,True,True,True,True
episode-350af724bfbddfbc2153,UNDRR DesInventar Nepal,1998,7,0,Western Region,Syangja,UNKNOWN,HEAVY RAINS,20,0,0,9445,575,0,0,0.0,False,,,,,,,,,,,,,,,,,,,,,,,,,,True,True,True,True
episode-b8d193300df5c8809417,UNDRR DesInventar Nepal,1998,7,0,Western Region,Tanahu,UNKNOWN,HEAVY RAINS,0,0,16,1150,12,0,0,0.0,False,,,,,,,,,,,,,,,,,,,,,,,,,,True,True,True,True
episode-5aeb933dad5c59bf554a,UNDRR DesInventar Nepal,1998,7,1,Eastern Region,Udayapur,UNKNOWN,HEAVY RAINS,0,0,4,481,1,0,0,0.0,False,,,,,,,,,,,,,,,,,,,,,,,,,,True,True,True,True
episode-30c50f9fb3d55e2c6e5f,UNDRR DesInventar Nepal,1998,7,8,Western Region,Kapilbastu,HARDUONA,HEAVY RAINS,0,0,0,2000,71,0,0,0.0,True,,,,,,,,,,,,,,,,,,,,,,,,,,True,True,True,True
episode-c5e26a5738cca88d4905,UNDRR DesInventar Nepal,1998,7,12,Western Region,Rupandehi,HATI_BANAGAI,FLOOD,1,0,0,0,0,0,0,0.0,False,,,,,,,,,,,,,,,,,,,,,,,,,,True,True,True,True
episode-3d4c8942b261610c231b,UNDRR DesInventar Nepal,1998,7,21,Western Region,Palpa,UNKNOWN,HEAVY RAINS,0,0,0,750,0,0,0,0.0,False,,,,,,,,,,,,,,,,,,,,,,,,,,True,True,True,True
episode-3b685efae123ade25dc9,UNDRR DesInventar Nepal,1998,7,24,Eastern Region,Morang,Govindapur,HEAVY RAINS,0,0,0,0,0,0,0,0.0,False,,,,,,,,,,,,,,,,,,,,,,,,,,True,True,True,True
episode-13a29556a9fb137d066d,UNDRR DesInventar Nepal,1998,7,25,Far Western Region,Kailali,DANSINHAPUR,HEAVY RAINS,0,0,0,0,0,0,75,0.0,False,,,,,,,,,,,,,,,,,,,,,,,,,,True,True,True,True
episode-b6f40d6f6906275df5aa,UNDRR DesInventar Nepal,1998,7,25,Central Region,Parsa,Birgunj Municipality,HEAVY RAINS,0,0,0,0,300,0,0,0.0,False,,,,,,,,,,,,,,,,,,,,,,,,,,True,True,True,True
episode-4142e1d719d0d7580fc9,UNDRR DesInventar Nepal,1998,7,25,Central Region,Parsa,UNKNOWN,HEAVY RAINS,0,0,0,100,0,0,100,0.0,False,,,,,,,,,,,,,,,,,,,,,,,,,,True,True,True,True
episode-1607315ed2b824fbb6f4,UNDRR DesInventar Nepal,1998,7,25,Central Region,Sarlahi,AURAHI,HEAVY RAINS,1,0,0,0,0,0,0,0.0,False,,,,,,,,,,,,,,,,,,,,,,,,,,True,True,True,True
episode-bc544e4575e05835d431,UNDRR DesInventar Nepal,1998,7,25,Central Region,Sarlahi,KHAIRWA,HEAVY RAINS,2,0,0,0,0,0,0,0.0,False,,,,,,,,,,,,,,,,,,,,,,,,,,True,True,True,True
episode-74515a4a06df78476253,UNDRR DesInventar Nepal,1998,7,26,Central Region,Bara,NIJGADH,HEAVY RAINS,0,0,0,0,0,81,500,0.0,False,,,,,,,,,,,,,,,,,,,,,,,,,,True,True,True,True
episode-1f60e7779bf0f68722bd,UNDRR DesInventar Nepal,1998,7,26,Central Region,Rautahat,CHANDRANIGAHPUR,HEAVY RAINS,1,0,0,0,1,0,0,0.0,False,,,,,,,,,,,,,,,,,,,,,,,,,,True,True,True,True
episode-f56f3e81d26722886947,UNDRR DesInventar Nepal,1998,7,26,Central Region,Rautahat,UNKNOWN,HEAVY RAINS,0,0,0,0,50,0,0,0.0,False,,,,,,,,,,,,,,,,,,,,,,,,,,True,True,True,True
episode-cbcbc9ba59ff14caceb7,UNDRR DesInventar Nepal,1998,7,26,Western Region,Rupandehi,AAMA,HEAVY RAINS,1,0,0,0,0,0,0,0.0,False,,,,,,,,,,,,,,,,,,,,,,,,,,True,True,True,True
episode-97ddfe4700471418aa0e,UNDRR DesInventar Nepal,1998,7,26,Western Region,Rupandehi,BAGAULI,HEAVY RAINS,1,0,0,0,0,0,0,0.0,False,,,,,,,,,,,,,,,,,,,,,,,,,,True,True,True,True
episode-e00c7a62138830f45271,UNDRR DesInventar Nepal,1998,7,26,Western Region,Rupandehi,BUTAWAL_NP,HEAVY RAINS,2,0,0,0,0,0,0,0.0,False,,,,,,,,,,,,,,,,,,,,,,,,,,True,True,True,True
episode-af399ed0070a61ef2526,UNDRR DesInventar Nepal,1998,7,26,Western Region,Rupandehi,HATI_BANAGAI,HEAVY RAINS,1,0,0,0,0,0,0,0.0,False,,,,,,,,,,,,,,,,,,,,,,,,,,True,True,True,True
episode-71c46d94defbdb0b781e,UNDRR DesInventar Nepal,1998,7,26,Western Region,Rupandehi,LUMBINI_ADARSA,HEAVY RAINS,1,0,0,0,0,0,0,0.0,False,,,,,,,,,,,,,,,,,,,,,,,,,,True,True,True,True
episode-3ff9505f7309dbb63461,UNDRR DesInventar Nepal,1998,7,26,Western Region,Rupandehi,MADHUBANI,HEAVY RAINS,2,0,0,0,0,0,0,0.0,False,,,,,,,,,,,,,,,,,,,,,,,,,,True,True,True,True
episode-7bf0199b010b497a94a2,UNDRR DesInventar Nepal,1998,7,26,Western Region,Rupandehi,SIDDHARTHANAGAR_NP,HEAVY RAINS,1,0,0,0,0,0,0,0.0,False,,,,,,,,,,,,,,,,,,,,,,,,,,True,True,True,True
episode-d8b135710ee0c42a5327,UNDRR DesInventar Nepal,1998,7,26,Eastern Region,Saptari,UNKNOWN,HEAVY RAINS,0,0,0,0,10,0,0,0.0,True,,,,,,,,,,,,,,,,,,,,,,,,,,True,True,True,True
episode-dfc739d69584bb23707b,UNDRR DesInventar Nepal,1998,7,27,Western Region,Mustang,UNKNOWN,HEAVY RAINS,0,0,0,0,0,0,0,0.0,True,,,,,,,,,,,,,,,,,,,,,,,,,,True,True,True,True
episode-141c5d5470d922e5944c,UNDRR DesInventar Nepal,1998,7,28,Western Region,Palpa,KACHAL,HEAVY RAINS,1,0,1,0,0,0,0,0.0,False,,,,,,,,,,,,,,,,,,,,,,,,,,True,True,True,True
episode-ffed4c5def1dd86719b6,UNDRR DesInventar Nepal,1998,7,29,Western Region,Nawalparasi,KOLHUWA,HEAVY RAINS,0,0,0,500,0,0,0,0.0,False,,,,,,,,,,,,,,,,,,,,,,,,,,True,True,True,True
episode-6b831b20fd9d9b821c4b,UNDRR DesInventar Nepal,1998,7,29,Western Region,Nawalparasi,RAJAHAR,FLOOD,0,0,0,0,0,0,280,0.0,False,,,,,,,,,,,,,,,,,,,,,,,,,,True,True,True,True
episode-b2d5d7439eb81829b339,UNDRR DesInventar Nepal,1998,7,29,Western Region,Nawalparasi,RAMPURVA,HEAVY RAINS,0,0,0,0,0,0,0,0.0,False,,,,,,,,,,,,,,,,,,,,,,,,,,True,True,True,True
episode-8b721d36c8c2b8d9d9ad,UNDRR DesInventar Nepal,1998,7,29,Western Region,Nawalparasi,TRIBENI_SUSTA,HEAVY RAINS,0,0,0,0,50,0,0,0.0,False,,,,,,,,,,,,,,,,,,,,,,,,,,True,True,True,True
episode-14407462656248b23234,UNDRR DesInventar Nepal,1998,7,30,Central Region,Makwanpur,HADIKHOLA,HEAVY RAINS,0,0,0,0,2,0,0,0.0,False,,,,,,,,,,,,,,,,,,,,,,,,,,True,True,True,True
episode-d80ab3417729b6c6e314,UNDRR DesInventar Nepal,1998,7,30,Central Region,Makwanpur,IPA PANCHAKANYA,HEAVY RAINS,0,0,0,0,2,0,0,0.0,False,,,,,,,,,,,,,,,,,,,,,,,,,,True,True,True,True
episode-ecd763b331382b901c44,UNDRR DesInventar Nepal,1998,8,2,Central Region,Chitawan,BAGHAUDA,HEAVY RAINS,0,0,0,0,0,10,0,0.0,False,,,,,,,,,,,,,,,,,,,,,,,,,,True,True,True,True
episode-e3be99718e6a2334d593,UNDRR DesInventar Nepal,1998,8,2,Central Region,Chitawan,MEGHAULI,HEAVY RAINS,0,0,0,200,30,0,180,0.0,False,,,,,,,,,,,,,,,,,,,,,,,,,,True,True,True,True
episode-faaa275d0d5fbfd77c02,UNDRR DesInventar Nepal,1998,8,3,Central Region,Mahotari,Ankar,HEAVY RAINS,0,0,0,430,0,8,0,0.0,False,,,,,,,,,,,,,,,,,,,,,,,,,,True,True,True,True
episode-46e122cac483c325135c,UNDRR DesInventar Nepal,1998,8,3,Central Region,Mahotari,Bhrampura,HEAVY RAINS,0,0,0,605,0,20,0,0.0,False,,,,,,,,,,,,,,,,,,,,,,,,,,True,True,True,True
episode-f41b38d8c8c0b78af67c,UNDRR DesInventar Nepal,1998,8,3,Central Region,Mahotari,Damhi Madai,HEAVY RAINS,0,0,0,4000,0,126,0,0.0,False,,,,,,,,,,,,,,,,,,,,,,,,,,True,True,True,True
episode-107546fb8ddf0f8cc143,UNDRR DesInventar Nepal,1998,8,3,Central Region,Mahotari,Itaharwakatti,HEAVY RAINS,0,0,0,4800,0,144,0,0.0,False,,,,,,,,,,,,,,,,,,,,,,,,,,True,True,True,True
episode-d96884f1f2632c985c64,UNDRR DesInventar Nepal,1998,8,3,Central Region,Mahotari,Jaleswar Municipalit,HEAVY RAINS,0,0,0,5000,134,0,0,0.0,False,,,,,,,,,,,,,,,,,,,,,,,,,,True,True,True,True
episode-065909f640276a8e2363,UNDRR DesInventar Nepal,1998,8,3,Central Region,Mahotari,Kisan Nagar,HEAVY RAINS,0,0,0,0,0,5,0,0.0,False,,,,,,,,,,,,,,,,,,,,,,,,,,True,True,True,True
episode-832447bc5264e2b7210f,UNDRR DesInventar Nepal,1998,8,3,Central Region,Mahotari,Luxminiya,HEAVY RAINS,0,0,0,0,0,0,0,0.0,False,,,,,,,,,,,,,,,,,,,,,,,,,,True,True,True,True
episode-bdb7a64aabd893ac085b,UNDRR DesInventar Nepal,1998,8,3,Central Region,Mahotari,Matihani,HEAVY RAINS,0,0,0,0,0,6,0,0.0,False,,,,,,,,,,,,,,,,,,,,,,,,,,True,True,True,True
episode-b3c11070dea4899fa646,UNDRR DesInventar Nepal,1998,8,3,Central Region,Mahotari,Sarpallo,HEAVY RAINS,0,0,0,0,0,0,0,0.0,False,,,,,,,,,,,,,,,,,,,,,,,,,,True,True,True,True
episode-0048585b2d542ca5b61e,UNDRR DesInventar Nepal,1998,8,3,Central Region,Mahotari,Sigyahi,HEAVY RAINS,0,0,0,0,0,0,0,0.0,False,,,,,,,,,,,,,,,,,,,,,,,,,,True,True,True,True
episode-a3d8e40f186bad7f0740,UNDRR DesInventar Nepal,1998,8,3,Central Region,Mahotari,Sisawa Kataiya,HEAVY RAINS,0,0,0,75,0,12,0,0.0,False,,,,,,,,,,,,,,,,,,,,,,,,,,True,True,True,True
episode-e4ddc37c2c829294064a,UNDRR DesInventar Nepal,1998,8,3,Central Region,Mahotari,Sonama,HEAVY RAINS,0,0,0,4200,0,0,0,0.0,False,,,,,,,,,,,,,,,,,,,,,,,,,,True,True,True,True
episode-e89c47032ee8363f8af3,UNDRR DesInventar Nepal,1998,8,3,Central Region,Makwanpur,AMBHANJYANG,HEAVY RAINS,0,0,0,0,0,0,0,0.0,False,,,,,,,,,,,,,,,,,,,,,,,,,,True,True,True,True
episode-f499a99b1f8953af622e,UNDRR DesInventar Nepal,1998,8,3,Central Region,Makwanpur,BHIMPHEDI,HEAVY RAINS,0,0,0,0,0,0,0,0.0,False,,,,,,,,,,,,,,,,,,,,,,,,,,True,True,True,True
episode-fc9d8a1bc21eb7c2c49c,UNDRR DesInventar Nepal,1998,8,3,Central Region,Makwanpur,HADIKHOLA,HEAVY RAINS,0,0,0,0,0,0,0,0.0,False,,,,,,,,,,,,,,,,,,,,,,,,,,True,True,True,True
episode-6b241da800fbcfae2292,UNDRR DesInventar Nepal,1998,8,3,Central Region,Makwanpur,HATIYA,HEAVY RAINS,0,0,0,0,0,0,0,0.0,False,,,,,,,,,,,,,,,,,,,,,,,,,,True,True,True,True
episode-ec21e6e714515720e7a4,UNDRR DesInventar Nepal,1998,8,3,Central Region,Makwanpur,MANAHARI,HEAVY RAINS,0,0,0,0,0,0,0,0.0,False,,,,,,,,,,,,,,,,,,,,,,,,,,True,True,True,True
episode-6ab7c8e2b007867098c7,UNDRR DesInventar Nepal,1998,8,3,Central Region,Makwanpur,RAKSIRANG,HEAVY RAINS,0,0,0,0,0,0,0,0.0,False,,,,,,,,,,,,,,,,,,,,,,,,,,True,True,True,True
episode-f3648b041b31a6176f8b,UNDRR DesInventar Nepal,1998,8,3,Central Region,Makwanpur,SARIKHETA PALASE,HEAVY RAINS,0,0,0,0,0,0,0,0.0,False,,,,,,,,,,,,,,,,,,,,,,,,,,True,True,True,True
episode-3200c7cc2d9ac0d1100e,UNDRR DesInventar Nepal,1998,8,3,Central Region,Makwanpur,UNKNOWN,HEAVY RAINS,0,0,0,0,0,0,0,0.0,False,,,,,,,,,,,,,,,,,,,,,,,,,,True,True,True,True
episode-85bc0be62c2bcc1acafb,UNDRR DesInventar Nepal,1998,8,3,Mid-Western Region,Surkhet,KUNATHARI,HEAVY RAINS,0,0,0,0,0,0,0,0.0,False,,,,,,,,,,,,,,,,,,,,,,,,,,True,True,True,True
episode-c5403e0ead59184077a2,UNDRR DesInventar Nepal,1998,8,15,Far Western Region,Kailali,DANSINHAPUR,HEAVY RAINS,0,0,0,0,20,0,0,0.0,False,,,,,,,,,,,,,,,,,,,,,,,,,,True,True,True,True
episode-a6705de94f8917cf4ad2,UNDRR DesInventar Nepal,1998,8,16,Eastern Region,Solukhumbu,UNKNOWN,HEAVY RAINS,0,0,0,0,0,0,0,0.0,True,,,,,,,,,,,,,,,,,,,,,,,,,,True,True,True,True
episode-6db23f5848fb05fd9d08,UNDRR DesInventar Nepal,1998,8,19,Western Region,Nawalparasi,BHUJAHAWA,HEAVY RAINS,0,0,0,0,600,0,1600,0.0,False,,,,,,,,,,,,,,,,,,,,,,,,,,True,True,True,True
episode-eb0c30d7d73cf9520f9a,UNDRR DesInventar Nepal,1998,8,19,Western Region,Nawalparasi,KUDIYA,HEAVY RAINS,0,0,0,0,0,25,0,0.0,False,,,,,,,,,,,,,,,,,,,,,,,,,,True,True,True,True
episode-b59ffa5a3ce615a1881a,UNDRR DesInventar Nepal,1998,8,19,Western Region,Nawalparasi,SOMANI,HEAVY RAINS,0,0,0,785,0,0,0,0.0,False,,,,,,,,,,,,,,,,,,,,,,,,,,True,True,True,True
episode-8c4fd289f216e34ed6ec,UNDRR DesInventar Nepal,1998,8,19,Western Region,Nawalparasi,THULO_KHAIRATAWA,HEAVY RAINS,0,0,0,1000,400,0,0,0.0,False,,,,,,,,,,,,,,,,,,,,,,,,,,True,True,True,True
episode-4e2cc6ddab4f95cb0d9a,UNDRR DesInventar Nepal,1998,8,20,Western Region,Lamjung,ISANESHWAR,HEAVY RAINS,0,0,0,3000,0,0,0,0.0,False,,,,,,,,,,,,,,,,,,,,,,,,,,True,True,True,True
episode-6ae81a2b5cd89ca84d18,UNDRR DesInventar Nepal,1998,8,25,Mid-Western Region,Humla,MAILA,HEAVY RAINS,0,0,0,0,0,0,0,0.0,False,,,,,,,,,,,,,,,,,,,,,,,,,,True,True,True,True
episode-230b9aeac52b21f56e5e,UNDRR DesInventar Nepal,1998,8,26,Central Region,Chitawan,BAGHAUDA,HEAVY RAINS,0,0,0,0,23,0,115,0.0,False,,,,,,,,,,,,,,,,,,,,,,,,,,True,True,True,True
episode-4038a48bf78568b4f8eb,UNDRR DesInventar Nepal,1998,8,26,Central Region,Chitawan,GARDI,HEAVY RAINS,0,0,0,0,4,0,0,0.0,False,,,,,,,,,,,,,,,,,,,,,,,,,,True,True,True,True
episode-62bd76c54fecdcace946,UNDRR DesInventar Nepal,1998,8,26,Central Region,Chitawan,MEGHAULI,HEAVY RAINS,0,0,0,135,0,0,0,0.0,True,,,,,,,,,,,,,,,,,,,,,,,,,,True,True,True,True
episode-7cfc087407bc5eee4e9a,UNDRR DesInventar Nepal,1998,8,26,Mid-Western Region,Dang,UNKNOWN,HEAVY RAINS,0,0,0,0,30,0,0,0.0,False,,,,,,,,,,,,,,,,,,,,,,,,,,True,True,True,True
episode-16af776baefa8bd81410,UNDRR DesInventar Nepal,1998,8,27,Mid-Western Region,Banke,BAIJAPUR,HEAVY RAINS,0,0,0,0,0,0,0,0.0,False,,,,,,,,,,,,,,,,,,,,,,,,,,True,True,True,True
episode-dd0c3f9edb8745ada94e,UNDRR DesInventar Nepal,1998,8,27,Mid-Western Region,Banke,KAMDI,HEAVY RAINS,0,0,0,0,0,0,0,0.0,False,,,,,,,,,,,,,,,,,,,,,,,,,,True,True,True,True
episode-5c7e51fe4b9642244cbf,UNDRR DesInventar Nepal,1998,8,28,Mid-Western Region,Bardiya,DEUDAKALA,HEAVY RAINS,0,0,0,0,0,0,0,0.0,False,,,,,,,,,,,,,,,,,,,,,,,,,,True,True,True,True
episode-9c4a2b31990dc175770c,UNDRR DesInventar Nepal,1998,8,28,Mid-Western Region,Bardiya,PATABHAR,FLOOD,0,0,0,0,0,0,0,0.0,False,,,,,,,,,,,,,,,,,,,,,,,,,,True,True,True,True
episode-59768e46972c4e9f9919,UNDRR DesInventar Nepal,1998,8,28,Western Region,Kapilbastu,KOPAWA,HEAVY RAINS,0,0,0,1800,0,0,0,0.0,False,,,,,,,,,,,,,,,,,,,,,,,,,,True,True,True,True
episode-4ad7956c40492f7e005d,UNDRR DesInventar Nepal,1998,8,28,Western Region,Kapilbastu,NIGALIHAWA,HEAVY RAINS,0,0,0,0,0,0,0,0.0,False,,,,,,,,,,,,,,,,,,,,,,,,,,True,True,True,True
episode-bcc717e3c6b22e4d0a5c,UNDRR DesInventar Nepal,1998,8,29,Western Region,Syangja,BAHAKOT,HEAVY RAINS,3,0,0,86,16,0,0,0.0,False,,,,,,,,,,,,,,,,,,,,,,,,,,True,True,True,True
episode-c4bd25f7eb36adb1ada2,UNDRR DesInventar Nepal,1998,8,29,Western Region,Syangja,UNKNOWN,HEAVY RAINS,15,0,0,0,29,0,0,0.0,False,,,,,,,,,,,,,,,,,,,,,,,,,,True,True,True,True
episode-e0373258db1ef5e89493,UNDRR DesInventar Nepal,1998,8,29,Western Region,Syangja,WALIN NP,HEAVY RAINS,0,0,0,0,2,0,0,0.0,True,,,,,,,,,,,,,,,,,,,,,,,,,,True,True,True,True
episode-25f9bdbe8376c1bbeaa7,UNDRR DesInventar Nepal,1998,8,29,Western Region,Tanahu,DHORFIRDI,HEAVY RAINS,0,0,0,0,0,0,0,0.0,False,,,,,,,,,,,,,,,,,,,,,,,,,,True,True,True,True
episode-eefbbc1fce8c8f491633,UNDRR DesInventar Nepal,1998,8,29,Western Region,Tanahu,PURKOT,HEAVY RAINS,0,0,0,0,0,0,0,0.0,False,,,,,,,,,,,,,,,,,,,,,,,,,,True,True,True,True
episode-091ac0a195ff81052abe,UNDRR DesInventar Nepal,1998,8,29,Western Region,Tanahu,RAIPUR,HEAVY RAINS,0,0,0,0,0,0,0,0.0,False,,,,,,,,,,,,,,,,,,,,,,,,,,True,True,True,True
episode-9f0e29a35e469ccc2767,UNDRR DesInventar Nepal,1998,8,30,Western Region,Kaski,KAHUN,HEAVY RAINS,3,0,0,0,0,0,0,0.0,False,,,,,,,,,,,,,,,,,,,,,,,,,,True,True,True,True
episode-6e385d51b60e09392e78,UNDRR DesInventar Nepal,1998,8,31,Central Region,Parsa,Deurbana,HEAVY RAINS,0,0,0,0,42,0,0,0.0,False,,,,,,,,,,,,,,,,,,,,,,,,,,True,True,True,True
episode-30aea5a7b797adda78cf,UNDRR DesInventar Nepal,1998,8,31,Central Region,Parsa,Nirmalbasti,HEAVY RAINS,1,0,0,0,0,0,0,0.0,False,,,,,,,,,,,,,,,,,,,,,,,,,,True,True,True,True
episode-6224a2acf6c420715843,UNDRR DesInventar Nepal,1998,8,31,Central Region,Parsa,UNKNOWN,HEAVY RAINS,1,0,0,300000,0,0,0,0.0,True,,,,,,,,,,,,,,,,,,,,,,,,,,True,True,True,True
episode-5dde5c5727639099aa76,UNDRR DesInventar Nepal,1998,8,31,Eastern Region,Udayapur,Hadiya,OTHER,0,0,0,0,6,0,0,0.0,False,,,,,,,,,,,,,,,,,,,,,,,,,,True,True,True,True
episode-e61a4eb44f3ea49fa6d7,UNDRR DesInventar Nepal,1998,8,31,Eastern Region,Udayapur,Trijuga Municipality,HEAVY RAINS,0,0,0,0,0,0,0,0.0,False,,,,,,,,,,,,,,,,,,,,,,,,,,True,True,True,True
episode-690ad4e9a7be18bfda51,UNDRR DesInventar Nepal,1998,9,1,Central Region,Chitawan,MANGALUR,HEAVY RAINS,0,0,0,0,0,0,0,0.0,False,,,,,,,,,,,,,,,,,,,,,,,,,,True,True,True,True
episode-bee355d40fbbde7b5619,UNDRR DesInventar Nepal,1998,9,1,Central Region,Mahotari,Jaleswar Municipalit,HEAVY RAINS,0,0,0,0,0,0,0,0.0,False,,,,,,,,,,,,,,,,,,,,,,,,,,True,True,True,True
episode-0acbf0b64809552fbaf3,UNDRR DesInventar Nepal,1998,9,1,Western Region,Myagdi,DEBISTHAN,HEAVY RAINS,0,0,0,84,15,0,0,0.0,False,,,,,,,,,,,,,,,,,,,,,,,,,,True,True,True,True
episode-72033d6a1f0f43c9be62,UNDRR DesInventar Nepal,1998,9,1,Western Region,Myagdi,RAKHU_PIPLE,HEAVY RAINS,0,0,0,0,0,0,0,0.0,False,,,,,,,,,,,,,,,,,,,,,,,,,,True,True,True,True
episode-14ad2606ca2908867b97,UNDRR DesInventar Nepal,1998,9,2,Far Western Region,Dadeldhura,BHAGESWOR,HEAVY RAINS,1,0,0,0,5,0,0,0.0,False,,,,,,,,,,,,,,,,,,,,,,,,,,True,True,True,True
episode-1e5f61b980a8a284bbeb,UNDRR DesInventar Nepal,1998,9,2,Eastern Region,Khotang,Jyamire,HEAVY RAINS,0,0,0,184,0,0,0,0.0,False,,,,,,,,,,,,,,,,,,,,,,,,,,True,True,True,True
episode-e5e35a67296d9e2fd4c2,UNDRR DesInventar Nepal,1998,9,3,Eastern Region,Khotang,UNKNOWN,HEAVY RAINS,3,0,0,0,0,0,0,0.0,True,,,,,,,,,,,,,,,,,,,,,,,,,,True,True,True,True
episode-c30f1891be9cfbb77da8,UNDRR DesInventar Nepal,1998,9,3,Central Region,Mahotari,Damhi Madai,HEAVY RAINS,1,0,0,0,0,0,0,0.0,False,,,,,,,,,,,,,,,,,,,,,,,,,,True,True,True,True
episode-db986508a590a142b9fd,UNDRR DesInventar Nepal,1998,9,3,Central Region,Mahotari,Simardahi,HEAVY RAINS,1,0,0,0,0,0,0,0.0,False,,,,,,,,,,,,,,,,,,,,,,,,,,True,True,True,True
episode-818fdea94a928faa2b4f,UNDRR DesInventar Nepal,1998,9,3,Eastern Region,Solukhumbu,Deusa,HEAVY RAINS,0,0,0,718,133,0,0,0.0,False,,,,,,,,,,,,,,,,,,,,,,,,,,True,True,True,True
episode-7f82f3f4ea803ebf7045,UNDRR DesInventar Nepal,1998,9,8,Mid-Western Region,Dang,DHANAURI,HEAVY RAINS,0,0,0,0,200,0,0,0.0,False,,,,,,,,,,,,,,,,,,,,,,,,,,True,True,True,True
episode-e2cda0b5e5ede4482435,UNDRR DesInventar Nepal,1999,5,8,Eastern Region,Ilam,UNKNOWN,OTHER,2,1,0,0,0,0,0,0.0,False,,,,,,,,,,,,,,,,,,,,,,,,,,True,True,True,True
episode-29f2c5ce5465ac2e9460,UNDRR DesInventar Nepal,1999,5,8,Central Region,Sindhupalchoke,UNKNOWN,FLOOD,4,0,3,0,0,0,0,0.0,False,,,,,,,,,,,,,,,,,,,,,,,,,,True,True,True,True
episode-ae3ad67c744bea8c3f6b,UNDRR DesInventar Nepal,1999,5,28,Eastern Region,Khotang,Batase,HEAVY RAINS,4,0,0,0,0,0,0,0.0,False,,,,,,,,,,,,,,,,,,,,,,,,,,True,True,True,True
episode-947a3050b16cc2ea715b,UNDRR DesInventar Nepal,1999,6,19,Far Western Region,Bajura,Martadi,HEAVY RAINS,3,0,0,0,14,0,0,0.0,False,,,,,,,,,,,,,,,,,,,,,,,,,,True,True,True,True
episode-d5e9f2c7c306122881ae,UNDRR DesInventar Nepal,1999,6,25,Central Region,Sarlahi,MAHINATHPUR,HEAVY RAINS,0,0,0,0,0,0,0,0.0,False,,,,,,,,,,,,,,,,,,,,,,,,,,True,True,True,True
episode-27b2d45204c0c08e67a8,UNDRR DesInventar Nepal,1999,6,27,Mid-Western Region,Dang,GANGA_PARASPUR,HEAVY RAINS,0,0,0,720,143,0,0,0.0,False,,,,,,,,,,,,,,,,,,,,,,,,,,True,True,True,True
episode-2684b7aa7377c29d8b37,UNDRR DesInventar Nepal,1999,6,30,Central Region,Bhaktapur,DADHIKOT,HEAVY RAINS,0,0,0,0,0,0,0,0.0,False,,,,,,,,,,,,,,,,,,,,,,,,,,True,True,True,True
episode-d08a7a455c73c11543c4,UNDRR DesInventar Nepal,1999,7,0,Western Region,Arghakanchi,UNKNOWN,HEAVY RAINS,2,0,0,991,97,99,0,0.0,False,,,,,,,,,,,,,,,,,,,,,,,,,,True,True,True,True
episode-0505b3fbd2ca9e31e826,UNDRR DesInventar Nepal,1999,7,0,Central Region,Bara,UNKNOWN,HEAVY RAINS,0,0,0,280,36,0,0,0.0,False,,,,,,,,,,,,,,,,,,,,,,,,,,True,True,True,True
episode-3660efd8f22a5191bef7,UNDRR DesInventar Nepal,1999,7,0,Mid-Western Region,Bardiya,UNKNOWN,HEAVY RAINS,0,0,0,230,0,0,0,0.0,False,,,,,,,,,,,,,,,,,,,,,,,,,,True,True,True,True
episode-31f0b6ea6c5c7b82c51a,UNDRR DesInventar Nepal,1999,7,0,Central Region,Chitawan,UNKNOWN,HEAVY RAINS,13,0,0,4714,0,0,0,0.0,False,,,,,,,,,,,,,,,,,,,,,,,,,,True,True,True,True
episode-06f48d8f169919367200,UNDRR DesInventar Nepal,1999,7,0,Central Region,Dhanusa,UNKNOWN,HEAVY RAINS,2,0,3,134,22,0,0,0.0,False,,,,,,,,,,,,,,,,,,,,,,,,,,True,True,True,True
episode-54483ac4c39e7a34e93f,UNDRR DesInventar Nepal,1999,7,0,Mid-Western Region,Humla,UNKNOWN,HEAVY RAINS,0,0,0,2615,25,3,0,0.0,False,,,,,,,,,,,,,,,,,,,,,,,,,,True,True,True,True
episode-b84a0cc4b18d1803bb37,UNDRR DesInventar Nepal,1999,7,0,Eastern Region,Ilam,UNKNOWN,HEAVY RAINS,0,0,0,291,16,0,0,0.0,False,,,,,,,,,,,,,,,,,,,,,,,,,,True,True,True,True
episode-c3c125d85028b98b93c2,UNDRR DesInventar Nepal,1999,7,0,Eastern Region,Jhapa,UNKNOWN,HEAVY RAINS,4,0,0,4771,160,91,0,0.0,False,,,,,,,,,,,,,,,,,,,,,,,,,,True,True,True,True
episode-7ae04969df02aa93d711,UNDRR DesInventar Nepal,1999,7,0,Central Region,Lalitpur,UNKNOWN,HEAVY RAINS,1,0,3,11,1,0,0,0.0,False,,,,,,,,,,,,,,,,,,,,,,,,,,True,True,True,True
episode-fc7b1eb2e30a89bfa70a,UNDRR DesInventar Nepal,1999,7,0,Central Region,Mahotari,UNKNOWN,HEAVY RAINS,1,0,0,8943,442,0,0,0.0,False,,,,,,,,,,,,,,,,,,,,,,,,,,True,True,True,True
episode-0108904e5d575be9203e,UNDRR DesInventar Nepal,1999,7,0,Western Region,Nawalparasi,UNKNOWN,HEAVY RAINS,2,0,0,913,1,0,0,0.0,False,,,,,,,,,,,,,,,,,,,,,,,,,,True,True,True,True
episode-48b6e6b88abc636d7a31,UNDRR DesInventar Nepal,1999,7,0,Central Region,Parsa,UNKNOWN,HEAVY RAINS,0,0,0,893,1,13,0,0.0,False,,,,,,,,,,,,,,,,,,,,,,,,,,True,True,True,True
episode-0c3d6f084b9a719d478b,UNDRR DesInventar Nepal,1999,7,0,Central Region,Rautahat,UNKNOWN,HEAVY RAINS,1,0,0,129,18,0,0,0.0,False,,,,,,,,,,,,,,,,,,,,,,,,,,True,True,True,True
episode-22d7645663c5fc90abc6,UNDRR DesInventar Nepal,1999,7,0,Western Region,Rupandehi,UNKNOWN,HEAVY RAINS,3,0,1,185,5,25,0,0.0,False,,,,,,,,,,,,,,,,,,,,,,,,,,True,True,True,True
episode-1b4ef181aa8eca96cc94,UNDRR DesInventar Nepal,1999,7,0,Eastern Region,Saptari,UNKNOWN,HEAVY RAINS,1,0,0,252,1,0,0,0.0,False,,,,,,,,,,,,,,,,,,,,,,,,,,True,True,True,True
episode-2fdf3e858e102af09c14,UNDRR DesInventar Nepal,1999,7,0,Central Region,Sarlahi,UNKNOWN,HEAVY RAINS,0,0,1,11,1,0,0,0.0,False,,,,,,,,,,,,,,,,,,,,,,,,,,True,True,True,True
episode-fc50d2b78996f060e320,UNDRR DesInventar Nepal,1999,7,0,Central Region,Sindhuli,UNKNOWN,HEAVY RAINS,5,0,0,1170,62,0,0,0.0,False,,,,,,,,,,,,,,,,,,,,,,,,,,True,True,True,True
episode-3c4f2c88a796b3479c95,UNDRR DesInventar Nepal,1999,7,0,Eastern Region,Siraha,UNKNOWN,HEAVY RAINS,0,0,0,801,2,0,0,0.0,False,,,,,,,,,,,,,,,,,,,,,,,,,,True,True,True,True
episode-c72a1c46107a4d86cdee,UNDRR DesInventar Nepal,1999,7,0,Eastern Region,Sunsari,UNKNOWN,HEAVY RAINS,0,0,0,6,0,0,0,0.0,False,,,,,,,,,,,,,,,,,,,,,,,,,,True,True,True,True
episode-60a67a59fac19a82c858,UNDRR DesInventar Nepal,1999,7,0,Western Region,Syangja,UNKNOWN,HEAVY RAINS,3,0,6,1848,63,7,0,0.0,False,,,,,,,,,,,,,,,,,,,,,,,,,,True,True,True,True
episode-7e4da222052fe288cd0a,UNDRR DesInventar Nepal,1999,7,0,Eastern Region,Udayapur,UNKNOWN,HEAVY RAINS,11,0,1,2794,41,1,0,0.0,False,,,,,,,,,,,,,,,,,,,,,,,,,,True,True,True,True
episode-75036ed523af0f28f798,UNDRR DesInventar Nepal,1999,7,1,Eastern Region,Jhapa,UNKNOWN,HEAVY RAINS,0,0,0,0,0,0,0,0.0,False,,,,,,,,,,,,,,,,,,,,,,,,,,True,True,True,True
episode-a9808616f6fdbe30c198,UNDRR DesInventar Nepal,1999,7,1,Far Western Region,Kailali,SUGARKHAL,HEAVY RAINS,1,0,0,0,0,0,0,0.0,False,,,,,,,,,,,,,,,,,,,,,,,,,,True,True,True,True
episode-056f33d1531d3ef86e2d,UNDRR DesInventar Nepal,1999,7,1,Eastern Region,Udayapur,UNKNOWN,HEAVY RAINS,2,0,0,0,0,0,0,0.0,False,,,,,,,,,,,,,,,,,,,,,,,,,,True,True,True,True
episode-4c1cf6bf4a2a00f79db8,UNDRR DesInventar Nepal,1999,7,2,Eastern Region,Jhapa,LAKHANPUR,HEAVY RAINS,0,0,0,0,0,0,0,0.0,False,,,,,,,,,,,,,,,,,,,,,,,,,,True,True,True,True
episode-e3b36844005aaa48506f,UNDRR DesInventar Nepal,1999,7,2,Eastern Region,Jhapa,SATASIDHAM,HEAVY RAINS,0,0,0,0,0,0,0,0.0,False,,,,,,,,,,,,,,,,,,,,,,,,,,True,True,True,True
episode-efd20e04ac27e4129495,UNDRR DesInventar Nepal,1999,7,2,Eastern Region,Solukhumbu,Gudel,HEAVY RAINS,0,2,0,0,0,0,0,0.0,False,,,,,,,,,,,,,,,,,,,,,,,,,,True,True,True,True
episode-ba6d0f774e2ca7e7c0ac,UNDRR DesInventar Nepal,1999,7,3,Central Region,Dhading,SALYANTAR,OTHER,0,0,0,0,24,0,0,0.0,False,,,,,,,,,,,,,,,,,,,,,,,,,,True,True,True,True
episode-2425318edd58f96f6061,UNDRR DesInventar Nepal,1999,7,3,Central Region,Dhading,TRIPURESHWAR,HEAVY RAINS,0,0,0,0,0,0,0,0.0,False,,,,,,,,,,,,,,,,,,,,,,,,,,True,True,True,True
episode-8fc8a443297a1bdda9e9,UNDRR DesInventar Nepal,1999,7,3,Western Region,Gorkha,BARPAK,HEAVY RAINS,0,8,1,0,2,0,0,0.0,False,,,,,,,,,,,,,,,,,,,,,,,,,,True,True,True,True
episode-71251194cbdf5a789cf4,UNDRR DesInventar Nepal,1999,7,3,Eastern Region,Jhapa,LAKHANPUR,HEAVY RAINS,0,0,0,0,10,0,0,0.0,False,,,,,,,,,,,,,,,,,,,,,,,,,,True,True,True,True
episode-468d85d4292169525560,UNDRR DesInventar Nepal,1999,7,3,Western Region,Kapilbastu,HARDUONA,HEAVY RAINS,0,0,0,78,14,0,0,0.0,False,,,,,,,,,,,,,,,,,,,,,,,,,,True,True,True,True
episode-2371b91e5434417ac30c,UNDRR DesInventar Nepal,1999,7,3,Central Region,Makwanpur,HETAUDA MUNICIPALITY,HEAVY RAINS,0,0,0,0,3,7,0,0.0,False,,,,,,,,,,,,,,,,,,,,,,,,,,True,True,True,True
episode-aa641344c2bbd0253c02,UNDRR DesInventar Nepal,1999,7,3,Eastern Region,Panchthar,SIDIN,HEAVY RAINS,0,0,0,0,6,30,0,0.0,False,,,,,,,,,,,,,,,,,,,,,,,,,,True,True,True,True
episode-b7bdd673297bbf788b1c,UNDRR DesInventar Nepal,1999,7,3,Central Region,Parsa,Madhuwan Mathaul,HEAVY RAINS,0,0,0,37,1,0,0,0.0,False,,,,,,,,,,,,,,,,,,,,,,,,,,True,True,True,True
episode-ca1dbbf028e05338adde,UNDRR DesInventar Nepal,1999,7,3,Eastern Region,Saptari,KUSHAHA,HEAVY RAINS,0,0,0,0,0,0,0,0.0,False,,,,,,,,,,,,,,,,,,,,,,,,,,True,True,True,True
episode-51d7102d766321e8a56d,UNDRR DesInventar Nepal,1999,7,5,Central Region,Dhading,BASERI,HEAVY RAINS,2,0,0,0,0,0,0,0.0,False,,,,,,,,,,,,,,,,,,,,,,,,,,True,True,True,True
episode-a33c68ff9ae5f8d712ce,UNDRR DesInventar Nepal,1999,7,5,Central Region,Dhading,LAPA,HEAVY RAINS,4,0,0,0,0,0,0,0.0,False,,,,,,,,,,,,,,,,,,,,,,,,,,True,True,True,True
episode-1233f9545dd67372a304,UNDRR DesInventar Nepal,1999,7,5,Central Region,Dhading,RI GAON,OTHER,0,2,3,0,0,0,0,0.0,False,,,,,,,,,,,,,,,,,,,,,,,,,,True,True,True,True
episode-33cb0778d7cba81131b9,UNDRR DesInventar Nepal,1999,7,5,Central Region,Dhading,SERTUNG,HEAVY RAINS,2,0,0,0,0,0,0,0.0,False,,,,,,,,,,,,,,,,,,,,,,,,,,True,True,True,True
episode-8b041247da5fa521c64c,UNDRR DesInventar Nepal,1999,7,5,Eastern Region,Jhapa,MAHABHARA,OTHER,0,0,0,0,5,10,0,0.0,False,,,,,,,,,,,,,,,,,,,,,,,,,,True,True,True,True
episode-a776320856165c6ad612,UNDRR DesInventar Nepal,1999,7,5,Western Region,Nawalparasi,UNKNOWN,HEAVY RAINS,0,0,0,0,0,0,0,0.0,False,,,,,,,,,,,,,,,,,,,,,,,,,,True,True,True,True
episode-1d7c967ab0411b61eef4,UNDRR DesInventar Nepal,1999,7,7,Eastern Region,Sankhuwasabha,Makalu,HEAVY RAINS,0,0,0,0,0,0,0,0.0,False,,,,,,,,,,,,,,,,,,,,,,,,,,True,True,True,True
episode-6eaa40174ea02215ccd8,UNDRR DesInventar Nepal,1999,7,8,Eastern Region,Saptari,BAIRAWA,OTHER,0,0,0,0,100,50,0,0.0,False,,,,,,,,,,,,,,,,,,,,,,,,,,True,True,True,True
episode-6026e048bea01f647521,UNDRR DesInventar Nepal,1999,7,8,Eastern Region,Saptari,BELHI,HEAVY RAINS,0,0,0,0,5,0,0,0.0,False,,,,,,,,,,,,,,,,,,,,,,,,,,True,True,True,True
episode-f24086037106b885d760,UNDRR DesInventar Nepal,1999,7,10,Western Region,Syangja,PHARPARTHUM,HEAVY RAINS,0,0,0,0,0,0,0,0.0,False,,,,,,,,,,,,,,,,,,,,,,,,,,True,True,True,True
episode-708d4f794122625662df,UNDRR DesInventar Nepal,1999,7,10,Western Region,Syangja,PUTALIDHET NP,HEAVY RAINS,0,0,0,0,0,0,0,0.0,False,,,,,,,,,,,,,,,,,,,,,,,,,,True,True,True,True
episode-f7e60fe17bca15f3034b,UNDRR DesInventar Nepal,1999,7,11,Far Western Region,Darchula,Dhuligada,HEAVY RAINS,3,0,0,0,0,0,0,0.0,False,,,,,,,,,,,,,,,,,,,,,,,,,,True,True,True,True
episode-8ed11f3ce9b31776e1b9,UNDRR DesInventar Nepal,1999,7,11,Western Region,Nawalparasi,DAWAUNNE_DEVI,HEAVY RAINS,0,0,0,0,0,0,0,0.0,False,,,,,,,,,,,,,,,,,,,,,,,,,,True,True,True,True
episode-924d771752ca53e4d239,UNDRR DesInventar Nepal,1999,7,11,Western Region,Nawalparasi,JAMUNIYA,HEAVY RAINS,0,0,0,0,0,1,0,0.0,False,,,,,,,,,,,,,,,,,,,,,,,,,,True,True,True,True
episode-bf898ebaefc22aa01ffd,UNDRR DesInventar Nepal,1999,7,11,Western Region,Nawalparasi,MAKAR,HEAVY RAINS,0,0,0,0,0,0,0,0.0,False,,,,,,,,,,,,,,,,,,,,,,,,,,True,True,True,True
episode-2628bb278c8954510ee4,UNDRR DesInventar Nepal,1999,7,11,Western Region,Nawalparasi,NAYA_BELHANI,HEAVY RAINS,0,0,0,0,0,0,0,0.0,False,,,,,,,,,,,,,,,,,,,,,,,,,,True,True,True,True
episode-0e70c09b1f4f7d260b09,UNDRR DesInventar Nepal,1999,7,11,Western Region,Nawalparasi,PITHAULI,OTHER,0,0,0,0,0,0,0,0.0,False,,,,,,,,,,,,,,,,,,,,,,,,,,True,True,True,True
episode-13e4244338276f672a2f,UNDRR DesInventar Nepal,1999,7,11,Western Region,Nawalparasi,PRASAUNI,HEAVY RAINS,0,0,0,0,0,0,0,0.0,False,,,,,,,,,,,,,,,,,,,,,,,,,,True,True,True,True
episode-09c8e05858bfd639a52b,UNDRR DesInventar Nepal,1999,7,11,Western Region,Nawalparasi,RAJAHAR,HEAVY RAINS,0,0,0,0,0,0,0,0.0,False,,,,,,,,,,,,,,,,,,,,,,,,,,True,True,True,True
episode-a8f5f2062f5801e3a102,UNDRR DesInventar Nepal,1999,7,11,Western Region,Nawalparasi,SHIVAMANDIR,HEAVY RAINS,0,0,0,0,0,0,0,0.0,False,,,,,,,,,,,,,,,,,,,,,,,,,,True,True,True,True
episode-120cd1317853f42a32a8,UNDRR DesInventar Nepal,1999,7,11,Western Region,Nawalparasi,UNKNOWN,OTHER,0,0,0,0,0,0,0,0.0,False,,,,,,,,,,,,,,,,,,,,,,,,,,True,True,True,True
episode-ddf7d34e779a1ff8a3e0,UNDRR DesInventar Nepal,1999,7,12,Far Western Region,Darchula,Khandeswari,HEAVY RAINS,0,5,0,0,0,0,0,0.0,False,,,,,,,,,,,,,,,,,,,,,,,,,,True,True,True,True
episode-9e2673610e680b459b14,UNDRR DesInventar Nepal,1999,7,18,Central Region,Sarlahi,DHANKAUL (P),HEAVY RAINS,1,0,0,0,0,0,0,0.0,False,,,,,,,,,,,,,,,,,,,,,,,,,,True,True,True,True
episode-9c77d170c1489b552207,UNDRR DesInventar Nepal,1999,8,10,Far Western Region,Kailali,DANSINHAPUR,HEAVY RAINS,0,0,0,0,15,0,0,0.0,False,,,,,,,,,,,,,,,,,,,,,,,,,,True,True,True,True
episode-b198824fdec7c05866eb,UNDRR DesInventar Nepal,1999,8,22,Eastern Region,Morang,Drabesha,HEAVY RAINS,45,0,0,0,0,0,0,0.0,False,,,,,,,,,,,,,,,,,,,,,,,,,,True,True,True,True
episode-be151e46306fc600bc37,UNDRR DesInventar Nepal,1999,8,24,Central Region,Chitawan,AYODHYAPUR,HEAVY RAINS,5,12,0,270,0,0,0,0.0,False,,,,,,,,,,,,,,,,,,,,,,,,,,True,True,True,True
episode-61d57f403460ca3b535b,UNDRR DesInventar Nepal,1999,8,24,Central Region,Parsa,Dhobini,HEAVY RAINS,0,0,0,0,14,0,0,0.0,False,,,,,,,,,,,,,,,,,,,,,,,,,,True,True,True,True
episode-48d5905a3d5fddc52b52,UNDRR DesInventar Nepal,1999,8,24,Central Region,Parsa,Nirmalbasti,HEAVY RAINS,0,0,0,0,27,0,0,0.0,False,,,,,,,,,,,,,,,,,,,,,,,,,,True,True,True,True
episode-dedbd81d5bde8779f7f8,UNDRR DesInventar Nepal,1999,8,24,Central Region,Rautahat,MATSARI,HEAVY RAINS,1,0,0,0,0,0,0,0.0,False,,,,,,,,,,,,,,,,,,,,,,,,,,True,True,True,True
episode-baa5023c89f76351b09b,UNDRR DesInventar Nepal,1999,8,24,Eastern Region,Saptari,MAINA KADERI,HEAVY RAINS,0,0,0,162,30,0,0,0.0,False,,,,,,,,,,,,,,,,,,,,,,,,,,True,True,True,True
episode-42bd523bfd0c19495135,UNDRR DesInventar Nepal,1999,8,25,Eastern Region,Jhapa,DAMAK MUN.,HEAVY RAINS,0,0,0,0,0,25,0,0.0,False,,,,,,,,,,,,,,,,,,,,,,,,,,True,True,True,True
episode-b1a39b4170404a2234af,UNDRR DesInventar Nepal,1999,8,25,Eastern Region,Jhapa,KHAJURGANCHHI,HEAVY RAINS,0,0,0,0,0,12,0,0.0,False,,,,,,,,,,,,,,,,,,,,,,,,,,True,True,True,True
episode-2302f96bc8fd15632101,UNDRR DesInventar Nepal,1999,8,25,Eastern Region,Jhapa,KOHABARA,RAIN,1,0,0,0,0,0,0,0.0,False,,,,,,,,,,,,,,,,,,,,,,,,,,True,True,True,True
episode-fbd1c1e1b3c616271355,UNDRR DesInventar Nepal,1999,8,25,Eastern Region,Jhapa,MECHI MUN.,HEAVY RAINS,0,0,0,0,0,10,0,0.0,False,,,,,,,,,,,,,,,,,,,,,,,,,,True,True,True,True
episode-8c638c564b8564e8566b,UNDRR DesInventar Nepal,1999,8,25,Eastern Region,Jhapa,RAJGADH,HEAVY RAINS,0,0,0,0,0,0,0,0.0,False,,,,,,,,,,,,,,,,,,,,,,,,,,True,True,True,True
episode-b548136f1311d33b4fa3,UNDRR DesInventar Nepal,1999,8,25,Eastern Region,Jhapa,SHIVAGANJ,HEAVY RAINS,0,0,0,0,0,0,0,0.0,False,,,,,,,,,,,,,,,,,,,,,,,,,,True,True,True,True
episode-bee45a180b9b0f2bd9db,UNDRR DesInventar Nepal,1999,8,25,Eastern Region,Jhapa,SURUNGA,HEAVY RAINS,0,0,0,0,7,0,0,0.0,False,,,,,,,,,,,,,,,,,,,,,,,,,,True,True,True,True
episode-19814f92ee16bc36d1a2,UNDRR DesInventar Nepal,1999,8,25,Central Region,Sindhupalchoke,Badegau,HEAVY RAINS,0,0,0,0,0,0,0,0.0,False,,,,,,,,,,,,,,,,,,,,,,,,,,True,True,True,True
episode-78f4aa5d103f3a9d3085,UNDRR DesInventar Nepal,1999,8,25,Central Region,Sindhupalchoke,Yamunadadagau,HEAVY RAINS,0,0,0,0,0,0,0,0.0,False,,,,,,,,,,,,,,,,,,,,,,,,,,True,True,True,True
episode-8db760db9aa6825b8697,UNDRR DesInventar Nepal,1999,8,25,Eastern Region,Udayapur,Hadiya,HEAVY RAINS,0,0,0,0,6,0,0,0.0,False,,,,,,,,,,,,,,,,,,,,,,,,,,True,True,True,True
episode-e6552ea2296fc54a5f8f,UNDRR DesInventar Nepal,1999,8,28,Far Western Region,Kailali,PHULWARI,HEAVY RAINS,2,0,0,0,0,0,0,0.0,False,,,,,,,,,,,,,,,,,,,,,,,,,,True,True,True,True
episode-11cbf522717b8469a5a7,UNDRR DesInventar Nepal,1999,8,30,Eastern Region,Solukhumbu,Salleri,HEAVY RAINS,0,0,0,0,1,0,0,0.0,False,,,,,,,,,,,,,,,,,,,,,,,,,,True,True,True,True
episode-0153d7f357850ef9824f,UNDRR DesInventar Nepal,1999,9,10,Western Region,Syangja,TAKSAR KHALANGA,HEAVY RAINS,1,1,1,0,0,0,0,0.0,False,,,,,,,,,,,,,,,,,,,,,,,,,,True,True,True,True
episode-a521028af3fdd5828950,UNDRR DesInventar Nepal,1999,9,12,Western Region,Palpa,DOBHAN,HEAVY RAINS,0,0,0,0,0,0,0,0.0,False,,,,,,,,,,,,,,,,,,,,,,,,,,True,True,True,True
episode-a389fd0bcb3c661b39c2,UNDRR DesInventar Nepal,1999,9,15,Central Region,Kavre,DOLALGHAT,HEAVY RAINS,1,0,0,0,0,0,0,0.0,False,,,,,,,,,,,,,,,,,,,,,,,,,,True,True,True,True
episode-5cea2583eab38e06d598,UNDRR DesInventar Nepal,1999,9,23,Mid-Western Region,Bardiya,UNKNOWN,HEAVY RAINS,0,0,0,0,3,0,0,0.0,False,,,,,,,,,,,,,,,,,,,,,,,,,,True,True,True,True
episode-34245f584b13893eadf9,UNDRR DesInventar Nepal,1999,9,27,Central Region,Dhading,AGINCHOK,HEAVY RAINS,5,3,0,0,0,0,0,0.0,False,,,,,,,,,,,,,,,,,,,,,,,,,,True,True,True,True
episode-9facd0244f4e1d5159a0,UNDRR DesInventar Nepal,1999,9,28,Western Region,Rupandehi,UNKNOWN,HEAVY RAINS,1,0,0,0,0,0,0,0.0,False,,,,,,,,,,,,,,,,,,,,,,,,,,True,True,True,True
episode-658d06858d3fef5bc425,UNDRR DesInventar Nepal,2000,5,24,Western Region,Tanahu,UNKNOWN,OTHER,1,1,7,0,0,0,0,0.0,False,,,,,,,,,,,,,,,,,,,,,,,,,,True,True,True,True
episode-041816bb274f63d2f903,UNDRR DesInventar Nepal,2000,5,25,Central Region,Makwanpur,UNKNOWN,OTHER,2,0,0,0,0,0,0,0.0,False,,,,,,,,,,,,,,,,,,,,,,,,,,True,True,True,True
episode-6ad2e8aea8050a00ff0c,UNDRR DesInventar Nepal,2000,6,9,Mid-Western Region,Bardiya,KHAIRI CHANDANPUR,OTHER,0,0,0,98,0,25,0,0.0,False,,,,,,,,,,,,,,,,,,,,,,,,,,True,True,True,True
episode-3a5e76b1e3af7757baf8,UNDRR DesInventar Nepal,2000,6,10,Mid-Western Region,Bardiya,KHAIRI CHANDANPUR,HEAVY RAINS,0,0,0,0,250,0,0,0.0,False,,,,,,,,,,,,,,,,,,,,,,,,,,True,True,True,True
episode-ebc52299cbcf01af8a76,UNDRR DesInventar Nepal,2000,6,10,Mid-Western Region,Bardiya,UNKNOWN,HEAVY RAINS,0,0,0,0,250,0,0,0.0,False,,,,,,,,,,,,,,,,,,,,,,,,,,True,True,True,True
episode-00a8f9cf6662946c95a6,UNDRR DesInventar Nepal,2000,6,10,Far Western Region,Doti,BARPATA,HEAVY RAINS,0,0,0,0,0,0,0,0.0,False,,,,,,,,,,,,,,,,,,,,,,,,,,True,True,True,True
episode-f9b2fd5a9cb763151382,UNDRR DesInventar Nepal,2000,6,10,Far Western Region,Doti,SATJHERI,HEAVY RAINS,0,0,0,0,0,1,0,0.0,False,,,,,,,,,,,,,,,,,,,,,,,,,,True,True,True,True
episode-7be6da86be90b3a720d7,UNDRR DesInventar Nepal,2000,6,10,Mid-Western Region,Humla,SIMIKOT,HEAVY RAINS,0,0,0,0,8,0,0,0.0,False,,,,,,,,,,,,,,,,,,,,,,,,,,True,True,True,True
episode-7d4f58de317055aad5d3,UNDRR DesInventar Nepal,2000,6,10,Far Western Region,Kailali,NARAYANPUR,HEAVY RAINS,0,0,0,0,56,0,0,0.0,False,,,,,,,,,,,,,,,,,,,,,,,,,,True,True,True,True
episode-39ad17067264aee40d47,UNDRR DesInventar Nepal,2000,6,10,Far Western Region,Kailali,UNKNOWN,HEAVY RAINS,0,0,0,0,0,6,0,0.0,False,,,,,,,,,,,,,,,,,,,,,,,,,,True,True,True,True
episode-5ad7355e10d4f4ec7a82,UNDRR DesInventar Nepal,2000,6,11,Far Western Region,Dadeldhura,AMARGADHI MUNICIPALI,HEAVY RAINS,0,0,0,0,7,0,0,0.0,False,,,,,,,,,,,,,,,,,,,,,,,,,,True,True,True,True
episode-e62f7810285dfc690496,UNDRR DesInventar Nepal,2000,6,11,Western Region,Lamjung,TAGHRIN,OTHER,3,0,0,0,0,0,0,0.0,False,,,,,,,,,,,,,,,,,,,,,,,,,,True,True,True,True
episode-7351ae5ebd043ca25733,UNDRR DesInventar Nepal,2000,6,12,Mid-Western Region,Banke,UNKNOWN,HEAVY RAINS,0,0,0,0,142,0,0,0.0,False,,,,,,,,,,,,,,,,,,,,,,,,,,True,True,True,True
episode-2debc098145df2fb9eea,UNDRR DesInventar Nepal,2000,6,12,Mid-Western Region,Jumla,KUDARI,HEAVY RAINS,0,0,0,0,0,0,0,0.0,False,,,,,,,,,,,,,,,,,,,,,,,,,,True,True,True,True
episode-fb05c79696f78775e426,UNDRR DesInventar Nepal,2000,6,12,Mid-Western Region,Jumla,TAMTI,HEAVY RAINS,0,0,0,0,3,0,0,0.0,False,,,,,,,,,,,,,,,,,,,,,,,,,,True,True,True,True
episode-a504ac47b44f21b2d659,UNDRR DesInventar Nepal,2000,6,16,Far Western Region,Kailali,DANSINHAPUR,OTHER,0,0,0,0,7,5,0,0.0,False,,,,,,,,,,,,,,,,,,,,,,,,,,True,True,True,True
episode-a04faf31abfc070ae6c4,UNDRR DesInventar Nepal,2000,6,17,Far Western Region,Darchula,UNKNOWN,OTHER,3,0,0,0,0,0,0,0.0,False,,,,,,,,,,,,,,,,,,,,,,,,,,True,True,True,True
episode-a06443a690e2e9d847eb,UNDRR DesInventar Nepal,2000,6,17,Western Region,Syangja,UNKNOWN,OTHER,0,0,0,0,0,0,0,0.0,False,,,,,,,,,,,,,,,,,,,,,,,,,,True,True,True,True
episode-304042e57dde7bf98183,UNDRR DesInventar Nepal,2000,6,20,Far Western Region,Bajura,UNKNOWN,HEAVY RAINS,1,0,0,0,0,0,0,0.0,False,,,,,,,,,,,,,,,,,,,,,,,,,,True,True,True,True
episode-37fdf63d2b792caf16cc,UNDRR DesInventar Nepal,2000,6,20,Mid-Western Region,Jumla,UNKNOWN,HEAVY RAINS,1,0,0,0,0,0,0,0.0,False,,,,,,,,,,,,,,,,,,,,,,,,,,True,True,True,True
episode-9cb3c5bcf7ba401321be,UNDRR DesInventar Nepal,2000,6,20,Far Western Region,Kailali,UNKNOWN,HEAVY RAINS,1,0,0,0,0,0,0,0.0,False,,,,,,,,,,,,,,,,,,,,,,,,,,True,True,True,True
episode-76171616cf8894d58e47,UNDRR DesInventar Nepal,2000,6,20,Mid-Western Region,Pyuthan,KHAWANG,HEAVY RAINS,4,0,0,0,0,0,0,0.0,False,,,,,,,,,,,,,,,,,,,,,,,,,,True,True,True,True
episode-0b2aa0f01edb9129a00e,UNDRR DesInventar Nepal,2000,6,20,Eastern Region,Sankhuwasabha,UNKNOWN,HEAVY RAINS,5,0,0,0,0,0,0,0.0,False,,,,,,,,,,,,,,,,,,,,,,,,,,True,True,True,True
episode-f0514914996b54db2344,UNDRR DesInventar Nepal,2000,6,20,Central Region,Sindhuli,UNKNOWN,HEAVY RAINS,1,0,0,0,0,0,0,0.0,False,,,,,,,,,,,,,,,,,,,,,,,,,,True,True,True,True
episode-5d4532f81dda1bc74355,UNDRR DesInventar Nepal,2000,6,22,Central Region,Dolakha,UNKNOWN,TECHNICAL FAILU,0,0,0,0,0,0,0,0.0,False,,,,,,,,,,,,,,,,,,,,,,,,,,True,True,True,True
episode-010acc9ea48a83d5e1de,UNDRR DesInventar Nepal,2000,6,24,Mid-Western Region,Humla,KHAGALGAUN,HEAVY RAINS,1,0,0,0,0,0,0,0.0,False,,,,,,,,,,,,,,,,,,,,,,,,,,True,True,True,True
episode-e19172199c36d0ed3aff,UNDRR DesInventar Nepal,2000,6,24,Central Region,Mahotari,UNKNOWN,HEAVY RAINS,0,0,0,0,17,0,0,0.0,False,,,,,,,,,,,,,,,,,,,,,,,,,,True,True,True,True
episode-64d96d53c70ff6eeb091,UNDRR DesInventar Nepal,2000,6,26,Western Region,Baglung,MALMA,OTHER,1,0,0,0,0,0,0,0.0,False,,,,,,,,,,,,,,,,,,,,,,,,,,True,True,True,True
episode-1526f98019f3994e5cd1,UNDRR DesInventar Nepal,2000,6,26,Central Region,Dhanusa,Janakpur Municipality,HEAVY RAINS,0,0,0,0,0,0,0,0.0,False,,,,,,,,,,,,,,,,,,,,,,,,,,True,True,True,True
episode-a6d138af95dfbcd7e6a4,UNDRR DesInventar Nepal,2000,6,26,Western Region,Kaski,DEURALI,OTHER,0,0,0,0,0,0,0,0.0,True,,,,,,,,,,,,,,,,,,,,,,,,,,True,True,True,True
episode-9bfcb5927cd8a1490702,UNDRR DesInventar Nepal,2000,6,26,Western Region,Kaski,UNKNOWN,OTHER,1,0,0,0,0,0,0,0.0,False,,,,,,,,,,,,,,,,,,,,,,,,,,True,True,True,True
episode-5cce1151ae8f16d6ff1e,UNDRR DesInventar Nepal,2000,6,27,Central Region,Dhading,UNKNOWN,HEAVY RAINS,0,0,0,0,0,0,0,0.0,False,,,,,,,,,,,,,,,,,,,,,,,,,,True,True,True,True
episode-86649056d43954a6cc24,UNDRR DesInventar Nepal,2000,6,27,Mid-Western Region,Humla,SYADA,HEAVY RAINS,0,0,0,0,0,48,0,0.0,False,,,,,,,,,,,,,,,,,,,,,,,,,,True,True,True,True
episode-97eba00fd038347722d3,UNDRR DesInventar Nepal,2000,6,27,Eastern Region,Morang,UNKNOWN,HEAVY RAINS,0,0,0,0,0,0,0,0.0,False,,,,,,,,,,,,,,,,,,,,,,,,,,True,True,True,True
episode-96b3d714677fd727120b,UNDRR DesInventar Nepal,2000,6,27,Western Region,Tanahu,UNKNOWN,HEAVY RAINS,4,1,0,0,0,0,0,0.0,False,,,,,,,,,,,,,,,,,,,,,,,,,,True,True,True,True
episode-2fa455c763917eab7b55,UNDRR DesInventar Nepal,2000,6,28,Western Region,Lamjung,UNKNOWN,HEAVY RAINS,0,0,0,0,0,46,0,0.0,False,,,,,,,,,,,,,,,,,,,,,,,,,,True,True,True,True
episode-cad529820e1286692a19,UNDRR DesInventar Nepal,2000,6,29,Eastern Region,Morang,Biratnagar Municipality,HEAVY RAINS,0,0,0,0,0,0,0,0.0,False,,,,,,,,,,,,,,,,,,,,,,,,,,True,True,True,True
episode-23e4972968f1d52e9986,UNDRR DesInventar Nepal,2000,7,5,Central Region,Sindhuli,UNKNOWN,RAIN,0,0,0,0,0,0,0,0.0,False,,,,,,,,,,,,,,,,,,,,,,,,,,True,True,True,True
episode-6268bca7d4066a97aed6,UNDRR DesInventar Nepal,2000,7,6,Central Region,Makwanpur,UNKNOWN,HEAVY RAINS,0,0,0,0,0,0,0,0.0,False,,,,,,,,,,,,,,,,,,,,,,,,,,True,True,True,True
episode-59324b632c7b50d0582d,UNDRR DesInventar Nepal,2000,7,7,Western Region,Syangja,ARJUN CAHUPARI,RAIN,0,0,0,0,0,0,0,0.0,False,,,,,,,,,,,,,,,,,,,,,,,,,,True,True,True,True
episode-8cb1ccd720f4a58d4a88,UNDRR DesInventar Nepal,2000,7,7,Western Region,Syangja,UNKNOWN,HEAVY RAINS,1,0,2,0,0,0,0,0.0,False,,,,,,,,,,,,,,,,,,,,,,,,,,True,True,True,True
episode-8089b7dcb6b8348afc17,UNDRR DesInventar Nepal,2000,7,7,Western Region,Syangja,UNKNOWN,RAIN,1,0,0,0,0,0,0,0.0,False,,,,,,,,,,,,,,,,,,,,,,,,,,True,True,True,True
episode-34839b5592a4ebd5e0b9,UNDRR DesInventar Nepal,2000,7,8,Eastern Region,Jhapa,MAHABHARA,RAIN,0,0,0,0,9,0,0,0.0,False,,,,,,,,,,,,,,,,,,,,,,,,,,True,True,True,True
episode-3f2c86506647add801ce,UNDRR DesInventar Nepal,2000,7,8,Central Region,Mahotari,Kolhuwa Bagaiya,RAIN,0,0,0,0,37,0,0,0.0,False,,,,,,,,,,,,,,,,,,,,,,,,,,True,True,True,True
episode-eeb5a3a74c68359e4010,UNDRR DesInventar Nepal,2000,7,8,Central Region,Mahotari,Sonaul,RAIN,0,0,0,0,19,0,0,0.0,False,,,,,,,,,,,,,,,,,,,,,,,,,,True,True,True,True
episode-eb18c443c35692d4b4ea,UNDRR DesInventar Nepal,2000,7,8,Central Region,Mahotari,UNKNOWN,HEAVY RAINS,0,0,0,0,5,4,0,0.0,False,,,,,,,,,,,,,,,,,,,,,,,,,,True,True,True,True
episode-11dba3da8670383a78e1,UNDRR DesInventar Nepal,2000,7,9,Eastern Region,Jhapa,MAHABHARA,RAIN,0,0,0,0,9,0,0,0.0,False,,,,,,,,,,,,,,,,,,,,,,,,,,True,True,True,True
episode-69553c4fb5f85d5d3042,UNDRR DesInventar Nepal,2000,7,11,Eastern Region,Morang,Letang,HEAVY RAINS,0,0,0,0,0,33,0,0.0,False,,,,,,,,,,,,,,,,,,,,,,,,,,True,True,True,True
episode-9ee5bfc2a1f8f3542924,UNDRR DesInventar Nepal,2000,7,14,Central Region,Parsa,Thori,RAIN,0,0,0,0,0,0,0,0.0,False,,,,,,,,,,,,,,,,,,,,,,,,,,True,True,True,True
episode-37f62918a56d92e747e9,UNDRR DesInventar Nepal,2000,7,14,Central Region,Parsa,UNKNOWN,TECHNICAL FAILU,0,0,0,0,0,0,0,0.0,False,,,,,,,,,,,,,,,,,,,,,,,,,,True,True,True,True
episode-e59375025df732085bd7,UNDRR DesInventar Nepal,2000,7,15,Far Western Region,Kailali,UNKNOWN,HEAVY RAINS,0,0,0,0,0,0,0,0.0,False,,,,,,,,,,,,,,,,,,,,,,,,,,True,True,True,True
episode-a54cb07777553d53fda8,UNDRR DesInventar Nepal,2000,7,18,Western Region,Parbat,HUWAS,HEAVY RAINS,0,0,0,108,0,0,0,0.0,True,,,,,,,,,,,,,,,,,,,,,,,,,,True,True,True,True
episode-a18855f9d074bf5a2399,UNDRR DesInventar Nepal,2000,7,20,Far Western Region,Bajura,UNKNOWN,HEAVY RAINS,1,0,0,0,0,0,0,0.0,False,,,,,,,,,,,,,,,,,,,,,,,,,,True,True,True,True
episode-546041e91549268f8b67,UNDRR DesInventar Nepal,2000,7,23,Far Western Region,Bajura,Kailashmandau,HEAVY RAINS,0,2,0,0,0,0,0,0.0,False,,,,,,,,,,,,,,,,,,,,,,,,,,True,True,True,True
episode-5779227eed50c7673075,UNDRR DesInventar Nepal,2000,7,23,Central Region,Dhading,AGINCHOK,HEAVY RAINS,0,0,0,0,0,0,0,0.0,False,,,,,,,,,,,,,,,,,,,,,,,,,,True,True,True,True
episode-b2b96b70be9399815aee,UNDRR DesInventar Nepal,2000,7,25,Far Western Region,Bajura,UNKNOWN,HEAVY RAINS,2,0,0,0,0,0,0,0.0,False,,,,,,,,,,,,,,,,,,,,,,,,,,True,True,True,True
episode-eaefb1b5a0e0416770bf,UNDRR DesInventar Nepal,2000,7,25,Far Western Region,Dadeldhura,JOGBUDA,HEAVY RAINS,2,0,0,0,0,0,0,0.0,False,,,,,,,,,,,,,,,,,,,,,,,,,,True,True,True,True
episode-05837bfbacd7b19e420a,UNDRR DesInventar Nepal,2000,7,28,Eastern Region,Jhapa,LAKHANPUR,HEAVY RAINS,0,0,0,210,0,0,0,0.0,False,,,,,,,,,,,,,,,,,,,,,,,,,,True,True,True,True
episode-2321a047e7e588a9e0d7,UNDRR DesInventar Nepal,2000,7,29,Western Region,Syangja,CHINNEBAS,HEAVY RAINS,1,0,0,0,0,0,0,0.0,False,,,,,,,,,,,,,,,,,,,,,,,,,,True,True,True,True
episode-0bcb2972b7d9a603b8c1,UNDRR DesInventar Nepal,2000,8,1,Far Western Region,Kailali,NARAYANPUR,HEAVY RAINS,0,0,0,540,0,0,1000,0.0,False,,,,,,,,,,,,,,,,,,,,,,,,,,True,True,True,True
episode-ee85b960ca878917c8df,UNDRR DesInventar Nepal,2000,8,1,Central Region,Kathmandu,MANAMAJU,HEAVY RAINS,0,0,0,0,0,3,0,0.0,False,,,,,,,,,,,,,,,,,,,,,,,,,,True,True,True,True
episode-66ddb6a7338183ce0074,UNDRR DesInventar Nepal,2000,8,1,Western Region,Nawalparasi,RAJAHAR,HEAVY RAINS,0,0,0,300,0,0,92,0.0,False,,,,,,,,,,,,,,,,,,,,,,,,,,True,True,True,True
episode-d6e42bbed2c84715c41d,UNDRR DesInventar Nepal,2000,8,3,Far Western Region,Bajura,Bramhatola,HEAVY RAINS,0,1,0,0,0,0,0,0.0,False,,,,,,,,,,,,,,,,,,,,,,,,,,True,True,True,True
episode-473d60bc1a72b31e31b4,UNDRR DesInventar Nepal,2000,8,3,Central Region,Mahotari,Mahotari,HEAVY RAINS,0,0,0,0,4,0,0,0.0,False,,,,,,,,,,,,,,,,,,,,,,,,,,True,True,True,True
episode-94e35d17f1e7b3d2d53d,UNDRR DesInventar Nepal,2000,8,3,Central Region,Makwanpur,UNKNOWN,HEAVY RAINS,3,0,0,0,0,0,0,0.0,False,,,,,,,,,,,,,,,,,,,,,,,,,,True,True,True,True
episode-d44c4cf6768c169ccd71,UNDRR DesInventar Nepal,2000,8,3,Western Region,Nawalparasi,SANAI,HEAVY RAINS,0,0,0,629,0,112,581,0.0,False,,,,,,,,,,,,,,,,,,,,,,,,,,True,True,True,True
episode-ed0f183170ae1d0a7e0e,UNDRR DesInventar Nepal,2000,8,3,Eastern Region,Saptari,BHARDAHA,HEAVY RAINS,0,0,0,226,0,0,0,0.0,False,,,,,,,,,,,,,,,,,,,,,,,,,,True,True,True,True
episode-d36cee8a8b5452bea005,UNDRR DesInventar Nepal,2000,8,3,Eastern Region,Siraha,UNKNOWN,HEAVY RAINS,0,1,0,0,0,0,0,0.0,False,,,,,,,,,,,,,,,,,,,,,,,,,,True,True,True,True
episode-afd8a33d664881b92703,UNDRR DesInventar Nepal,2000,8,4,Central Region,Chitawan,AYODHYAPUR,HEAVY RAINS,0,0,0,38,7,0,0,0.0,False,,,,,,,,,,,,,,,,,,,,,,,,,,True,True,True,True
episode-29e88b50d831865dcd3c,UNDRR DesInventar Nepal,2000,8,4,Mid-Western Region,Dang,DHARNA,HEAVY RAINS,1,0,0,0,0,0,0,0.0,False,,,,,,,,,,,,,,,,,,,,,,,,,,True,True,True,True
episode-896af4e5e9ebde83cb7f,UNDRR DesInventar Nepal,2000,8,4,Mid-Western Region,Humla,UNKNOWN,HEAVY RAINS,0,0,0,0,0,0,0,0.0,False,,,,,,,,,,,,,,,,,,,,,,,,,,True,True,True,True
episode-8ea6ccca8beab27c119b,UNDRR DesInventar Nepal,2000,8,4,Eastern Region,Jhapa,UNKNOWN,HEAVY RAINS,2,0,0,0,0,0,0,0.0,False,,,,,,,,,,,,,,,,,,,,,,,,,,True,True,True,True
episode-1e6f8da076cd250c29f8,UNDRR DesInventar Nepal,2000,8,4,Far Western Region,Kailali,DANSINHAPUR,HEAVY RAINS,0,0,0,0,0,0,405,0.0,False,,,,,,,,,,,,,,,,,,,,,,,,,,True,True,True,True
episode-0bc7fe745d095e93f0e2,UNDRR DesInventar Nepal,2000,8,4,Far Western Region,Kailali,NARAYANPUR,HEAVY RAINS,0,0,0,0,0,0,815,0.0,False,,,,,,,,,,,,,,,,,,,,,,,,,,True,True,True,True
episode-a80accafe9781daac947,UNDRR DesInventar Nepal,2000,8,4,Central Region,Makwanpur,PHAPARBARI,HEAVY RAINS,0,0,0,0,0,0,0,0.0,False,,,,,,,,,,,,,,,,,,,,,,,,,,True,True,True,True
episode-ed5613d04c05f8d63adb,UNDRR DesInventar Nepal,2000,8,4,Central Region,Makwanpur,UNKNOWN,HEAVY RAINS,2,0,0,0,0,0,0,0.0,False,,,,,,,,,,,,,,,,,,,,,,,,,,True,True,True,True
episode-86397e9fe5e696f58216,UNDRR DesInventar Nepal,2000,8,4,Central Region,Sarlahi,HATHIAUL,HEAVY RAINS,0,1,0,0,0,0,0,0.0,False,,,,,,,,,,,,,,,,,,,,,,,,,,True,True,True,True
episode-70fe547d9a248465128b,UNDRR DesInventar Nepal,2000,8,4,Central Region,Sarlahi,MAHINATHPUR,HEAVY RAINS,0,0,0,1000,0,0,0,0.0,False,,,,,,,,,,,,,,,,,,,,,,,,,,True,True,True,True
episode-6a4fc2d0c670fba66078,UNDRR DesInventar Nepal,2000,8,4,Central Region,Sarlahi,TRIBHUWAN NAGAR,HEAVY RAINS,0,0,0,0,0,0,0,0.0,False,,,,,,,,,,,,,,,,,,,,,,,,,,True,True,True,True
episode-99d6361e179888b83967,UNDRR DesInventar Nepal,2000,8,4,Eastern Region,Udayapur,UNKNOWN,HEAVY RAINS,1,0,0,0,0,0,0,0.0,False,,,,,,,,,,,,,,,,,,,,,,,,,,True,True,True,True
episode-17d7cadc77d3c0700ffc,UNDRR DesInventar Nepal,2000,8,5,Central Region,Bhaktapur,UNKNOWN,HEAVY RAINS,1,0,0,0,0,0,0,0.0,False,,,,,,,,,,,,,,,,,,,,,,,,,,True,True,True,True
episode-3c793ebec3661869fc26,UNDRR DesInventar Nepal,2000,8,5,Western Region,Nawalparasi,NARAYANI,HEAVY RAINS,0,0,0,0,112,0,2025,0.0,False,,,,,,,,,,,,,,,,,,,,,,,,,,True,True,True,True
episode-89abad155df31b8d304e,UNDRR DesInventar Nepal,2000,8,5,Western Region,Nawalparasi,UNKNOWN,HEAVY RAINS,0,0,0,0,0,0,0,0.0,False,,,,,,,,,,,,,,,,,,,,,,,,,,True,True,True,True
episode-c44ea099f8fb8608b638,UNDRR DesInventar Nepal,2000,8,6,Eastern Region,Jhapa,DAMAK MUN.,HEAVY RAINS,0,0,0,0,60,6,0,0.0,False,,,,,,,,,,,,,,,,,,,,,,,,,,True,True,True,True
episode-dd148aa2954bf6f4fba7,UNDRR DesInventar Nepal,2000,8,6,Eastern Region,Jhapa,DAMAK MUN.,UNKNOWN,0,0,0,0,0,11,0,0.0,False,,,,,,,,,,,,,,,,,,,,,,,,,,True,True,True,True
episode-1d0397438560194da89a,UNDRR DesInventar Nepal,2000,8,6,Eastern Region,Jhapa,KOHABARA,UNKNOWN,0,0,0,0,200,98,0,0.0,False,,,,,,,,,,,,,,,,,,,,,,,,,,True,True,True,True
episode-222ddd8e7df2ed4770ee,UNDRR DesInventar Nepal,2000,8,6,Mid-Western Region,Jumla,UNKNOWN,HEAVY RAINS,0,0,0,0,0,0,0,0.0,False,,,,,,,,,,,,,,,,,,,,,,,,,,True,True,True,True
episode-f0fa3814fb9461e8846d,UNDRR DesInventar Nepal,2000,8,6,Western Region,Lamjung,UNKNOWN,HEAVY RAINS,0,0,0,0,0,7,0,0.0,False,,,,,,,,,,,,,,,,,,,,,,,,,,True,True,True,True
episode-e98391f0e6627f8a3fba,UNDRR DesInventar Nepal,2000,8,6,Eastern Region,Udayapur,Basaha,HEAVY RAINS,0,0,0,0,0,1,0,0.0,False,,,,,,,,,,,,,,,,,,,,,,,,,,True,True,True,True
episode-94b98fb77d3322891066,UNDRR DesInventar Nepal,2000,8,6,Eastern Region,Udayapur,Rauta,HEAVY RAINS,0,0,0,0,0,16,0,0.0,False,,,,,,,,,,,,,,,,,,,,,,,,,,True,True,True,True
episode-d85506f8396af2bd5ebc,UNDRR DesInventar Nepal,2000,8,6,Eastern Region,Udayapur,Sundarpur,HEAVY RAINS,0,0,0,0,0,0,0,0.0,False,,,,,,,,,,,,,,,,,,,,,,,,,,True,True,True,True
episode-50efe6c6677226b4315f,UNDRR DesInventar Nepal,2000,8,6,Eastern Region,Udayapur,Trijuga Municipality,HEAVY RAINS,0,2,0,0,17,26,0,20.0,True,,,,,,,,,,,,,,,,,,,,,,,,,,True,True,True,True
episode-f9b483c55e2a5f051785,UNDRR DesInventar Nepal,2000,8,7,Central Region,Mahotari,UNKNOWN,HEAVY RAINS,0,0,0,0,0,0,0,0.0,False,,,,,,,,,,,,,,,,,,,,,,,,,,True,True,True,True
episode-b471e0fa4934d41ad658,UNDRR DesInventar Nepal,2000,8,8,Central Region,Dhanusa,Janakpur Municipality,HEAVY RAINS,0,0,0,1042,0,0,0,0.0,False,,,,,,,,,,,,,,,,,,,,,,,,,,True,True,True,True
episode-65b7792375e400fe3051,UNDRR DesInventar Nepal,2000,8,8,Central Region,Dhanusa,Machijhitakahiya,HEAVY RAINS,0,0,0,0,0,0,0,0.0,False,,,,,,,,,,,,,,,,,,,,,,,,,,True,True,True,True
episode-a503c83b360a0819f2fd,UNDRR DesInventar Nepal,2000,8,8,Central Region,Makwanpur,BAJRABARAHI,RAIN,2,0,0,0,0,0,0,0.0,False,,,,,,,,,,,,,,,,,,,,,,,,,,True,True,True,True
episode-fbf86f0bc0969b188a68,UNDRR DesInventar Nepal,2000,8,8,Central Region,Makwanpur,UNKNOWN,HEAVY RAINS,0,0,0,0,5,0,0,0.0,False,,,,,,,,,,,,,,,,,,,,,,,,,,True,True,True,True
episode-765310c6efa270d9551f,UNDRR DesInventar Nepal,2000,8,8,Eastern Region,Morang,Banigama,HEAVY RAINS,0,0,0,783,0,0,0,0.0,False,,,,,,,,,,,,,,,,,,,,,,,,,,True,True,True,True
episode-0ef5fae23addb99a2840,UNDRR DesInventar Nepal,2000,8,8,Eastern Region,Morang,Bhogateni,HEAVY RAINS,0,0,0,0,25,6,0,0.0,False,,,,,,,,,,,,,,,,,,,,,,,,,,True,True,True,True
episode-3b745a48b303372a11ed,UNDRR DesInventar Nepal,2000,8,8,Eastern Region,Morang,Drabesha,HEAVY RAINS,0,0,0,0,23,20,0,0.0,False,,,,,,,,,,,,,,,,,,,,,,,,,,True,True,True,True
episode-ded44649cb544c2280c1,UNDRR DesInventar Nepal,2000,8,8,Eastern Region,Morang,Letang,HEAVY RAINS,0,0,0,0,0,3,0,0.0,False,,,,,,,,,,,,,,,,,,,,,,,,,,True,True,True,True
episode-b66d24de645d734928b3,UNDRR DesInventar Nepal,2000,8,8,Eastern Region,Morang,UNKNOWN,OTHER,0,0,0,0,0,0,0,0.0,False,,,,,,,,,,,,,,,,,,,,,,,,,,True,True,True,True
episode-c27b0f5fc68ae87fe45f,UNDRR DesInventar Nepal,2000,8,8,Eastern Region,Saptari,DADHA,HEAVY RAINS,0,0,0,81,0,15,0,0.0,False,,,,,,,,,,,,,,,,,,,,,,,,,,True,True,True,True
episode-159abf2d835f1d29b32a,UNDRR DesInventar Nepal,2000,8,8,Eastern Region,Saptari,HARDIYA,RAIN,0,0,0,0,0,21,0,0.0,False,,,,,,,,,,,,,,,,,,,,,,,,,,True,True,True,True
episode-3ce455f0e94d408cef40,UNDRR DesInventar Nepal,2000,8,8,Eastern Region,Siraha,Harkatti,HEAVY RAINS,0,0,0,435,0,45,0,0.0,False,,,,,,,,,,,,,,,,,,,,,,,,,,True,True,True,True
episode-565a53c64a2d3a79b74b,UNDRR DesInventar Nepal,2000,8,8,Eastern Region,Siraha,Harkatti,RAIN,0,0,0,0,0,9,0,0.0,False,,,,,,,,,,,,,,,,,,,,,,,,,,True,True,True,True
episode-ebb704cc89bf4136798b,UNDRR DesInventar Nepal,2000,8,9,Far Western Region,Darchula,Huti,HEAVY RAINS,0,0,0,0,0,0,0,0.0,False,,,,,,,,,,,,,,,,,,,,,,,,,,True,True,True,True
episode-dd534d2a44ad6b26bd4b,UNDRR DesInventar Nepal,2000,8,9,Eastern Region,Ilam,CHULACHULI,HEAVY RAINS,0,0,0,248,6,0,0,0.0,False,,,,,,,,,,,,,,,,,,,,,,,,,,True,True,True,True
episode-9a8d65157e1e41f44627,UNDRR DesInventar Nepal,2000,8,9,Eastern Region,Morang,Babiya Birta,HEAVY RAINS,0,0,0,0,0,0,1680,0.0,False,,,,,,,,,,,,,,,,,,,,,,,,,,True,True,True,True
episode-347f8f20801d5d106f70,UNDRR DesInventar Nepal,2000,8,10,Central Region,Kavre,BANEPA MUNICIPALITY,HEAVY RAINS,2,0,1,0,1,0,0,0.0,False,,,,,,,,,,,,,,,,,,,,,,,,,,True,True,True,True
episode-087aedb54b7337232065,UNDRR DesInventar Nepal,2000,8,10,Central Region,Makwanpur,UNKNOWN,HEAVY RAINS,4,0,0,0,0,0,0,0.0,False,,,,,,,,,,,,,,,,,,,,,,,,,,True,True,True,True
episode-a4dd48cd409d46df9321,UNDRR DesInventar Nepal,2000,8,10,Central Region,Makwanpur,UNKNOWN,RAIN,0,0,0,0,0,100,280,0.0,False,,,,,,,,,,,,,,,,,,,,,,,,,,True,True,True,True
episode-e712f08d7394a68451e9,UNDRR DesInventar Nepal,2000,8,10,Eastern Region,Morang,Biratnagar Municipality,HEAVY RAINS,0,0,2,0,0,0,0,0.0,False,,,,,,,,,,,,,,,,,,,,,,,,,,True,True,True,True
episode-ea15d09ab5d243c46e66,UNDRR DesInventar Nepal,2000,8,10,Eastern Region,Morang,Govindapur,HEAVY RAINS,0,0,0,0,100,0,0,0.0,False,,,,,,,,,,,,,,,,,,,,,,,,,,True,True,True,True
episode-e61fc583c293a603d687,UNDRR DesInventar Nepal,2000,8,10,Central Region,Parsa,Birgunj Municipality,HEAVY RAINS,0,0,0,0,0,48,0,0.0,False,,,,,,,,,,,,,,,,,,,,,,,,,,True,True,True,True
episode-8f44054a76c6c22f0593,UNDRR DesInventar Nepal,2000,8,10,Central Region,Parsa,UNKNOWN,HEAVY RAINS,0,0,0,0,0,0,0,0.0,False,,,,,,,,,,,,,,,,,,,,,,,,,,True,True,True,True
episode-8b283a93ac59fd93e1ed,UNDRR DesInventar Nepal,2000,8,10,Central Region,Sindhuli,UNKNOWN,HEAVY RAINS,0,0,0,0,0,18,0,0.0,False,,,,,,,,,,,,,,,,,,,,,,,,,,True,True,True,True
episode-a9e265a63cf5d124d6cf,UNDRR DesInventar Nepal,2000,8,10,Central Region,Sindhupalchoke,Sunkhani,HEAVY RAINS,0,1,0,0,0,0,0,0.0,False,,,,,,,,,,,,,,,,,,,,,,,,,,True,True,True,True
episode-a369b9c52f90bca4fd55,UNDRR DesInventar Nepal,2000,8,10,Eastern Region,Siraha,Siraha Municapility,RAIN,0,0,0,0,1,0,0,0.0,False,,,,,,,,,,,,,,,,,,,,,,,,,,True,True,True,True
episode-fd378f9b00229cac5db1,UNDRR DesInventar Nepal,2000,8,11,Far Western Region,Dadeldhura,AMARGADHI MUNICIPALI,HEAVY RAINS,0,0,0,0,0,0,0,0.0,False,,,,,,,,,,,,,,,,,,,,,,,,,,True,True,True,True
episode-d296f5bb1c32e3842e20,UNDRR DesInventar Nepal,2000,8,11,Far Western Region,Dadeldhura,UNKNOWN,HEAVY RAINS,0,0,0,0,0,0,0,0.0,False,,,,,,,,,,,,,,,,,,,,,,,,,,True,True,True,True
episode-a6a7b4d6893be26bfff5,UNDRR DesInventar Nepal,2000,8,12,Far Western Region,Kailali,DHANGADHI MUNICIPALITY,HEAVY RAINS,1,0,0,0,0,0,0,0.0,False,,,,,,,,,,,,,,,,,,,,,,,,,,True,True,True,True
episode-4a24a5dcc457281965eb,UNDRR DesInventar Nepal,2000,8,12,Far Western Region,Kailali,PHULWARI,RAIN,0,0,0,0,0,0,0,0.0,False,,,,,,,,,,,,,,,,,,,,,,,,,,True,True,True,True
episode-058e687ffb636d852b63,UNDRR DesInventar Nepal,2000,8,12,Central Region,Sindhupalchoke,Chautara,HEAVY RAINS,0,0,0,0,0,0,0,0.0,False,,,,,,,,,,,,,,,,,,,,,,,,,,True,True,True,True
episode-8d5411711cc4a8f5c2f1,UNDRR DesInventar Nepal,2000,8,13,Eastern Region,Siraha,Bhagawanpur,HEAVY RAINS,0,0,0,0,0,0,0,0.0,False,,,,,,,,,,,,,,,,,,,,,,,,,,True,True,True,True
episode-cd2bb6a08f6ce905538d,UNDRR DesInventar Nepal,2000,8,13,Eastern Region,Siraha,Itatar,HEAVY RAINS,0,0,0,0,72,0,0,0.0,False,,,,,,,,,,,,,,,,,,,,,,,,,,True,True,True,True
episode-6325ee9aa17e28890726,UNDRR DesInventar Nepal,2000,8,14,Far Western Region,Kailali,SAHAJPUR,HEAVY RAINS,2,0,0,0,0,0,0,0.0,False,,,,,,,,,,,,,,,,,,,,,,,,,,True,True,True,True
episode-e4da6b8a264b38c6eb56,UNDRR DesInventar Nepal,2000,8,14,Eastern Region,Morang,Drabesha,HEAVY RAINS,0,0,0,370,0,73,0,0.0,False,,,,,,,,,,,,,,,,,,,,,,,,,,True,True,True,True
episode-1dbddc2632080baa4263,UNDRR DesInventar Nepal,2000,8,14,Eastern Region,Morang,UNKNOWN,HEAVY RAINS,0,0,0,178,0,0,0,0.0,False,,,,,,,,,,,,,,,,,,,,,,,,,,True,True,True,True
episode-330d1c90005e49e0c326,UNDRR DesInventar Nepal,2000,8,14,Central Region,Nuwakot,GANESHTHAN,HEAVY RAINS,2,0,0,0,0,0,0,0.0,False,,,,,,,,,,,,,,,,,,,,,,,,,,True,True,True,True
episode-e1d4a418fcb06f3fa97e,UNDRR DesInventar Nepal,2000,8,14,Eastern Region,Saptari,UNKNOWN,HEAVY RAINS,0,0,0,0,0,0,0,0.0,False,,,,,,,,,,,,,,,,,,,,,,,,,,True,True,True,True
episode-0c7a68c4ba2bd3b3dd38,UNDRR DesInventar Nepal,2000,8,14,Eastern Region,Siraha,Madar,HEAVY RAINS,0,0,0,0,17,0,0,0.0,False,,,,,,,,,,,,,,,,,,,,,,,,,,True,True,True,True
episode-8f21bafbc913192df381,UNDRR DesInventar Nepal,2000,8,15,Central Region,Bhaktapur,BHAKTAPUR NP,HEAVY RAINS,0,0,0,0,30,0,0,0.0,False,,,,,,,,,,,,,,,,,,,,,,,,,,True,True,True,True
episode-fffb2846e73f6ce89f22,UNDRR DesInventar Nepal,2000,8,15,Eastern Region,Jhapa,DANGIBARI,HEAVY RAINS,0,0,0,0,11,0,0,0.0,False,,,,,,,,,,,,,,,,,,,,,,,,,,True,True,True,True
episode-22cd5e61239c9260f5d2,UNDRR DesInventar Nepal,2000,8,15,Eastern Region,Saptari,RAJBIRAJ MUNICIPALITY,HEAVY RAINS,0,0,0,0,0,0,0,0.0,False,,,,,,,,,,,,,,,,,,,,,,,,,,True,True,True,True
episode-9024f5eae1cca254730d,UNDRR DesInventar Nepal,2000,8,15,Eastern Region,Siraha,Auorahi,HEAVY RAINS,0,0,0,0,0,0,0,0.0,False,,,,,,,,,,,,,,,,,,,,,,,,,,True,True,True,True
episode-8798588202c9db0f0ec1,UNDRR DesInventar Nepal,2000,8,15,Eastern Region,Siraha,Dhodhana,HEAVY RAINS,0,0,0,0,0,0,0,0.0,False,,,,,,,,,,,,,,,,,,,,,,,,,,True,True,True,True
episode-ecccb8d42e7e4ec4b4fa,UNDRR DesInventar Nepal,2000,8,15,Eastern Region,Siraha,Itharwa,HEAVY RAINS,0,0,0,0,0,0,0,0.0,False,,,,,,,,,,,,,,,,,,,,,,,,,,True,True,True,True
episode-2b2c3d5e7f5f04ccb400,UNDRR DesInventar Nepal,2000,8,15,Eastern Region,Siraha,Malhaniya Gamhariya,HEAVY RAINS,0,0,0,0,0,0,0,0.0,False,,,,,,,,,,,,,,,,,,,,,,,,,,True,True,True,True
episode-3d8f407f368580396041,UNDRR DesInventar Nepal,2000,8,15,Eastern Region,Siraha,UNKNOWN,HEAVY RAINS,0,1,0,0,0,0,0,0.0,False,,,,,,,,,,,,,,,,,,,,,,,,,,True,True,True,True
episode-035b5ccd26d83f9c0a64,UNDRR DesInventar Nepal,2000,8,16,Central Region,Sindhupalchoke,Barahbise,HEAVY RAINS,1,0,0,235,0,39,0,0.0,False,,,,,,,,,,,,,,,,,,,,,,,,,,True,True,True,True
episode-0af5807f00b10e5518d8,UNDRR DesInventar Nepal,2000,8,21,Central Region,Dhanusa,UNKNOWN,HEAVY RAINS,0,0,0,280,0,2,0,0.0,False,,,,,,,,,,,,,,,,,,,,,,,,,,True,True,True,True
episode-b3acbd2ccb72b90f16ee,UNDRR DesInventar Nepal,2000,8,23,Far Western Region,Kailali,UNKNOWN,HEAVY RAINS,0,0,0,0,0,0,0,0.0,False,,,,,,,,,,,,,,,,,,,,,,,,,,True,True,True,True
episode-66e80271ec21b6aa374e,UNDRR DesInventar Nepal,2000,8,28,Mid-Western Region,Rukum,BAPHIKOT,HEAVY RAINS,7,0,0,0,11,0,0,0.0,False,,,,,,,,,,,,,,,,,,,,,,,,,,True,True,True,True
episode-5f0100913f26403bebf8,UNDRR DesInventar Nepal,2000,8,29,Central Region,Dhanusa,UNKNOWN,HEAVY RAINS,0,0,0,0,0,0,0,0.0,False,,,,,,,,,,,,,,,,,,,,,,,,,,True,True,True,True
episode-f913323c44f63c19e922,UNDRR DesInventar Nepal,2000,8,31,Central Region,Dhanusa,UNKNOWN,HEAVY RAINS,3,0,0,0,0,0,0,0.0,False,,,,,,,,,,,,,,,,,,,,,,,,,,True,True,True,True
episode-10240276e5c39988ceb2,UNDRR DesInventar Nepal,2000,8,31,Central Region,Makwanpur,DADAKHARKA,HEAVY RAINS,0,0,0,0,0,0,0,0.0,False,,,,,,,,,,,,,,,,,,,,,,,,,,True,True,True,True
episode-89a9c019bda625f162e3,UNDRR DesInventar Nepal,2000,8,31,Central Region,Rautahat,GAUR NP,HEAVY RAINS,0,0,0,0,150,9,0,0.0,False,,,,,,,,,,,,,,,,,,,,,,,,,,True,True,True,True
episode-947416933fbda055f25e,UNDRR DesInventar Nepal,2000,8,31,Mid-Western Region,Rukum,KOTJAHARI,HEAVY RAINS,0,3,0,0,0,0,0,300.0,True,,,,,,,,,,,,,,,,,,,,,,,,,,True,True,True,True
episode-e82b0ddb524cc18917f7,UNDRR DesInventar Nepal,2000,9,3,Central Region,Parsa,UNKNOWN,HEAVY RAINS,0,0,0,421,20,20,0,0.0,False,,,,,,,,,,,,,,,,,,,,,,,,,,True,True,True,True
episode-503542acaea3fcba9597,UNDRR DesInventar Nepal,2000,9,4,Western Region,Lamjung,UDIPUT,OTHER,0,0,0,0,0,0,0,500.0,True,,,,,,,,,,,,,,,,,,,,,,,,,,True,True,True,True
episode-a24391d0d1f46de76c68,UNDRR DesInventar Nepal,2000,9,6,Mid-Western Region,Bardiya,NEULAPUR,HEAVY RAINS,1,0,0,0,0,0,0,0.0,False,,,,,,,,,,,,,,,,,,,,,,,,,,True,True,True,True
episode-a5abd004123c54edbac4,UNDRR DesInventar Nepal,2000,9,6,Mid-Western Region,Jumla,UNKNOWN,OTHER,0,0,0,0,0,0,0,0.0,True,,,,,,,,,,,,,,,,,,,,,,,,,,True,True,True,True
episode-6ca968bd4747c3b82135,UNDRR DesInventar Nepal,2000,9,6,Far Western Region,Kanchanpur,CHANDANI,HEAVY RAINS,0,0,0,0,0,0,0,0.0,True,,,,,,,,,,,,,,,,,,,,,,,,,,True,True,True,True
episode-3cb881196166d81ad80a,UNDRR DesInventar Nepal,2000,9,9,Central Region,Rautahat,UNKNOWN,HEAVY RAINS,0,0,0,2700,0,0,0,0.0,False,,,,,,,,,,,,,,,,,,,,,,,,,,True,True,True,True
episode-d08afa18f8825a1ca992,UNDRR DesInventar Nepal,2000,9,10,Central Region,Rautahat,UNKNOWN,HEAVY RAINS,0,0,0,0,0,0,0,0.0,True,,,,,,,,,,,,,,,,,,,,,,,,,,True,True,True,True
episode-0e2781c17f5a5ce680c4,UNDRR DesInventar Nepal,2000,9,10,Eastern Region,Sankhuwasabha,Syabun,HEAVY RAINS,1,0,0,0,0,0,0,0.0,False,,,,,,,,,,,,,,,,,,,,,,,,,,True,True,True,True
episode-b04412f4ff0db5e58a98,UNDRR DesInventar Nepal,2000,9,12,Central Region,Sindhupalchoke,Bhotsipa,HEAVY RAINS,0,0,0,513,6,0,0,0.0,False,,,,,,,,,,,,,,,,,,,,,,,,,,True,True,True,True
episode-e21e1182f777df6f6fdc,UNDRR DesInventar Nepal,2000,9,14,Central Region,Dhading,UNKNOWN,HEAVY RAINS,0,0,0,1053,0,0,0,0.0,False,,,,,,,,,,,,,,,,,,,,,,,,,,True,True,True,True
episode-b0e208e9801d57065ad0,UNDRR DesInventar Nepal,2000,9,16,Eastern Region,Morang,Madhumalla,HEAVY RAINS,0,0,0,361,67,0,0,0.0,False,,,,,,,,,,,,,,,,,,,,,,,,,,True,True,True,True
episode-2a458f334c34aa9d8d40,UNDRR DesInventar Nepal,2000,9,17,Western Region,Nawalparasi,RAJAHAR,HEAVY RAINS,1,0,1,0,0,0,0,0.0,False,,,,,,,,,,,,,,,,,,,,,,,,,,True,True,True,True
episode-c470c6d04cc44c4acd62,UNDRR DesInventar Nepal,2000,9,18,Mid-Western Region,Dang,UNKNOWN,HEAVY RAINS,0,0,0,0,0,0,0,0.0,False,,,,,,,,,,,,,,,,,,,,,,,,,,True,True,True,True
episode-e45792759d270afeeb02,UNDRR DesInventar Nepal,2000,9,18,Central Region,Sindhupalchoke,Badegau,HEAVY RAINS,0,0,0,97,6,0,0,0.0,False,,,,,,,,,,,,,,,,,,,,,,,,,,True,True,True,True
episode-2bc5f9c44bc94fc09ad3,UNDRR DesInventar Nepal,2000,9,19,Mid-Western Region,Dang,GANGA_PARASPUR,RAIN,0,0,0,0,0,0,0,0.0,False,,,,,,,,,,,,,,,,,,,,,,,,,,True,True,True,True
episode-e6833c7f72c40b8cccfd,UNDRR DesInventar Nepal,2000,9,24,Western Region,Gorkha,SURDIBAS,HEAVY RAINS,3,0,0,0,0,0,0,0.0,False,,,,,,,,,,,,,,,,,,,,,,,,,,True,True,True,True
episode-d72e87c4d9923a168e11,UNDRR DesInventar Nepal,2000,10,18,Eastern Region,Dhankuta,AKHISALLA,HEAVY RAINS,1,0,0,0,0,0,0,0.0,False,,,,,,,,,,,,,,,,,,,,,,,,,,True,True,True,True
episode-ccdbd269692c7e8eafc2,UNDRR DesInventar Nepal,2000,11,20,Eastern Region,Morang,Biratnagar Municipality,HEAVY RAINS,1,0,0,0,0,0,0,0.0,False,,,,,,,,,,,,,,,,,,,,,,,,,,True,True,True,True
episode-99657b190832e6066832,UNDRR DesInventar Nepal,2001,4,30,Western Region,Lamjung,BAGRE,HEAVY RAINS,0,0,0,0,0,0,0,0.0,False,,,,,,,,,,,,,,,,,,,,,,,,,,True,True,True,True
episode-ca1f6da7517c5ae7ca6a,UNDRR DesInventar Nepal,2001,5,7,Central Region,Nuwakot,LACHYANG,HEAVY RAINS,0,0,0,1,0,0,0,0.0,True,,,,,,,,,,,,,,,,,,,,,,,,,,True,True,True,True
episode-7c62100b80e451f66a31,UNDRR DesInventar Nepal,2001,5,9,Mid-Western Region,Surkhet,LATIKOILI,HEAVY RAINS,0,0,0,0,0,0,0,0.0,True,,,,,,,,,,,,,,,,,,,,,,,,,,True,True,True,True
episode-24557c9e5c1dd025a2c7,UNDRR DesInventar Nepal,2001,5,12,Central Region,Dolakha,Jiri,HEAVY RAINS,0,0,0,16,3,0,0,0.0,True,,,,,,,,,,,,,,,,,,,,,,,,,,True,True,True,True
episode-d010c8fc7c7904c92b68,UNDRR DesInventar Nepal,2001,5,15,Central Region,Nuwakot,UNKNOWN,HEAVY RAINS,0,0,0,0,0,0,0,0.0,True,,,,,,,,,,,,,,,,,,,,,,,,,,True,True,True,True
episode-04ecdbc8fe7f6b800cf4,UNDRR DesInventar Nepal,2001,5,19,Mid-Western Region,Rukum,POKHARA,HEAVY RAINS,1,0,2,0,0,0,0,0.0,False,,,,,,,,,,,,,,,,,,,,,,,,,,True,True,True,True
episode-655d3a6849a280db54cb,UNDRR DesInventar Nepal,2001,5,20,Mid-Western Region,Humla,RAYA,HEAVY RAINS,1,0,0,0,0,0,0,0.0,False,,,,,,,,,,,,,,,,,,,,,,,,,,True,True,True,True
episode-f6a7f15fd9a6cbb7aede,UNDRR DesInventar Nepal,2001,5,26,Mid-Western Region,Banke,RAJENA,HEAVY RAINS,1,0,0,5,1,0,0,0.0,False,,,,,,,,,,,,,,,,,,,,,,,,,,True,True,True,True
episode-75085def18ce51a7026f,UNDRR DesInventar Nepal,2001,6,11,Eastern Region,Udayapur,UNKNOWN,HEAVY RAINS,2,0,0,0,0,0,0,0.0,False,,,,,,,,,,,,,,,,,,,,,,,,,,True,True,True,True
episode-824e7b00019cdb7d6447,UNDRR DesInventar Nepal,2001,6,12,Mid-Western Region,Jajarkot,Jagatipur,HEAVY RAINS,0,0,0,227,4,0,0,0.0,False,,,,,,,,,,,,,,,,,,,,,,,,,,True,True,True,True
episode-9f72877977c849e527be,UNDRR DesInventar Nepal,2001,6,17,Far Western Region,Kanchanpur,MAHENDRA NAGAR N.P.,HEAVY RAINS,0,0,0,5,1,0,0,0.0,False,,,,,,,,,,,,,,,,,,,,,,,,,,True,True,True,True
episode-0ed7ed98d6f19b311f00,UNDRR DesInventar Nepal,2001,6,28,Central Region,Dhading,SATYADEVI,HEAVY RAINS,3,0,0,0,0,0,0,0.0,False,,,,,,,,,,,,,,,,,,,,,,,,,,True,True,True,True
episode-7803d6ddbf869a646e41,UNDRR DesInventar Nepal,2001,6,29,Far Western Region,Bajhang,Kotbhairab,HEAVY RAINS,0,0,0,5,1,0,0,0.0,False,,,,,,,,,,,,,,,,,,,,,,,,,,True,True,True,True
episode-95fc48158fe3dbc86c48,UNDRR DesInventar Nepal,2001,6,29,Central Region,Chitawan,BACHHEULI,HEAVY RAINS,1,0,0,5,0,0,0,0.0,False,,,,,,,,,,,,,,,,,,,,,,,,,,True,True,True,True
episode-3ddad23fd3ca6c81d4e4,UNDRR DesInventar Nepal,2001,7,4,Far Western Region,Doti,POKHARI,HEAVY RAINS,1,1,0,0,0,0,0,0.0,False,,,,,,,,,,,,,,,,,,,,,,,,,,True,True,True,True
episode-9a1e9c2b2b6c0b0303a9,UNDRR DesInventar Nepal,2001,7,10,Central Region,Rasuwa,Dhunche,HEAVY RAINS,0,0,0,0,0,0,0,0.0,False,,,,,,,,,,,,,,,,,,,,,,,,,,True,True,True,True
episode-6d48a86eb65485ab77da,UNDRR DesInventar Nepal,2001,7,13,Mid-Western Region,Dolpa,LAWAN,HEAVY RAINS,0,0,0,0,1,0,0,0.0,False,,,,,,,,,,,,,,,,,,,,,,,,,,True,True,True,True
episode-cabcec5343d4f5622146,UNDRR DesInventar Nepal,2001,7,14,Western Region,Nawalparasi,UNKNOWN,HEAVY RAINS,0,0,0,0,4,0,0,0.0,False,,,,,,,,,,,,,,,,,,,,,,,,,,True,True,True,True
episode-1ad5e2f16f2bb7374097,UNDRR DesInventar Nepal,2001,7,18,Far Western Region,Darchula,Malikarjun,HEAVY RAINS,0,0,0,27,5,0,0,0.0,False,,,,,,,,,,,,,,,,,,,,,,,,,,True,True,True,True
episode-95223746986e3704cb7d,UNDRR DesInventar Nepal,2001,7,25,Far Western Region,Kailali,UNKNOWN,HEAVY RAINS,1,1,0,0,0,0,0,0.0,False,,,,,,,,,,,,,,,,,,,,,,,,,,True,True,True,True
episode-f35cbe483a40c5b401a9,UNDRR DesInventar Nepal,2001,7,27,Central Region,Mahotari,Damhi Madai,HEAVY RAINS,0,0,0,0,0,0,0,0.0,False,,,,,,,,,,,,,,,,,,,,,,,,,,True,True,True,True
episode-570031a8f851b54bf0f0,UNDRR DesInventar Nepal,2001,7,27,Eastern Region,Morang,Keron,HEAVY RAINS,0,0,0,38,0,0,0,0.0,False,,,,,,,,,,,,,,,,,,,,,,,,,,True,True,True,True
episode-aff5b1fb7a6268e3d5a2,UNDRR DesInventar Nepal,2001,7,27,Central Region,Parsa,Laharthakari,HEAVY RAINS,0,0,0,0,0,0,0,0.0,False,,,,,,,,,,,,,,,,,,,,,,,,,,True,True,True,True
episode-e18d9f5f06396762da50,UNDRR DesInventar Nepal,2001,7,27,Central Region,Parsa,Sabaithawa,HEAVY RAINS,1,0,0,86,16,0,0,0.0,False,,,,,,,,,,,,,,,,,,,,,,,,,,True,True,True,True
episode-fac7735d56a5f84e4e20,UNDRR DesInventar Nepal,2001,7,28,Eastern Region,Bhojpur,KUDAK KAULE,HEAVY RAINS,0,0,0,16,0,0,0,0.0,False,,,,,,,,,,,,,,,,,,,,,,,,,,True,True,True,True
episode-c8a15db87e4d3ebc49fe,UNDRR DesInventar Nepal,2001,7,28,Central Region,Chitawan,BAGHAUDA,HEAVY RAINS,0,0,0,200,37,0,0,0.0,False,,,,,,,,,,,,,,,,,,,,,,,,,,True,True,True,True
episode-c437752fc057e4a167d8,UNDRR DesInventar Nepal,2001,7,28,Central Region,Chitawan,BIRENDRA NAGAR,HEAVY RAINS,0,0,0,135,5,0,0,0.0,False,,,,,,,,,,,,,,,,,,,,,,,,,,True,True,True,True
episode-0797bd75b1d78a26a603,UNDRR DesInventar Nepal,2001,7,28,Central Region,Chitawan,KALYANPUR(MADI),HEAVY RAINS,0,0,0,184,13,0,0,0.0,False,,,,,,,,,,,,,,,,,,,,,,,,,,True,True,True,True
episode-cf6be11226a20a87d3d4,UNDRR DesInventar Nepal,2001,7,28,Central Region,Chitawan,KHAIRAHANI,HEAVY RAINS,0,0,0,0,0,0,0,0.0,False,,,,,,,,,,,,,,,,,,,,,,,,,,True,True,True,True
episode-82118d5648457f405b20,UNDRR DesInventar Nepal,2001,7,28,Central Region,Chitawan,MEGHAULI,HEAVY RAINS,0,0,0,103,19,0,0,0.0,False,,,,,,,,,,,,,,,,,,,,,,,,,,True,True,True,True
episode-eb8772f53e70b0d14667,UNDRR DesInventar Nepal,2001,7,28,Central Region,Dhanusa,Tulsi,HEAVY RAINS,0,0,0,945,3,0,0,0.0,False,,,,,,,,,,,,,,,,,,,,,,,,,,True,True,True,True
episode-78fbd16956af47bac4f5,UNDRR DesInventar Nepal,2001,7,28,Western Region,Nawalparasi,JAHADA,HEAVY RAINS,0,0,0,151,12,0,0,0.0,False,,,,,,,,,,,,,,,,,,,,,,,,,,True,True,True,True
episode-d7f0fc2191cea6992009,UNDRR DesInventar Nepal,2001,7,28,Western Region,Nawalparasi,SHIVAMANDIR,HEAVY RAINS,0,0,0,76,14,0,0,0.0,False,,,,,,,,,,,,,,,,,,,,,,,,,,True,True,True,True
episode-1902f43871e0d3cbdd76,UNDRR DesInventar Nepal,2001,7,29,Far Western Region,Darchula,Pipalchauri,HEAVY RAINS,0,0,0,216,0,0,0,0.0,False,,,,,,,,,,,,,,,,,,,,,,,,,,True,True,True,True
episode-57bfbcdcfbfbd066ffdb,UNDRR DesInventar Nepal,2001,7,29,Central Region,Mahotari,UNKNOWN,HEAVY RAINS,0,0,0,0,0,100,0,0.0,False,,,,,,,,,,,,,,,,,,,,,,,,,,True,True,True,True
episode-7647dc92fb8705dd2d0e,UNDRR DesInventar Nepal,2001,7,29,Central Region,Makwanpur,SHRIPUR CHATIWAN,HEAVY RAINS,0,0,0,1134,0,0,0,0.0,False,,,,,,,,,,,,,,,,,,,,,,,,,,True,True,True,True
episode-cd8454b73a58e42b88bf,UNDRR DesInventar Nepal,2001,7,29,Western Region,Nawalparasi,JAMUNIYA,HEAVY RAINS,0,1,0,367,68,0,0,0.0,False,,,,,,,,,,,,,,,,,,,,,,,,,,True,True,True,True
episode-038b3af8e58421f3f998,UNDRR DesInventar Nepal,2001,7,30,Mid-Western Region,Banke,CHISAPANI,HEAVY RAINS,0,0,0,0,7,0,0,0.0,False,,,,,,,,,,,,,,,,,,,,,,,,,,True,True,True,True
episode-1d19150aad462ac290ba,UNDRR DesInventar Nepal,2001,7,30,Central Region,Chitawan,BHARATPUR N.P.,HEAVY RAINS,0,0,0,0,2,0,0,0.0,False,,,,,,,,,,,,,,,,,,,,,,,,,,True,True,True,True
episode-ef1f31a150f292a23d06,UNDRR DesInventar Nepal,2001,7,30,Eastern Region,Jhapa,GHAILADUWA,HEAVY RAINS,0,0,0,270,0,0,0,0.0,False,,,,,,,,,,,,,,,,,,,,,,,,,,True,True,True,True
episode-294c3d1e0f3186335673,UNDRR DesInventar Nepal,2001,7,30,Far Western Region,Kailali,TIKAPUR MUNICIPALITY,HEAVY RAINS,0,0,0,0,100,0,0,0.0,False,,,,,,,,,,,,,,,,,,,,,,,,,,True,True,True,True
episode-9603272c8b3f1ba0b2e5,UNDRR DesInventar Nepal,2001,7,30,Western Region,Nawalparasi,UNKNOWN,HEAVY RAINS,0,0,0,0,0,0,0,0.0,False,,,,,,,,,,,,,,,,,,,,,,,,,,True,True,True,True
episode-91cb074e0c12dd3bb55b,UNDRR DesInventar Nepal,2001,7,30,Central Region,Parsa,Bagahi,HEAVY RAINS,1,0,0,5,0,0,0,0.0,False,,,,,,,,,,,,,,,,,,,,,,,,,,True,True,True,True
episode-6f73cf219c004b31e6d1,UNDRR DesInventar Nepal,2001,7,30,Central Region,Parsa,Mahadevpatti,HEAVY RAINS,1,0,0,259,0,0,0,0.0,False,,,,,,,,,,,,,,,,,,,,,,,,,,True,True,True,True
episode-fb7114a926babadb6a77,UNDRR DesInventar Nepal,2001,7,30,Central Region,Parsa,UNKNOWN,HEAVY RAINS,1,0,1,0,1,100,0,0.0,True,,,,,,,,,,,,,,,,,,,,,,,,,,True,True,True,True
episode-d8c261a24540c81010c3,UNDRR DesInventar Nepal,2001,7,30,Western Region,Rupandehi,MAJHAGAWA,HEAVY RAINS,0,0,0,5,1,0,0,0.0,False,,,,,,,,,,,,,,,,,,,,,,,,,,True,True,True,True
episode-e30ff430313c5755ba1c,UNDRR DesInventar Nepal,2001,7,30,Central Region,Sarlahi,BRAMHAPURI,HEAVY RAINS,0,0,0,5,0,0,0,0.0,False,,,,,,,,,,,,,,,,,,,,,,,,,,True,True,True,True
episode-623049c8281deb00ce7a,UNDRR DesInventar Nepal,2001,7,30,Central Region,Sarlahi,PARSA,HEAVY RAINS,0,0,0,22,0,0,0,0.0,False,,,,,,,,,,,,,,,,,,,,,,,,,,True,True,True,True
episode-86de5277a3ff7f2b21e2,UNDRR DesInventar Nepal,2001,7,31,Central Region,Chitawan,BIRENDRA NAGAR,RAIN,0,0,0,0,0,0,0,0.0,True,,,,,,,,,,,,,,,,,,,,,,,,,,True,True,True,True
episode-00b0ed3b539ea6fb820a,UNDRR DesInventar Nepal,2001,7,31,Central Region,Chitawan,CHAINPUR,HEAVY RAINS,0,0,0,0,0,0,0,0.0,True,,,,,,,,,,,,,,,,,,,,,,,,,,True,True,True,True
episode-abfda7b64fb2e72ba879,UNDRR DesInventar Nepal,2001,7,31,Central Region,Dhanusa,UNKNOWN,HEAVY RAINS,0,0,0,640,0,0,0,0.0,True,,,,,,,,,,,,,,,,,,,,,,,,,,True,True,True,True
episode-1c36aa814e971e90ede1,UNDRR DesInventar Nepal,2001,7,31,Western Region,Nawalparasi,DAWAUNNE_DEVI,HEAVY RAINS,0,0,0,0,65,0,0,0.0,False,,,,,,,,,,,,,,,,,,,,,,,,,,True,True,True,True
episode-472d3e507c6e93cfb551,UNDRR DesInventar Nepal,2001,7,31,Western Region,Nawalparasi,PRATAPPUR,HEAVY RAINS,1,0,0,1134,210,0,0,0.0,False,,,,,,,,,,,,,,,,,,,,,,,,,,True,True,True,True
episode-2987cc880f0ed120cc65,UNDRR DesInventar Nepal,2001,7,31,Central Region,Parsa,Thori,HEAVY RAINS,1,0,0,119,18,0,0,0.0,False,,,,,,,,,,,,,,,,,,,,,,,,,,True,True,True,True
episode-a1f8959119ee0267c205,UNDRR DesInventar Nepal,2001,8,0,Eastern Region,Sunsari,Amaduwa,HEAVY RAINS,0,0,0,38,7,0,0,0.0,False,,,,,,,,,,,,,,,,,,,,,,,,,,True,True,True,True
episode-42156ded48925ba71955,UNDRR DesInventar Nepal,2001,8,0,Eastern Region,Sunsari,Bakalauri,HEAVY RAINS,0,0,0,146,27,0,0,0.0,False,,,,,,,,,,,,,,,,,,,,,,,,,,True,True,True,True
episode-cd83e88b5964bdef480c,UNDRR DesInventar Nepal,2001,8,1,Central Region,Chitawan,PATIHANI,HEAVY RAINS,0,0,0,0,0,0,0,0.0,True,,,,,,,,,,,,,,,,,,,,,,,,,,True,True,True,True
episode-e3a7072e10d671a85e3e,UNDRR DesInventar Nepal,2001,8,1,Mid-Western Region,Jajarkot,UNKNOWN,HEAVY RAINS,1,0,1,0,0,0,0,0.0,False,,,,,,,,,,,,,,,,,,,,,,,,,,True,True,True,True
episode-44a48a859f7c4cb36d46,UNDRR DesInventar Nepal,2001,8,1,Central Region,Mahotari,Ankar,HEAVY RAINS,0,0,0,1517,0,281,0,0.0,False,,,,,,,,,,,,,,,,,,,,,,,,,,True,True,True,True
episode-21e2b25cfba1e19126b6,UNDRR DesInventar Nepal,2001,8,1,Central Region,Mahotari,Bhatauliya,HEAVY RAINS,0,0,0,157,0,46,0,0.0,False,,,,,,,,,,,,,,,,,,,,,,,,,,True,True,True,True
episode-b7d5a4dc38b57ac885cf,UNDRR DesInventar Nepal,2001,8,1,Central Region,Mahotari,Nainhi,HEAVY RAINS,0,0,0,1269,0,190,0,0.0,False,,,,,,,,,,,,,,,,,,,,,,,,,,True,True,True,True
episode-36a03af80a0ef7493325,UNDRR DesInventar Nepal,2001,8,1,Central Region,Mahotari,Shreepur,HEAVY RAINS,0,0,0,27,5,0,0,0.0,False,,,,,,,,,,,,,,,,,,,,,,,,,,True,True,True,True
episode-573cc0f42cbfd6ccbc6e,UNDRR DesInventar Nepal,2001,8,1,Central Region,Mahotari,Sundarpur,HEAVY RAINS,0,0,0,243,45,0,0,0.0,False,,,,,,,,,,,,,,,,,,,,,,,,,,True,True,True,True
episode-bde243726b8fe21af1a8,UNDRR DesInventar Nepal,2001,8,1,Eastern Region,Morang,Madhumalla,HEAVY RAINS,0,0,0,54,0,0,0,0.0,False,,,,,,,,,,,,,,,,,,,,,,,,,,True,True,True,True
episode-800d5fd0ee772c7749f2,UNDRR DesInventar Nepal,2001,8,1,Eastern Region,Morang,Sundarpur,HEAVY RAINS,0,0,0,59,11,0,0,0.0,False,,,,,,,,,,,,,,,,,,,,,,,,,,True,True,True,True
episode-76b4d502433cb84eb8b2,UNDRR DesInventar Nepal,2001,8,1,Eastern Region,Morang,Urlabari,HEAVY RAINS,0,0,0,54,0,0,0,0.0,False,,,,,,,,,,,,,,,,,,,,,,,,,,True,True,True,True
episode-5fb5ec9b261128c29c8f,UNDRR DesInventar Nepal,2001,8,1,Central Region,Sarlahi,BELHI,HEAVY RAINS,0,0,0,0,0,0,0,0.0,False,,,,,,,,,,,,,,,,,,,,,,,,,,True,True,True,True
episode-ad77a19bbe5d784d2913,UNDRR DesInventar Nepal,2001,8,1,Eastern Region,Sunsari,Bakalauri,HEAVY RAINS,0,0,0,76,0,0,0,0.0,False,,,,,,,,,,,,,,,,,,,,,,,,,,True,True,True,True
episode-43e4dd2e223d0de248e1,UNDRR DesInventar Nepal,2001,8,2,Central Region,Chitawan,DIVYA NAGAR,HEAVY RAINS,0,0,0,124,0,0,0,0.0,False,,,,,,,,,,,,,,,,,,,,,,,,,,True,True,True,True
episode-87e7e80090fec504cb6e,UNDRR DesInventar Nepal,2001,8,2,Eastern Region,Jhapa,MECHI MUN.,HEAVY RAINS,1,0,0,0,0,0,0,0.0,False,,,,,,,,,,,,,,,,,,,,,,,,,,True,True,True,True
episode-4ba86475dbeac79edf17,UNDRR DesInventar Nepal,2001,8,2,Eastern Region,Morang,Rangeli,HEAVY RAINS,0,0,0,0,0,0,0,0.0,False,,,,,,,,,,,,,,,,,,,,,,,,,,True,True,True,True
episode-2a331dccbdb634ae891c,UNDRR DesInventar Nepal,2001,8,2,Western Region,Nawalparasi,NARAYANI,HEAVY RAINS,0,0,0,0,17,0,0,0.0,False,,,,,,,,,,,,,,,,,,,,,,,,,,True,True,True,True
episode-8c8245d446382639ad2b,UNDRR DesInventar Nepal,2001,8,2,Western Region,Nawalparasi,TAMSARIYA,HEAVY RAINS,0,0,0,0,10,0,0,0.0,False,,,,,,,,,,,,,,,,,,,,,,,,,,True,True,True,True
episode-e27d3349ab8db02e106b,UNDRR DesInventar Nepal,2001,8,2,Western Region,Rupandehi,KAMHARIYA,HEAVY RAINS,1,1,2,5,0,0,0,0.0,False,,,,,,,,,,,,,,,,,,,,,,,,,,True,True,True,True
episode-1701cd2f2d19c312115b,UNDRR DesInventar Nepal,2001,8,2,Eastern Region,Sunsari,Dharan Municiplality,HEAVY RAINS,0,0,0,551,40,0,0,0.0,False,,,,,,,,,,,,,,,,,,,,,,,,,,True,True,True,True
episode-183b7bb08aebe92d23af,UNDRR DesInventar Nepal,2001,8,3,Mid-Western Region,Dang,SONPUR,HEAVY RAINS,0,0,0,0,0,0,0,0.0,False,,,,,,,,,,,,,,,,,,,,,,,,,,True,True,True,True
episode-c5aaf96fea2a4bd0e8fd,UNDRR DesInventar Nepal,2001,8,3,Central Region,Dhanusa,Dhalkebar,HEAVY RAINS,0,0,0,162,5,0,0,0.0,False,,,,,,,,,,,,,,,,,,,,,,,,,,True,True,True,True
episode-d26d21d97821e7841847,UNDRR DesInventar Nepal,2001,8,5,Central Region,Chitawan,AYODHYAPUR,HEAVY RAINS,0,0,0,43,4,0,0,0.0,False,,,,,,,,,,,,,,,,,,,,,,,,,,True,True,True,True
episode-6f2eaedfd83869f7d366,UNDRR DesInventar Nepal,2001,8,5,Central Region,Chitawan,CHAINPUR,HEAVY RAINS,0,0,0,254,0,0,0,0.0,False,,,,,,,,,,,,,,,,,,,,,,,,,,True,True,True,True
episode-1c0031e9976c522b514b,UNDRR DesInventar Nepal,2001,8,5,Western Region,Nawalparasi,UNKNOWN,HEAVY RAINS,0,0,0,0,0,0,0,0.0,False,,,,,,,,,,,,,,,,,,,,,,,,,,True,True,True,True
episode-67c61c635207d4ceb542,UNDRR DesInventar Nepal,2001,8,6,Eastern Region,Siraha,UNKNOWN,HEAVY RAINS,0,0,0,0,0,0,0,0.0,False,,,,,,,,,,,,,,,,,,,,,,,,,,True,True,True,True
episode-f69b82ecbf8bed74bfc5,UNDRR DesInventar Nepal,2001,8,8,Central Region,Parsa,Bagahi,HEAVY RAINS,1,0,0,0,0,0,0,0.0,False,,,,,,,,,,,,,,,,,,,,,,,,,,True,True,True,True
episode-bd2d2db740a18eb22404,UNDRR DesInventar Nepal,2001,8,8,Central Region,Parsa,UNKNOWN,HEAVY RAINS,1,0,0,0,0,0,0,0.0,False,,,,,,,,,,,,,,,,,,,,,,,,,,True,True,True,True
episode-c2d71504dd309da20b87,UNDRR DesInventar Nepal,2001,8,9,Central Region,Chitawan,BHARATPUR N.P.,HEAVY RAINS,2,0,0,0,0,0,0,0.0,False,,,,,,,,,,,,,,,,,,,,,,,,,,True,True,True,True
episode-75e2236384ed3fd914d7,UNDRR DesInventar Nepal,2001,8,9,Central Region,Chitawan,DARE CHOWK,HEAVY RAINS,0,0,0,38,8,0,0,0.0,False,,,,,,,,,,,,,,,,,,,,,,,,,,True,True,True,True
episode-4defd71d76bd4d650841,UNDRR DesInventar Nepal,2001,8,9,Central Region,Chitawan,JAGATPUR,HEAVY RAINS,0,0,0,59,0,0,0,0.0,False,,,,,,,,,,,,,,,,,,,,,,,,,,True,True,True,True
episode-3fc4d3f022a2c8e6c7f6,UNDRR DesInventar Nepal,2001,8,9,Central Region,Chitawan,PATIHANI,HEAVY RAINS,0,0,0,43,4,0,0,0.0,False,,,,,,,,,,,,,,,,,,,,,,,,,,True,True,True,True
episode-27579dd9bcd4166bd1a8,UNDRR DesInventar Nepal,2001,8,11,Central Region,Mahotari,UNKNOWN,HEAVY RAINS,0,0,0,0,0,0,0,0.0,True,,,,,,,,,,,,,,,,,,,,,,,,,,True,True,True,True
episode-7cb5c43477d62e8c151b,UNDRR DesInventar Nepal,2001,8,12,Eastern Region,Bhojpur,KULUN,HEAVY RAINS,0,0,0,5,1,0,0,0.0,False,,,,,,,,,,,,,,,,,,,,,,,,,,True,True,True,True
episode-5da1caaf4fc1a6a1a46e,UNDRR DesInventar Nepal,2001,8,12,Far Western Region,Kanchanpur,UNKNOWN,HEAVY RAINS,0,0,0,59,0,0,0,0.0,False,,,,,,,,,,,,,,,,,,,,,,,,,,True,True,True,True
episode-7b4a5178e52517b09a25,UNDRR DesInventar Nepal,2001,8,13,Mid-Western Region,Dang,UNKNOWN,HEAVY RAINS,1,0,0,0,0,0,0,0.0,False,,,,,,,,,,,,,,,,,,,,,,,,,,True,True,True,True
episode-8ac11489610e949cacc3,UNDRR DesInventar Nepal,2001,8,16,Central Region,Chitawan,UNKNOWN,HEAVY RAINS,0,0,0,0,5,0,0,0.0,False,,,,,,,,,,,,,,,,,,,,,,,,,,True,True,True,True
episode-fcfda0a631bd6e158d57,UNDRR DesInventar Nepal,2001,8,16,Central Region,Ramechhap,UNKNOWN,HEAVY RAINS,0,0,0,0,0,0,0,0.0,True,,,,,,,,,,,,,,,,,,,,,,,,,,True,True,True,True
episode-44a15cd108095609add3,UNDRR DesInventar Nepal,2001,8,18,Central Region,Rautahat,BHALOHIYA,HEAVY RAINS,1,0,0,5,0,0,0,0.0,False,,,,,,,,,,,,,,,,,,,,,,,,,,True,True,True,True
episode-f7cecee4bfcc82e1b639,UNDRR DesInventar Nepal,2001,8,18,Central Region,Rautahat,PIPARIYA,HEAVY RAINS,1,0,0,5,0,0,0,0.0,False,,,,,,,,,,,,,,,,,,,,,,,,,,True,True,True,True
episode-a6397fff073aa465e185,UNDRR DesInventar Nepal,2001,8,19,Far Western Region,Kanchanpur,DEKHATBHULI,HEAVY RAINS,0,0,0,130,3,21,0,0.0,False,,,,,,,,,,,,,,,,,,,,,,,,,,True,True,True,True
episode-9e2be65e2e8eca737e80,UNDRR DesInventar Nepal,2001,8,19,Eastern Region,Okhaldhunga,MAMKHA,HEAVY RAINS,0,0,0,38,7,0,0,0.0,False,,,,,,,,,,,,,,,,,,,,,,,,,,True,True,True,True
episode-58534afc078174c5a34d,UNDRR DesInventar Nepal,2001,8,20,Central Region,Sindhupalchoke,Nawalpur,HEAVY RAINS,0,0,0,38,2,2,0,0.0,False,,,,,,,,,,,,,,,,,,,,,,,,,,True,True,True,True
episode-6ec63f5d7fe36aceaed0,UNDRR DesInventar Nepal,2001,8,20,Western Region,Tanahu,DULEGAUNDA,HEAVY RAINS,0,0,0,0,9,4,0,0.0,False,,,,,,,,,,,,,,,,,,,,,,,,,,True,True,True,True
episode-b4547e47b128dc244c0a,UNDRR DesInventar Nepal,2001,8,21,Central Region,Chitawan,UNKNOWN,HEAVY RAINS,0,0,0,0,0,0,0,0.0,False,,,,,,,,,,,,,,,,,,,,,,,,,,True,True,True,True
episode-92a723d465f87b0c331d,UNDRR DesInventar Nepal,2001,8,21,Central Region,Dhanusa,Singyahi Madan,HEAVY RAINS,0,0,0,292,0,0,0,0.0,False,,,,,,,,,,,,,,,,,,,,,,,,,,True,True,True,True
episode-51fc205e7e017b6ce3ea,UNDRR DesInventar Nepal,2001,8,21,Far Western Region,Kanchanpur,JHALARI,HEAVY RAINS,0,0,0,5,1,0,0,0.0,False,,,,,,,,,,,,,,,,,,,,,,,,,,True,True,True,True
episode-35ed3e9624dff0b73fef,UNDRR DesInventar Nepal,2001,8,21,Far Western Region,Kanchanpur,PIPALADI,HEAVY RAINS,0,0,0,65,1,11,0,0.0,False,,,,,,,,,,,,,,,,,,,,,,,,,,True,True,True,True
episode-8630be60751dc9f7fb87,UNDRR DesInventar Nepal,2001,8,21,Western Region,Tanahu,DULEGAUNDA,HEAVY RAINS,0,0,0,54,6,4,0,0.0,False,,,,,,,,,,,,,,,,,,,,,,,,,,True,True,True,True
episode-b26efdee2428ccefe843,UNDRR DesInventar Nepal,2001,8,22,Mid-Western Region,Bardiya,GOLA,HEAVY RAINS,0,0,0,0,0,0,0,0.0,False,,,,,,,,,,,,,,,,,,,,,,,,,,True,True,True,True
episode-958a8fa4f9507926e130,UNDRR DesInventar Nepal,2001,8,22,Central Region,Dhanusa,Dhanushadham,HEAVY RAINS,0,0,0,0,0,0,0,0.0,False,,,,,,,,,,,,,,,,,,,,,,,,,,True,True,True,True
episode-da325e956ca6300a0ded,UNDRR DesInventar Nepal,2001,8,22,Western Region,Kaski,SARDIKHOLA,HEAVY RAINS,0,0,0,0,0,0,0,0.0,False,,,,,,,,,,,,,,,,,,,,,,,,,,True,True,True,True
episode-8c01c7512a7e0029b35f,UNDRR DesInventar Nepal,2001,8,22,Central Region,Mahotari,UNKNOWN,HEAVY RAINS,0,0,0,324,15,0,0,0.0,False,,,,,,,,,,,,,,,,,,,,,,,,,,True,True,True,True
episode-b8af170f49709ad1f7df,UNDRR DesInventar Nepal,2001,8,23,Central Region,Dhanusa,UNKNOWN,HEAVY RAINS,0,0,0,0,0,0,0,0.0,False,,,,,,,,,,,,,,,,,,,,,,,,,,True,True,True,True
episode-57a637e76cb3205f49fb,UNDRR DesInventar Nepal,2001,8,23,Western Region,Nawalparasi,DIBYAPURI,HEAVY RAINS,1,0,2,162,4,0,0,0.0,False,,,,,,,,,,,,,,,,,,,,,,,,,,True,True,True,True
episode-caa3e1bf04cfb4f7ba88,UNDRR DesInventar Nepal,2001,8,23,Western Region,Nawalparasi,GAINDAKOT,HEAVY RAINS,0,0,0,0,0,0,0,0.0,False,,,,,,,,,,,,,,,,,,,,,,,,,,True,True,True,True
episode-9908a6275308411d0535,UNDRR DesInventar Nepal,2001,8,23,Western Region,Nawalparasi,MUKUNDAPUR,HEAVY RAINS,0,0,0,1620,0,0,0,0.0,True,,,,,,,,,,,,,,,,,,,,,,,,,,True,True,True,True
episode-b22fd72addee30b0c6bf,UNDRR DesInventar Nepal,2001,8,23,Western Region,Nawalparasi,PITHAULI,HEAVY RAINS,0,0,0,1000,0,125,0,0.0,False,,,,,,,,,,,,,,,,,,,,,,,,,,True,True,True,True
episode-001d9ec0d67d156dd74d,UNDRR DesInventar Nepal,2001,8,24,Central Region,Dhanusa,Singyahi Madan,HEAVY RAINS,1,0,0,5,0,0,0,0.0,False,,,,,,,,,,,,,,,,,,,,,,,,,,True,True,True,True
episode-95b8eead930f151f5a37,UNDRR DesInventar Nepal,2001,8,24,Central Region,Dhanusa,UNKNOWN,HEAVY RAINS,0,0,0,0,0,0,0,0.0,False,,,,,,,,,,,,,,,,,,,,,,,,,,True,True,True,True
episode-bd4ece6a438b17a092c1,UNDRR DesInventar Nepal,2001,8,24,Far Western Region,Kanchanpur,KRISHNAPUR,HEAVY RAINS,0,0,0,43,0,0,0,0.0,False,,,,,,,,,,,,,,,,,,,,,,,,,,True,True,True,True
episode-fc7cccc58ef1681e7b72,UNDRR DesInventar Nepal,2001,8,25,Western Region,Nawalparasi,AGYOULI,HEAVY RAINS,0,0,0,151,0,0,0,0.0,False,,,,,,,,,,,,,,,,,,,,,,,,,,True,True,True,True
episode-6a09b6119a98ba9edd3c,UNDRR DesInventar Nepal,2001,8,25,Western Region,Nawalparasi,KOLHUWA,HEAVY RAINS,0,0,0,443,0,0,0,0.0,False,,,,,,,,,,,,,,,,,,,,,,,,,,True,True,True,True
episode-8625418271a040de188a,UNDRR DesInventar Nepal,2001,8,25,Western Region,Nawalparasi,NARAYANI,HEAVY RAINS,0,0,0,389,0,0,0,0.0,False,,,,,,,,,,,,,,,,,,,,,,,,,,True,True,True,True
episode-c9ea111760641425e1bf,UNDRR DesInventar Nepal,2001,8,25,Western Region,Nawalparasi,UNKNOWN,HEAVY RAINS,0,0,0,270,0,0,0,0.0,False,,,,,,,,,,,,,,,,,,,,,,,,,,True,True,True,True
episode-c63a7873655841975348,UNDRR DesInventar Nepal,2001,8,26,Central Region,Chitawan,PITHUWA,HEAVY RAINS,0,0,0,567,126,0,0,0.0,False,,,,,,,,,,,,,,,,,,,,,,,,,,True,True,True,True
episode-bd300a15163a70255808,UNDRR DesInventar Nepal,2001,8,26,Central Region,Kavre,MANDAN DUNDARI,HEAVY RAINS,0,0,1,0,0,0,0,0.0,False,,,,,,,,,,,,,,,,,,,,,,,,,,True,True,True,True
episode-0e568f8a20cb8740fca6,UNDRR DesInventar Nepal,2001,8,26,Central Region,Rautahat,GAUR NP,HEAVY RAINS,1,0,0,5,0,1,0,0.0,False,,,,,,,,,,,,,,,,,,,,,,,,,,True,True,True,True
episode-b0f6949eb1e2d5e628f1,UNDRR DesInventar Nepal,2001,8,27,Western Region,Kaski,MAUJA,HEAVY RAINS,0,0,0,189,0,0,0,0.0,True,,,,,,,,,,,,,,,,,,,,,,,,,,True,True,True,True
episode-31c806aba18b7480377c,UNDRR DesInventar Nepal,2001,8,27,Central Region,Sarlahi,UNKNOWN,HEAVY RAINS,0,0,0,0,0,0,0,0.0,False,,,,,,,,,,,,,,,,,,,,,,,,,,True,True,True,True
episode-d08fb663425aeda10374,UNDRR DesInventar Nepal,2001,8,28,Western Region,Arghakanchi,KHAN,HEAVY RAINS,0,0,0,902,10,19,0,0.0,False,,,,,,,,,,,,,,,,,,,,,,,,,,True,True,True,True
episode-b1dee9c57df4d0eb837c,UNDRR DesInventar Nepal,2001,8,28,Western Region,Arghakanchi,MAREM,HEAVY RAINS,0,0,0,697,13,2,0,0.0,False,,,,,,,,,,,,,,,,,,,,,,,,,,True,True,True,True
episode-a8a961df9c809861265c,UNDRR DesInventar Nepal,2001,8,28,Western Region,Arghakanchi,PALI,HEAVY RAINS,0,0,0,76,2,1,0,0.0,False,,,,,,,,,,,,,,,,,,,,,,,,,,True,True,True,True
episode-f309c4d68359407f216d,UNDRR DesInventar Nepal,2001,8,28,Western Region,Arghakanchi,SANDHIDHARKA,HEAVY RAINS,0,0,0,146,3,0,0,0.0,False,,,,,,,,,,,,,,,,,,,,,,,,,,True,True,True,True
episode-fe8ad892061b77b7e7b8,UNDRR DesInventar Nepal,2001,8,28,Western Region,Arghakanchi,THULAPOKHARA,HEAVY RAINS,0,0,0,1388,17,30,0,0.0,False,,,,,,,,,,,,,,,,,,,,,,,,,,True,True,True,True
episode-2af6b256f1794b04492a,UNDRR DesInventar Nepal,2001,8,28,Western Region,Baglung,TANGRAM,HEAVY RAINS,3,1,2,0,1,0,0,0.0,False,,,,,,,,,,,,,,,,,,,,,,,,,,True,True,True,True
episode-56b3163765498ad57545,UNDRR DesInventar Nepal,2001,8,31,Central Region,Sarlahi,DHUNGREKHOLA,HEAVY RAINS,0,0,0,686,0,0,0,0.0,False,,,,,,,,,,,,,,,,,,,,,,,,,,True,True,True,True
episode-348dfde500b7e347dc41,UNDRR DesInventar Nepal,2001,9,1,Far Western Region,Kailali,CHUHA,HEAVY RAINS,3,0,0,0,0,0,0,0.0,False,,,,,,,,,,,,,,,,,,,,,,,,,,True,True,True,True
episode-08248110063a48a6704b,UNDRR DesInventar Nepal,2001,9,1,Western Region,Rupandehi,UNKNOWN,HEAVY RAINS,0,0,0,0,4,0,0,0.0,False,,,,,,,,,,,,,,,,,,,,,,,,,,True,True,True,True
episode-98fb77ea1aae1273e1d5,UNDRR DesInventar Nepal,2001,9,5,Central Region,Makwanpur,PADAM POKHARI,HEAVY RAINS,2,0,0,0,0,0,0,0.0,False,,,,,,,,,,,,,,,,,,,,,,,,,,True,True,True,True
episode-af1105373fac5028eabf,UNDRR DesInventar Nepal,2001,9,5,Central Region,Sarlahi,UNKNOWN,HEAVY RAINS,0,0,0,0,0,0,0,0.0,False,,,,,,,,,,,,,,,,,,,,,,,,,,True,True,True,True
episode-0780124fe87b14a7a3fe,UNDRR DesInventar Nepal,2001,9,6,Far Western Region,Kanchanpur,CHANDANI,HEAVY RAINS,0,0,0,5,1,0,0,0.0,False,,,,,,,,,,,,,,,,,,,,,,,,,,True,True,True,True
episode-ebc4b1166d1594defd8f,UNDRR DesInventar Nepal,2001,9,6,Central Region,Makwanpur,UNKNOWN,HEAVY RAINS,0,0,0,918,0,0,0,0.0,False,,,,,,,,,,,,,,,,,,,,,,,,,,True,True,True,True
episode-c654c8459dd852d3ecdd,UNDRR DesInventar Nepal,2001,9,6,Central Region,Parsa,Birgunj Municipality,HEAVY RAINS,0,0,0,0,0,0,0,0.0,True,,,,,,,,,,,,,,,,,,,,,,,,,,True,True,True,True
episode-a41631bb71e13aff9d09,UNDRR DesInventar Nepal,2001,9,11,Mid-Western Region,Humla,SRINAGAR,HEAVY RAINS,0,0,0,0,0,0,0,0.0,True,,,,,,,,,,,,,,,,,,,,,,,,,,True,True,True,True
episode-1a42742bcf681d41971f,UNDRR DesInventar Nepal,2001,9,12,Eastern Region,Morang,Sanischare,HEAVY RAINS,0,0,0,0,7,0,0,0.0,False,,,,,,,,,,,,,,,,,,,,,,,,,,True,True,True,True
episode-5cb1c30d088c7de0ec23,UNDRR DesInventar Nepal,2001,9,14,Central Region,Kavre,BANEPA MUNICIPALITY,HEAVY RAINS,0,0,0,0,0,0,0,0.0,False,,,,,,,,,,,,,,,,,,,,,,,,,,True,True,True,True
episode-8006932411256bea751d,UNDRR DesInventar Nepal,2001,9,16,Eastern Region,Jhapa,SHARANMATI,HEAVY RAINS,0,0,0,173,0,0,0,0.0,False,,,,,,,,,,,,,,,,,,,,,,,,,,True,True,True,True
episode-9fe987353f5f595196c6,UNDRR DesInventar Nepal,2001,9,17,Mid-Western Region,Jajarkot,Khalanga,HEAVY RAINS,0,0,0,167,0,0,0,0.0,True,,,,,,,,,,,,,,,,,,,,,,,,,,True,True,True,True
episode-e74bed0344d0992419d4,UNDRR DesInventar Nepal,2001,9,18,Central Region,Mahotari,UNKNOWN,HEAVY RAINS,0,0,0,0,0,0,0,0.0,False,,,,,,,,,,,,,,,,,,,,,,,,,,True,True,True,True
episode-57ead35068096bd52bed,UNDRR DesInventar Nepal,2001,9,19,Far Western Region,Kanchanpur,CHANDANI,HEAVY RAINS,0,0,0,0,0,0,0,0.0,False,,,,,,,,,,,,,,,,,,,,,,,,,,True,True,True,True
episode-a2506a01bc93f7354f29,UNDRR DesInventar Nepal,2001,9,21,Central Region,Ramechhap,UNKNOWN,HEAVY RAINS,0,0,0,0,0,0,0,0.0,False,,,,,,,,,,,,,,,,,,,,,,,,,,True,True,True,True
episode-58afa3acc9264637ecf8,UNDRR DesInventar Nepal,2001,9,22,Central Region,Bhaktapur,BAGESWORI,HEAVY RAINS,0,0,0,10000,0,0,0,0.0,True,,,,,,,,,,,,,,,,,,,,,,,,,,True,True,True,True
episode-ad9752b1452a94ae5e86,UNDRR DesInventar Nepal,2001,9,23,Mid-Western Region,Dang,UNKNOWN,HEAVY RAINS,2,0,0,0,0,0,0,0.0,False,,,,,,,,,,,,,,,,,,,,,,,,,,True,True,True,True
episode-1b21f45eb23dd45c9393,UNDRR DesInventar Nepal,2001,9,25,Mid-Western Region,Humla,KALIKA,HEAVY RAINS,0,0,0,0,0,0,0,0.0,False,,,,,,,,,,,,,,,,,,,,,,,,,,True,True,True,True
episode-cadf5bc5f4e5fc1d83a1,UNDRR DesInventar Nepal,2001,9,25,Mid-Western Region,Humla,SRINAGAR,HEAVY RAINS,0,0,0,0,0,0,0,0.0,False,,,,,,,,,,,,,,,,,,,,,,,,,,True,True,True,True
episode-3d57ac67e90a9ca7b5d5,UNDRR DesInventar Nepal,2001,9,25,Central Region,Parsa,Bagahi,HEAVY RAINS,0,0,0,108,0,0,0,0.0,False,,,,,,,,,,,,,,,,,,,,,,,,,,True,True,True,True
episode-a6e0aac30906e9ca8041,UNDRR DesInventar Nepal,2001,9,28,Central Region,Sarlahi,KAIINJOR,HEAVY RAINS,0,0,0,38,7,0,0,0.0,False,,,,,,,,,,,,,,,,,,,,,,,,,,True,True,True,True
episode-3b848b4e3ca9cde51430,UNDRR DesInventar Nepal,2001,9,30,Central Region,Dhanusa,Deuriparbaha,HEAVY RAINS,0,0,0,545,101,0,0,0.0,False,,,,,,,,,,,,,,,,,,,,,,,,,,True,True,True,True
episode-1d4472ef92e27daec92a,UNDRR DesInventar Nepal,2001,9,30,Central Region,Dhanusa,Lakhari,HEAVY RAINS,0,0,0,454,84,0,0,0.0,False,,,,,,,,,,,,,,,,,,,,,,,,,,True,True,True,True
episode-36dd30b6cc953fd50088,UNDRR DesInventar Nepal,2001,9,30,Central Region,Dhanusa,Paudeswar,HEAVY RAINS,0,0,0,281,52,0,0,0.0,False,,,,,,,,,,,,,,,,,,,,,,,,,,True,True,True,True
episode-0ee86281709d5a09a07f,UNDRR DesInventar Nepal,2001,9,30,Central Region,Dhanusa,Phulgama,HEAVY RAINS,0,0,0,346,0,0,0,0.0,False,,,,,,,,,,,,,,,,,,,,,,,,,,True,True,True,True
episode-ccc274260cbb130bf1f3,UNDRR DesInventar Nepal,2001,9,30,Eastern Region,Siraha,Bhagawanpur,HEAVY RAINS,0,0,0,351,65,0,0,0.0,False,,,,,,,,,,,,,,,,,,,,,,,,,,True,True,True,True
episode-8cbbe5c48db5765ba219,UNDRR DesInventar Nepal,2001,9,30,Eastern Region,Siraha,Bhagawatipur Ta. Su.,HEAVY RAINS,0,0,0,162,30,0,0,0.0,False,,,,,,,,,,,,,,,,,,,,,,,,,,True,True,True,True
episode-2036606e0792876bd215,UNDRR DesInventar Nepal,2001,9,30,Eastern Region,Siraha,Kachanari,HEAVY RAINS,0,0,0,1156,214,0,0,0.0,False,,,,,,,,,,,,,,,,,,,,,,,,,,True,True,True,True
episode-ee690388cbc346287868,UNDRR DesInventar Nepal,2001,9,30,Eastern Region,Siraha,Majhaira,HEAVY RAINS,0,0,0,1582,293,0,0,0.0,False,,,,,,,,,,,,,,,,,,,,,,,,,,True,True,True,True
episode-8c476bcbddf52660fe82,UNDRR DesInventar Nepal,2001,9,30,Eastern Region,Siraha,Mouwahi,HEAVY RAINS,0,0,0,632,117,0,0,0.0,False,,,,,,,,,,,,,,,,,,,,,,,,,,True,True,True,True
episode-6d2d7afdd39c5d32935b,UNDRR DesInventar Nepal,2001,9,30,Eastern Region,Siraha,Naraha Rigaul,HEAVY RAINS,0,0,0,232,43,0,0,0.0,False,,,,,,,,,,,,,,,,,,,,,,,,,,True,True,True,True
episode-884fd97b0f40fcda828d,UNDRR DesInventar Nepal,2001,9,30,Eastern Region,Siraha,Nawarajpur,HEAVY RAINS,0,0,0,1771,328,0,0,0.0,False,,,,,,,,,,,,,,,,,,,,,,,,,,True,True,True,True
episode-b7f237f929992deb026a,UNDRR DesInventar Nepal,2001,9,30,Eastern Region,Siraha,Tenuwapatti,HEAVY RAINS,0,0,0,513,95,0,0,0.0,False,,,,,,,,,,,,,,,,,,,,,,,,,,True,True,True,True
episode-09f5182279f04452d3da,UNDRR DesInventar Nepal,2001,9,30,Eastern Region,Siraha,UNKNOWN,HEAVY RAINS,0,0,0,216,40,0,0,0.0,False,,,,,,,,,,,,,,,,,,,,,,,,,,True,True,True,True
episode-56228c764c23d7b48a34,UNDRR DesInventar Nepal,2001,10,1,Eastern Region,Morang,Biratnagar Municipality,HEAVY RAINS,0,0,0,140,0,26,0,0.0,False,,,,,,,,,,,,,,,,,,,,,,,,,,True,True,True,True
episode-b0050c0502a525b3cb9a,UNDRR DesInventar Nepal,2001,10,3,Central Region,Dhanusa,Janakpur Municipality,HEAVY RAINS,0,0,0,227,42,0,0,0.0,False,,,,,,,,,,,,,,,,,,,,,,,,,,True,True,True,True
episode-ff6e90fa5978a32bb80e,UNDRR DesInventar Nepal,2001,10,3,Central Region,Dhanusa,UNKNOWN,HEAVY RAINS,0,0,0,416,77,0,0,0.0,False,,,,,,,,,,,,,,,,,,,,,,,,,,True,True,True,True
episode-0173ff8b649b493bb851,UNDRR DesInventar Nepal,2001,10,5,Central Region,Dhanusa,Baheda Bela,HEAVY RAINS,0,0,0,265,0,0,0,0.0,False,,,,,,,,,,,,,,,,,,,,,,,,,,True,True,True,True
episode-2075306a1fe52566c9c7,UNDRR DesInventar Nepal,2001,10,5,Central Region,Dhanusa,Baphai,HEAVY RAINS,0,0,0,59,0,0,0,0.0,False,,,,,,,,,,,,,,,,,,,,,,,,,,True,True,True,True
episode-59944658111b84d3f14e,UNDRR DesInventar Nepal,2001,10,5,Central Region,Dhanusa,Ekrahi,HEAVY RAINS,0,0,0,27,0,0,0,0.0,False,,,,,,,,,,,,,,,,,,,,,,,,,,True,True,True,True
episode-dabbdd9e6d04c73adb33,UNDRR DesInventar Nepal,2001,10,5,Central Region,Dhanusa,Giddha,HEAVY RAINS,0,0,0,22,0,0,0,0.0,False,,,,,,,,,,,,,,,,,,,,,,,,,,True,True,True,True
episode-6c8097c5d005cfb9afbd,UNDRR DesInventar Nepal,2001,10,5,Central Region,Dhanusa,Jhojhi Kataiya,HEAVY RAINS,0,0,0,801,0,0,0,0.0,False,,,,,,,,,,,,,,,,,,,,,,,,,,True,True,True,True
episode-c4810002767b08b5628d,UNDRR DesInventar Nepal,2001,10,5,Central Region,Dhanusa,Singyahi Madan,HEAVY RAINS,0,0,0,43,0,0,0,0.0,False,,,,,,,,,,,,,,,,,,,,,,,,,,True,True,True,True
episode-ac9c1e56cc35297bfd62,UNDRR DesInventar Nepal,2001,10,5,Central Region,Dhanusa,UNKNOWN,HEAVY RAINS,0,0,0,1777,0,0,0,0.0,False,,,,,,,,,,,,,,,,,,,,,,,,,,True,True,True,True
episode-75e23cd08fbf2f4e1d68,UNDRR DesInventar Nepal,2001,10,5,Eastern Region,Jhapa,KERABARI,HEAVY RAINS,1,0,0,27,5,0,0,0.0,False,,,,,,,,,,,,,,,,,,,,,,,,,,True,True,True,True
episode-4b18eac9cc90d96fc726,UNDRR DesInventar Nepal,2001,10,5,Eastern Region,Siraha,Auorahi,HEAVY RAINS,0,0,0,32,0,6,0,0.0,False,,,,,,,,,,,,,,,,,,,,,,,,,,True,True,True,True
episode-5080a5d166c2cbd2429a,UNDRR DesInventar Nepal,2001,10,5,Eastern Region,Siraha,Pipra,HEAVY RAINS,0,0,12,5,1,0,0,0.0,False,,,,,,,,,,,,,,,,,,,,,,,,,,True,True,True,True
episode-f4bffc64f18e04881aba,UNDRR DesInventar Nepal,2001,10,6,Eastern Region,Saptari,GOBARGADHA,HEAVY RAINS,0,0,0,0,25,0,0,0.0,False,,,,,,,,,,,,,,,,,,,,,,,,,,True,True,True,True
episode-3122ab428665314bc672,UNDRR DesInventar Nepal,2001,10,6,Central Region,Sarlahi,GAMHARIYA,HEAVY RAINS,1,0,0,0,0,0,0,0.0,False,,,,,,,,,,,,,,,,,,,,,,,,,,True,True,True,True
episode-58cf9d9960c3399b2844,UNDRR DesInventar Nepal,2001,10,6,Eastern Region,Solukhumbu,UNKNOWN,HEAVY RAINS,2,0,0,0,0,0,0,0.0,False,,,,,,,,,,,,,,,,,,,,,,,,,,True,True,True,True
episode-7cfc1441303c072f3144,UNDRR DesInventar Nepal,2001,10,6,Eastern Region,Udayapur,Jate,HEAVY RAINS,1,0,0,0,0,0,0,0.0,False,,,,,,,,,,,,,,,,,,,,,,,,,,True,True,True,True
episode-1f10d560131b21630bfc,UNDRR DesInventar Nepal,2001,10,6,Eastern Region,Udayapur,Katari,HEAVY RAINS,1,0,0,0,0,0,0,0.0,False,,,,,,,,,,,,,,,,,,,,,,,,,,True,True,True,True
episode-a1e2d7e4bc32a2c2fca5,UNDRR DesInventar Nepal,2001,10,7,Central Region,Dhanusa,Devpura Rupaitha,HEAVY RAINS,0,0,0,0,38,0,0,0.0,False,,,,,,,,,,,,,,,,,,,,,,,,,,True,True,True,True
episode-3b4d619a22b6616228e6,UNDRR DesInventar Nepal,2001,10,7,Central Region,Dhanusa,Ghodghash,HEAVY RAINS,0,0,0,0,35,0,0,0.0,False,,,,,,,,,,,,,,,,,,,,,,,,,,True,True,True,True
episode-9ff122156a529304801d,UNDRR DesInventar Nepal,2001,10,7,Central Region,Dhanusa,Jhatiyahi,HEAVY RAINS,0,0,0,0,1,0,0,0.0,False,,,,,,,,,,,,,,,,,,,,,,,,,,True,True,True,True
episode-342b0cf1b79849f7d546,UNDRR DesInventar Nepal,2001,10,7,Central Region,Dhanusa,Pachaharwa,HEAVY RAINS,0,0,0,0,1,0,0,0.0,False,,,,,,,,,,,,,,,,,,,,,,,,,,True,True,True,True
episode-838c603f52755ae49219,UNDRR DesInventar Nepal,2001,10,7,Central Region,Dhanusa,Phulgama,HEAVY RAINS,0,0,0,0,51,0,0,0.0,False,,,,,,,,,,,,,,,,,,,,,,,,,,True,True,True,True
episode-e869cc890f4a95af9123,UNDRR DesInventar Nepal,2001,10,7,Central Region,Dhanusa,UNKNOWN,HEAVY RAINS,0,0,0,0,61,0,0,0.0,False,,,,,,,,,,,,,,,,,,,,,,,,,,True,True,True,True
episode-aeb0f8358f628e3b6acb,UNDRR DesInventar Nepal,2001,10,7,Eastern Region,Siraha,UNKNOWN,HEAVY RAINS,1,0,0,0,0,0,0,0.0,False,,,,,,,,,,,,,,,,,,,,,,,,,,True,True,True,True
episode-697189528c8f87e0e884,UNDRR DesInventar Nepal,2001,10,8,Eastern Region,Morang,Katari,HEAVY RAINS,0,0,0,2700,0,0,0,0.0,False,,,,,,,,,,,,,,,,,,,,,,,,,,True,True,True,True
episode-435b76b41392ee105f30,UNDRR DesInventar Nepal,2001,10,9,Eastern Region,Siraha,UNKNOWN,HEAVY RAINS,0,0,0,0,0,0,0,0.0,False,,,,,,,,,,,,,,,,,,,,,,,,,,True,True,True,True
episode-d5bb1562ccbb9f6cd9f2,UNDRR DesInventar Nepal,2001,10,10,Eastern Region,Siraha,UNKNOWN,HEAVY RAINS,1,0,0,0,0,0,0,0.0,False,,,,,,,,,,,,,,,,,,,,,,,,,,True,True,True,True
episode-ec931e511cc95064e096,UNDRR DesInventar Nepal,2001,10,21,Eastern Region,Jhapa,UNKNOWN,HEAVY RAINS,0,0,0,0,0,0,0,0.0,False,,,,,,,,,,,,,,,,,,,,,,,,,,True,True,True,True
episode-519d4de7f2d97619ba72,UNDRR DesInventar Nepal,2001,10,22,Western Region,Gorkha,KERAUJA,HEAVY RAINS,1,0,0,0,0,0,0,0.0,False,,,,,,,,,,,,,,,,,,,,,,,,,,True,True,True,True
episode-5e5b9bca38b08450e967,UNDRR DesInventar Nepal,2001,10,22,Mid-Western Region,Humla,SYADA,OTHER,0,0,0,0,2,0,0,0.0,False,,,,,,,,,,,,,,,,,,,,,,,,,,True,True,True,True
episode-6d4ad4c056464c734224,UNDRR DesInventar Nepal,2001,11,1,Central Region,Sarlahi,BELAWAJABDI,HEAVY RAINS,0,0,0,119,22,0,0,0.0,False,,,,,,,,,,,,,,,,,,,,,,,,,,True,True,True,True
episode-631689c97481e4ec08d6,UNDRR DesInventar Nepal,2002,3,27,Central Region,Dhanusa,Dhalkebar,HEAVY RAINS,0,0,0,0,0,0,0,0.0,False,,,,,,,,,,,,,,,,,,,,,,,,,,True,True,True,True
episode-93a497a2b89ec43f0843,UNDRR DesInventar Nepal,2002,5,18,Central Region,Mahotari,UNKNOWN,HEAVY RAINS,0,0,0,0,0,0,0,50.0,True,,,,,,,,,,,,,,,,,,,,,,,,,,True,True,True,True
episode-4dee3a7e6446d3f9fa73,UNDRR DesInventar Nepal,2002,6,12,Eastern Region,Siraha,Siraha Municapility,HEAVY RAINS,0,0,0,0,0,0,0,0.0,False,,,,,,,,,,,,,,,,,,,,,,,,,,True,True,True,True
episode-2062c89315cb2caf4255,UNDRR DesInventar Nepal,2002,7,0,Mid-Western Region,Rukum,UNKNOWN,HEAVY RAINS,0,0,0,513,0,0,0,0.0,False,,,,,,,,,,,,,,,,,,,,,,,,,,True,True,True,True
episode-8c25433a10360c7ae3c9,UNDRR DesInventar Nepal,2002,7,0,Central Region,Sindhupalchoke,UNKNOWN,HEAVY RAINS,0,0,0,0,0,0,0,0.0,False,,,,,,,,,,,,,,,,,,,,,,,,,,True,True,True,True
episode-671875fac127a4b712ff,UNDRR DesInventar Nepal,2002,7,1,Eastern Region,Sunsari,Itahari Municipality,HEAVY RAINS,0,0,0,0,0,0,0,0.0,False,,,,,,,,,,,,,,,,,,,,,,,,,,True,True,True,True
episode-1ff7334ce143a375580a,UNDRR DesInventar Nepal,2002,7,2,Eastern Region,Panchthar,RABI,HEAVY RAINS,0,0,0,17,0,0,0,0.0,False,,,,,,,,,,,,,,,,,,,,,,,,,,True,True,True,True
episode-b3805088d956587b5a30,UNDRR DesInventar Nepal,2002,7,2,Western Region,Tanahu,UNKNOWN,HEAVY RAINS,0,2,0,0,0,0,0,0.0,False,,,,,,,,,,,,,,,,,,,,,,,,,,True,True,True,True
episode-49abcee12df8b77af9bb,UNDRR DesInventar Nepal,2002,7,5,Western Region,Kaski,MIJUREDANDA,HEAVY RAINS,0,0,0,351,1,0,0,0.0,False,,,,,,,,,,,,,,,,,,,,,,,,,,True,True,True,True
episode-b9c77665af39bf1ac8b4,UNDRR DesInventar Nepal,2002,7,20,Central Region,Bara,BARAINIYA,HEAVY RAINS,0,0,0,0,0,0,0,0.0,False,,,,,,,,,,,,,,,,,,,,,,,,,,True,True,True,True
episode-caa0a610e073a203ad16,UNDRR DesInventar Nepal,2002,7,20,Central Region,Bara,KALAIYA MUNICIPALITY,HEAVY RAINS,0,0,0,0,0,0,0,0.0,False,,,,,,,,,,,,,,,,,,,,,,,,,,True,True,True,True
episode-c0c7174a5c87733098e6,UNDRR DesInventar Nepal,2002,7,20,Central Region,Bara,MANAHARWA,HEAVY RAINS,0,0,0,59,0,0,0,0.0,False,,,,,,,,,,,,,,,,,,,,,,,,,,True,True,True,True
episode-e90feb7a543ce5cabb31,UNDRR DesInventar Nepal,2002,7,20,Central Region,Bara,NIJGADH,HEAVY RAINS,0,0,0,254,0,0,0,0.0,False,,,,,,,,,,,,,,,,,,,,,,,,,,True,True,True,True
episode-ad4a05980b135ed34286,UNDRR DesInventar Nepal,2002,7,20,Central Region,Bara,UNKNOWN,HEAVY RAINS,0,0,0,0,0,0,0,0.0,False,,,,,,,,,,,,,,,,,,,,,,,,,,True,True,True,True
episode-f31a134ff3c866ec5193,UNDRR DesInventar Nepal,2002,7,20,Central Region,Dhanusa,UNKNOWN,HEAVY RAINS,0,0,0,5000,0,0,0,0.0,False,,,,,,,,,,,,,,,,,,,,,,,,,,True,True,True,True
episode-76e3e819aeee56da57d7,UNDRR DesInventar Nepal,2002,7,20,Central Region,Mahotari,Kisan Nagar,HEAVY RAINS,0,0,0,270,0,11,0,0.0,False,,,,,,,,,,,,,,,,,,,,,,,,,,True,True,True,True
episode-09902bf7c8923c5f0c5a,UNDRR DesInventar Nepal,2002,7,20,Central Region,Mahotari,UNKNOWN,HEAVY RAINS,0,0,0,180,0,4,232,0.0,False,,,,,,,,,,,,,,,,,,,,,,,,,,True,True,True,True
episode-88d3287a0cea2bdda4b8,UNDRR DesInventar Nepal,2002,7,20,Central Region,Parsa,Belwa,HEAVY RAINS,0,0,0,49,2,0,0,0.0,False,,,,,,,,,,,,,,,,,,,,,,,,,,True,True,True,True
episode-ed21b702157d9ee475bd,UNDRR DesInventar Nepal,2002,7,20,Central Region,Sindhuli,Kamalamai Municipality,HEAVY RAINS,0,0,0,216,1,0,0,0.0,False,,,,,,,,,,,,,,,,,,,,,,,,,,True,True,True,True
episode-87277e106e67ee21afdb,UNDRR DesInventar Nepal,2002,7,20,Eastern Region,Siraha,Jijhaul,HEAVY RAINS,0,0,0,38,2,0,0,0.0,False,,,,,,,,,,,,,,,,,,,,,,,,,,True,True,True,True
episode-c82c88529fdded03a53b,UNDRR DesInventar Nepal,2002,7,20,Western Region,Syangja,PUTALIDHET NP,HEAVY RAINS,0,0,0,0,0,0,0,0.0,False,,,,,,,,,,,,,,,,,,,,,,,,,,True,True,True,True
episode-728bc46a0040ed94b244,UNDRR DesInventar Nepal,2002,7,20,Western Region,Tanahu,MAJHAKOT,HEAVY RAINS,0,0,0,167,0,0,0,0.0,False,,,,,,,,,,,,,,,,,,,,,,,,,,True,True,True,True
episode-be23443de707af926881,UNDRR DesInventar Nepal,2002,7,21,Central Region,Chitawan,UNKNOWN,HEAVY RAINS,0,0,0,0,0,0,0,0.0,False,,,,,,,,,,,,,,,,,,,,,,,,,,True,True,True,True
episode-825d9376bf5758dca67e,UNDRR DesInventar Nepal,2002,7,21,Central Region,Dhanusa,Andhupatti,HEAVY RAINS,0,0,0,470,87,0,0,0.0,False,,,,,,,,,,,,,,,,,,,,,,,,,,True,True,True,True
episode-13c8c5bad1e0cac90188,UNDRR DesInventar Nepal,2002,7,21,Central Region,Dhanusa,Baheda Bela,HEAVY RAINS,0,0,0,616,114,0,0,0.0,False,,,,,,,,,,,,,,,,,,,,,,,,,,True,True,True,True
episode-f4c5ed4be84dd2faf6fb,UNDRR DesInventar Nepal,2002,7,21,Central Region,Dhanusa,Balaha Kathal,HEAVY RAINS,0,0,0,130,24,0,0,0.0,False,,,,,,,,,,,,,,,,,,,,,,,,,,True,True,True,True
episode-0f25cbb9e220b8d980f3,UNDRR DesInventar Nepal,2002,7,21,Central Region,Dhanusa,Baphai,HEAVY RAINS,0,0,0,270,50,0,0,0.0,False,,,,,,,,,,,,,,,,,,,,,,,,,,True,True,True,True
episode-b6a852cb6862c2841b31,UNDRR DesInventar Nepal,2002,7,21,Central Region,Dhanusa,Chakkar,HEAVY RAINS,0,0,0,173,32,0,0,0.0,False,,,,,,,,,,,,,,,,,,,,,,,,,,True,True,True,True
episode-6028ce20415ba35520e0,UNDRR DesInventar Nepal,2002,7,21,Central Region,Dhanusa,Chura Koyalpur,HEAVY RAINS,0,0,0,270,50,0,0,0.0,False,,,,,,,,,,,,,,,,,,,,,,,,,,True,True,True,True
episode-8d71138978e4f659b3e4,UNDRR DesInventar Nepal,2002,7,21,Central Region,Dhanusa,Deuriparbaha,HEAVY RAINS,0,0,0,896,166,0,0,0.0,False,,,,,,,,,,,,,,,,,,,,,,,,,,True,True,True,True
episode-6ebc9bc60fc8cb9523f3,UNDRR DesInventar Nepal,2002,7,21,Central Region,Dhanusa,Devpura Rupaitha,HEAVY RAINS,0,0,0,265,63,0,0,0.0,False,,,,,,,,,,,,,,,,,,,,,,,,,,True,True,True,True
episode-43c30e1f5f5abb12937c,UNDRR DesInventar Nepal,2002,7,21,Central Region,Dhanusa,Enarwa,HEAVY RAINS,0,0,0,216,40,0,0,0.0,False,,,,,,,,,,,,,,,,,,,,,,,,,,True,True,True,True
episode-484122b35dbef2f8bcc3,UNDRR DesInventar Nepal,2002,7,21,Central Region,Dhanusa,Goth Koyalpur,HEAVY RAINS,0,0,0,270,12,0,0,0.0,False,,,,,,,,,,,,,,,,,,,,,,,,,,True,True,True,True
episode-129daef77254f97b7809,UNDRR DesInventar Nepal,2002,7,21,Central Region,Dhanusa,Janakpur Municipality,HEAVY RAINS,0,0,0,0,0,230,0,0.0,False,,,,,,,,,,,,,,,,,,,,,,,,,,True,True,True,True
episode-84556d56989f1acc4d6f,UNDRR DesInventar Nepal,2002,7,21,Central Region,Dhanusa,Kanakpatti,HEAVY RAINS,0,0,0,713,132,0,0,0.0,False,,,,,,,,,,,,,,,,,,,,,,,,,,True,True,True,True
episode-69d61b3a772e46f2509a,UNDRR DesInventar Nepal,2002,7,21,Central Region,Dhanusa,Khajuri Chanha,HEAVY RAINS,0,0,0,103,19,0,0,0.0,False,,,,,,,,,,,,,,,,,,,,,,,,,,True,True,True,True
episode-b7788d888c3fb66d9957,UNDRR DesInventar Nepal,2002,7,21,Central Region,Dhanusa,Nagarain,HEAVY RAINS,0,0,0,675,125,0,0,0.0,False,,,,,,,,,,,,,,,,,,,,,,,,,,True,True,True,True
episode-d11a67e4cf9bcce152a7,UNDRR DesInventar Nepal,2002,7,21,Central Region,Dhanusa,Pachaharwa,HEAVY RAINS,0,0,0,292,54,0,0,0.0,False,,,,,,,,,,,,,,,,,,,,,,,,,,True,True,True,True
episode-6562b3a38e30fc8df0e8,UNDRR DesInventar Nepal,2002,7,21,Central Region,Dhanusa,Paudeswar,HEAVY RAINS,0,0,0,707,131,0,0,0.0,False,,,,,,,,,,,,,,,,,,,,,,,,,,True,True,True,True
episode-b05922c139533f9cc301,UNDRR DesInventar Nepal,2002,7,21,Central Region,Dhanusa,Phulgama,HEAVY RAINS,0,0,0,54,10,0,0,0.0,False,,,,,,,,,,,,,,,,,,,,,,,,,,True,True,True,True
episode-f459f3c401183ed5bb8f,UNDRR DesInventar Nepal,2002,7,21,Central Region,Dhanusa,Pra. Ko. Mahuwa,HEAVY RAINS,0,0,0,92,21,0,0,0.0,False,,,,,,,,,,,,,,,,,,,,,,,,,,True,True,True,True
episode-2ab8da5d375221f79d46,UNDRR DesInventar Nepal,2002,7,21,Central Region,Dhanusa,Raghunathpur,HEAVY RAINS,0,0,0,378,70,0,0,0.0,False,,,,,,,,,,,,,,,,,,,,,,,,,,True,True,True,True
episode-3dfcc453f06b2aa73ed7,UNDRR DesInventar Nepal,2002,7,21,Central Region,Dhanusa,Singyahi Madan,HEAVY RAINS,0,0,0,686,127,0,0,0.0,False,,,,,,,,,,,,,,,,,,,,,,,,,,True,True,True,True
episode-ad9bf58f78b2cb5802e0,UNDRR DesInventar Nepal,2002,7,21,Central Region,Dhanusa,UNKNOWN,HEAVY RAINS,0,0,0,448,83,0,0,0.0,False,,,,,,,,,,,,,,,,,,,,,,,,,,True,True,True,True
episode-197249b77108c3bf0970,UNDRR DesInventar Nepal,2002,7,21,Central Region,Kathmandu,KATHMANDU METROPOLITAN CITY,HEAVY RAINS,2,0,0,0,0,200,250,0.0,False,,,,,,,,,,,,,,,,,,,,,,,,,,True,True,True,True
episode-ff628df249c1dc8efca0,UNDRR DesInventar Nepal,2002,7,21,Central Region,Kavre,MILCHE,HEAVY RAINS,0,0,0,59,11,0,0,0.0,False,,,,,,,,,,,,,,,,,,,,,,,,,,True,True,True,True
episode-e395d73c8027cac3cf8a,UNDRR DesInventar Nepal,2002,7,21,Central Region,Lalitpur,Lalitpur Municipality,HEAVY RAINS,1,0,2,0,55,0,0,0.0,False,,,,,,,,,,,,,,,,,,,,,,,,,,True,True,True,True
episode-5e8012dc2a36e3af4a04,UNDRR DesInventar Nepal,2002,7,21,Central Region,Mahotari,Ankar,HEAVY RAINS,0,0,0,1177,1339,0,0,0.0,False,,,,,,,,,,,,,,,,,,,,,,,,,,True,True,True,True
episode-6eb2b5ea0cfe6d950ded,UNDRR DesInventar Nepal,2002,7,21,Central Region,Mahotari,Bhatauliya,HEAVY RAINS,0,0,0,32,26,0,0,0.0,False,,,,,,,,,,,,,,,,,,,,,,,,,,True,True,True,True
episode-847c32f90839af101b52,UNDRR DesInventar Nepal,2002,7,21,Central Region,Mahotari,Ekdara Bela,HEAVY RAINS,0,0,0,49,67,0,0,0.0,False,,,,,,,,,,,,,,,,,,,,,,,,,,True,True,True,True
episode-c545b85c09eac0113a71,UNDRR DesInventar Nepal,2002,7,21,Central Region,Mahotari,Halkhori,HEAVY RAINS,0,0,0,65,86,0,0,0.0,False,,,,,,,,,,,,,,,,,,,,,,,,,,True,True,True,True
episode-aff4bc2b33cc659310b8,UNDRR DesInventar Nepal,2002,7,21,Central Region,Mahotari,Sisawa Kataiya,HEAVY RAINS,0,0,0,70,76,0,0,0.0,False,,,,,,,,,,,,,,,,,,,,,,,,,,True,True,True,True
episode-3750ceee810614eda623,UNDRR DesInventar Nepal,2002,7,21,Central Region,Mahotari,UNKNOWN,HEAVY RAINS,0,0,0,121,196,0,0,0.0,False,,,,,,,,,,,,,,,,,,,,,,,,,,True,True,True,True
episode-1515efbcd1bc7c87beaf,UNDRR DesInventar Nepal,2002,7,21,Central Region,Rautahat,UNKNOWN,HEAVY RAINS,0,0,0,162000,0,0,0,0.0,False,,,,,,,,,,,,,,,,,,,,,,,,,,True,True,True,True
episode-b75ad987fb8cb95b5efc,UNDRR DesInventar Nepal,2002,7,21,Eastern Region,Saptari,BAMANGAMA KATTI,HEAVY RAINS,0,0,0,238,44,0,0,0.0,False,,,,,,,,,,,,,,,,,,,,,,,,,,True,True,True,True
episode-9b6d6c51d389ba15f5b3,UNDRR DesInventar Nepal,2002,7,21,Eastern Region,Saptari,BANARAJHULA,HEAVY RAINS,0,0,0,59,11,0,0,0.0,False,,,,,,,,,,,,,,,,,,,,,,,,,,True,True,True,True
episode-0eaecb25c493974d867c,UNDRR DesInventar Nepal,2002,7,21,Eastern Region,Saptari,BARSAIN,HEAVY RAINS,0,0,0,443,82,0,0,0.0,False,,,,,,,,,,,,,,,,,,,,,,,,,,True,True,True,True
episode-ccd826c4fd3337673032,UNDRR DesInventar Nepal,2002,7,21,Eastern Region,Saptari,BELHI,HEAVY RAINS,0,0,0,5,2,0,0,0.0,False,,,,,,,,,,,,,,,,,,,,,,,,,,True,True,True,True
episode-f843f43e64351602e8e3,UNDRR DesInventar Nepal,2002,7,21,Eastern Region,Saptari,BHARDAHA,HEAVY RAINS,1,0,0,5,0,0,0,0.0,False,,,,,,,,,,,,,,,,,,,,,,,,,,True,True,True,True
episode-b8908c4cc575f65536bb,UNDRR DesInventar Nepal,2002,7,21,Eastern Region,Saptari,GOBARGADHA,HEAVY RAINS,0,0,0,216,40,0,0,0.0,False,,,,,,,,,,,,,,,,,,,,,,,,,,True,True,True,True
episode-07e6f9fa67453d626a25,UNDRR DesInventar Nepal,2002,7,21,Eastern Region,Saptari,HANUMAN NAGAR,HEAVY RAINS,0,0,0,135,25,0,0,0.0,False,,,,,,,,,,,,,,,,,,,,,,,,,,True,True,True,True
episode-39838f8c8ca2a31668ca,UNDRR DesInventar Nepal,2002,7,21,Eastern Region,Saptari,INARWA,HEAVY RAINS,0,0,0,65,12,0,0,0.0,False,,,,,,,,,,,,,,,,,,,,,,,,,,True,True,True,True
episode-cf7fae9225fd3bdacbe7,UNDRR DesInventar Nepal,2002,7,21,Eastern Region,Saptari,JOGINIYA,HEAVY RAINS,0,0,0,162,14,0,0,0.0,False,,,,,,,,,,,,,,,,,,,,,,,,,,True,True,True,True
episode-b2740a893c33da111670,UNDRR DesInventar Nepal,2002,7,21,Eastern Region,Saptari,KACHAN,HEAVY RAINS,0,0,0,146,27,0,0,0.0,False,,,,,,,,,,,,,,,,,,,,,,,,,,True,True,True,True
episode-fa7ab51a4beb4f913882,UNDRR DesInventar Nepal,2002,7,21,Eastern Region,Saptari,KATAIYA,HEAVY RAINS,0,0,0,167,31,0,0,0.0,False,,,,,,,,,,,,,,,,,,,,,,,,,,True,True,True,True
episode-2f38170d502980df0c95,UNDRR DesInventar Nepal,2002,7,21,Eastern Region,Saptari,KHOKSAR PARBAHA,HEAVY RAINS,0,0,0,11,2,0,0,0.0,False,,,,,,,,,,,,,,,,,,,,,,,,,,True,True,True,True
episode-7d84bdf42ebac226de69,UNDRR DesInventar Nepal,2002,7,21,Eastern Region,Saptari,KOCHABAKHARI,HEAVY RAINS,0,0,0,189,35,0,0,0.0,False,,,,,,,,,,,,,,,,,,,,,,,,,,True,True,True,True
episode-88b66a7eefc3563d3c76,UNDRR DesInventar Nepal,2002,7,21,Eastern Region,Saptari,KOILADI,HEAVY RAINS,0,0,0,367,68,0,0,0.0,False,,,,,,,,,,,,,,,,,,,,,,,,,,True,True,True,True
episode-d39872e572bc20784091,UNDRR DesInventar Nepal,2002,7,21,Eastern Region,Saptari,KUSHAHA,HEAVY RAINS,0,0,0,0,0,0,0,0.0,False,,,,,,,,,,,,,,,,,,,,,,,,,,True,True,True,True
episode-ec2d874869ee05bd15b7,UNDRR DesInventar Nepal,2002,7,21,Eastern Region,Saptari,LAUNIYA,HEAVY RAINS,0,0,0,1652,306,0,0,0.0,False,,,,,,,,,,,,,,,,,,,,,,,,,,True,True,True,True
episode-9305ecd77cbcada9bdbe,UNDRR DesInventar Nepal,2002,7,21,Eastern Region,Saptari,MALAHANIYA,HEAVY RAINS,0,0,0,712,132,0,0,0.0,False,,,,,,,,,,,,,,,,,,,,,,,,,,True,True,True,True
episode-b99948dc4cb502e4a7a1,UNDRR DesInventar Nepal,2002,7,21,Eastern Region,Saptari,PAKARI,HEAVY RAINS,0,0,0,16,3,0,0,0.0,False,,,,,,,,,,,,,,,,,,,,,,,,,,True,True,True,True
episode-26684084849b6d5aa2ca,UNDRR DesInventar Nepal,2002,7,21,Eastern Region,Saptari,RAMPUR JAMUWA,HEAVY RAINS,0,0,0,4887,905,0,0,0.0,False,,,,,,,,,,,,,,,,,,,,,,,,,,True,True,True,True
episode-4e8210dab0eb0e05c4e5,UNDRR DesInventar Nepal,2002,7,21,Eastern Region,Saptari,RAUTAHAT,HEAVY RAINS,0,0,0,43,0,0,0,0.0,False,,,,,,,,,,,,,,,,,,,,,,,,,,True,True,True,True
episode-650f49f461aa6a36eba7,UNDRR DesInventar Nepal,2002,7,21,Eastern Region,Saptari,RAYPUR,HEAVY RAINS,0,0,0,124,23,0,0,0.0,False,,,,,,,,,,,,,,,,,,,,,,,,,,True,True,True,True
episode-b179bd038cc1b0001b07,UNDRR DesInventar Nepal,2002,7,21,Eastern Region,Saptari,SAKARTPUR,HEAVY RAINS,0,0,0,2970,550,0,0,0.0,False,,,,,,,,,,,,,,,,,,,,,,,,,,True,True,True,True
episode-ee6a99f36a2a5d4d6569,UNDRR DesInventar Nepal,2002,7,21,Eastern Region,Saptari,TILATHI,HEAVY RAINS,0,0,0,713,132,0,0,0.0,False,,,,,,,,,,,,,,,,,,,,,,,,,,True,True,True,True
episode-ecfe5414379a9cdfb392,UNDRR DesInventar Nepal,2002,7,21,Eastern Region,Saptari,UNKNOWN,HEAVY RAINS,0,0,0,194,33,0,0,0.0,False,,,,,,,,,,,,,,,,,,,,,,,,,,True,True,True,True
episode-daa4aadb353f3c4488cb,UNDRR DesInventar Nepal,2002,7,21,Central Region,Sarlahi,BELHI,HEAVY RAINS,0,0,0,2781,35,171,0,0.0,False,,,,,,,,,,,,,,,,,,,,,,,,,,True,True,True,True
episode-06158e73b44286b551a3,UNDRR DesInventar Nepal,2002,7,21,Eastern Region,Siraha,Bariya Patti,HEAVY RAINS,0,0,0,32,6,0,0,0.0,False,,,,,,,,,,,,,,,,,,,,,,,,,,True,True,True,True
episode-e6c36dc314572d8a8242,UNDRR DesInventar Nepal,2002,7,21,Eastern Region,Siraha,Betaun,HEAVY RAINS,0,0,0,97,18,0,0,0.0,False,,,,,,,,,,,,,,,,,,,,,,,,,,True,True,True,True
episode-6731c1a10355d8923737,UNDRR DesInventar Nepal,2002,7,21,Eastern Region,Siraha,Dhangadhi,HEAVY RAINS,0,0,0,27,5,0,0,0.0,False,,,,,,,,,,,,,,,,,,,,,,,,,,True,True,True,True
episode-70f19873948974f800ff,UNDRR DesInventar Nepal,2002,7,21,Eastern Region,Siraha,Harkatti,HEAVY RAINS,0,0,0,313,58,0,0,0.0,False,,,,,,,,,,,,,,,,,,,,,,,,,,True,True,True,True
episode-144bf9e7ec77121e93a1,UNDRR DesInventar Nepal,2002,7,21,Eastern Region,Siraha,Jijhaul,HEAVY RAINS,0,0,0,59,11,0,0,0.0,False,,,,,,,,,,,,,,,,,,,,,,,,,,True,True,True,True
episode-e7b0886ef46288476f3d,UNDRR DesInventar Nepal,2002,7,21,Eastern Region,Siraha,Kalyanpur,HEAVY RAINS,0,0,0,22,4,0,0,0.0,False,,,,,,,,,,,,,,,,,,,,,,,,,,True,True,True,True
episode-2bedbc944791a2558900,UNDRR DesInventar Nepal,2002,7,21,Eastern Region,Siraha,Khirauna,HEAVY RAINS,0,0,0,205,38,0,0,0.0,False,,,,,,,,,,,,,,,,,,,,,,,,,,True,True,True,True
episode-70c876e067fc206a4e92,UNDRR DesInventar Nepal,2002,7,21,Eastern Region,Siraha,Luxminiya,HEAVY RAINS,0,0,0,103,19,0,0,0.0,False,,,,,,,,,,,,,,,,,,,,,,,,,,True,True,True,True
episode-d708dcae99d64a242b1e,UNDRR DesInventar Nepal,2002,7,21,Eastern Region,Siraha,Luxmipur Patari,HEAVY RAINS,0,0,0,11,2,0,0,0.0,False,,,,,,,,,,,,,,,,,,,,,,,,,,True,True,True,True
episode-742ef65d25370a2a1e66,UNDRR DesInventar Nepal,2002,7,21,Eastern Region,Siraha,Madar,HEAVY RAINS,0,0,0,65,12,0,0,0.0,False,,,,,,,,,,,,,,,,,,,,,,,,,,True,True,True,True
episode-8246747aa029c4f9d31a,UNDRR DesInventar Nepal,2002,7,21,Eastern Region,Siraha,Majhaira,HEAVY RAINS,0,0,0,27,5,0,0,0.0,False,,,,,,,,,,,,,,,,,,,,,,,,,,True,True,True,True
episode-412c1be5b1a4d0627b91,UNDRR DesInventar Nepal,2002,7,21,Eastern Region,Siraha,Pipra,HEAVY RAINS,0,0,0,11,2,0,0,0.0,False,,,,,,,,,,,,,,,,,,,,,,,,,,True,True,True,True
episode-110a379c5f1e05ff8656,UNDRR DesInventar Nepal,2002,7,21,Eastern Region,Siraha,Rajpur,HEAVY RAINS,0,0,0,5,1,0,0,0.0,False,,,,,,,,,,,,,,,,,,,,,,,,,,True,True,True,True
episode-c883221f55b0d6e08083,UNDRR DesInventar Nepal,2002,7,21,Eastern Region,Siraha,Sakhuwa Nankarkatti,HEAVY RAINS,0,0,0,59,11,0,0,0.0,False,,,,,,,,,,,,,,,,,,,,,,,,,,True,True,True,True
episode-3d1e728e40994ae7102e,UNDRR DesInventar Nepal,2002,7,21,Eastern Region,Siraha,Sarswar,HEAVY RAINS,0,0,0,135,25,0,0,0.0,False,,,,,,,,,,,,,,,,,,,,,,,,,,True,True,True,True
episode-2434ebe86f93f23e4117,UNDRR DesInventar Nepal,2002,7,21,Eastern Region,Siraha,Siraha Municapility,HEAVY RAINS,0,0,0,86,16,0,0,0.0,False,,,,,,,,,,,,,,,,,,,,,,,,,,True,True,True,True
episode-8dd5c08ea8940d482ac8,UNDRR DesInventar Nepal,2002,7,21,Eastern Region,Siraha,Thalha Kataha,HEAVY RAINS,0,0,0,32,6,0,0,0.0,False,,,,,,,,,,,,,,,,,,,,,,,,,,True,True,True,True
episode-dacfe6c5313b63f8c58e,UNDRR DesInventar Nepal,2002,7,21,Eastern Region,Siraha,UNKNOWN,HEAVY RAINS,0,0,0,302,56,0,0,0.0,False,,,,,,,,,,,,,,,,,,,,,,,,,,True,True,True,True
episode-89fe5677c06e8e764901,UNDRR DesInventar Nepal,2002,7,21,Eastern Region,Siraha,Vishnupur,HEAVY RAINS,0,0,0,54,10,0,0,0.0,False,,,,,,,,,,,,,,,,,,,,,,,,,,True,True,True,True
episode-b6763b7a56eddc7810ba,UNDRR DesInventar Nepal,2002,7,21,Eastern Region,Udayapur,Katari,HEAVY RAINS,0,0,0,11,0,0,0,0.0,False,,,,,,,,,,,,,,,,,,,,,,,,,,True,True,True,True
episode-6257ec5ea1317effdf3a,UNDRR DesInventar Nepal,2002,7,21,Eastern Region,Udayapur,Sundarpur,HEAVY RAINS,0,0,0,49,0,0,0,0.0,False,,,,,,,,,,,,,,,,,,,,,,,,,,True,True,True,True
episode-f40072aafd07b4d992e3,UNDRR DesInventar Nepal,2002,7,21,Eastern Region,Udayapur,Tribeni,HEAVY RAINS,0,0,0,5,1,0,0,0.0,False,,,,,,,,,,,,,,,,,,,,,,,,,,True,True,True,True
episode-18a46c33a07bdaca370a,UNDRR DesInventar Nepal,2002,7,22,Central Region,Bara,NIJGADH,HEAVY RAINS,0,0,0,0,0,2,0,0.0,False,,,,,,,,,,,,,,,,,,,,,,,,,,True,True,True,True
episode-06cad548a8dcb2ad3197,UNDRR DesInventar Nepal,2002,7,22,Central Region,Chitawan,BACHHEULI,HEAVY RAINS,1,0,0,0,0,0,0,0.0,False,,,,,,,,,,,,,,,,,,,,,,,,,,True,True,True,True
episode-98da8e2c3cd50ac80eff,UNDRR DesInventar Nepal,2002,7,22,Central Region,Chitawan,BHANDARA,HEAVY RAINS,0,2,3,1080,120,0,0,0.0,False,,,,,,,,,,,,,,,,,,,,,,,,,,True,True,True,True
episode-9b829e30ce0bb0b9c66a,UNDRR DesInventar Nepal,2002,7,22,Central Region,Chitawan,BHARATPUR N.P.,HEAVY RAINS,6,0,0,76,10,0,0,0.0,False,,,,,,,,,,,,,,,,,,,,,,,,,,True,True,True,True
episode-62f40127cf8617b0d1eb,UNDRR DesInventar Nepal,2002,7,22,Central Region,Chitawan,BIRENDRA NAGAR,HEAVY RAINS,4,0,0,0,0,0,0,0.0,False,,,,,,,,,,,,,,,,,,,,,,,,,,True,True,True,True
episode-554583faa2c90cc38a58,UNDRR DesInventar Nepal,2002,7,22,Central Region,Chitawan,CHAINPUR,HEAVY RAINS,0,0,0,243,45,0,0,0.0,False,,,,,,,,,,,,,,,,,,,,,,,,,,True,True,True,True
episode-e4316427152b390e7279,UNDRR DesInventar Nepal,2002,7,22,Central Region,Chitawan,DARE CHOWK,HEAVY RAINS,0,0,0,97,18,0,0,0.0,False,,,,,,,,,,,,,,,,,,,,,,,,,,True,True,True,True
episode-959aefa486e456026dd8,UNDRR DesInventar Nepal,2002,7,22,Central Region,Chitawan,JAGATPUR,HEAVY RAINS,11,7,17,1161,195,0,0,0.0,False,,,,,,,,,,,,,,,,,,,,,,,,,,True,True,True,True
episode-aa9f97eeee24584f0043,UNDRR DesInventar Nepal,2002,7,22,Central Region,Chitawan,JUTPANI,HEAVY RAINS,1,0,0,648,120,0,0,0.0,False,,,,,,,,,,,,,,,,,,,,,,,,,,True,True,True,True
episode-f3d599698f3aede533c8,UNDRR DesInventar Nepal,2002,7,22,Central Region,Chitawan,KHAIRAHANI,HEAVY RAINS,2,0,20,1161,165,0,0,0.0,False,,,,,,,,,,,,,,,,,,,,,,,,,,True,True,True,True
episode-022c624c2e079ebd675d,UNDRR DesInventar Nepal,2002,7,22,Central Region,Chitawan,KUMROJ,HEAVY RAINS,3,0,0,0,0,0,0,0.0,False,,,,,,,,,,,,,,,,,,,,,,,,,,True,True,True,True
episode-f6de07b06503c1c56ba5,UNDRR DesInventar Nepal,2002,7,22,Central Region,Chitawan,LOTHAR,HEAVY RAINS,0,0,34,967,123,0,0,0.0,False,,,,,,,,,,,,,,,,,,,,,,,,,,True,True,True,True
episode-a9f01f2a938b4bbbb37d,UNDRR DesInventar Nepal,2002,7,22,Central Region,Chitawan,MEGHAULI,HEAVY RAINS,4,0,20,1069,198,0,0,0.0,False,,,,,,,,,,,,,,,,,,,,,,,,,,True,True,True,True
episode-f894c70023dd24c79a68,UNDRR DesInventar Nepal,2002,7,22,Central Region,Chitawan,PATIHANI,HEAVY RAINS,0,0,3,302,39,0,0,0.0,False,,,,,,,,,,,,,,,,,,,,,,,,,,True,True,True,True
episode-345798271dd052949de5,UNDRR DesInventar Nepal,2002,7,22,Central Region,Chitawan,PIPLE,HEAVY RAINS,0,0,0,1350,0,0,0,0.0,False,,,,,,,,,,,,,,,,,,,,,,,,,,True,True,True,True
episode-883a185eb91c6ef402c1,UNDRR DesInventar Nepal,2002,7,22,Central Region,Chitawan,PITHUWA,HEAVY RAINS,0,0,1,211,0,0,0,0.0,False,,,,,,,,,,,,,,,,,,,,,,,,,,True,True,True,True
episode-1051b0d8e6db56f049cb,UNDRR DesInventar Nepal,2002,7,22,Central Region,Chitawan,SHAKTIKHOR,HEAVY RAINS,0,0,0,621,35,0,0,0.0,False,,,,,,,,,,,,,,,,,,,,,,,,,,True,True,True,True
episode-ee4ef924dfee3c98e697,UNDRR DesInventar Nepal,2002,7,22,Central Region,Chitawan,SHARDA NAGAR,HEAVY RAINS,1,0,0,0,0,0,0,0.0,False,,,,,,,,,,,,,,,,,,,,,,,,,,True,True,True,True
episode-7a02afb1574371bb4d2e,UNDRR DesInventar Nepal,2002,7,22,Central Region,Chitawan,SHUKRA NAGAR,HEAVY RAINS,2,0,0,0,0,0,0,0.0,False,,,,,,,,,,,,,,,,,,,,,,,,,,True,True,True,True
episode-7a5bb06b269354a81f25,UNDRR DesInventar Nepal,2002,7,22,Mid-Western Region,Dailekh,BALUWATAR,HEAVY RAINS,0,0,0,92,9,0,0,0.0,False,,,,,,,,,,,,,,,,,,,,,,,,,,True,True,True,True
episode-10368db7889fe9370ee6,UNDRR DesInventar Nepal,2002,7,22,Mid-Western Region,Dailekh,BINDHYBASINI,HEAVY RAINS,0,0,0,38,3,0,0,0.0,False,,,,,,,,,,,,,,,,,,,,,,,,,,True,True,True,True
episode-6a57a68150437363749d,UNDRR DesInventar Nepal,2002,7,22,Mid-Western Region,Dailekh,KALIKA,HEAVY RAINS,0,0,0,119,4,0,0,0.0,False,,,,,,,,,,,,,,,,,,,,,,,,,,True,True,True,True
episode-62ab0f60a71ba69749cd,UNDRR DesInventar Nepal,2002,7,22,Mid-Western Region,Dailekh,NOMULE,HEAVY RAINS,0,0,0,113,13,2,0,0.0,False,,,,,,,,,,,,,,,,,,,,,,,,,,True,True,True,True
episode-7251ec4a515e80424180,UNDRR DesInventar Nepal,2002,7,22,Mid-Western Region,Dailekh,ODHARI,HEAVY RAINS,0,0,0,65,4,0,0,0.0,False,,,,,,,,,,,,,,,,,,,,,,,,,,True,True,True,True
episode-32cb07d8794f4d5cb931,UNDRR DesInventar Nepal,2002,7,22,Mid-Western Region,Dailekh,TOLI,HEAVY RAINS,0,0,0,146,9,9,0,0.0,False,,,,,,,,,,,,,,,,,,,,,,,,,,True,True,True,True
episode-3e1663364e514325b26e,UNDRR DesInventar Nepal,2002,7,22,Central Region,Dhanusa,Baheda Bela,HEAVY RAINS,1,0,0,0,0,0,0,0.0,False,,,,,,,,,,,,,,,,,,,,,,,,,,True,True,True,True
episode-354ada412e2c16c9b84b,UNDRR DesInventar Nepal,2002,7,22,Central Region,Dhanusa,Dhanauji,HEAVY RAINS,0,0,0,356,66,0,0,0.0,False,,,,,,,,,,,,,,,,,,,,,,,,,,True,True,True,True
episode-e359cf9e5c53827953fd,UNDRR DesInventar Nepal,2002,7,22,Central Region,Dhanusa,Tulsi,HEAVY RAINS,0,0,0,49,9,0,0,0.0,False,,,,,,,,,,,,,,,,,,,,,,,,,,True,True,True,True
episode-a263484379f77387b018,UNDRR DesInventar Nepal,2002,7,22,Western Region,Gorkha,HARMI,HEAVY RAINS,5,0,1,22,0,0,0,0.0,False,,,,,,,,,,,,,,,,,,,,,,,,,,True,True,True,True
episode-62e285df89b41fb09225,UNDRR DesInventar Nepal,2002,7,22,Central Region,Kavre,UNKNOWN,HEAVY RAINS,0,0,0,265,49,0,0,0.0,False,,,,,,,,,,,,,,,,,,,,,,,,,,True,True,True,True
episode-c8831a4cec9d73d15529,UNDRR DesInventar Nepal,2002,7,22,Central Region,Lalitpur,Devichaur,HEAVY RAINS,2,0,0,11,2,0,0,0.0,False,,,,,,,,,,,,,,,,,,,,,,,,,,True,True,True,True
episode-46de9a9008a9e1f0d8ad,UNDRR DesInventar Nepal,2002,7,22,Central Region,Mahotari,Jaleswar Municipalit,FLOOD,0,0,0,0,0,0,0,0.0,False,,,,,,,,,,,,,,,,,,,,,,,,,,True,True,True,True
episode-904af40dcd45d5b1c072,UNDRR DesInventar Nepal,2002,7,22,Central Region,Mahotari,Jaleswar Municipalit,HEAVY RAINS,0,0,0,0,0,0,0,0.0,False,,,,,,,,,,,,,,,,,,,,,,,,,,True,True,True,True
episode-ee2a5773dee9ba5fc6e7,UNDRR DesInventar Nepal,2002,7,22,Central Region,Mahotari,Sundarpur,HEAVY RAINS,0,0,0,616,114,0,0,0.0,False,,,,,,,,,,,,,,,,,,,,,,,,,,True,True,True,True
episode-3d64e6d751d149264063,UNDRR DesInventar Nepal,2002,7,22,Central Region,Makwanpur,MANAHARI,HEAVY RAINS,2,0,0,0,0,7,0,0.0,False,,,,,,,,,,,,,,,,,,,,,,,,,,True,True,True,True
episode-1e6478e93c095f160b41,UNDRR DesInventar Nepal,2002,7,22,Central Region,Parsa,Gadi,HEAVY RAINS,0,0,0,22,4,0,0,0.0,False,,,,,,,,,,,,,,,,,,,,,,,,,,True,True,True,True
episode-a81e85c334bb95f6c018,UNDRR DesInventar Nepal,2002,7,22,Central Region,Parsa,UNKNOWN,UNKNOWN,0,2,0,0,150,0,2700,0.0,False,,,,,,,,,,,,,,,,,,,,,,,,,,True,True,True,True
episode-23be1f155935098e96fb,UNDRR DesInventar Nepal,2002,7,22,Western Region,Rupandehi,UNKNOWN,HEAVY RAINS,0,0,0,11,2,0,0,0.0,False,,,,,,,,,,,,,,,,,,,,,,,,,,True,True,True,True
episode-8cbe1f92671482697f02,UNDRR DesInventar Nepal,2002,7,22,Eastern Region,Saptari,KATAIYA,HEAVY RAINS,0,0,0,0,50,18,0,0.0,False,,,,,,,,,,,,,,,,,,,,,,,,,,True,True,True,True
episode-a8df944e947beb07af79,UNDRR DesInventar Nepal,2002,7,22,Eastern Region,Saptari,LAUNIYA,HEAVY RAINS,0,0,0,0,0,25,0,0.0,False,,,,,,,,,,,,,,,,,,,,,,,,,,True,True,True,True
episode-7bce6f0745553c8c8427,UNDRR DesInventar Nepal,2002,7,22,Central Region,Sarlahi,SALEMPUR,HEAVY RAINS,0,0,0,0,0,0,0,1080.0,True,,,,,,,,,,,,,,,,,,,,,,,,,,True,True,True,True
episode-407b434422995b82aa87,UNDRR DesInventar Nepal,2002,7,22,Eastern Region,Siraha,UNKNOWN,HEAVY RAINS,0,1,0,0,0,0,0,0.0,False,,,,,,,,,,,,,,,,,,,,,,,,,,True,True,True,True
episode-e3a3a71f994a4a1c396c,UNDRR DesInventar Nepal,2002,7,22,Eastern Region,Sunsari,Bhokraha,HEAVY RAINS,0,0,0,0,0,0,0,0.0,False,,,,,,,,,,,,,,,,,,,,,,,,,,True,True,True,True
episode-64c690770a83769109b4,UNDRR DesInventar Nepal,2002,7,22,Eastern Region,Sunsari,UNKNOWN,UNKNOWN,0,0,0,0,0,0,0,0.0,False,,,,,,,,,,,,,,,,,,,,,,,,,,True,True,True,True
episode-6b381ba685e87a04edbf,UNDRR DesInventar Nepal,2002,7,22,Western Region,Tanahu,BHIMAD,HEAVY RAINS,0,0,0,0,0,0,0,0.0,False,,,,,,,,,,,,,,,,,,,,,,,,,,True,True,True,True
episode-023d96a1cbf2300354ae,UNDRR DesInventar Nepal,2002,7,22,Eastern Region,Udayapur,UNKNOWN,HEAVY RAINS,0,0,0,0,12,0,0,0.0,False,,,,,,,,,,,,,,,,,,,,,,,,,,True,True,True,True
episode-3748c8925d7c7f3dc168,UNDRR DesInventar Nepal,2002,7,23,Western Region,Baglung,NARETHANTI,HEAVY RAINS,0,0,0,281,6,0,0,0.0,False,,,,,,,,,,,,,,,,,,,,,,,,,,True,True,True,True
episode-f8c19f266e98d0a33be8,UNDRR DesInventar Nepal,2002,7,23,Central Region,Dhanusa,Aurahi,HEAVY RAINS,0,0,0,319,57,0,0,0.0,False,,,,,,,,,,,,,,,,,,,,,,,,,,True,True,True,True
episode-35c4882fba02393d5ac2,UNDRR DesInventar Nepal,2002,7,23,Central Region,Kathmandu,KATHMANDU METROPOLITAN CITY,HEAVY RAINS,1,0,0,0,0,0,0,0.0,False,,,,,,,,,,,,,,,,,,,,,,,,,,True,True,True,True
episode-bce54663af122e9aa1e9,UNDRR DesInventar Nepal,2002,7,23,Central Region,Kathmandu,KIRTIPUR MUNICIPALITY,HEAVY RAINS,1,0,0,0,0,0,0,0.0,False,,,,,,,,,,,,,,,,,,,,,,,,,,True,True,True,True
episode-063e0e9f1fe5dab451d4,UNDRR DesInventar Nepal,2002,7,23,Central Region,Kathmandu,MATATIRTHA,HEAVY RAINS,11,0,3,59,11,0,0,0.0,False,,,,,,,,,,,,,,,,,,,,,,,,,,True,True,True,True
episode-8162a53fc4c230e2a661,UNDRR DesInventar Nepal,2002,7,23,Central Region,Kavre,RYALE,HEAVY RAINS,1,0,0,0,0,0,0,0.0,False,,,,,,,,,,,,,,,,,,,,,,,,,,True,True,True,True
episode-d089a473a99109eaf997,UNDRR DesInventar Nepal,2002,7,23,Central Region,Lalitpur,Badikhel,HEAVY RAINS,0,0,0,11,0,0,0,0.0,False,,,,,,,,,,,,,,,,,,,,,,,,,,True,True,True,True
episode-23a4f8cbeec5bac13349,UNDRR DesInventar Nepal,2002,7,23,Central Region,Lalitpur,Bishankhunarayan,HEAVY RAINS,0,0,0,11,2,0,0,0.0,False,,,,,,,,,,,,,,,,,,,,,,,,,,True,True,True,True
episode-057e91cc2af4355e88dd,UNDRR DesInventar Nepal,2002,7,23,Central Region,Lalitpur,Gimdi,HEAVY RAINS,5,4,0,5,1,0,0,0.0,False,,,,,,,,,,,,,,,,,,,,,,,,,,True,True,True,True
episode-3e486bc1f2b82a96b312,UNDRR DesInventar Nepal,2002,7,23,Central Region,Lalitpur,Godamchaur,HEAVY RAINS,0,0,0,27,2,0,0,0.0,False,,,,,,,,,,,,,,,,,,,,,,,,,,True,True,True,True
episode-02429f897733104863df,UNDRR DesInventar Nepal,2002,7,23,Central Region,Lalitpur,Godawari,HEAVY RAINS,0,0,0,5,1,0,0,0.0,False,,,,,,,,,,,,,,,,,,,,,,,,,,True,True,True,True
episode-0373af10324c6d0efbd1,UNDRR DesInventar Nepal,2002,7,23,Central Region,Lalitpur,Harisiddhi,HEAVY RAINS,0,0,0,16,3,0,0,0.0,False,,,,,,,,,,,,,,,,,,,,,,,,,,True,True,True,True
episode-dbba89a130ffa8c737d7,UNDRR DesInventar Nepal,2002,7,23,Central Region,Lalitpur,Imadol,HEAVY RAINS,0,0,0,27,5,0,0,0.0,False,,,,,,,,,,,,,,,,,,,,,,,,,,True,True,True,True
episode-3b6c615f861a63845002,UNDRR DesInventar Nepal,2002,7,23,Central Region,Lalitpur,Jharuwarasi,HEAVY RAINS,0,0,0,11,1,0,0,0.0,False,,,,,,,,,,,,,,,,,,,,,,,,,,True,True,True,True
episode-1e46741e002c9109c1d6,UNDRR DesInventar Nepal,2002,7,23,Central Region,Lalitpur,Lamatar,HEAVY RAINS,0,0,0,38,4,0,0,0.0,False,,,,,,,,,,,,,,,,,,,,,,,,,,True,True,True,True
episode-009ea6587006d5f2f162,UNDRR DesInventar Nepal,2002,7,23,Central Region,Lalitpur,Lubhu,HEAVY RAINS,0,0,0,5,1,0,0,0.0,False,,,,,,,,,,,,,,,,,,,,,,,,,,True,True,True,True
episode-71cea4ccb9e98af65a8e,UNDRR DesInventar Nepal,2002,7,23,Central Region,Lalitpur,Saibu,HEAVY RAINS,0,0,0,11,2,0,0,0.0,False,,,,,,,,,,,,,,,,,,,,,,,,,,True,True,True,True
episode-8e392c09fbccf5d850e6,UNDRR DesInventar Nepal,2002,7,23,Central Region,Lalitpur,Siddhipur,HEAVY RAINS,1,0,0,5,0,0,0,0.0,False,,,,,,,,,,,,,,,,,,,,,,,,,,True,True,True,True
episode-6be4e81bd029cebcfe8f,UNDRR DesInventar Nepal,2002,7,23,Central Region,Lalitpur,Thaiba,HEAVY RAINS,0,0,0,21,1,0,0,0.0,False,,,,,,,,,,,,,,,,,,,,,,,,,,True,True,True,True
episode-9a3a291260090f544fe3,UNDRR DesInventar Nepal,2002,7,23,Central Region,Lalitpur,Thecho,HEAVY RAINS,1,0,0,5,1,0,0,0.0,False,,,,,,,,,,,,,,,,,,,,,,,,,,True,True,True,True
episode-de97b4232590acd3bed4,UNDRR DesInventar Nepal,2002,7,23,Central Region,Lalitpur,UNKNOWN,HEAVY RAINS,0,0,0,5,1,0,0,0.0,False,,,,,,,,,,,,,,,,,,,,,,,,,,True,True,True,True
episode-eef0fbcf3764e21fceab,UNDRR DesInventar Nepal,2002,7,23,Central Region,Parsa,Mahadevpatti,HEAVY RAINS,0,0,0,5,1,0,0,0.0,False,,,,,,,,,,,,,,,,,,,,,,,,,,True,True,True,True
episode-deead8a93126bb4632d6,UNDRR DesInventar Nepal,2002,7,23,Central Region,Parsa,Pindari Guthi,HEAVY RAINS,0,0,0,5,0,0,0,0.0,False,,,,,,,,,,,,,,,,,,,,,,,,,,True,True,True,True
episode-26e8baf107b70bdc50ea,UNDRR DesInventar Nepal,2002,7,23,Central Region,Parsa,UNKNOWN,HEAVY RAINS,0,0,0,271,6,0,0,0.0,False,,,,,,,,,,,,,,,,,,,,,,,,,,True,True,True,True
episode-870ef4e8ea6d8ff63940,UNDRR DesInventar Nepal,2002,7,23,Central Region,Rautahat,AGAIBI,HEAVY RAINS,0,0,0,32,0,6,0,0.0,False,,,,,,,,,,,,,,,,,,,,,,,,,,True,True,True,True
episode-1e1c7a59cbac73b291eb,UNDRR DesInventar Nepal,2002,7,23,Central Region,Rautahat,AKOLWA,HEAVY RAINS,0,0,0,43,1,10,0,0.0,False,,,,,,,,,,,,,,,,,,,,,,,,,,True,True,True,True
episode-4af1605277ec0159f9d3,UNDRR DesInventar Nepal,2002,7,23,Central Region,Rautahat,BADHARWA,HEAVY RAINS,0,0,0,1404,12,90,0,0.0,False,,,,,,,,,,,,,,,,,,,,,,,,,,True,True,True,True
episode-0b3c9df1ea8420b5a30a,UNDRR DesInventar Nepal,2002,7,23,Central Region,Rautahat,BAIRIYA,HEAVY RAINS,0,0,0,578,13,52,0,0.0,False,,,,,,,,,,,,,,,,,,,,,,,,,,True,True,True,True
episode-6d478f9f361c48ac3781,UNDRR DesInventar Nepal,2002,7,23,Central Region,Rautahat,BANJARHA,HEAVY RAINS,0,0,0,616,35,55,0,0.0,False,,,,,,,,,,,,,,,,,,,,,,,,,,True,True,True,True
episode-25518dc9bdc8b8d77d5a,UNDRR DesInventar Nepal,2002,7,23,Central Region,Rautahat,BASATPUR,HEAVY RAINS,0,0,0,1987,48,30,0,0.0,False,,,,,,,,,,,,,,,,,,,,,,,,,,True,True,True,True
episode-d71469e71dff305ba4e0,UNDRR DesInventar Nepal,2002,7,23,Central Region,Rautahat,BASBITTI,HEAVY RAINS,0,0,0,286,7,5,0,0.0,False,,,,,,,,,,,,,,,,,,,,,,,,,,True,True,True,True
episode-ffbf574f245215808a56,UNDRR DesInventar Nepal,2002,7,23,Central Region,Rautahat,BHALOHIYA,HEAVY RAINS,0,0,0,1085,32,35,0,0.0,False,,,,,,,,,,,,,,,,,,,,,,,,,,True,True,True,True
episode-d721e158b81fdd7875f2,UNDRR DesInventar Nepal,2002,7,23,Central Region,Rautahat,BHEDIYAHI,HEAVY RAINS,0,0,0,405,14,10,0,0.0,False,,,,,,,,,,,,,,,,,,,,,,,,,,True,True,True,True
episode-f94822fa96bb0c147df7,UNDRR DesInventar Nepal,2002,7,23,Central Region,Rautahat,BRAMHAPURI,HEAVY RAINS,0,0,0,1669,54,125,0,0.0,False,,,,,,,,,,,,,,,,,,,,,,,,,,True,True,True,True
episode-068db9b050ce8c1c0be6,UNDRR DesInventar Nepal,2002,7,23,Central Region,Rautahat,CHANDRANIGAHPUR,HEAVY RAINS,0,0,0,54,0,9,0,0.0,False,,,,,,,,,,,,,,,,,,,,,,,,,,True,True,True,True
episode-f22461128479c539ab20,UNDRR DesInventar Nepal,2002,7,23,Central Region,Rautahat,DEWAHI,HEAVY RAINS,0,0,0,178,5,10,0,0.0,False,,,,,,,,,,,,,,,,,,,,,,,,,,True,True,True,True
episode-a210fdd9ac27551ca6bd,UNDRR DesInventar Nepal,2002,7,23,Central Region,Rautahat,DHARMAPUR,HEAVY RAINS,0,0,0,1647,95,105,0,0.0,False,,,,,,,,,,,,,,,,,,,,,,,,,,True,True,True,True
episode-e7f3284727dbc7eab175,UNDRR DesInventar Nepal,2002,7,23,Central Region,Rautahat,GAMHARIYA PARSA,HEAVY RAINS,2,0,0,2419,60,100,0,0.0,False,,,,,,,,,,,,,,,,,,,,,,,,,,True,True,True,True
episode-46119c73b17648cf7529,UNDRR DesInventar Nepal,2002,7,23,Central Region,Rautahat,GAMHARIYABIRTA,HEAVY RAINS,0,0,0,756,15,55,0,0.0,False,,,,,,,,,,,,,,,,,,,,,,,,,,True,True,True,True
episode-d04dabde41f82da415cb,UNDRR DesInventar Nepal,2002,7,23,Central Region,Rautahat,GANGAPIPARA,HEAVY RAINS,0,0,0,297,8,35,0,0.0,False,,,,,,,,,,,,,,,,,,,,,,,,,,True,True,True,True
episode-87f14d1663777a830bc1,UNDRR DesInventar Nepal,2002,7,23,Central Region,Rautahat,GAUR NP,HEAVY RAINS,1,0,0,1269,26,98,0,0.0,False,,,,,,,,,,,,,,,,,,,,,,,,,,True,True,True,True
episode-b01fa41cdd8f5a3c3718,UNDRR DesInventar Nepal,2002,7,23,Central Region,Rautahat,GEDAHI GUTHI,HEAVY RAINS,0,0,0,27,1,10,0,0.0,False,,,,,,,,,,,,,,,,,,,,,,,,,,True,True,True,True
episode-f64740d4ebe05e0f2a47,UNDRR DesInventar Nepal,2002,7,23,Central Region,Rautahat,HAJMINIYA,HEAVY RAINS,0,0,0,702,15,30,0,0.0,False,,,,,,,,,,,,,,,,,,,,,,,,,,True,True,True,True
episode-0c33e39addd383395328,UNDRR DesInventar Nepal,2002,7,23,Central Region,Rautahat,INARWARI,HEAVY RAINS,0,0,0,103,0,9,0,0.0,False,,,,,,,,,,,,,,,,,,,,,,,,,,True,True,True,True
episode-74f4aba243c080700837,UNDRR DesInventar Nepal,2002,7,23,Central Region,Rautahat,INERWA,HEAVY RAINS,0,0,0,49,1,35,0,0.0,False,,,,,,,,,,,,,,,,,,,,,,,,,,True,True,True,True
episode-4dac7deaaabe672f0bd2,UNDRR DesInventar Nepal,2002,7,23,Central Region,Rautahat,JAYANAGAR,HEAVY RAINS,0,0,0,135,5,6,0,0.0,False,,,,,,,,,,,,,,,,,,,,,,,,,,True,True,True,True
episode-3895bbdcee699f1f39bc,UNDRR DesInventar Nepal,2002,7,23,Central Region,Rautahat,JETHARAHIYA,HEAVY RAINS,0,0,0,140,4,15,0,0.0,False,,,,,,,,,,,,,,,,,,,,,,,,,,True,True,True,True
episode-3f76abab360535034886,UNDRR DesInventar Nepal,2002,7,23,Central Region,Rautahat,JIGADAWA BELBICHHAWA,HEAVY RAINS,0,0,0,270,8,20,0,0.0,False,,,,,,,,,,,,,,,,,,,,,,,,,,True,True,True,True
episode-1491d235ef6825307ca5,UNDRR DesInventar Nepal,2002,7,23,Central Region,Rautahat,KANAKPUR,HEAVY RAINS,0,0,0,270,12,0,0,0.0,False,,,,,,,,,,,,,,,,,,,,,,,,,,True,True,True,True
episode-bca12392bee9293ef14a,UNDRR DesInventar Nepal,2002,7,23,Central Region,Rautahat,KARKACH KARMAHIV,HEAVY RAINS,0,0,0,173,14,8,0,0.0,False,,,,,,,,,,,,,,,,,,,,,,,,,,True,True,True,True
episode-ea700eb65f284cbacb87,UNDRR DesInventar Nepal,2002,7,23,Central Region,Rautahat,KARUNIVA,HEAVY RAINS,0,0,0,38,1,12,0,0.0,False,,,,,,,,,,,,,,,,,,,,,,,,,,True,True,True,True
episode-4469558a7aeae8c34b53,UNDRR DesInventar Nepal,2002,7,23,Central Region,Rautahat,KHESARAHIYA,HEAVY RAINS,0,0,0,227,8,14,0,0.0,False,,,,,,,,,,,,,,,,,,,,,,,,,,True,True,True,True
episode-c54479a30fffa464c88e,UNDRR DesInventar Nepal,2002,7,23,Central Region,Rautahat,LAKSMINIYA,HEAVY RAINS,0,0,0,49,9,4,0,0.0,False,,,,,,,,,,,,,,,,,,,,,,,,,,True,True,True,True
episode-8aaa3ddfa4b98357c871,UNDRR DesInventar Nepal,2002,7,23,Central Region,Rautahat,LAKSMIPUR,HEAVY RAINS,0,0,0,2333,37,70,0,0.0,False,,,,,,,,,,,,,,,,,,,,,,,,,,True,True,True,True
episode-f1a748580bfa788b76bd,UNDRR DesInventar Nepal,2002,7,23,Central Region,Rautahat,LAUKAHA,HEAVY RAINS,0,0,0,49,2,15,0,0.0,False,,,,,,,,,,,,,,,,,,,,,,,,,,True,True,True,True
episode-152a45a8188796cad46b,UNDRR DesInventar Nepal,2002,7,23,Central Region,Rautahat,MADANPUR,HEAVY RAINS,0,0,0,97,18,20,0,0.0,False,,,,,,,,,,,,,,,,,,,,,,,,,,True,True,True,True
episode-df495b7fe1ec1c775f45,UNDRR DesInventar Nepal,2002,7,23,Central Region,Rautahat,MADHOPUR,HEAVY RAINS,0,0,0,502,10,45,0,0.0,False,,,,,,,,,,,,,,,,,,,,,,,,,,True,True,True,True
episode-57f87b19292fb608f01d,UNDRR DesInventar Nepal,2002,7,23,Central Region,Rautahat,MATSARI,HEAVY RAINS,0,0,0,313,8,35,0,0.0,False,,,,,,,,,,,,,,,,,,,,,,,,,,True,True,True,True
episode-1a62c439bc8fc39195a3,UNDRR DesInventar Nepal,2002,7,23,Central Region,Rautahat,MITHUWA,HEAVY RAINS,0,0,1,551,11,21,0,0.0,False,,,,,,,,,,,,,,,,,,,,,,,,,,True,True,True,True
episode-dad4bb0db2ebffb6440c,UNDRR DesInventar Nepal,2002,7,23,Central Region,Rautahat,MUDBALAWA,HEAVY RAINS,0,0,0,1431,27,45,0,0.0,False,,,,,,,,,,,,,,,,,,,,,,,,,,True,True,True,True
episode-e4b5afff7aa600dd3b73,UNDRR DesInventar Nepal,2002,7,23,Central Region,Rautahat,PACHRUKHI,HEAVY RAINS,0,0,0,130,3,2,0,0.0,False,,,,,,,,,,,,,,,,,,,,,,,,,,True,True,True,True
episode-19edc629f9c3b1eae4ea,UNDRR DesInventar Nepal,2002,7,23,Central Region,Rautahat,PATHARA BUDHARAM,HEAVY RAINS,0,0,0,16,0,10,0,0.0,False,,,,,,,,,,,,,,,,,,,,,,,,,,True,True,True,True
episode-b5fdbdd8bcb504ec3d87,UNDRR DesInventar Nepal,2002,7,23,Central Region,Rautahat,PHATUWA MAHESHPUR,HEAVY RAINS,0,0,0,248,9,23,0,0.0,False,,,,,,,,,,,,,,,,,,,,,,,,,,True,True,True,True
episode-50c4a7afaeab2468c862,UNDRR DesInventar Nepal,2002,7,23,Central Region,Rautahat,PIPARA BHAGWANPUR,HEAVY RAINS,0,0,0,0,0,0,0,0.0,False,,,,,,,,,,,,,,,,,,,,,,,,,,True,True,True,True
episode-181fe93cdd7727e0d0c7,UNDRR DesInventar Nepal,2002,7,23,Central Region,Rautahat,PIPARA RAJBARA,HEAVY RAINS,0,0,0,180,80,90,0,0.0,False,,,,,,,,,,,,,,,,,,,,,,,,,,True,True,True,True
episode-83d31ab4878470b17928,UNDRR DesInventar Nepal,2002,7,23,Central Region,Rautahat,PIPARIYA,HEAVY RAINS,0,0,0,27,0,5,0,0.0,False,,,,,,,,,,,,,,,,,,,,,,,,,,True,True,True,True
episode-43fe5a30878b5b939828,UNDRR DesInventar Nepal,2002,7,23,Central Region,Rautahat,RAJDEVI,HEAVY RAINS,0,0,0,1156,31,90,0,0.0,False,,,,,,,,,,,,,,,,,,,,,,,,,,True,True,True,True
episode-2548919db66698b66d25,UNDRR DesInventar Nepal,2002,7,23,Central Region,Rautahat,RAJPUR TULSI,HEAVY RAINS,0,0,0,340,10,30,0,0.0,False,,,,,,,,,,,,,,,,,,,,,,,,,,True,True,True,True
episode-40e7a37ae10719caa68a,UNDRR DesInventar Nepal,2002,7,23,Central Region,Rautahat,SAKHUAWA,HEAVY RAINS,0,0,0,475,15,18,0,0.0,False,,,,,,,,,,,,,,,,,,,,,,,,,,True,True,True,True
episode-80af6dce4f325a02cb24,UNDRR DesInventar Nepal,2002,7,23,Central Region,Rautahat,TEJAPAKAD,HEAVY RAINS,0,0,0,108,3,7,0,0.0,False,,,,,,,,,,,,,,,,,,,,,,,,,,True,True,True,True
episode-b27f269824bb472c94ae,UNDRR DesInventar Nepal,2002,7,23,Central Region,Rautahat,UNKNOWN,HEAVY RAINS,0,0,0,891,28,60,0,0.0,False,,,,,,,,,,,,,,,,,,,,,,,,,,True,True,True,True
episode-a3310d5eef1fcdbab846,UNDRR DesInventar Nepal,2002,7,23,Eastern Region,Saptari,LAUNIYA,HEAVY RAINS,0,0,0,0,50,0,0,0.0,False,,,,,,,,,,,,,,,,,,,,,,,,,,True,True,True,True
episode-e97a3535cb0a2bee216e,UNDRR DesInventar Nepal,2002,7,23,Eastern Region,Saptari,UNKNOWN,HEAVY RAINS,0,0,0,0,40,0,0,0.0,False,,,,,,,,,,,,,,,,,,,,,,,,,,True,True,True,True
episode-1ed15119a411b16de89b,UNDRR DesInventar Nepal,2002,7,23,Central Region,Sarlahi,BARAHATHAWA,HEAVY RAINS,0,0,0,0,0,0,140,0.0,False,,,,,,,,,,,,,,,,,,,,,,,,,,True,True,True,True
episode-7d9c1afb0d97d08d4987,UNDRR DesInventar Nepal,2002,7,23,Central Region,Sarlahi,BATRAUL,HEAVY RAINS,0,0,0,3488,13,0,0,0.0,False,,,,,,,,,,,,,,,,,,,,,,,,,,True,True,True,True
episode-7a36f49d4c02cef54e18,UNDRR DesInventar Nepal,2002,7,23,Central Region,Sarlahi,BELHI,HEAVY RAINS,0,0,0,2970,7,33,0,0.0,False,,,,,,,,,,,,,,,,,,,,,,,,,,True,True,True,True
episode-115ef69fb46de204fe64,UNDRR DesInventar Nepal,2002,7,23,Central Region,Sarlahi,BHANDSAR,HEAVY RAINS,0,0,0,2430,10,11,0,0.0,False,,,,,,,,,,,,,,,,,,,,,,,,,,True,True,True,True
episode-4883d0e917f421b26a83,UNDRR DesInventar Nepal,2002,7,23,Central Region,Sarlahi,CHHOTAUL,HEAVY RAINS,0,0,0,6529,31,62,0,0.0,False,,,,,,,,,,,,,,,,,,,,,,,,,,True,True,True,True
episode-51431d90051e64a55176,UNDRR DesInventar Nepal,2002,7,23,Central Region,Sarlahi,DHUNGREKHOLA,HEAVY RAINS,0,0,0,22,0,4,0,0.0,False,,,,,,,,,,,,,,,,,,,,,,,,,,True,True,True,True
episode-e75b241cae97605d5a5f,UNDRR DesInventar Nepal,2002,7,23,Central Region,Sarlahi,DUMARIYA,HEAVY RAINS,0,0,0,3613,35,259,0,0.0,False,,,,,,,,,,,,,,,,,,,,,,,,,,True,True,True,True
episode-ac4662fa443f886b1c3b,UNDRR DesInventar Nepal,2002,7,23,Central Region,Sarlahi,GADHIYA,HEAVY RAINS,0,0,0,4833,8,36,0,0.0,False,,,,,,,,,,,,,,,,,,,,,,,,,,True,True,True,True
episode-c2e7541987cf30fe4e01,UNDRR DesInventar Nepal,2002,7,23,Central Region,Sarlahi,GODAITA,HEAVY RAINS,0,0,0,4660,18,34,0,0.0,False,,,,,,,,,,,,,,,,,,,,,,,,,,True,True,True,True
episode-947e252b7871950a702e,UNDRR DesInventar Nepal,2002,7,23,Central Region,Sarlahi,HAJARIYA,HEAVY RAINS,0,0,0,5221,44,532,270,0.0,False,,,,,,,,,,,,,,,,,,,,,,,,,,True,True,True,True
episode-b022af1a9c89ed89c0d3,UNDRR DesInventar Nepal,2002,7,23,Central Region,Sarlahi,HARKATHAWA,HEAVY RAINS,0,0,0,2738,57,127,0,0.0,False,,,,,,,,,,,,,,,,,,,,,,,,,,True,True,True,True
episode-f004f70e6eae54bd5db7,UNDRR DesInventar Nepal,2002,7,23,Central Region,Sarlahi,KARMAIYA,HEAVY RAINS,0,0,0,1366,0,0,0,0.0,False,,,,,,,,,,,,,,,,,,,,,,,,,,True,True,True,True
episode-f48bfe14db0f2ffe3e2c,UNDRR DesInventar Nepal,2002,7,23,Central Region,Sarlahi,KAUDENA,HEAVY RAINS,0,0,0,3586,31,75,0,0.0,False,,,,,,,,,,,,,,,,,,,,,,,,,,True,True,True,True
episode-e30f833771d5b639f3bc,UNDRR DesInventar Nepal,2002,7,23,Central Region,Sarlahi,LAKSMIPUR (KO),HEAVY RAINS,0,0,0,4703,28,8,0,0.0,False,,,,,,,,,,,,,,,,,,,,,,,,,,True,True,True,True
episode-a230e3e1536ef76cbcb0,UNDRR DesInventar Nepal,2002,7,23,Central Region,Sarlahi,MAHINATHPUR,HEAVY RAINS,0,0,0,3332,4,537,0,0.0,False,,,,,,,,,,,,,,,,,,,,,,,,,,True,True,True,True
episode-16411ce6fa523cf2e716,UNDRR DesInventar Nepal,2002,7,23,Central Region,Sarlahi,MANPUR,HEAVY RAINS,0,1,0,2916,40,31,0,0.0,False,,,,,,,,,,,,,,,,,,,,,,,,,,True,True,True,True
episode-38398aedee31790f7d20,UNDRR DesInventar Nepal,2002,7,23,Central Region,Sarlahi,NETRAGANJ,HEAVY RAINS,0,0,0,1944,0,70,0,0.0,False,,,,,,,,,,,,,,,,,,,,,,,,,,True,True,True,True
episode-a27bc8ded4f0017d6350,UNDRR DesInventar Nepal,2002,7,23,Central Region,Sarlahi,PARARIYA,HEAVY RAINS,0,0,0,4201,7,49,0,0.0,False,,,,,,,,,,,,,,,,,,,,,,,,,,True,True,True,True
episode-56bc07300ee3856bf5ce,UNDRR DesInventar Nepal,2002,7,23,Central Region,Sarlahi,RAJGHAT,HEAVY RAINS,0,0,0,2970,1,1,0,0.0,False,,,,,,,,,,,,,,,,,,,,,,,,,,True,True,True,True
episode-03d90332f66b2b682769,UNDRR DesInventar Nepal,2002,7,23,Central Region,Sarlahi,RAMNAGAR BHAHUARWA,HEAVY RAINS,0,0,0,14801,107,143,0,0.0,False,,,,,,,,,,,,,,,,,,,,,,,,,,True,True,True,True
episode-6759e1c0dba61b93f742,UNDRR DesInventar Nepal,2002,7,23,Central Region,Sarlahi,SAKRAUL,HEAVY RAINS,0,0,0,3008,31,14,0,0.0,False,,,,,,,,,,,,,,,,,,,,,,,,,,True,True,True,True
episode-958f6c44b3bfe5d93117,UNDRR DesInventar Nepal,2002,7,23,Central Region,Sarlahi,SHREEPUR,HEAVY RAINS,0,0,0,200,0,0,0,0.0,False,,,,,,,,,,,,,,,,,,,,,,,,,,True,True,True,True
episode-79805f11d447809e774f,UNDRR DesInventar Nepal,2002,7,23,Central Region,Sarlahi,SISAUT,HEAVY RAINS,0,0,0,2608,38,45,0,0.0,False,,,,,,,,,,,,,,,,,,,,,,,,,,True,True,True,True
episode-69881fd6fefdfdc49dc3,UNDRR DesInventar Nepal,2002,7,23,Central Region,Sarlahi,SUNDARPUR,HEAVY RAINS,0,0,0,12970,39,145,0,0.0,False,,,,,,,,,,,,,,,,,,,,,,,,,,True,True,True,True
episode-91eb32d11027f8d81158,UNDRR DesInventar Nepal,2002,7,23,Central Region,Sarlahi,TRIBHUWAN NAGAR,HEAVY RAINS,0,0,0,1998,4,10,0,0.0,False,,,,,,,,,,,,,,,,,,,,,,,,,,True,True,True,True
episode-149c955b0dd59007da33,UNDRR DesInventar Nepal,2002,7,23,Central Region,Sarlahi,UNKNOWN,HEAVY RAINS,0,0,0,2695,6,40,0,0.0,False,,,,,,,,,,,,,,,,,,,,,,,,,,True,True,True,True
episode-128f2e075fd6355114a9,UNDRR DesInventar Nepal,2002,7,23,Central Region,Sindhuli,Kamalamai Municipality,HEAVY RAINS,0,0,0,259,0,0,0,0.0,False,,,,,,,,,,,,,,,,,,,,,,,,,,True,True,True,True
episode-bf46ba40164ed16beb7d,UNDRR DesInventar Nepal,2002,7,23,Eastern Region,Sunsari,Babiya,HEAVY RAINS,0,1,1,11,0,0,0,0.0,False,,,,,,,,,,,,,,,,,,,,,,,,,,True,True,True,True
episode-32f5eb73fc84823ce00d,UNDRR DesInventar Nepal,2002,7,23,Eastern Region,Sunsari,Inaruwa Municipality,HEAVY RAINS,0,3,0,0,0,0,0,0.0,False,,,,,,,,,,,,,,,,,,,,,,,,,,True,True,True,True
episode-13ff02717a2952aad606,UNDRR DesInventar Nepal,2002,7,23,Eastern Region,Sunsari,Sonapur,HEAVY RAINS,0,1,0,5,0,0,0,0.0,False,,,,,,,,,,,,,,,,,,,,,,,,,,True,True,True,True
episode-e5bc9359568b500473ee,UNDRR DesInventar Nepal,2002,7,23,Eastern Region,Sunsari,UNKNOWN,UNKNOWN,0,2,0,4,0,0,0,0.0,False,,,,,,,,,,,,,,,,,,,,,,,,,,True,True,True,True
episode-d18c6509fae7ca304366,UNDRR DesInventar Nepal,2002,7,23,Western Region,Syangja,RUPAKOT,HEAVY RAINS,0,1,0,0,0,0,0,0.0,False,,,,,,,,,,,,,,,,,,,,,,,,,,True,True,True,True
episode-752fd779c8b54eb7f878,UNDRR DesInventar Nepal,2002,7,24,Central Region,Bara,ITIYAHI,HEAVY RAINS,0,0,0,173,0,0,0,0.0,False,,,,,,,,,,,,,,,,,,,,,,,,,,True,True,True,True
episode-2b93734f355cec110f57,UNDRR DesInventar Nepal,2002,7,24,Eastern Region,Jhapa,BHUDHABARE,HEAVY RAINS,0,0,0,0,0,0,0,0.0,False,,,,,,,,,,,,,,,,,,,,,,,,,,True,True,True,True
episode-2578744dc348756a6c7e,UNDRR DesInventar Nepal,2002,7,24,Central Region,Kathmandu,KATHMANDU METROPOLITAN CITY,HEAVY RAINS,0,0,0,0,0,0,0,0.0,False,,,,,,,,,,,,,,,,,,,,,,,,,,True,True,True,True
episode-44f605c055f373d1dbc4,UNDRR DesInventar Nepal,2002,7,24,Eastern Region,Morang,Rajghat,HEAVY RAINS,0,0,0,540,3,0,16,0.0,False,,,,,,,,,,,,,,,,,,,,,,,,,,True,True,True,True
episode-2e98875fc2b2fd25d082,UNDRR DesInventar Nepal,2002,7,24,Eastern Region,Morang,UNKNOWN,HEAVY RAINS,0,0,0,0,0,0,0,0.0,False,,,,,,,,,,,,,,,,,,,,,,,,,,True,True,True,True
episode-7d3c3d6fdde7704395ea,UNDRR DesInventar Nepal,2002,7,24,Central Region,Sindhuli,Kalpabriksha,HEAVY RAINS,0,0,0,0,0,0,0,0.0,False,,,,,,,,,,,,,,,,,,,,,,,,,,True,True,True,True
episode-1d20f6bb7070c6140a61,UNDRR DesInventar Nepal,2002,7,24,Central Region,Sindhuli,Kapilakot,HEAVY RAINS,0,0,0,0,0,0,0,0.0,False,,,,,,,,,,,,,,,,,,,,,,,,,,True,True,True,True
episode-06bafa43d9ea0cf6895f,UNDRR DesInventar Nepal,2002,7,24,Central Region,Sindhuli,Mahadevsthan,HEAVY RAINS,0,0,0,0,0,0,0,0.0,False,,,,,,,,,,,,,,,,,,,,,,,,,,True,True,True,True
episode-fd963ae8f917ec785d07,UNDRR DesInventar Nepal,2002,7,25,Central Region,Dhanusa,Jhatiyahi,OTHER,1,0,0,0,0,0,0,0.0,False,,,,,,,,,,,,,,,,,,,,,,,,,,True,True,True,True
episode-9a62bc234462e079dac8,UNDRR DesInventar Nepal,2002,7,25,Eastern Region,Jhapa,MAHABHARA,HEAVY RAINS,0,0,0,270,0,0,0,0.0,False,,,,,,,,,,,,,,,,,,,,,,,,,,True,True,True,True
episode-d4a01577127c127d6520,UNDRR DesInventar Nepal,2002,7,25,Western Region,Nawalparasi,KOLHUWA,HEAVY RAINS,1,0,0,5,0,0,0,0.0,False,,,,,,,,,,,,,,,,,,,,,,,,,,True,True,True,True
episode-ece2ededb812d6949727,UNDRR DesInventar Nepal,2002,7,25,Western Region,Nawalparasi,UNKNOWN,HEAVY RAINS,0,0,0,6761,107,0,350,0.0,False,,,,,,,,,,,,,,,,,,,,,,,,,,True,True,True,True
episode-907f14c3f3eb91c004f7,UNDRR DesInventar Nepal,2002,7,25,Central Region,Sarlahi,NETRAGANJ,OTHER,0,0,0,0,0,0,0,0.0,False,,,,,,,,,,,,,,,,,,,,,,,,,,True,True,True,True
episode-b94dbe6d590ab7d513c4,UNDRR DesInventar Nepal,2002,7,25,Central Region,Sindhuli,Kamalamai Municipality,HEAVY RAINS,0,0,0,0,0,0,0,0.0,False,,,,,,,,,,,,,,,,,,,,,,,,,,True,True,True,True
episode-a6e7816c89d505a37810,UNDRR DesInventar Nepal,2002,7,25,Eastern Region,Sunsari,Amaduwa,HEAVY RAINS,0,0,0,176,3,0,0,0.0,False,,,,,,,,,,,,,,,,,,,,,,,,,,True,True,True,True
episode-b202218bd749d2ae4437,UNDRR DesInventar Nepal,2002,7,25,Eastern Region,Sunsari,Duhabi,HEAVY RAINS,0,0,0,11,2,0,0,0.0,False,,,,,,,,,,,,,,,,,,,,,,,,,,True,True,True,True
episode-aea4d5b9b5575e938f54,UNDRR DesInventar Nepal,2002,7,25,Eastern Region,Sunsari,Narshinhatappu,HEAVY RAINS,0,0,0,22,4,0,0,0.0,False,,,,,,,,,,,,,,,,,,,,,,,,,,True,True,True,True
episode-1927486a0ef549c78078,UNDRR DesInventar Nepal,2002,7,25,Eastern Region,Udayapur,Hadiya,HEAVY RAINS,0,0,0,43,0,0,0,0.0,False,,,,,,,,,,,,,,,,,,,,,,,,,,True,True,True,True
episode-c3c900c0c88e55e9bcd4,UNDRR DesInventar Nepal,2002,7,25,Eastern Region,Udayapur,Sundarpur,HEAVY RAINS,0,0,0,270,0,0,0,0.0,False,,,,,,,,,,,,,,,,,,,,,,,,,,True,True,True,True
episode-c5da6f550ec38e68f0cf,UNDRR DesInventar Nepal,2002,7,25,Eastern Region,Udayapur,Tapeshwari,HEAVY RAINS,0,0,0,108,0,0,0,0.0,False,,,,,,,,,,,,,,,,,,,,,,,,,,True,True,True,True
episode-1d1a0c6861361d8e7273,UNDRR DesInventar Nepal,2002,7,26,Eastern Region,Bhojpur,BHOJPUR,HEAVY RAINS,1,0,0,135,26,0,0,0.0,False,,,,,,,,,,,,,,,,,,,,,,,,,,True,True,True,True
episode-15775dd3cc7ed35356c7,UNDRR DesInventar Nepal,2002,7,26,Eastern Region,Bhojpur,HASANPUR,HEAVY RAINS,0,3,0,170,33,0,0,0.0,False,,,,,,,,,,,,,,,,,,,,,,,,,,True,True,True,True
episode-c02c6b0c54b5e9272e33,UNDRR DesInventar Nepal,2002,7,26,Central Region,Dhading,DHUSA,HEAVY RAINS,2,0,0,0,0,0,0,0.0,False,,,,,,,,,,,,,,,,,,,,,,,,,,True,True,True,True
episode-da6123ee39f78eab3015,UNDRR DesInventar Nepal,2002,7,26,Eastern Region,Dhankuta,KURULETENUPA,HEAVY RAINS,10,0,0,54,10,0,0,0.0,False,,,,,,,,,,,,,,,,,,,,,,,,,,True,True,True,True
episode-bb2f5ce11b2bb554a35e,UNDRR DesInventar Nepal,2002,7,26,Eastern Region,Dhankuta,UNKNOWN,HEAVY RAINS,0,0,0,486,60,0,0,0.0,False,,,,,,,,,,,,,,,,,,,,,,,,,,True,True,True,True
episode-fa2dad3287119e9d1615,UNDRR DesInventar Nepal,2002,7,26,Central Region,Dhanusa,Pachaharwa,HEAVY RAINS,1,0,0,0,0,0,0,0.0,False,,,,,,,,,,,,,,,,,,,,,,,,,,True,True,True,True
episode-d3853c9f7d612f31c826,UNDRR DesInventar Nepal,2002,7,26,Eastern Region,Jhapa,LAKHANPUR,HEAVY RAINS,0,0,0,135,3,0,0,0.0,False,,,,,,,,,,,,,,,,,,,,,,,,,,True,True,True,True
episode-fcc1b66b1367620c58b5,UNDRR DesInventar Nepal,2002,7,26,Eastern Region,Jhapa,SHIVAGANJ,HEAVY RAINS,0,0,0,270,0,0,0,0.0,False,,,,,,,,,,,,,,,,,,,,,,,,,,True,True,True,True
episode-00656ee98529efb93d52,UNDRR DesInventar Nepal,2002,7,26,Eastern Region,Jhapa,UNKNOWN,HEAVY RAINS,1,0,0,0,0,0,0,0.0,False,,,,,,,,,,,,,,,,,,,,,,,,,,True,True,True,True
episode-549c81a80ff01a5e1f7f,UNDRR DesInventar Nepal,2002,7,26,Central Region,Kathmandu,DHAPASHI,HEAVY RAINS,2,0,2,5,1,0,0,0.0,False,,,,,,,,,,,,,,,,,,,,,,,,,,True,True,True,True
episode-db9ac721e7ebc3d0002f,UNDRR DesInventar Nepal,2002,7,26,Central Region,Kathmandu,KATHMANDU METROPOLITAN CITY,HEAVY RAINS,1,0,0,5,1,0,0,0.0,False,,,,,,,,,,,,,,,,,,,,,,,,,,True,True,True,True
episode-bc7dd5662470d511fa2c,UNDRR DesInventar Nepal,2002,7,26,Eastern Region,Morang,Biratnagar Municipality,HEAVY RAINS,0,0,0,1620,0,0,0,0.0,False,,,,,,,,,,,,,,,,,,,,,,,,,,True,True,True,True
episode-98b7c095bd05f7770017,UNDRR DesInventar Nepal,2002,7,26,Eastern Region,Morang,Letang,HEAVY RAINS,1,0,0,19,19,0,0,0.0,False,,,,,,,,,,,,,,,,,,,,,,,,,,True,True,True,True
episode-4064e41d78c41c4a0939,UNDRR DesInventar Nepal,2002,7,26,Eastern Region,Panchthar,HAGUN,HEAVY RAINS,1,0,0,0,0,0,0,0.0,False,,,,,,,,,,,,,,,,,,,,,,,,,,True,True,True,True
episode-1defe53bdb7631866640,UNDRR DesInventar Nepal,2002,7,26,Western Region,Rupandehi,UNKNOWN,HEAVY RAINS,0,0,0,22,4,0,0,0.0,False,,,,,,,,,,,,,,,,,,,,,,,,,,True,True,True,True
episode-096c79cdeae29b61df58,UNDRR DesInventar Nepal,2002,7,26,Eastern Region,Sunsari,Duhabi,HEAVY RAINS,1,0,0,5,0,0,0,0.0,False,,,,,,,,,,,,,,,,,,,,,,,,,,True,True,True,True
episode-f4207e8a21a095554b07,UNDRR DesInventar Nepal,2002,7,26,Eastern Region,Sunsari,Sahebganj,HEAVY RAINS,0,0,0,43,8,0,0,0.0,False,,,,,,,,,,,,,,,,,,,,,,,,,,True,True,True,True
episode-3a84b4fd1d37fc38d5fd,UNDRR DesInventar Nepal,2002,7,27,Eastern Region,Bhojpur,PANCHA,HEAVY RAINS,0,0,0,5,1,0,0,0.0,False,,,,,,,,,,,,,,,,,,,,,,,,,,True,True,True,True
episode-2ce147801a15430a9742,UNDRR DesInventar Nepal,2002,7,27,Eastern Region,Morang,Baerban,HEAVY RAINS,0,0,0,0,0,0,0,0.0,False,,,,,,,,,,,,,,,,,,,,,,,,,,True,True,True,True
episode-f5c0d957ee417888d79f,UNDRR DesInventar Nepal,2002,7,27,Eastern Region,Morang,Bahuni,HEAVY RAINS,0,0,0,518,12,42,135,0.0,False,,,,,,,,,,,,,,,,,,,,,,,,,,True,True,True,True
episode-d47e74e4731b3a5a8f7f,UNDRR DesInventar Nepal,2002,7,27,Eastern Region,Morang,Baradanga,HEAVY RAINS,0,0,0,0,0,0,0,0.0,False,,,,,,,,,,,,,,,,,,,,,,,,,,True,True,True,True
episode-f4a9e40568fe6144f9f1,UNDRR DesInventar Nepal,2002,7,27,Eastern Region,Morang,Budhanagar,HEAVY RAINS,0,0,0,0,0,0,0,0.0,False,,,,,,,,,,,,,,,,,,,,,,,,,,True,True,True,True
episode-327a55a9107f6177abc4,UNDRR DesInventar Nepal,2002,7,27,Eastern Region,Morang,Dangighat,HEAVY RAINS,0,0,0,0,0,0,0,0.0,False,,,,,,,,,,,,,,,,,,,,,,,,,,True,True,True,True
episode-91952665ad6420196f3b,UNDRR DesInventar Nepal,2002,7,27,Eastern Region,Morang,Drabesha,HEAVY RAINS,0,0,0,540,5,0,1274,0.0,False,,,,,,,,,,,,,,,,,,,,,,,,,,True,True,True,True
episode-f46a08edd0aae493da12,UNDRR DesInventar Nepal,2002,7,27,Eastern Region,Morang,Govindapur,HEAVY RAINS,0,0,0,810,0,0,0,0.0,False,,,,,,,,,,,,,,,,,,,,,,,,,,True,True,True,True
episode-c8397f9c6d054cdb7cbd,UNDRR DesInventar Nepal,2002,7,27,Eastern Region,Morang,Hoklabari,HEAVY RAINS,0,0,0,270,5,0,103,0.0,False,,,,,,,,,,,,,,,,,,,,,,,,,,True,True,True,True
episode-43359187019dd0575208,UNDRR DesInventar Nepal,2002,7,27,Eastern Region,Morang,Itahara,HEAVY RAINS,0,0,0,0,0,0,0,0.0,False,,,,,,,,,,,,,,,,,,,,,,,,,,True,True,True,True
episode-f2169547e176a99b8ad1,UNDRR DesInventar Nepal,2002,7,27,Eastern Region,Morang,Jante,HEAVY RAINS,0,0,0,0,0,0,0,0.0,False,,,,,,,,,,,,,,,,,,,,,,,,,,True,True,True,True
episode-d760892e5a7dea28195c,UNDRR DesInventar Nepal,2002,7,27,Eastern Region,Morang,Kaseni,HEAVY RAINS,0,0,0,0,0,0,0,0.0,False,,,,,,,,,,,,,,,,,,,,,,,,,,True,True,True,True
episode-4ad1eec59cde1ba49275,UNDRR DesInventar Nepal,2002,7,27,Eastern Region,Morang,Kerabari,HEAVY RAINS,0,0,0,0,0,0,0,0.0,False,,,,,,,,,,,,,,,,,,,,,,,,,,True,True,True,True
episode-d1851dc7e656cb35ea4d,UNDRR DesInventar Nepal,2002,7,27,Eastern Region,Morang,Keron,HEAVY RAINS,0,0,0,0,0,0,162,0.0,False,,,,,,,,,,,,,,,,,,,,,,,,,,True,True,True,True
episode-69c7314a5eb61c93815c,UNDRR DesInventar Nepal,2002,7,27,Eastern Region,Morang,Letang,HEAVY RAINS,0,0,0,0,0,0,194,0.0,False,,,,,,,,,,,,,,,,,,,,,,,,,,True,True,True,True
episode-e8bcf0b808308b0120d4,UNDRR DesInventar Nepal,2002,7,27,Eastern Region,Morang,Madhumalla,HEAVY RAINS,0,0,0,0,5,0,0,0.0,False,,,,,,,,,,,,,,,,,,,,,,,,,,True,True,True,True
episode-eaf4ae0f230a73b64d6a,UNDRR DesInventar Nepal,2002,7,27,Eastern Region,Morang,Mahadeva,OTHER,0,0,0,0,0,0,0,0.0,False,,,,,,,,,,,,,,,,,,,,,,,,,,True,True,True,True
episode-03c7e5f8f7dfb4dabbbb,UNDRR DesInventar Nepal,2002,7,27,Eastern Region,Morang,Majhare,HEAVY RAINS,0,0,0,0,0,0,0,0.0,False,,,,,,,,,,,,,,,,,,,,,,,,,,True,True,True,True
episode-6db020a15c98602e3176,UNDRR DesInventar Nepal,2002,7,27,Eastern Region,Morang,Rajghat,HEAVY RAINS,0,0,0,65,3,0,16,0.0,False,,,,,,,,,,,,,,,,,,,,,,,,,,True,True,True,True
episode-cda49631efc4f8c92602,UNDRR DesInventar Nepal,2002,7,27,Eastern Region,Morang,Rangeli,HEAVY RAINS,0,0,0,70,0,0,0,0.0,False,,,,,,,,,,,,,,,,,,,,,,,,,,True,True,True,True
episode-d3f8b90aa99f40a6f6f5,UNDRR DesInventar Nepal,2002,7,27,Eastern Region,Morang,Sanischare,HEAVY RAINS,0,0,0,11,0,0,0,0.0,False,,,,,,,,,,,,,,,,,,,,,,,,,,True,True,True,True
episode-763ff8743fca7462540c,UNDRR DesInventar Nepal,2002,7,27,Eastern Region,Morang,Sijuwa,HEAVY RAINS,0,0,0,0,0,0,0,0.0,False,,,,,,,,,,,,,,,,,,,,,,,,,,True,True,True,True
episode-365d138130da051d8b09,UNDRR DesInventar Nepal,2002,7,27,Eastern Region,Morang,UNKNOWN,HEAVY RAINS,0,0,0,189,8,0,0,0.0,False,,,,,,,,,,,,,,,,,,,,,,,,,,True,True,True,True
episode-87b7302d82a737da35eb,UNDRR DesInventar Nepal,2002,7,27,Eastern Region,Morang,Urlabari,HEAVY RAINS,0,0,0,0,0,0,0,0.0,False,,,,,,,,,,,,,,,,,,,,,,,,,,True,True,True,True
episode-ce89f966359913ca3a35,UNDRR DesInventar Nepal,2002,7,27,Western Region,Rupandehi,UNKNOWN,HEAVY RAINS,0,0,0,5,1,0,0,0.0,False,,,,,,,,,,,,,,,,,,,,,,,,,,True,True,True,True
episode-d6e3570b282090613a74,UNDRR DesInventar Nepal,2002,7,27,Eastern Region,Sunsari,UNKNOWN,HEAVY RAINS,0,0,0,918,50,0,0,0.0,False,,,,,,,,,,,,,,,,,,,,,,,,,,True,True,True,True
episode-c7346e767af262ef4ffd,UNDRR DesInventar Nepal,2002,7,28,Eastern Region,Dhankuta,ARKHAULE JITPUR,HEAVY RAINS,0,1,0,0,0,0,0,0.0,False,,,,,,,,,,,,,,,,,,,,,,,,,,True,True,True,True
episode-2ec672c266c4f2cdea01,UNDRR DesInventar Nepal,2002,7,28,Eastern Region,Dhankuta,CHHANAMBAR BUDHABARE,HEAVY RAINS,1,0,0,0,0,0,0,0.0,False,,,,,,,,,,,,,,,,,,,,,,,,,,True,True,True,True
episode-661e2801a4a96ca03860,UNDRR DesInventar Nepal,2002,7,28,Central Region,Lalitpur,Lalitpur Municipality,HEAVY RAINS,1,0,0,0,0,0,0,0.0,False,,,,,,,,,,,,,,,,,,,,,,,,,,True,True,True,True
episode-bfffe89a7778deb666c5,UNDRR DesInventar Nepal,2002,7,28,Eastern Region,Morang,Haraicha,HEAVY RAINS,0,0,0,38,0,0,0,0.0,False,,,,,,,,,,,,,,,,,,,,,,,,,,True,True,True,True
episode-aecc986a7329232e926a,UNDRR DesInventar Nepal,2002,7,28,Eastern Region,Sankhuwasabha,Khadbari Municipali,HEAVY RAINS,0,0,0,113,0,6,0,0.0,False,,,,,,,,,,,,,,,,,,,,,,,,,,True,True,True,True
episode-4bf6adc206208023dc5a,UNDRR DesInventar Nepal,2002,7,28,Eastern Region,Udayapur,Hadiya,HEAVY RAINS,0,0,0,324,0,0,0,0.0,False,,,,,,,,,,,,,,,,,,,,,,,,,,True,True,True,True
episode-6cf7a164f447cdacee67,UNDRR DesInventar Nepal,2002,7,29,Western Region,Gorkha,JAUBARI,HEAVY RAINS,1,0,0,0,0,0,0,0.0,False,,,,,,,,,,,,,,,,,,,,,,,,,,True,True,True,True
episode-d9f31674aa115b06eff4,UNDRR DesInventar Nepal,2002,7,29,Eastern Region,Morang,Amardaha,HEAVY RAINS,0,0,1,5,0,0,0,0.0,False,,,,,,,,,,,,,,,,,,,,,,,,,,True,True,True,True
episode-bf53c6ed0b1500c3c9f2,UNDRR DesInventar Nepal,2002,7,29,Eastern Region,Morang,Rajghat,HEAVY RAINS,1,0,0,0,0,0,0,0.0,False,,,,,,,,,,,,,,,,,,,,,,,,,,True,True,True,True
episode-ea2870649b27b24f9ceb,UNDRR DesInventar Nepal,2002,7,29,Eastern Region,Siraha,Badaharamal,HEAVY RAINS,0,0,0,324,0,0,0,0.0,False,,,,,,,,,,,,,,,,,,,,,,,,,,True,True,True,True
episode-c3649daa83b241817b18,UNDRR DesInventar Nepal,2002,7,29,Eastern Region,Siraha,Ramnagar Mirchaiya,HEAVY RAINS,0,0,0,103,4,0,0,0.0,False,,,,,,,,,,,,,,,,,,,,,,,,,,True,True,True,True
episode-a6bc8051e9bfc630660e,UNDRR DesInventar Nepal,2002,7,29,Eastern Region,Sunsari,Itahari Municipality,HEAVY RAINS,0,1,0,5,0,0,0,0.0,False,,,,,,,,,,,,,,,,,,,,,,,,,,True,True,True,True
episode-e6832d7e39cb40995e15,UNDRR DesInventar Nepal,2002,7,30,Central Region,Sarlahi,BELA,HEAVY RAINS,0,0,0,791,35,0,0,0.0,False,,,,,,,,,,,,,,,,,,,,,,,,,,True,True,True,True
episode-c1359d2e36acda5a8094,UNDRR DesInventar Nepal,2002,7,30,Central Region,Sarlahi,SUNDARPUR,HEAVY RAINS,0,0,0,594,0,0,0,0.0,False,,,,,,,,,,,,,,,,,,,,,,,,,,True,True,True,True
episode-db9a2fda6de26db21df4,UNDRR DesInventar Nepal,2002,7,30,Eastern Region,Siraha,Badaharamal,HEAVY RAINS,0,0,0,0,0,0,97,0.0,False,,,,,,,,,,,,,,,,,,,,,,,,,,True,True,True,True
episode-88e59ba267cd83d5d47b,UNDRR DesInventar Nepal,2002,7,30,Eastern Region,Siraha,Sikraun,HEAVY RAINS,0,0,0,0,0,0,790,0.0,False,,,,,,,,,,,,,,,,,,,,,,,,,,True,True,True,True
episode-7a019faf8cf682700b5e,UNDRR DesInventar Nepal,2002,7,30,Eastern Region,Sunsari,Amaduwa,HEAVY RAINS,0,0,0,32,6,0,0,0.0,False,,,,,,,,,,,,,,,,,,,,,,,,,,True,True,True,True
episode-7085d30359efddfba35c,UNDRR DesInventar Nepal,2002,7,30,Eastern Region,Sunsari,Basantapur,HEAVY RAINS,0,0,0,513,95,0,0,0.0,False,,,,,,,,,,,,,,,,,,,,,,,,,,True,True,True,True
episode-1e562dcd89aa283dc7bc,UNDRR DesInventar Nepal,2002,7,30,Eastern Region,Sunsari,Harinagar,HEAVY RAINS,0,0,0,16,3,0,0,0.0,False,,,,,,,,,,,,,,,,,,,,,,,,,,True,True,True,True
episode-5ab600723ed66261e164,UNDRR DesInventar Nepal,2002,7,30,Eastern Region,Sunsari,Inaruwa Municipality,HEAVY RAINS,0,0,0,11,2,0,0,0.0,False,,,,,,,,,,,,,,,,,,,,,,,,,,True,True,True,True
episode-d7120e56bd830c01aa43,UNDRR DesInventar Nepal,2002,7,30,Eastern Region,Sunsari,Itahari Municipality,HEAVY RAINS,0,0,0,5,1,0,0,0.0,False,,,,,,,,,,,,,,,,,,,,,,,,,,True,True,True,True
episode-7ae36327306b2fa6c3d9,UNDRR DesInventar Nepal,2002,7,30,Eastern Region,Sunsari,Panchakanya,HEAVY RAINS,0,0,0,59,11,0,0,0.0,False,,,,,,,,,,,,,,,,,,,,,,,,,,True,True,True,True
episode-fc6477d972c21006e967,UNDRR DesInventar Nepal,2002,7,30,Eastern Region,Sunsari,UNKNOWN,HEAVY RAINS,0,0,0,319,59,0,0,0.0,False,,,,,,,,,,,,,,,,,,,,,,,,,,True,True,True,True
episode-2f8f51c3b6354c31b829,UNDRR DesInventar Nepal,2002,7,31,Eastern Region,Saptari,KOILADI,HEAVY RAINS,0,0,0,0,0,0,0,0.0,False,,,,,,,,,,,,,,,,,,,,,,,,,,True,True,True,True
episode-037a86344d9e7b7a1fca,UNDRR DesInventar Nepal,2002,8,1,Mid-Western Region,Dailekh,BALUWATAR,HEAVY RAINS,0,0,0,0,0,0,0,0.0,True,,,,,,,,,,,,,,,,,,,,,,,,,,True,True,True,True
episode-42755369c73281290aa6,UNDRR DesInventar Nepal,2002,8,1,Eastern Region,Dhankuta,ARKHAULE JITPUR,HEAVY RAINS,0,0,0,0,0,0,0,400.0,True,,,,,,,,,,,,,,,,,,,,,,,,,,True,True,True,True
episode-fc526256973eecbf5061,UNDRR DesInventar Nepal,2002,8,2,Eastern Region,Udayapur,Hardeni,HEAVY RAINS,0,0,0,0,0,0,0,0.0,True,,,,,,,,,,,,,,,,,,,,,,,,,,True,True,True,True
episode-cffab2898ac46408b4e4,UNDRR DesInventar Nepal,2002,8,3,Eastern Region,Jhapa,MAHABHARA,HEAVY RAINS,0,0,0,0,0,0,30,0.0,False,,,,,,,,,,,,,,,,,,,,,,,,,,True,True,True,True
episode-82d7dc6e5256f40d0a6a,UNDRR DesInventar Nepal,2002,8,3,Eastern Region,Morang,Letang,HEAVY RAINS,2,0,0,0,0,0,0,0.0,False,,,,,,,,,,,,,,,,,,,,,,,,,,True,True,True,True
episode-c072b882ea967579853b,UNDRR DesInventar Nepal,2002,8,4,Eastern Region,Udayapur,Hadiya,HEAVY RAINS,0,0,0,0,0,0,0,0.0,False,,,,,,,,,,,,,,,,,,,,,,,,,,True,True,True,True
episode-77dece74dcd380d7ee26,UNDRR DesInventar Nepal,2002,8,5,Central Region,Kavre,MAHADEVTAR,OTHER,0,0,0,0,0,0,0,0.0,False,,,,,,,,,,,,,,,,,,,,,,,,,,True,True,True,True
episode-326dfe9987732f0a9dd0,UNDRR DesInventar Nepal,2002,8,6,Central Region,Ramechhap,Bethan,HEAVY RAINS,0,0,0,180,0,0,0,0.0,False,,,,,,,,,,,,,,,,,,,,,,,,,,True,True,True,True
episode-7c809379c2d2d9069c4f,UNDRR DesInventar Nepal,2002,8,6,Central Region,Sindhuli,Kusheswar Dumja,HEAVY RAINS,0,0,0,81,0,0,0,0.0,False,,,,,,,,,,,,,,,,,,,,,,,,,,True,True,True,True
episode-314131d8d027992fb360,UNDRR DesInventar Nepal,2002,8,7,Western Region,Gorkha,ARU POKHARI,HEAVY RAINS,1,0,0,0,0,0,0,0.0,False,,,,,,,,,,,,,,,,,,,,,,,,,,True,True,True,True
episode-c134487461a660b4e88f,UNDRR DesInventar Nepal,2002,8,7,Eastern Region,Taplejung,LINKHIM,HEAVY RAINS,13,0,3,815,41,41,0,0.0,False,,,,,,,,,,,,,,,,,,,,,,,,,,True,True,True,True
episode-fd50bfd878014718895e,UNDRR DesInventar Nepal,2002,8,7,Eastern Region,Taplejung,PHURUMBU,HEAVY RAINS,8,0,4,734,20,27,0,0.0,False,,,,,,,,,,,,,,,,,,,,,,,,,,True,True,True,True
episode-78e99942281ddf935cf1,UNDRR DesInventar Nepal,2002,8,7,Eastern Region,Taplejung,SAWADIN,HEAVY RAINS,0,0,0,913,41,35,0,0.0,False,,,,,,,,,,,,,,,,,,,,,,,,,,True,True,True,True
episode-c699b0a78feac2890e4c,UNDRR DesInventar Nepal,2002,8,10,Central Region,Sindhuli,Hatpate,HEAVY RAINS,0,0,0,500,0,0,0,0.0,False,,,,,,,,,,,,,,,,,,,,,,,,,,True,True,True,True
episode-694663a866c42d06cc96,UNDRR DesInventar Nepal,2002,8,11,Western Region,Kaski,LWANGGHALELL,HEAVY RAINS,2,0,0,97,1,0,0,0.0,False,,,,,,,,,,,,,,,,,,,,,,,,,,True,True,True,True
episode-39fb93bd4c25a9b56ffc,UNDRR DesInventar Nepal,2002,8,12,Central Region,Rasuwa,UNKNOWN,HEAVY RAINS,0,0,0,0,0,0,0,0.0,False,,,,,,,,,,,,,,,,,,,,,,,,,,True,True,True,True
episode-be12814c22d9b3d80832,UNDRR DesInventar Nepal,2002,8,13,Mid-Western Region,Salyan,SITAWANG SINWANG,HEAVY RAINS,0,0,0,0,0,0,0,0.0,False,,,,,,,,,,,,,,,,,,,,,,,,,,True,True,True,True
episode-64c585a05218158a42e4,UNDRR DesInventar Nepal,2002,8,13,Central Region,Sindhuli,Kamalamai Municipality,HEAVY RAINS,1,0,0,0,0,0,0,0.0,False,,,,,,,,,,,,,,,,,,,,,,,,,,True,True,True,True
episode-57ee23c8cb8276a40074,UNDRR DesInventar Nepal,2002,8,14,Central Region,Kavre,PANUTI  MUNICIPALITY,HEAVY RAINS,1,0,0,0,0,0,0,0.0,False,,,,,,,,,,,,,,,,,,,,,,,,,,True,True,True,True
episode-6208e53c85ecc67b72e3,UNDRR DesInventar Nepal,2002,8,14,Central Region,Kavre,UNKNOWN,HEAVY RAINS,0,0,0,0,0,0,0,0.0,True,,,,,,,,,,,,,,,,,,,,,,,,,,True,True,True,True
episode-aff7b54d4d9e50fa74b2,UNDRR DesInventar Nepal,2002,8,16,Central Region,Kavre,BANEPA MUNICIPALITY,HEAVY RAINS,1,1,0,0,0,0,0,0.0,False,,,,,,,,,,,,,,,,,,,,,,,,,,True,True,True,True
episode-68bb4c6aa72d2c429cd1,UNDRR DesInventar Nepal,2002,8,16,Central Region,Kavre,NASIKASTHAN SANGA,HEAVY RAINS,0,0,0,0,0,0,0,0.0,False,,,,,,,,,,,,,,,,,,,,,,,,,,True,True,True,True
episode-b9711c9c77614a049d19,UNDRR DesInventar Nepal,2002,8,16,Central Region,Kavre,UGRATARA JANAGAL,HEAVY RAINS,0,0,0,0,0,0,0,0.0,False,,,,,,,,,,,,,,,,,,,,,,,,,,True,True,True,True
episode-50e1873984dae7c339cf,UNDRR DesInventar Nepal,2002,8,16,Eastern Region,Udayapur,Basaha,HEAVY RAINS,0,0,0,627,0,0,0,0.0,False,,,,,,,,,,,,,,,,,,,,,,,,,,True,True,True,True
episode-eb4323ca70ae9fd618ea,UNDRR DesInventar Nepal,2002,8,16,Eastern Region,Udayapur,Hardeni,HEAVY RAINS,0,0,0,0,0,0,0,0.0,False,,,,,,,,,,,,,,,,,,,,,,,,,,True,True,True,True
episode-652c6034b3658ee80599,UNDRR DesInventar Nepal,2002,8,16,Eastern Region,Udayapur,Katari,HEAVY RAINS,0,0,0,0,0,0,0,0.0,False,,,,,,,,,,,,,,,,,,,,,,,,,,True,True,True,True
episode-ec14008a0b5040e8c25d,UNDRR DesInventar Nepal,2002,8,16,Eastern Region,Udayapur,Saune,HEAVY RAINS,0,0,0,0,0,0,0,0.0,False,,,,,,,,,,,,,,,,,,,,,,,,,,True,True,True,True
episode-6db9a8466435d36e6679,UNDRR DesInventar Nepal,2002,8,19,Central Region,Makwanpur,PHAPARBARI,HEAVY RAINS,0,0,0,0,52,0,0,0.0,False,,,,,,,,,,,,,,,,,,,,,,,,,,True,True,True,True
episode-a4eda1f9249772f3d941,UNDRR DesInventar Nepal,2002,8,19,Central Region,Sindhupalchoke,Sipapokhare,HEAVY RAINS,0,0,0,0,0,0,0,0.0,False,,,,,,,,,,,,,,,,,,,,,,,,,,True,True,True,True
episode-41fee51ad18294249309,UNDRR DesInventar Nepal,2002,8,21,Eastern Region,Jhapa,DUHAGADHI,HEAVY RAINS,0,0,0,2700,8,0,0,0.0,False,,,,,,,,,,,,,,,,,,,,,,,,,,True,True,True,True
episode-788a63d37e8d6152c7ae,UNDRR DesInventar Nepal,2002,8,21,Eastern Region,Jhapa,GARAMANI,HEAVY RAINS,0,0,0,0,0,0,0,0.0,False,,,,,,,,,,,,,,,,,,,,,,,,,,True,True,True,True
episode-c0997cb9847c52419132,UNDRR DesInventar Nepal,2002,8,21,Eastern Region,Jhapa,GHAILADUWA,HEAVY RAINS,0,0,0,2700,8,0,0,0.0,False,,,,,,,,,,,,,,,,,,,,,,,,,,True,True,True,True
episode-0c60f1cc89e524b62a34,UNDRR DesInventar Nepal,2002,8,21,Eastern Region,Jhapa,KOHABARA,HEAVY RAINS,0,0,0,340,0,0,0,0.0,False,,,,,,,,,,,,,,,,,,,,,,,,,,True,True,True,True
episode-3a482ca5e19370f5ae48,UNDRR DesInventar Nepal,2002,8,21,Eastern Region,Jhapa,SATASIDHAM,HEAVY RAINS,0,0,0,157,0,0,0,0.0,False,,,,,,,,,,,,,,,,,,,,,,,,,,True,True,True,True
episode-a1c1c63d896819e8eddd,UNDRR DesInventar Nepal,2002,8,23,Eastern Region,Siraha,Auorahi,HEAVY RAINS,0,0,0,1026,190,0,0,0.0,False,,,,,,,,,,,,,,,,,,,,,,,,,,True,True,True,True
episode-9991b97c7002edb0c27e,UNDRR DesInventar Nepal,2002,8,23,Eastern Region,Siraha,Badaharamal,HEAVY RAINS,0,0,0,524,97,0,0,0.0,False,,,,,,,,,,,,,,,,,,,,,,,,,,True,True,True,True
episode-d033eb56a829ebcdbaa5,UNDRR DesInventar Nepal,2002,8,23,Eastern Region,Siraha,Khirauna,HEAVY RAINS,0,0,0,1183,219,0,0,0.0,False,,,,,,,,,,,,,,,,,,,,,,,,,,True,True,True,True
episode-30b91930ea4707aeb010,UNDRR DesInventar Nepal,2002,8,23,Eastern Region,Siraha,Lagadi Gadyani,HEAVY RAINS,0,0,0,923,171,0,0,0.0,False,,,,,,,,,,,,,,,,,,,,,,,,,,True,True,True,True
episode-e4a29f4bb3c51ce360ba,UNDRR DesInventar Nepal,2002,8,23,Eastern Region,Siraha,Lagadigoth,HEAVY RAINS,0,0,0,167,31,0,0,0.0,False,,,,,,,,,,,,,,,,,,,,,,,,,,True,True,True,True
episode-fa0b05cf2cbba9243106,UNDRR DesInventar Nepal,2002,8,23,Eastern Region,Siraha,Ramnagar Mirchaiya,HEAVY RAINS,0,0,0,432,80,0,0,0.0,False,,,,,,,,,,,,,,,,,,,,,,,,,,True,True,True,True
episode-00856b9099e05be22f1c,UNDRR DesInventar Nepal,2002,8,23,Eastern Region,Siraha,Sikraun,HEAVY RAINS,0,0,0,691,128,0,0,0.0,False,,,,,,,,,,,,,,,,,,,,,,,,,,True,True,True,True
episode-652c209c8b5179329b7d,UNDRR DesInventar Nepal,2002,8,23,Eastern Region,Siraha,Siraha Municapility,HEAVY RAINS,0,0,0,718,133,0,0,0.0,False,,,,,,,,,,,,,,,,,,,,,,,,,,True,True,True,True
episode-63c786f9f503935f1f1e,UNDRR DesInventar Nepal,2002,8,23,Eastern Region,Siraha,Sukhachaina,HEAVY RAINS,0,0,0,140,26,0,0,0.0,False,,,,,,,,,,,,,,,,,,,,,,,,,,True,True,True,True
episode-91c744504f663c1e3b2e,UNDRR DesInventar Nepal,2002,8,23,Eastern Region,Siraha,UNKNOWN,HEAVY RAINS,0,0,0,1302,241,0,0,0.0,False,,,,,,,,,,,,,,,,,,,,,,,,,,True,True,True,True
episode-347b8d6999b14b003355,UNDRR DesInventar Nepal,2002,8,25,Far Western Region,Kanchanpur,KRISHNAPUR,HEAVY RAINS,1,0,0,373,17,0,0,0.0,False,,,,,,,,,,,,,,,,,,,,,,,,,,True,True,True,True
episode-5d797e2317d26afd8261,UNDRR DesInventar Nepal,2002,8,29,Mid-Western Region,Humla,MAILA,HEAVY RAINS,0,0,0,70,13,0,0,0.0,True,,,,,,,,,,,,,,,,,,,,,,,,,,True,True,True,True
episode-d1933950b9ab4188aa9e,UNDRR DesInventar Nepal,2002,8,29,Eastern Region,Ilam,SAKHAJUN,HEAVY RAINS,1,0,0,0,0,0,0,0.0,False,,,,,,,,,,,,,,,,,,,,,,,,,,True,True,True,True
episode-725e72708a6c491b95a2,UNDRR DesInventar Nepal,2002,8,29,Eastern Region,Ilam,SHANTI   DADA,HEAVY RAINS,1,4,2,0,0,0,0,0.0,False,,,,,,,,,,,,,,,,,,,,,,,,,,True,True,True,True
episode-1df812e21f6f0f213931,UNDRR DesInventar Nepal,2002,9,3,Far Western Region,Doti,GHANGAL,HEAVY RAINS,0,0,0,32,6,0,0,0.0,False,,,,,,,,,,,,,,,,,,,,,,,,,,True,True,True,True
episode-7f3a9aa228e71deb885d,UNDRR DesInventar Nepal,2002,9,4,Far Western Region,Kanchanpur,DAIJEE,HEAVY RAINS,1,0,0,5,0,0,0,0.0,False,,,,,,,,,,,,,,,,,,,,,,,,,,True,True,True,True
episode-2f3555aab0a4034096df,UNDRR DesInventar Nepal,2002,9,5,Mid-Western Region,Salyan,SHIDHESWAR,HEAVY RAINS,0,0,0,6,1,0,0,0.0,False,,,,,,,,,,,,,,,,,,,,,,,,,,True,True,True,True
episode-f560d4750dd4a3efaa20,UNDRR DesInventar Nepal,2002,9,8,Far Western Region,Kanchanpur,MAHENDRA NAGAR N.P.,HEAVY RAINS,0,0,0,691,1,0,0,0.0,False,,,,,,,,,,,,,,,,,,,,,,,,,,True,True,True,True
episode-0315fcea2b468c193af0,UNDRR DesInventar Nepal,2003,5,20,Western Region,Palpa,THU,HEAVY RAINS,0,0,2,0,0,0,0,0.0,False,,,,,,,,,,,,,,,,,,,,,,,,,,True,True,True,True
episode-bd12db3c05338946cdaf,UNDRR DesInventar Nepal,2003,6,9,Eastern Region,Taplejung,NIRAGHUDIN,HEAVY RAINS,0,2,0,0,0,24,0,0.0,False,,,,,,,,,,,,,,,,,,,,,,,,,,True,True,True,True
episode-093b7648eef0a0b0c1f5,UNDRR DesInventar Nepal,2003,6,10,Eastern Region,Taplejung,UNKNOWN,HEAVY RAINS,0,6,0,0,24,0,0,0.0,True,,,,,,,,,,,,,,,,,,,,,,,,,,True,True,True,True
episode-abe77c0f0f84a115b9ed,UNDRR DesInventar Nepal,2003,6,14,Eastern Region,Panchthar,OYAM,HEAVY RAINS,0,0,0,0,0,0,0,0.0,True,,,,,,,,,,,,,,,,,,,,,,,,,,True,True,True,True
episode-7c903d57e1d238268a9a,UNDRR DesInventar Nepal,2003,6,18,Western Region,Parbat,DHAIRING,HEAVY RAINS,2,0,0,0,0,0,0,0.0,False,,,,,,,,,,,,,,,,,,,,,,,,,,True,True,True,True
episode-ef26c8dc95a5b29889a7,UNDRR DesInventar Nepal,2003,6,22,Central Region,Dhanusa,Janakpur Municipality,HEAVY RAINS,0,0,0,0,0,0,0,0.0,True,,,,,,,,,,,,,,,,,,,,,,,,,,True,True,True,True
episode-4fec532ffbb985d37423,UNDRR DesInventar Nepal,2003,6,26,Western Region,Baglung,HUGDISHEER,HEAVY RAINS,0,0,0,0,15,0,0,0.0,False,,,,,,,,,,,,,,,,,,,,,,,,,,True,True,True,True
episode-7484429652160cece261,UNDRR DesInventar Nepal,2003,6,29,Eastern Region,Taplejung,LIMBUDIN,OTHER,0,0,0,0,0,0,30,0.0,False,,,,,,,,,,,,,,,,,,,,,,,,,,True,True,True,True
episode-83339c239d5d52d7957e,UNDRR DesInventar Nepal,2003,6,30,Eastern Region,Panchthar,CHYANTHAPU,RAIN,0,0,0,0,1,0,5,0.0,False,,,,,,,,,,,,,,,,,,,,,,,,,,True,True,True,True
episode-fe7c47a060ca35dd9c4e,UNDRR DesInventar Nepal,2003,7,1,Central Region,Bara,UNKNOWN,HEAVY RAINS,0,0,0,40000,0,0,0,0.0,True,,,,,,,,,,,,,,,,,,,,,,,,,,True,True,True,True
episode-09c3ce128812426a84e4,UNDRR DesInventar Nepal,2003,7,2,Eastern Region,Morang,Baerban,HEAVY RAINS,1,1,0,0,0,0,0,0.0,False,,,,,,,,,,,,,,,,,,,,,,,,,,True,True,True,True
episode-73899ed319189eedf794,UNDRR DesInventar Nepal,2003,7,4,Western Region,Kapilbastu,KAJARHAWA,HEAVY RAINS,0,0,0,17,0,13,0,100.0,True,,,,,,,,,,,,,,,,,,,,,,,,,,True,True,True,True
episode-772dab50f0a341a2bd28,UNDRR DesInventar Nepal,2003,7,4,Central Region,Parsa,Janakitola,HEAVY RAINS,0,0,0,40000,10,25,0,0.0,False,,,,,,,,,,,,,,,,,,,,,,,,,,True,True,True,True
episode-516dc3db85de3c92eb83,UNDRR DesInventar Nepal,2003,7,5,Eastern Region,Morang,Sijuwa,HEAVY RAINS,1,1,0,0,0,0,0,0.0,False,,,,,,,,,,,,,,,,,,,,,,,,,,True,True,True,True
episode-6e9d2a1f5802040dfa1f,UNDRR DesInventar Nepal,2003,7,5,Eastern Region,Morang,Urlabari,OTHER,1,0,0,0,0,0,0,0.0,False,,,,,,,,,,,,,,,,,,,,,,,,,,True,True,True,True
episode-07d36926f6fceb79e88a,UNDRR DesInventar Nepal,2003,7,5,Central Region,Sarlahi,BELHI,HEAVY RAINS,0,0,0,60000,0,0,0,0.0,False,,,,,,,,,,,,,,,,,,,,,,,,,,True,True,True,True
episode-52b1754cb0de382fb408,UNDRR DesInventar Nepal,2003,7,6,Eastern Region,Jhapa,UNKNOWN,HEAVY RAINS,2,0,0,0,0,0,0,0.0,False,,,,,,,,,,,,,,,,,,,,,,,,,,True,True,True,True
episode-9783d2af7d610b5163b0,UNDRR DesInventar Nepal,2003,7,6,Western Region,Rupandehi,SHANKAR_NAGAR,OTHER,2,0,0,0,0,0,0,0.0,False,,,,,,,,,,,,,,,,,,,,,,,,,,True,True,True,True
episode-c24febae2c459d61864a,UNDRR DesInventar Nepal,2003,7,7,Eastern Region,Morang,Letang,HEAVY RAINS,0,0,0,6000,0,0,0,0.0,False,,,,,,,,,,,,,,,,,,,,,,,,,,True,True,True,True
episode-a49d60f5246ec15d05e2,UNDRR DesInventar Nepal,2003,7,7,Western Region,Myagdi,NARCHYANG,HEAVY RAINS,0,1,0,0,0,0,0,0.0,False,,,,,,,,,,,,,,,,,,,,,,,,,,True,True,True,True
episode-a5609eb78eb11cf49283,UNDRR DesInventar Nepal,2003,7,7,Eastern Region,Terhathum,UNKNOWN,HEAVY RAINS,0,0,0,0,0,0,0,0.0,True,,,,,,,,,,,,,,,,,,,,,,,,,,True,True,True,True
episode-157b6f0e8d5738626e68,UNDRR DesInventar Nepal,2003,7,8,Eastern Region,Jhapa,KHUDUNABARI,HEAVY RAINS,0,0,0,0,0,0,0,0.0,False,,,,,,,,,,,,,,,,,,,,,,,,,,True,True,True,True
episode-a2ce83983b688792686c,UNDRR DesInventar Nepal,2003,7,8,Eastern Region,Okhaldhunga,UNKNOWN,OTHER,0,3,0,0,0,0,0,0.0,False,,,,,,,,,,,,,,,,,,,,,,,,,,True,True,True,True
episode-748a0a11bd068f010a73,UNDRR DesInventar Nepal,2003,7,8,Central Region,Rautahat,UNKNOWN,HEAVY RAINS,1,0,0,0,0,0,0,0.0,False,,,,,,,,,,,,,,,,,,,,,,,,,,True,True,True,True
episode-d40f64c931b05e6dda44,UNDRR DesInventar Nepal,2003,7,9,Western Region,Rupandehi,SURYAPURA,OTHER,0,0,0,0,0,0,0,0.0,False,,,,,,,,,,,,,,,,,,,,,,,,,,True,True,True,True
episode-165e006b57e6a3d28ba4,UNDRR DesInventar Nepal,2003,7,9,Eastern Region,Udayapur,Beltar,HEAVY RAINS,1,1,0,0,0,0,0,0.0,True,,,,,,,,,,,,,,,,,,,,,,,,,,True,True,True,True
episode-90a402eb11d14e6c3190,UNDRR DesInventar Nepal,2003,7,10,Mid-Western Region,Dang,UNKNOWN,HEAVY RAINS,2,0,0,0,0,0,0,0.0,False,,,,,,,,,,,,,,,,,,,,,,,,,,True,True,True,True
episode-b312b19a6325114c88f9,UNDRR DesInventar Nepal,2003,7,10,Western Region,Lamjung,ISANESHWAR,HEAVY RAINS,2,0,0,0,0,0,0,0.0,False,,,,,,,,,,,,,,,,,,,,,,,,,,True,True,True,True
episode-5b81ab5f025f678ba3ec,UNDRR DesInventar Nepal,2003,7,11,Western Region,Rupandehi,BUTAWAL_NP,HEAVY RAINS,0,0,0,0,30,0,0,0.0,False,,,,,,,,,,,,,,,,,,,,,,,,,,True,True,True,True
episode-fbdbea2a2f549dc2092b,UNDRR DesInventar Nepal,2003,7,11,Western Region,Tanahu,KAHUN_SHIVAPUR,HEAVY RAINS,3,0,2,0,0,0,0,0.0,False,,,,,,,,,,,,,,,,,,,,,,,,,,True,True,True,True
episode-7ba7ab1bd02967b0a666,UNDRR DesInventar Nepal,2003,7,11,Western Region,Tanahu,UNKNOWN,HEAVY RAINS,0,0,0,0,40,0,0,0.0,False,,,,,,,,,,,,,,,,,,,,,,,,,,True,True,True,True
episode-211b01a9b4a3455f8a3b,UNDRR DesInventar Nepal,2003,7,12,Far Western Region,Kailali,GETA,HEAVY RAINS,0,0,0,324,0,0,0,0.0,False,,,,,,,,,,,,,,,,,,,,,,,,,,True,True,True,True
episode-a0bbf22bd5b06c37f4a4,UNDRR DesInventar Nepal,2003,7,13,Central Region,Sarlahi,PHARAHADAWA,HEAVY RAINS,0,0,0,0,20,0,0,0.0,False,,,,,,,,,,,,,,,,,,,,,,,,,,True,True,True,True
episode-8349adac9fb1097a674c,UNDRR DesInventar Nepal,2003,7,13,Central Region,Sarlahi,UNKNOWN,HEAVY RAINS,1,0,0,0,0,0,0,0.0,False,,,,,,,,,,,,,,,,,,,,,,,,,,True,True,True,True
episode-104c26209d2e69fb4ae8,UNDRR DesInventar Nepal,2003,7,14,Eastern Region,Siraha,Sukhachaina,OTHER,0,0,0,5000,0,0,0,0.0,False,,,,,,,,,,,,,,,,,,,,,,,,,,True,True,True,True
episode-3b9801c61c944f976c5e,UNDRR DesInventar Nepal,2003,7,20,Central Region,Makwanpur,KANKADA,OTHER,1,0,0,0,0,0,0,0.0,False,,,,,,,,,,,,,,,,,,,,,,,,,,True,True,True,True
episode-5d56a0641945580d488c,UNDRR DesInventar Nepal,2003,7,20,Western Region,Myagdi,UNKNOWN,HEAVY RAINS,1,0,0,0,0,0,0,0.0,False,,,,,,,,,,,,,,,,,,,,,,,,,,True,True,True,True
episode-98a6127bd746e84b2759,UNDRR DesInventar Nepal,2003,7,26,Western Region,Lamjung,BESI SHAHAR,HEAVY RAINS,0,0,0,0,8,0,0,0.0,False,,,,,,,,,,,,,,,,,,,,,,,,,,True,True,True,True
episode-5a5468eb5fbb1bb7d075,UNDRR DesInventar Nepal,2003,7,26,Central Region,Sarlahi,NETRAGANJ,HEAVY RAINS,0,0,0,200,0,0,0,0.0,False,,,,,,,,,,,,,,,,,,,,,,,,,,True,True,True,True
episode-9654bf84dd32ddd69423,UNDRR DesInventar Nepal,2003,7,27,Western Region,Lamjung,CHANDDISTHAN,HEAVY RAINS,0,0,0,0,8,13,0,0.0,False,,,,,,,,,,,,,,,,,,,,,,,,,,True,True,True,True
episode-d7af62b2d29cd42af84c,UNDRR DesInventar Nepal,2003,7,29,Central Region,Makwanpur,KANKADA,HEAVY RAINS,0,0,0,0,17,0,0,0.0,False,,,,,,,,,,,,,,,,,,,,,,,,,,True,True,True,True
episode-d7d96dcabb242215f0f8,UNDRR DesInventar Nepal,2003,7,30,Central Region,Bara,NIJGADH,HEAVY RAINS,1,0,1,0,0,0,0,0.0,False,,,,,,,,,,,,,,,,,,,,,,,,,,True,True,True,True
episode-072cb3cfed5f09b1c928,UNDRR DesInventar Nepal,2003,7,30,Eastern Region,Bhojpur,BALANKHA,OTHER,1,0,0,0,0,0,0,0.0,False,,,,,,,,,,,,,,,,,,,,,,,,,,True,True,True,True
episode-efbe36fbed5c16cf7ae6,UNDRR DesInventar Nepal,2003,7,30,Mid-Western Region,Dang,DHANAURI,HEAVY RAINS,0,0,0,540,0,100,0,0.0,False,,,,,,,,,,,,,,,,,,,,,,,,,,True,True,True,True
episode-9683747e8ce543782dd5,UNDRR DesInventar Nepal,2003,7,30,Central Region,Dhading,UNKNOWN,HEAVY RAINS,0,0,0,0,0,0,0,0.0,False,,,,,,,,,,,,,,,,,,,,,,,,,,True,True,True,True
episode-ea4d64b110b5c73bcf94,UNDRR DesInventar Nepal,2003,7,30,Central Region,Makwanpur,HADIKHOLA,HEAVY RAINS,0,0,0,162,0,0,0,0.0,False,,,,,,,,,,,,,,,,,,,,,,,,,,True,True,True,True
episode-649a922ac374fb899928,UNDRR DesInventar Nepal,2003,7,30,Central Region,Makwanpur,HETAUDA MUNICIPALITY,HEAVY RAINS,0,0,0,0,0,0,0,0.0,False,,,,,,,,,,,,,,,,,,,,,,,,,,True,True,True,True
episode-e5c38a6dd0ebbeff7f5c,UNDRR DesInventar Nepal,2003,7,30,Central Region,Makwanpur,UNKNOWN,HEAVY RAINS,0,0,0,0,0,0,0,0.0,True,,,,,,,,,,,,,,,,,,,,,,,,,,True,True,True,True
episode-b74caf3ae414b2fd46b7,UNDRR DesInventar Nepal,2003,7,30,Eastern Region,Morang,Keron,HEAVY RAINS,0,0,0,0,0,0,0,0.0,False,,,,,,,,,,,,,,,,,,,,,,,,,,True,True,True,True
episode-a03f17eb9e5471da4485,UNDRR DesInventar Nepal,2003,7,30,Eastern Region,Morang,Letang,HEAVY RAINS,0,0,0,16000,0,0,0,0.0,False,,,,,,,,,,,,,,,,,,,,,,,,,,True,True,True,True
episode-0df8f6d3e68b1e4f67b1,UNDRR DesInventar Nepal,2003,7,30,Central Region,Nuwakot,BELKOT,HEAVY RAINS,1,0,0,0,0,0,0,0.0,False,,,,,,,,,,,,,,,,,,,,,,,,,,True,True,True,True
episode-779003ba971c14119350,UNDRR DesInventar Nepal,2003,7,30,Western Region,Rupandehi,BUTAWAL_NP,HEAVY RAINS,0,0,0,0,0,0,0,0.0,False,,,,,,,,,,,,,,,,,,,,,,,,,,True,True,True,True
episode-10c2737d06fb6126a0cd,UNDRR DesInventar Nepal,2003,7,30,Eastern Region,Siraha,Lahan Municipality,HEAVY RAINS,1,0,0,0,0,0,0,0.0,False,,,,,,,,,,,,,,,,,,,,,,,,,,True,True,True,True
episode-dd5b00deac10d4cba8e0,UNDRR DesInventar Nepal,2003,7,30,Western Region,Tanahu,SYAMGHA,HEAVY RAINS,0,0,0,0,15,0,0,0.0,False,,,,,,,,,,,,,,,,,,,,,,,,,,True,True,True,True
episode-30538d084c27dd9af921,UNDRR DesInventar Nepal,2003,7,31,Mid-Western Region,Dang,UNKNOWN,HEAVY RAINS,1,4,0,432,15,0,0,0.0,False,,,,,,,,,,,,,,,,,,,,,,,,,,True,True,True,True
episode-433987b50e14c6ad7afa,UNDRR DesInventar Nepal,2003,7,31,Central Region,Dhanusa,Ramadaiya,HEAVY RAINS,0,0,0,162,0,0,0,0.0,False,,,,,,,,,,,,,,,,,,,,,,,,,,True,True,True,True
episode-ec18700a309d3fadc58c,UNDRR DesInventar Nepal,2003,7,31,Central Region,Dhanusa,Singyahi Madan,HEAVY RAINS,0,0,0,0,0,0,0,0.0,False,,,,,,,,,,,,,,,,,,,,,,,,,,True,True,True,True
episode-36ad14880667d1048f22,UNDRR DesInventar Nepal,2003,7,31,Central Region,Sindhuli,UNKNOWN,HEAVY RAINS,0,0,0,0,0,0,0,0.0,True,,,,,,,,,,,,,,,,,,,,,,,,,,True,True,True,True
episode-2cce213bf897edb4298f,UNDRR DesInventar Nepal,2003,7,31,Western Region,Tanahu,AANBUKHAIRENI,HEAVY RAINS,0,0,0,0,0,0,0,0.0,False,,,,,,,,,,,,,,,,,,,,,,,,,,True,True,True,True
episode-7cfd2456b73609baad10,UNDRR DesInventar Nepal,2003,8,0,Mid-Western Region,Humla,THEHE,HEAVY RAINS,0,0,0,11,2,0,0,0.0,False,,,,,,,,,,,,,,,,,,,,,,,,,,True,True,True,True
episode-27976b2cf4ccb77cd854,UNDRR DesInventar Nepal,2003,8,1,Eastern Region,Bhojpur,THOLO DUMMA,HEAVY RAINS,0,0,0,65,12,0,0,0.0,False,,,,,,,,,,,,,,,,,,,,,,,,,,True,True,True,True
episode-272ccddb98b6d9482297,UNDRR DesInventar Nepal,2003,8,1,Central Region,Chitawan,JAGATPUR,HEAVY RAINS,2,0,0,409,0,0,0,0.0,False,,,,,,,,,,,,,,,,,,,,,,,,,,True,True,True,True
episode-1d5f9915d8185f53aa1d,UNDRR DesInventar Nepal,2003,8,1,Central Region,Chitawan,UNKNOWN,HEAVY RAINS,1,0,2,0,0,0,0,0.0,False,,,,,,,,,,,,,,,,,,,,,,,,,,True,True,True,True
episode-7e70474956883c7258ec,UNDRR DesInventar Nepal,2003,8,1,Central Region,Makwanpur,UNKNOWN,HEAVY RAINS,0,0,0,65,0,0,0,0.0,False,,,,,,,,,,,,,,,,,,,,,,,,,,True,True,True,True
episode-19526701aef1de4f0cfb,UNDRR DesInventar Nepal,2003,8,1,Western Region,Nawalparasi,PRAGATINAGAR,HEAVY RAINS,0,0,0,97,2,0,0,0.0,False,,,,,,,,,,,,,,,,,,,,,,,,,,True,True,True,True
episode-75bddf1683011b149ce7,UNDRR DesInventar Nepal,2003,8,2,Eastern Region,Ilam,PUWA  MAJHUWA,HEAVY RAINS,1,0,0,0,0,0,0,0.0,False,,,,,,,,,,,,,,,,,,,,,,,,,,True,True,True,True
episode-e47f7d4a27648c07494e,UNDRR DesInventar Nepal,2003,8,2,Central Region,Makwanpur,HADIKHOLA,HEAVY RAINS,2,0,0,0,0,0,0,0.0,False,,,,,,,,,,,,,,,,,,,,,,,,,,True,True,True,True
episode-502d0c7ddbeb407ce657,UNDRR DesInventar Nepal,2003,8,2,Central Region,Makwanpur,HETAUDA MUNICIPALITY,HEAVY RAINS,0,0,0,0,0,0,0,0.0,False,,,,,,,,,,,,,,,,,,,,,,,,,,True,True,True,True
episode-a9b9754a58e485fcd85d,UNDRR DesInventar Nepal,2003,8,2,Central Region,Rautahat,UNKNOWN,HEAVY RAINS,0,0,0,2700,0,0,0,0.0,False,,,,,,,,,,,,,,,,,,,,,,,,,,True,True,True,True
episode-ce2873dd25cb497a7ae6,UNDRR DesInventar Nepal,2003,8,3,Far Western Region,Kanchanpur,MAHENDRA NAGAR N.P.,HEAVY RAINS,0,0,0,86,0,0,0,0.0,False,,,,,,,,,,,,,,,,,,,,,,,,,,True,True,True,True
episode-d0be13b94b8fb91ed6e7,UNDRR DesInventar Nepal,2003,8,3,Central Region,Sarlahi,BATRAUL,HEAVY RAINS,0,0,0,0,0,0,0,0.0,False,,,,,,,,,,,,,,,,,,,,,,,,,,True,True,True,True
episode-c3f4767de66ddd15774d,UNDRR DesInventar Nepal,2003,8,4,Central Region,Nuwakot,TUPCHE,HEAVY RAINS,1,0,2,0,0,0,0,0.0,False,,,,,,,,,,,,,,,,,,,,,,,,,,True,True,True,True
episode-80fc2a884283b64c3be3,UNDRR DesInventar Nepal,2003,8,5,Central Region,Chitawan,UNKNOWN,HEAVY RAINS,0,0,0,0,0,0,0,0.0,False,,,,,,,,,,,,,,,,,,,,,,,,,,True,True,True,True
episode-dd30a570547f0a4c632f,UNDRR DesInventar Nepal,2003,8,6,Central Region,Sarlahi,HAJARIYA,HEAVY RAINS,0,0,0,10000,69,0,0,0.0,False,,,,,,,,,,,,,,,,,,,,,,,,,,True,True,True,True
episode-aaa2f27faeb1af2a4663,UNDRR DesInventar Nepal,2003,8,8,Central Region,Chitawan,UNKNOWN,OTHER,0,0,0,0,0,0,0,0.0,False,,,,,,,,,,,,,,,,,,,,,,,,,,True,True,True,True
episode-669a9aa29a39841eb949,UNDRR DesInventar Nepal,2003,8,9,Central Region,Dhanusa,UNKNOWN,HEAVY RAINS,0,0,0,13624,0,0,0,0.0,False,,,,,,,,,,,,,,,,,,,,,,,,,,True,True,True,True
episode-e4d258c3477ec16a103a,UNDRR DesInventar Nepal,2003,8,9,Central Region,Makwanpur,BASMADI,HEAVY RAINS,0,0,0,2220,0,0,0,0.0,False,,,,,,,,,,,,,,,,,,,,,,,,,,True,True,True,True
episode-d98ec6cd35b5aeba2893,UNDRR DesInventar Nepal,2003,8,10,Eastern Region,Morang,UNKNOWN,HEAVY RAINS,0,0,0,270,0,0,0,0.0,False,,,,,,,,,,,,,,,,,,,,,,,,,,True,True,True,True
episode-ac33e5b63ba710055d73,UNDRR DesInventar Nepal,2003,8,11,Central Region,Chitawan,UNKNOWN,HEAVY RAINS,0,0,0,0,0,0,0,0.0,False,,,,,,,,,,,,,,,,,,,,,,,,,,True,True,True,True
episode-e1bdd8b02ef68c751384,UNDRR DesInventar Nepal,2003,8,11,Mid-Western Region,Dang,MANPUR,HEAVY RAINS,1,0,0,0,0,0,0,0.0,False,,,,,,,,,,,,,,,,,,,,,,,,,,True,True,True,True
episode-43925cba7a0f5c6c47b9,UNDRR DesInventar Nepal,2003,8,12,Central Region,Kavre,CHYAMRANGBESI,HEAVY RAINS,0,0,0,0,0,0,0,0.0,False,,,,,,,,,,,,,,,,,,,,,,,,,,True,True,True,True
episode-1f7b4534214e30153681,UNDRR DesInventar Nepal,2003,8,13,Central Region,Rautahat,KANAKPUR,HEAVY RAINS,0,0,0,12,2,0,0,0.0,False,,,,,,,,,,,,,,,,,,,,,,,,,,True,True,True,True
episode-2e8cf3445c67b5024e71,UNDRR DesInventar Nepal,2003,8,14,Western Region,Tanahu,CHHIMKESWORI,HEAVY RAINS,0,0,0,0,7,0,0,0.0,False,,,,,,,,,,,,,,,,,,,,,,,,,,True,True,True,True
episode-82a4e4e1de22ab948868,UNDRR DesInventar Nepal,2003,8,15,Western Region,Kaski,NAMARJUNG,FLOOD,2,3,0,0,6,0,0,0.0,True,,,,,,,,,,,,,,,,,,,,,,,,,,True,True,True,True
episode-c3edc57b25a14e1f65a3,UNDRR DesInventar Nepal,2003,8,15,Central Region,Makwanpur,BASMADI,HEAVY RAINS,1,0,0,0,0,0,0,0.0,False,,,,,,,,,,,,,,,,,,,,,,,,,,True,True,True,True
episode-4e7209f17bf140248685,UNDRR DesInventar Nepal,2003,8,17,Western Region,Nawalparasi,PITHAULI,HEAVY RAINS,0,0,0,0,0,0,56,0.0,False,,,,,,,,,,,,,,,,,,,,,,,,,,True,True,True,True
episode-8660b805d893e024802d,UNDRR DesInventar Nepal,2003,8,18,Central Region,Bara,NIJGADH,HEAVY RAINS,0,0,0,30000,0,0,0,0.0,False,,,,,,,,,,,,,,,,,,,,,,,,,,True,True,True,True
episode-7bcca817bda06ea7d064,UNDRR DesInventar Nepal,2003,8,18,Western Region,Gorkha,CHHOPRAK,HEAVY RAINS,1,0,0,0,0,0,0,0.0,False,,,,,,,,,,,,,,,,,,,,,,,,,,True,True,True,True
episode-4a16ce6a4bd6c8c0689d,UNDRR DesInventar Nepal,2003,8,18,Far Western Region,Kailali,CHAUMALA,HEAVY RAINS,0,0,0,5400,100,0,0,0.0,False,,,,,,,,,,,,,,,,,,,,,,,,,,True,True,True,True
episode-8f190d40a8061b263208,UNDRR DesInventar Nepal,2003,8,18,Far Western Region,Kailali,DURGAULI,HEAVY RAINS,0,0,0,162,30,0,0,0.0,False,,,,,,,,,,,,,,,,,,,,,,,,,,True,True,True,True
episode-2e5794eb41eaf4f806fc,UNDRR DesInventar Nepal,2003,8,18,Far Western Region,Kailali,TIKAPUR MUNICIPALITY,HEAVY RAINS,0,0,0,500,0,0,0,0.0,False,,,,,,,,,,,,,,,,,,,,,,,,,,True,True,True,True
episode-6becfba04dd30c625f02,UNDRR DesInventar Nepal,2003,8,18,Central Region,Kathmandu,KATHMANDU METROPOLITAN CITY,HEAVY RAINS,2,0,0,0,0,0,0,0.0,False,,,,,,,,,,,,,,,,,,,,,,,,,,True,True,True,True
episode-f1830e941d244bf13873,UNDRR DesInventar Nepal,2003,8,18,Western Region,Nawalparasi,KAWASOTI,HEAVY RAINS,0,0,0,0,0,0,0,50.0,True,,,,,,,,,,,,,,,,,,,,,,,,,,True,True,True,True
episode-7b0b8ee1751981895c66,UNDRR DesInventar Nepal,2003,8,18,Western Region,Palpa,MADANPOKHARA,HEAVY RAINS,0,0,0,0,0,0,0,0.0,False,,,,,,,,,,,,,,,,,,,,,,,,,,True,True,True,True
episode-595b77c9fef2693343ca,UNDRR DesInventar Nepal,2003,8,19,Mid-Western Region,Dang,TRIBHUVANNAGAR_MUNI.,HEAVY RAINS,0,0,0,42000,0,0,0,0.0,False,,,,,,,,,,,,,,,,,,,,,,,,,,True,True,True,True
episode-bf3690a33fd1cfe88842,UNDRR DesInventar Nepal,2003,8,19,Central Region,Dhading,BAIRENI,HEAVY RAINS,0,1,0,0,0,0,0,0.0,False,,,,,,,,,,,,,,,,,,,,,,,,,,True,True,True,True
episode-078bb44e694c985cef01,UNDRR DesInventar Nepal,2003,8,19,Far Western Region,Kailali,DANSINHAPUR,HEAVY RAINS,0,0,0,432,0,0,0,0.0,False,,,,,,,,,,,,,,,,,,,,,,,,,,True,True,True,True
episode-b28550d400cf00bf55c0,UNDRR DesInventar Nepal,2003,8,19,Far Western Region,Kanchanpur,DEKHATBHULI,HEAVY RAINS,0,0,0,0,0,0,0,0.0,False,,,,,,,,,,,,,,,,,,,,,,,,,,True,True,True,True
episode-44eabfca9767d6ceb804,UNDRR DesInventar Nepal,2003,8,19,Western Region,Nawalparasi,KAWASOTI,HEAVY RAINS,0,0,0,2786,0,0,0,50.0,True,,,,,,,,,,,,,,,,,,,,,,,,,,True,True,True,True
episode-9b6879b90dacbb8b5235,UNDRR DesInventar Nepal,2003,8,19,Eastern Region,Udayapur,Trijuga Municipality,HEAVY RAINS,1,0,0,0,0,0,0,0.0,False,,,,,,,,,,,,,,,,,,,,,,,,,,True,True,True,True
episode-2363b6de3b4adf61449c,UNDRR DesInventar Nepal,2003,8,20,Western Region,Nawalparasi,DANDAJHERI,HEAVY RAINS,1,0,0,0,0,0,0,0.0,False,,,,,,,,,,,,,,,,,,,,,,,,,,True,True,True,True
episode-96e3b0f8ccc5a953619c,UNDRR DesInventar Nepal,2003,8,20,Western Region,Palpa,BHAIRABSTHAN,HEAVY RAINS,1,0,0,0,0,0,0,0.0,False,,,,,,,,,,,,,,,,,,,,,,,,,,True,True,True,True
episode-51b48612d1f45ee512fe,UNDRR DesInventar Nepal,2003,8,20,Mid-Western Region,Rukum,BAPHIKOT,HEAVY RAINS,0,0,0,113,21,0,0,0.0,False,,,,,,,,,,,,,,,,,,,,,,,,,,True,True,True,True
episode-86612cae5c13db6505ac,UNDRR DesInventar Nepal,2003,8,20,Western Region,Rupandehi,BUTAWAL_NP,HEAVY RAINS,0,0,0,0,0,0,22,0.0,False,,,,,,,,,,,,,,,,,,,,,,,,,,True,True,True,True
episode-b63ae772a10c72149dad,UNDRR DesInventar Nepal,2003,8,20,Western Region,Rupandehi,MAKRAHAR,HEAVY RAINS,0,0,0,410,0,0,0,0.0,False,,,,,,,,,,,,,,,,,,,,,,,,,,True,True,True,True
episode-0d5c5176c7d0cc77362f,UNDRR DesInventar Nepal,2003,8,21,Far Western Region,Kailali,DHANGADHI MUNICIPALITY,HEAVY RAINS,3,0,0,0,0,0,0,0.0,False,,,,,,,,,,,,,,,,,,,,,,,,,,True,True,True,True
episode-37905a43d9e76b25fdc8,UNDRR DesInventar Nepal,2003,8,21,Central Region,Mahotari,Nainhi,HEAVY RAINS,1,0,0,0,0,0,0,0.0,False,,,,,,,,,,,,,,,,,,,,,,,,,,True,True,True,True
episode-18428bc984cdb75d3683,UNDRR DesInventar Nepal,2003,8,21,Western Region,Nawalparasi,DIBYAPURI,HEAVY RAINS,1,0,0,0,0,0,0,0.0,False,,,,,,,,,,,,,,,,,,,,,,,,,,True,True,True,True
episode-4a1f25fab6a99bb4816f,UNDRR DesInventar Nepal,2003,8,21,Western Region,Palpa,RUPSE,HEAVY RAINS,1,0,0,0,0,0,0,0.0,False,,,,,,,,,,,,,,,,,,,,,,,,,,True,True,True,True
episode-af87a5cd8efe2a9be28b,UNDRR DesInventar Nepal,2003,8,21,Mid-Western Region,Pyuthan,DHARMAWATI,HEAVY RAINS,0,0,0,0,0,0,10,0.0,False,,,,,,,,,,,,,,,,,,,,,,,,,,True,True,True,True
episode-398491475eca17c7cb7a,UNDRR DesInventar Nepal,2003,8,21,Eastern Region,Udayapur,Rampur,HEAVY RAINS,1,0,0,0,0,0,0,0.0,False,,,,,,,,,,,,,,,,,,,,,,,,,,True,True,True,True
episode-280c904a2d235ace6a70,UNDRR DesInventar Nepal,2003,8,22,Far Western Region,Kailali,DHANGADHI MUNICIPALITY,HEAVY RAINS,1,0,0,0,0,0,0,0.0,False,,,,,,,,,,,,,,,,,,,,,,,,,,True,True,True,True
episode-6834765bc74cd99cc44e,UNDRR DesInventar Nepal,2003,8,22,Western Region,Nawalparasi,KAWASOTI,HEAVY RAINS,1,0,0,0,0,0,0,0.0,False,,,,,,,,,,,,,,,,,,,,,,,,,,True,True,True,True
episode-b8e82e06c8fade676a9e,UNDRR DesInventar Nepal,2003,8,22,Western Region,Nawalparasi,RAJAHAR,HEAVY RAINS,0,0,5,0,0,0,0,0.0,False,,,,,,,,,,,,,,,,,,,,,,,,,,True,True,True,True
episode-da0a19380d33e180df8f,UNDRR DesInventar Nepal,2003,8,22,Western Region,Tanahu,DEVGHAT,HEAVY RAINS,0,0,0,0,0,0,0,0.0,False,,,,,,,,,,,,,,,,,,,,,,,,,,True,True,True,True
episode-324ea5176ac3cc92d508,UNDRR DesInventar Nepal,2003,8,23,Central Region,Makwanpur,HETAUDA MUNICIPALITY,HEAVY RAINS,0,0,0,1242,0,0,0,0.0,False,,,,,,,,,,,,,,,,,,,,,,,,,,True,True,True,True
episode-74f135d2efb5f40d422b,UNDRR DesInventar Nepal,2003,8,24,Far Western Region,Doti,BAJHAKAKANI,HEAVY RAINS,1,0,0,0,0,0,0,0.0,False,,,,,,,,,,,,,,,,,,,,,,,,,,True,True,True,True
episode-835066ee667fd2b3331c,UNDRR DesInventar Nepal,2003,8,24,Far Western Region,Doti,DAUD,HEAVY RAINS,1,0,0,0,0,0,0,0.0,False,,,,,,,,,,,,,,,,,,,,,,,,,,True,True,True,True
episode-00df7a93d5136f1f5d5b,UNDRR DesInventar Nepal,2003,8,26,Far Western Region,Kailali,DANSINHAPUR,HEAVY RAINS,0,0,0,295,42,0,0,0.0,False,,,,,,,,,,,,,,,,,,,,,,,,,,True,True,True,True
episode-6d808ebea6aecd38b071,UNDRR DesInventar Nepal,2003,8,26,Mid-Western Region,Rukum,BAPHIKOT,HEAVY RAINS,0,0,0,1070,19,0,0,0.0,True,,,,,,,,,,,,,,,,,,,,,,,,,,True,True,True,True
episode-46f16db61005962a2a8e,UNDRR DesInventar Nepal,2003,8,28,Mid-Western Region,Humla,SAYA,HEAVY RAINS,0,0,0,22,4,0,0,0.0,False,,,,,,,,,,,,,,,,,,,,,,,,,,True,True,True,True
episode-4416c63c4bb46eebb41b,UNDRR DesInventar Nepal,2003,8,28,Mid-Western Region,Jumla,UNKNOWN,HEAVY RAINS,0,0,0,0,0,0,0,0.0,True,,,,,,,,,,,,,,,,,,,,,,,,,,True,True,True,True
episode-0b63c2ec411133245e7e,UNDRR DesInventar Nepal,2003,8,29,Mid-Western Region,Humla,BARGAUN,HEAVY RAINS,1,0,0,0,0,0,0,0.0,False,,,,,,,,,,,,,,,,,,,,,,,,,,True,True,True,True
episode-bff2aa091ace3249aa37,UNDRR DesInventar Nepal,2003,8,30,Mid-Western Region,Rukum,BAPHIKOT,HEAVY RAINS,0,0,0,1000,0,0,0,0.0,False,,,,,,,,,,,,,,,,,,,,,,,,,,True,True,True,True
episode-ed5615764192335230b4,UNDRR DesInventar Nepal,2003,9,1,Mid-Western Region,Dolpa,DHAU,HEAVY RAINS,0,0,0,0,0,0,0,0.0,True,,,,,,,,,,,,,,,,,,,,,,,,,,True,True,True,True
episode-717b3de9a1aefa117410,UNDRR DesInventar Nepal,2003,9,2,Far Western Region,Bajhang,Kotdewal,HEAVY RAINS,0,0,0,281,2,0,0,0.0,False,,,,,,,,,,,,,,,,,,,,,,,,,,True,True,True,True
episode-892040f9379c50535b8b,UNDRR DesInventar Nepal,2003,9,2,Mid-Western Region,Banke,SITAPUR,HEAVY RAINS,0,0,0,0,0,0,0,0.0,False,,,,,,,,,,,,,,,,,,,,,,,,,,True,True,True,True
episode-333788da09a70e7e76a6,UNDRR DesInventar Nepal,2003,9,2,Central Region,Chitawan,UNKNOWN,HEAVY RAINS,0,0,0,0,0,60,0,0.0,False,,,,,,,,,,,,,,,,,,,,,,,,,,True,True,True,True
episode-cd48681126b5d5848918,UNDRR DesInventar Nepal,2003,9,8,Western Region,Kaski,LEKHNATH_MP,HEAVY RAINS,0,0,0,0,0,0,0,0.0,True,,,,,,,,,,,,,,,,,,,,,,,,,,True,True,True,True
episode-4190164240e839da1838,UNDRR DesInventar Nepal,2003,9,8,Mid-Western Region,Pyuthan,PUJA,HEAVY RAINS,0,0,0,0,0,0,0,0.0,True,,,,,,,,,,,,,,,,,,,,,,,,,,True,True,True,True
episode-62e71df6caf1a4a044eb,UNDRR DesInventar Nepal,2003,9,11,Western Region,Lamjung,TAGHRIN,HEAVY RAINS,0,0,0,0,0,0,0,0.0,True,,,,,,,,,,,,,,,,,,,,,,,,,,True,True,True,True
episode-a9628d6e7de5c5336f5c,UNDRR DesInventar Nepal,2003,9,13,Western Region,Gulmi,AMARPUR,HEAVY RAINS,0,0,0,0,0,0,0,0.0,False,,,,,,,,,,,,,,,,,,,,,,,,,,True,True,True,True
episode-8dcfd06c5429de6fa391,UNDRR DesInventar Nepal,2003,9,15,Eastern Region,Morang,Belbari,HEAVY RAINS,2,0,0,0,0,0,0,0.0,False,,,,,,,,,,,,,,,,,,,,,,,,,,True,True,True,True
episode-9fec8400acb6b0cbb6bc,UNDRR DesInventar Nepal,2003,9,17,Western Region,Tanahu,UNKNOWN,HEAVY RAINS,0,0,0,50000,0,0,0,0.0,True,,,,,,,,,,,,,,,,,,,,,,,,,,True,True,True,True
episode-caeb71ce745a3ee06793,UNDRR DesInventar Nepal,2003,9,18,Mid-Western Region,Surkhet,LEKGAUN,HEAVY RAINS,1,0,0,0,0,0,0,0.0,False,,,,,,,,,,,,,,,,,,,,,,,,,,True,True,True,True
episode-f332e0662a28ac03a89f,UNDRR DesInventar Nepal,2003,9,19,Western Region,Gorkha,UNKNOWN,TECHNICAL FAILU,1,0,1,0,0,0,0,0.0,False,,,,,,,,,,,,,,,,,,,,,,,,,,True,True,True,True
episode-8eb8a3ef0acb361e9f0f,UNDRR DesInventar Nepal,2003,9,21,Mid-Western Region,Bardiya,DHADHAWAR,HEAVY RAINS,0,0,0,300,6,36,0,0.0,False,,,,,,,,,,,,,,,,,,,,,,,,,,True,True,True,True
episode-529a071a55539b4f8dac,UNDRR DesInventar Nepal,2003,9,22,Central Region,Dhading,KALLERI,HEAVY RAINS,2,0,0,0,0,0,0,0.0,False,,,,,,,,,,,,,,,,,,,,,,,,,,True,True,True,True
episode-94eb6224daa94f1ff38b,UNDRR DesInventar Nepal,2003,9,24,Mid-Western Region,Bardiya,UNKNOWN,HEAVY RAINS,0,1,2,0,0,0,0,0.0,False,,,,,,,,,,,,,,,,,,,,,,,,,,True,True,True,True
episode-0d161615a7ab665fa970,UNDRR DesInventar Nepal,2003,9,24,Far Western Region,Doti,BHUMIRAJMANDAU,HEAVY RAINS,1,0,0,0,0,0,0,0.0,False,,,,,,,,,,,,,,,,,,,,,,,,,,True,True,True,True
episode-0cdffc1648d6f5cfe9c7,UNDRR DesInventar Nepal,2003,9,26,Eastern Region,Udayapur,Trijuga Municipality,HEAVY RAINS,1,0,0,0,0,0,0,0.0,False,,,,,,,,,,,,,,,,,,,,,,,,,,True,True,True,True
episode-99d2f40672542c6f4429,UNDRR DesInventar Nepal,2003,10,10,Eastern Region,Udayapur,Rampur,HEAVY RAINS,1,0,0,0,0,0,0,0.0,False,,,,,,,,,,,,,,,,,,,,,,,,,,True,True,True,True
episode-14e58d60300765720dbd,UNDRR DesInventar Nepal,2004,3,15,Central Region,Sindhuli,UNKNOWN,HEAVY RAINS,0,0,0,0,0,0,8,0.0,False,,,,,,,,,,,,,,,,,,,,,,,,,,True,True,True,True
episode-da34e2fe256dfbbe522f,UNDRR DesInventar Nepal,2004,4,12,Western Region,Tanahu,DULEGAUNDA,HEAVY RAINS,1,0,0,0,0,0,0,0.0,False,,,,,,,,,,,,,,,,,,,,,,,,,,True,True,True,True
episode-9d6ab1c523610b054e8d,UNDRR DesInventar Nepal,2004,5,15,Central Region,Nuwakot,BIDUR MUNICIPALITY,UNKNOWN,0,0,0,0,0,0,0,0.0,False,,,,,,,,,,,,,,,,,,,,,,,,,,True,True,True,True
episode-1f72c1369d32690563d6,UNDRR DesInventar Nepal,2004,5,18,Central Region,Nuwakot,CHHAP,OTHER,2,0,0,0,0,0,0,0.0,False,,,,,,,,,,,,,,,,,,,,,,,,,,True,True,True,True
episode-29f30d94c5cd50ccf43b,UNDRR DesInventar Nepal,2004,5,21,Central Region,Dhading,UNKNOWN,HEAVY RAINS,0,0,0,0,0,0,0,0.0,True,,,,,,,,,,,,,,,,,,,,,,,,,,True,True,True,True
episode-a3b0b05570d17e83eb30,UNDRR DesInventar Nepal,2004,5,25,Far Western Region,Baitadi,SILANGA,HEAVY RAINS,0,0,0,300,0,0,0,0.0,False,,,,,,,,,,,,,,,,,,,,,,,,,,True,True,True,True
episode-3a20fdd53e15bb371712,UNDRR DesInventar Nepal,2004,5,28,Mid-Western Region,Mugu,ROWA,HEAVY RAINS,0,0,0,550,0,0,0,0.0,False,,,,,,,,,,,,,,,,,,,,,,,,,,True,True,True,True
episode-31a6867c27e3a12b6f1f,UNDRR DesInventar Nepal,2004,5,30,Central Region,Bara,GANJ BHAWANIPUR,HEAVY RAINS,0,0,0,1300,0,0,0,0.0,True,,,,,,,,,,,,,,,,,,,,,,,,,,True,True,True,True
episode-a2391907b34d394ed156,UNDRR DesInventar Nepal,2004,6,7,Mid-Western Region,Jumla,BIRTA,HEAVY RAINS,2,0,0,0,0,0,0,0.0,False,,,,,,,,,,,,,,,,,,,,,,,,,,True,True,True,True
episode-a9d44a6cb7e4cd908bb0,UNDRR DesInventar Nepal,2004,6,7,Mid-Western Region,Jumla,KANADA SUNDARI,HEAVY RAINS,0,0,0,0,2,0,0,0.0,False,,,,,,,,,,,,,,,,,,,,,,,,,,True,True,True,True
episode-19f5ae7d09523a403355,UNDRR DesInventar Nepal,2004,6,7,Eastern Region,Udayapur,Tribeni,RAIN,1,0,0,0,0,0,0,0.0,True,,,,,,,,,,,,,,,,,,,,,,,,,,True,True,True,True
episode-c93922c979207a52621b,UNDRR DesInventar Nepal,2004,6,29,Eastern Region,Taplejung,THECHAMBU,HEAVY RAINS,0,0,0,0,0,0,0,0.0,False,,,,,,,,,,,,,,,,,,,,,,,,,,True,True,True,True
episode-a6eb51a1be4e99a3a89b,UNDRR DesInventar Nepal,2004,7,0,Mid-Western Region,Kalikot,MUMRA,UNKNOWN,0,0,0,0,0,0,0,0.0,False,,,,,,,,,,,,,,,,,,,,,,,,,,True,True,True,True
episode-20f321aed4b8ebbcd4ca,UNDRR DesInventar Nepal,2004,7,0,Central Region,Sarlahi,SAKRAUL,RAIN,1,0,0,0,0,0,0,0.0,False,,,,,,,,,,,,,,,,,,,,,,,,,,True,True,True,True
episode-cf534d170483c7908c32,UNDRR DesInventar Nepal,2004,7,5,Central Region,Mahotari,Jaleswar Municipalit,HEAVY RAINS,0,0,0,0,0,0,0,0.0,True,,,,,,,,,,,,,,,,,,,,,,,,,,True,True,True,True
episode-60155a2412480d9d436b,UNDRR DesInventar Nepal,2004,7,6,Central Region,Bara,BHALUHI BHARWALIYA,RAIN,0,0,0,0,1,2,0,200.0,True,,,,,,,,,,,,,,,,,,,,,,,,,,True,True,True,True
episode-45a4e93275c82d3f91f9,UNDRR DesInventar Nepal,2004,7,6,Central Region,Bara,KALAIYA MUNICIPALITY,RAIN,0,0,0,0,0,0,0,0.0,False,,,,,,,,,,,,,,,,,,,,,,,,,,True,True,True,True
episode-b43de355f4c219584155,UNDRR DesInventar Nepal,2004,7,6,Central Region,Dhanusa,Manupatti,RAIN,0,0,0,200,0,0,0,0.0,False,,,,,,,,,,,,,,,,,,,,,,,,,,True,True,True,True
episode-d78b07a74496774851bf,UNDRR DesInventar Nepal,2004,7,6,Central Region,Dhanusa,UNKNOWN,UNKNOWN,0,0,0,4000,0,0,0,0.0,False,,,,,,,,,,,,,,,,,,,,,,,,,,True,True,True,True
episode-be18bb53e308ba1a5c1f,UNDRR DesInventar Nepal,2004,7,6,Central Region,Rautahat,BHALOHIYA,RAIN,1,0,0,0,5,0,0,0.0,False,,,,,,,,,,,,,,,,,,,,,,,,,,True,True,True,True
episode-405695a423b330cb309d,UNDRR DesInventar Nepal,2004,7,6,Eastern Region,Siraha,Bariya Patti,HEAVY RAINS,0,0,0,0,0,0,0,0.0,False,,,,,,,,,,,,,,,,,,,,,,,,,,True,True,True,True
episode-8a8409984f30e12dc46c,UNDRR DesInventar Nepal,2004,7,6,Eastern Region,Siraha,Bhawanipur Ka. Ba.,RAIN,0,0,0,200,0,0,0,0.0,False,,,,,,,,,,,,,,,,,,,,,,,,,,True,True,True,True
episode-5a0f285297a375819068,UNDRR DesInventar Nepal,2004,7,6,Eastern Region,Siraha,Brahman Gorchhari,RAIN,0,0,0,200,0,0,0,0.0,False,,,,,,,,,,,,,,,,,,,,,,,,,,True,True,True,True
episode-478d6a1aebe7ab32c2b5,UNDRR DesInventar Nepal,2004,7,6,Eastern Region,Siraha,Harkatti,HEAVY RAINS,0,0,0,500,0,0,0,0.0,False,,,,,,,,,,,,,,,,,,,,,,,,,,True,True,True,True
episode-7f0c441c5990893477f3,UNDRR DesInventar Nepal,2004,7,6,Eastern Region,Siraha,Khirauna,RAIN,0,0,0,1000,0,0,0,0.0,False,,,,,,,,,,,,,,,,,,,,,,,,,,True,True,True,True
episode-ceba3b242645fce990b9,UNDRR DesInventar Nepal,2004,7,6,Eastern Region,Siraha,Siraha Municapility,RAIN,0,0,0,25,0,0,0,0.0,False,,,,,,,,,,,,,,,,,,,,,,,,,,True,True,True,True
episode-26c86e853f8a8fde05d8,UNDRR DesInventar Nepal,2004,7,6,Eastern Region,Sunsari,Narshinhatappu,HEAVY RAINS,0,0,0,1500,0,300,0,0.0,False,,,,,,,,,,,,,,,,,,,,,,,,,,True,True,True,True
episode-7ddb5e9d6902ce03a131,UNDRR DesInventar Nepal,2004,7,6,Eastern Region,Udayapur,Hadiya,RAIN,0,0,0,200,0,35,0,0.0,True,,,,,,,,,,,,,,,,,,,,,,,,,,True,True,True,True
episode-b0ddbe05beecf7ae1e15,UNDRR DesInventar Nepal,2004,7,6,Eastern Region,Udayapur,Trijuga Municipality,RAIN,1,0,0,0,0,0,0,0.0,True,,,,,,,,,,,,,,,,,,,,,,,,,,True,True,True,True
episode-f9fead0b0b65880fb759,UNDRR DesInventar Nepal,2004,7,7,Central Region,Bara,UNKNOWN,HEAVY RAINS,0,0,0,0,0,0,0,0.0,True,,,,,,,,,,,,,,,,,,,,,,,,,,True,True,True,True
episode-13646cf8b22b8acaaf5c,UNDRR DesInventar Nepal,2004,7,7,Eastern Region,Ilam,MAHAMAI,RAIN,1,0,0,0,0,0,0,0.0,False,,,,,,,,,,,,,,,,,,,,,,,,,,True,True,True,True
episode-594025a0566839246015,UNDRR DesInventar Nepal,2004,7,7,Eastern Region,Jhapa,DAMAK MUN.,RAIN,0,0,0,0,0,0,0,0.0,False,,,,,,,,,,,,,,,,,,,,,,,,,,True,True,True,True
episode-81c52f6c974ddf4485be,UNDRR DesInventar Nepal,2004,7,7,Eastern Region,Jhapa,GHAILADUWA,RAIN,0,0,0,1000,0,0,0,0.0,True,,,,,,,,,,,,,,,,,,,,,,,,,,True,True,True,True
episode-e5fbb89387bba6efc201,UNDRR DesInventar Nepal,2004,7,7,Central Region,Mahotari,Jaleswar Municipalit,HEAVY RAINS,0,0,0,500,0,0,0,0.0,False,,,,,,,,,,,,,,,,,,,,,,,,,,True,True,True,True
episode-538de2c53b393f262668,UNDRR DesInventar Nepal,2004,7,7,Central Region,Mahotari,UNKNOWN,HEAVY RAINS,0,0,0,25000,0,0,0,0.0,False,,,,,,,,,,,,,,,,,,,,,,,,,,True,True,True,True
episode-f7e9c95dfd713ef393b0,UNDRR DesInventar Nepal,2004,7,7,Central Region,Rautahat,BHAWANIPUR,RAIN,0,0,0,0,0,0,0,0.0,True,,,,,,,,,,,,,,,,,,,,,,,,,,True,True,True,True
episode-12553a5a407488ef29e0,UNDRR DesInventar Nepal,2004,7,7,Central Region,Sarlahi,HARIPUR,RAIN,0,0,0,0,0,1,0,0.0,True,,,,,,,,,,,,,,,,,,,,,,,,,,True,True,True,True
episode-61a9c8d28832167ba63f,UNDRR DesInventar Nepal,2004,7,7,Central Region,Sarlahi,MALANGAWA MUN,RAIN,0,0,0,0,0,0,0,0.0,False,,,,,,,,,,,,,,,,,,,,,,,,,,True,True,True,True
episode-d6369118dd929ea543af,UNDRR DesInventar Nepal,2004,7,7,Central Region,Sarlahi,SISAUTIYA,RAIN,0,0,0,1500,0,300,0,0.0,True,,,,,,,,,,,,,,,,,,,,,,,,,,True,True,True,True
episode-501724e151253a841c37,UNDRR DesInventar Nepal,2004,7,7,Eastern Region,Sunsari,Itahari Municipality,RAIN,1,0,0,0,0,0,0,0.0,True,,,,,,,,,,,,,,,,,,,,,,,,,,True,True,True,True
episode-e1e9b8311985e487a69b,UNDRR DesInventar Nepal,2004,7,8,Central Region,Bara,BHALUHI BHARWALIYA,RAIN,0,0,0,625,4,0,0,0.0,False,,,,,,,,,,,,,,,,,,,,,,,,,,True,True,True,True
episode-516832982fa1a82f4e61,UNDRR DesInventar Nepal,2004,7,8,Central Region,Dhanusa,Bagchauda,UNKNOWN,1,0,0,0,0,0,0,0.0,True,,,,,,,,,,,,,,,,,,,,,,,,,,True,True,True,True
episode-390ff2bceade6d37989d,UNDRR DesInventar Nepal,2004,7,8,Central Region,Dhanusa,Ghodghash,RAIN,1,0,0,0,1,0,0,0.0,False,,,,,,,,,,,,,,,,,,,,,,,,,,True,True,True,True
episode-a2d36d3742723abfd98c,UNDRR DesInventar Nepal,2004,7,8,Central Region,Dhanusa,Janakpur Municipality,RAIN,1,0,0,0,1,0,0,0.0,True,,,,,,,,,,,,,,,,,,,,,,,,,,True,True,True,True
episode-7779b52d1312d1d25af9,UNDRR DesInventar Nepal,2004,7,8,Central Region,Dhanusa,Tulsiyahi Jabdi,RAIN,0,0,2,0,1,0,0,0.0,False,,,,,,,,,,,,,,,,,,,,,,,,,,True,True,True,True
episode-03d58b95739c4b79c1be,UNDRR DesInventar Nepal,2004,7,8,Eastern Region,Jhapa,HALDIBARI,RAIN,0,0,0,15,1,0,0,0.0,False,,,,,,,,,,,,,,,,,,,,,,,,,,True,True,True,True
episode-3bd3802fd706500a1a95,UNDRR DesInventar Nepal,2004,7,8,Central Region,Makwanpur,HETAUDA MUNICIPALITY,RAIN,0,0,0,625,0,125,0,40.0,True,,,,,,,,,,,,,,,,,,,,,,,,,,True,True,True,True
episode-58f23eec8fd06da469c6,UNDRR DesInventar Nepal,2004,7,8,Central Region,Makwanpur,UNKNOWN,RAIN,0,0,0,0,0,0,0,0.0,False,,,,,,,,,,,,,,,,,,,,,,,,,,True,True,True,True
episode-09bde2c4e70c39f041d0,UNDRR DesInventar Nepal,2004,7,8,Central Region,Makwanpur,UNKNOWN,UNKNOWN,0,0,0,0,0,0,0,0.0,True,,,,,,,,,,,,,,,,,,,,,,,,,,True,True,True,True
episode-af3b2c4dca63fec5ef11,UNDRR DesInventar Nepal,2004,7,8,Central Region,Rautahat,HAJMINIYA,RAIN,0,0,0,0,0,0,0,0.0,False,,,,,,,,,,,,,,,,,,,,,,,,,,True,True,True,True
episode-de3dc35e20d7e1a95234,UNDRR DesInventar Nepal,2004,7,8,Eastern Region,Saptari,BHARDAHA,RAIN,0,0,0,0,0,0,0,0.0,False,,,,,,,,,,,,,,,,,,,,,,,,,,True,True,True,True
episode-1558eb044eb329c49c9b,UNDRR DesInventar Nepal,2004,7,8,Central Region,Sarlahi,MALANGAWA MUN,RAIN,0,0,0,0,0,0,0,0.0,True,,,,,,,,,,,,,,,,,,,,,,,,,,True,True,True,True
episode-2f18069e972663c36c95,UNDRR DesInventar Nepal,2004,7,8,Eastern Region,Siraha,Lahan Municipality,RAIN,0,0,0,2500,0,0,0,0.0,True,,,,,,,,,,,,,,,,,,,,,,,,,,True,True,True,True
episode-9808f71d472c3a3ad6f5,UNDRR DesInventar Nepal,2004,7,8,Eastern Region,Siraha,Lalpur,RAIN,1,0,0,0,0,0,0,0.0,False,,,,,,,,,,,,,,,,,,,,,,,,,,True,True,True,True
episode-12b96f9b1a84035f8fb7,UNDRR DesInventar Nepal,2004,7,8,Eastern Region,Sunsari,Khanar,RAIN,0,0,0,0,0,0,0,0.0,False,,,,,,,,,,,,,,,,,,,,,,,,,,True,True,True,True
episode-e75a5312ffb6322e4333,UNDRR DesInventar Nepal,2004,7,8,Eastern Region,Sunsari,UNKNOWN,RAIN,0,0,0,0,0,0,0,40.0,True,,,,,,,,,,,,,,,,,,,,,,,,,,True,True,True,True
episode-af54d1c994105467fd39,UNDRR DesInventar Nepal,2004,7,9,Central Region,Bara,NIJGADH,HEAVY RAINS,0,2,0,0,0,0,0,0.0,False,,,,,,,,,,,,,,,,,,,,,,,,,,True,True,True,True
episode-502c950c62614629652f,UNDRR DesInventar Nepal,2004,7,9,Central Region,Bara,PIPARA SIMARA,RAIN,0,0,0,0,0,0,0,0.0,False,,,,,,,,,,,,,,,,,,,,,,,,,,True,True,True,True
episode-7a40303ed5cdc37f630c,UNDRR DesInventar Nepal,2004,7,9,Central Region,Chitawan,UNKNOWN,RAIN,0,0,0,0,0,0,0,0.0,False,,,,,,,,,,,,,,,,,,,,,,,,,,True,True,True,True
episode-976f8785c6cc5a1eb16e,UNDRR DesInventar Nepal,2004,7,9,Eastern Region,Jhapa,GAURADAHA,RAIN,1,0,0,0,0,0,0,0.0,False,,,,,,,,,,,,,,,,,,,,,,,,,,True,True,True,True
episode-69c30600a28501b907a4,UNDRR DesInventar Nepal,2004,7,9,Eastern Region,Jhapa,GOLDHAP,RAIN,0,1,0,0,0,0,0,0.0,False,,,,,,,,,,,,,,,,,,,,,,,,,,True,True,True,True
episode-ab0222a31e146cd0bda4,UNDRR DesInventar Nepal,2004,7,9,Central Region,Makwanpur,AMBHANJYANG,RAIN,0,0,0,60,0,12,0,0.0,False,,,,,,,,,,,,,,,,,,,,,,,,,,True,True,True,True
episode-4804611671174d9329fa,UNDRR DesInventar Nepal,2004,7,9,Central Region,Makwanpur,BHAISE,RAIN,0,0,3,15,3,9,0,0.0,False,,,,,,,,,,,,,,,,,,,,,,,,,,True,True,True,True
episode-4667df58f922a95b52e1,UNDRR DesInventar Nepal,2004,7,9,Central Region,Makwanpur,MAKWANPUR GADI,RAIN,0,5,0,0,11,0,0,0.0,False,,,,,,,,,,,,,,,,,,,,,,,,,,True,True,True,True
episode-01c61c6514b83891b224,UNDRR DesInventar Nepal,2004,7,9,Central Region,Makwanpur,MANAHARI,RAIN,0,0,0,45,0,0,0,0.0,False,,,,,,,,,,,,,,,,,,,,,,,,,,True,True,True,True
episode-5dd8a62a6fb397344705,UNDRR DesInventar Nepal,2004,7,9,Central Region,Makwanpur,UNKNOWN,RAIN,0,0,0,150,0,14,0,0.0,False,,,,,,,,,,,,,,,,,,,,,,,,,,True,True,True,True
episode-31cd6df5012f51357b6d,UNDRR DesInventar Nepal,2004,7,9,Central Region,Rautahat,UNKNOWN,UNKNOWN,0,0,0,0,0,0,0,25.0,True,,,,,,,,,,,,,,,,,,,,,,,,,,True,True,True,True
episode-520b98f654b68daf587c,UNDRR DesInventar Nepal,2004,7,9,Eastern Region,Saptari,BAMANGAMA KATTI,RAIN,0,0,0,1500,1,300,0,0.0,False,,,,,,,,,,,,,,,,,,,,,,,,,,True,True,True,True
episode-a059c89f80ab412fd85f,UNDRR DesInventar Nepal,2004,7,9,Eastern Region,Saptari,UNKNOWN,RAIN,0,0,0,0,0,0,0,0.0,False,,,,,,,,,,,,,,,,,,,,,,,,,,True,True,True,True
episode-a6c8ce18826457700840,UNDRR DesInventar Nepal,2004,7,9,Central Region,Sarlahi,NETRAGANJ,RAIN,0,0,0,0,0,0,0,0.0,True,,,,,,,,,,,,,,,,,,,,,,,,,,True,True,True,True
episode-9a65d2228ff473ac8d6d,UNDRR DesInventar Nepal,2004,7,9,Western Region,Tanahu,AANBUKHAIRENI,RAIN,0,0,0,0,0,0,0,0.0,True,,,,,,,,,,,,,,,,,,,,,,,,,,True,True,True,True
episode-c416bab1f7732116313d,UNDRR DesInventar Nepal,2004,7,9,Eastern Region,Udayapur,Beltar,RAIN,0,0,0,15000,0,0,0,0.0,False,,,,,,,,,,,,,,,,,,,,,,,,,,True,True,True,True
episode-adf59bff29ead80f5934,UNDRR DesInventar Nepal,2004,7,9,Eastern Region,Udayapur,Chilaune,RAIN,0,1,0,0,0,0,0,0.0,False,,,,,,,,,,,,,,,,,,,,,,,,,,True,True,True,True
episode-7de884e4f1c2c8028f8b,UNDRR DesInventar Nepal,2004,7,9,Eastern Region,Udayapur,Hadiya,RAIN,0,0,0,0,0,0,0,0.0,False,,,,,,,,,,,,,,,,,,,,,,,,,,True,True,True,True
episode-944cffc60f8d1eabe8e2,UNDRR DesInventar Nepal,2004,7,9,Eastern Region,Udayapur,Katari,RAIN,0,0,0,0,0,0,0,0.0,False,,,,,,,,,,,,,,,,,,,,,,,,,,True,True,True,True
episode-8e49f94bca9cc8c625fa,UNDRR DesInventar Nepal,2004,7,9,Eastern Region,Udayapur,Sundarpur,RAIN,0,0,0,700,36,44,0,0.0,False,,,,,,,,,,,,,,,,,,,,,,,,,,True,True,True,True
episode-74c2a931e1b1d301ba17,UNDRR DesInventar Nepal,2004,7,9,Eastern Region,Udayapur,Tapeshwari,RAIN,0,0,0,500,0,100,0,0.0,False,,,,,,,,,,,,,,,,,,,,,,,,,,True,True,True,True
episode-8881c08206c91daa3abd,UNDRR DesInventar Nepal,2004,7,9,Eastern Region,Udayapur,Trijuga Municipality,RAIN,0,0,0,75,15,0,0,0.0,False,,,,,,,,,,,,,,,,,,,,,,,,,,True,True,True,True
episode-e50941adf59597d7a014,UNDRR DesInventar Nepal,2004,7,10,Central Region,Bara,AMLEKHGANJ,RAIN,0,0,0,125,0,0,0,0.0,False,,,,,,,,,,,,,,,,,,,,,,,,,,True,True,True,True
episode-7027b4f0eec2738ec546,UNDRR DesInventar Nepal,2004,7,10,Central Region,Bara,BHALUHI BHARWALIYA,RAIN,0,0,0,20,4,0,0,0.0,False,,,,,,,,,,,,,,,,,,,,,,,,,,True,True,True,True
episode-f4dc8b8993f761c2fb3c,UNDRR DesInventar Nepal,2004,7,10,Central Region,Bara,INARWASIRA,RAIN,1,0,0,0,0,0,0,0.0,False,,,,,,,,,,,,,,,,,,,,,,,,,,True,True,True,True
episode-129ab5c6a3a351980226,UNDRR DesInventar Nepal,2004,7,10,Central Region,Bara,TELKUWA,RAIN,0,0,0,15,3,0,0,0.0,False,,,,,,,,,,,,,,,,,,,,,,,,,,True,True,True,True
episode-483ef1263ef18e2e1d48,UNDRR DesInventar Nepal,2004,7,10,Central Region,Makwanpur,HADIKHOLA,RAIN,0,0,0,75,0,15,0,0.0,False,,,,,,,,,,,,,,,,,,,,,,,,,,True,True,True,True
episode-d8d010a05e5b3c977bd5,UNDRR DesInventar Nepal,2004,7,10,Central Region,Makwanpur,HETAUDA MUNICIPALITY,RAIN,0,0,0,760,0,0,0,0.0,False,,,,,,,,,,,,,,,,,,,,,,,,,,True,True,True,True
episode-f64bb0e7a4ee4526f1a1,UNDRR DesInventar Nepal,2004,7,10,Central Region,Makwanpur,MANAHARI,RAIN,0,0,0,0,0,0,0,0.0,False,,,,,,,,,,,,,,,,,,,,,,,,,,True,True,True,True
episode-c20f253c7919950555c6,UNDRR DesInventar Nepal,2004,7,10,Central Region,Ramechhap,Okhreni,RAIN,1,0,0,0,0,0,0,0.0,True,,,,,,,,,,,,,,,,,,,,,,,,,,True,True,True,True
episode-bd714c536969238e6a9d,UNDRR DesInventar Nepal,2004,7,10,Central Region,Rautahat,SANTAPUR MOTIYON,RAIN,1,0,0,0,1,0,0,0.0,False,,,,,,,,,,,,,,,,,,,,,,,,,,True,True,True,True
episode-8968ee3882782d488e77,UNDRR DesInventar Nepal,2004,7,10,Central Region,Sarlahi,ISHWORPUR,RAIN,1,0,0,0,0,0,0,0.0,False,,,,,,,,,,,,,,,,,,,,,,,,,,True,True,True,True
episode-b39c71124d4905a75dc8,UNDRR DesInventar Nepal,2004,7,10,Central Region,Sarlahi,SHANKAPUR,RAIN,0,5,0,0,0,0,0,0.0,False,,,,,,,,,,,,,,,,,,,,,,,,,,True,True,True,True
episode-545f2423292d83e9f6c4,UNDRR DesInventar Nepal,2004,7,10,Central Region,Sindhuli,Bhimsthan,RAIN,0,0,0,0,0,0,0,0.0,True,,,,,,,,,,,,,,,,,,,,,,,,,,True,True,True,True
episode-6d2666e32ccd9fdc1177,UNDRR DesInventar Nepal,2004,7,10,Central Region,Sindhuli,Kamalamai Municipality,RAIN,0,0,0,12000,0,0,0,0.0,False,,,,,,,,,,,,,,,,,,,,,,,,,,True,True,True,True
episode-2b86bd49959ced73c016,UNDRR DesInventar Nepal,2004,7,10,Central Region,Sindhuli,UNKNOWN,RAIN,0,0,0,0,22,15,0,0.0,True,,,,,,,,,,,,,,,,,,,,,,,,,,True,True,True,True
episode-0c028b8a8afbd0a73eca,UNDRR DesInventar Nepal,2004,7,10,Eastern Region,Siraha,Siraha Municapility,RAIN,0,1,0,0,0,0,0,0.0,False,,,,,,,,,,,,,,,,,,,,,,,,,,True,True,True,True
episode-004a5cf411a936646a8d,UNDRR DesInventar Nepal,2004,7,10,Eastern Region,Udayapur,Katari,RAIN,0,0,0,0,17,0,0,0.0,True,,,,,,,,,,,,,,,,,,,,,,,,,,True,True,True,True
episode-3ca6b1e2525adebec5c8,UNDRR DesInventar Nepal,2004,7,10,Eastern Region,Udayapur,Rampur,RAIN,0,0,0,0,9,0,0,0.0,False,,,,,,,,,,,,,,,,,,,,,,,,,,True,True,True,True
episode-679481a4a95193791b30,UNDRR DesInventar Nepal,2004,7,11,Central Region,Bara,PATERWA,RAIN,1,0,0,0,0,0,0,0.0,False,,,,,,,,,,,,,,,,,,,,,,,,,,True,True,True,True
episode-54a35555b13b26bdde11,UNDRR DesInventar Nepal,2004,7,11,Central Region,Chitawan,BHANDARA,RAIN,1,0,0,0,0,0,0,0.0,False,,,,,,,,,,,,,,,,,,,,,,,,,,True,True,True,True
episode-ee3bb140f90766939810,UNDRR DesInventar Nepal,2004,7,11,Central Region,Chitawan,KUMROJ,UNKNOWN,0,1,0,0,0,0,0,0.0,False,,,,,,,,,,,,,,,,,,,,,,,,,,True,True,True,True
episode-ed85cefca64026fcb3fa,UNDRR DesInventar Nepal,2004,7,11,Central Region,Mahotari,Aurahi,RAIN,2,0,0,0,0,0,0,0.0,False,,,,,,,,,,,,,,,,,,,,,,,,,,True,True,True,True
episode-1a25064acb7a379360c6,UNDRR DesInventar Nepal,2004,7,11,Central Region,Mahotari,Bathnaha,RAIN,2,0,0,0,0,0,0,0.0,False,,,,,,,,,,,,,,,,,,,,,,,,,,True,True,True,True
episode-2390e6c8af87d1737f6f,UNDRR DesInventar Nepal,2004,7,11,Central Region,Mahotari,Shreepur,RAIN,1,0,0,0,0,0,0,0.0,False,,,,,,,,,,,,,,,,,,,,,,,,,,True,True,True,True
episode-6cf55a73f01ff1e6587e,UNDRR DesInventar Nepal,2004,7,11,Central Region,Makwanpur,CHURIMAI,RAIN,0,0,0,0,0,0,0,200.0,True,,,,,,,,,,,,,,,,,,,,,,,,,,True,True,True,True
episode-2f13a22e23988d16d7bb,UNDRR DesInventar Nepal,2004,7,11,Eastern Region,Morang,Bahuni,RAIN,0,0,0,750,0,0,0,0.0,False,,,,,,,,,,,,,,,,,,,,,,,,,,True,True,True,True
episode-823ff56e39feda926e08,UNDRR DesInventar Nepal,2004,7,11,Eastern Region,Morang,Hoklabari,RAIN,0,0,0,0,0,0,0,0.0,False,,,,,,,,,,,,,,,,,,,,,,,,,,True,True,True,True
episode-e2a461ed0a68cd1461dc,UNDRR DesInventar Nepal,2004,7,11,Central Region,Sarlahi,SUNDARPUR,RAIN,3,0,0,0,0,0,0,0.0,False,,,,,,,,,,,,,,,,,,,,,,,,,,True,True,True,True
episode-12714a23c786f2d769b5,UNDRR DesInventar Nepal,2004,7,11,Central Region,Sindhuli,Hatpate,RAIN,0,0,0,2500,0,0,0,500.0,True,,,,,,,,,,,,,,,,,,,,,,,,,,True,True,True,True
episode-de157b731dd430848753,UNDRR DesInventar Nepal,2004,7,11,Central Region,Sindhuli,Kusheswar Dumja,RAIN,1,0,0,250,100,0,0,0.0,True,,,,,,,,,,,,,,,,,,,,,,,,,,True,True,True,True
episode-27725947274c9165c9d6,UNDRR DesInventar Nepal,2004,7,11,Eastern Region,Sunsari,Panchakanya,RAIN,0,0,0,0,0,0,0,0.0,True,,,,,,,,,,,,,,,,,,,,,,,,,,True,True,True,True
episode-6d53168527050ed16abd,UNDRR DesInventar Nepal,2004,7,11,Eastern Region,Udayapur,Hadiya,RAIN,0,1,0,0,0,0,0,0.0,False,,,,,,,,,,,,,,,,,,,,,,,,,,True,True,True,True
episode-5b43f86ba17ae5981fc6,UNDRR DesInventar Nepal,2004,7,11,Eastern Region,Udayapur,Risku,RAIN,1,0,0,0,0,0,0,0.0,False,,,,,,,,,,,,,,,,,,,,,,,,,,True,True,True,True
episode-ec6a6761c480abaa9062,UNDRR DesInventar Nepal,2004,7,12,Central Region,Dhanusa,Enarwa,RAIN,1,0,0,0,0,0,0,0.0,False,,,,,,,,,,,,,,,,,,,,,,,,,,True,True,True,True
episode-6430edc2d4d1674a4693,UNDRR DesInventar Nepal,2004,7,12,Central Region,Dhanusa,UNKNOWN,RAIN,0,0,0,0,0,0,0,0.0,False,,,,,,,,,,,,,,,,,,,,,,,,,,True,True,True,True
episode-f5837580e4adac07fcfd,UNDRR DesInventar Nepal,2004,7,12,Central Region,Mahotari,Gonarpura,RAIN,1,0,0,0,0,0,0,0.0,False,,,,,,,,,,,,,,,,,,,,,,,,,,True,True,True,True
episode-845ad694ac1a31c1993f,UNDRR DesInventar Nepal,2004,7,12,Eastern Region,Morang,Hasanda,RAIN,0,0,0,0,0,0,0,0.0,False,,,,,,,,,,,,,,,,,,,,,,,,,,True,True,True,True
episode-4c9bcdc48bdc81a0de13,UNDRR DesInventar Nepal,2004,7,12,Eastern Region,Morang,Majhare,RAIN,1,0,0,0,0,0,0,0.0,False,,,,,,,,,,,,,,,,,,,,,,,,,,True,True,True,True
episode-ecb28860fc9185c33538,UNDRR DesInventar Nepal,2004,7,12,Eastern Region,Okhaldhunga,THAKLE,RAIN,0,1,0,0,0,0,0,0.0,False,,,,,,,,,,,,,,,,,,,,,,,,,,True,True,True,True
episode-d2d69e2e34f9ffeace24,UNDRR DesInventar Nepal,2004,7,12,Central Region,Rautahat,BANJARHA,RAIN,2,5,0,0,0,0,0,0.0,False,,,,,,,,,,,,,,,,,,,,,,,,,,True,True,True,True
episode-4f7c8b0b01f468201f8e,UNDRR DesInventar Nepal,2004,7,12,Central Region,Rautahat,DUMARIYA,RAIN,1,0,0,0,0,0,0,0.0,False,,,,,,,,,,,,,,,,,,,,,,,,,,True,True,True,True
episode-c06698c9e3d0c6105623,UNDRR DesInventar Nepal,2004,7,12,Central Region,Rautahat,INARWARI,RAIN,2,0,0,0,0,0,0,0.0,False,,,,,,,,,,,,,,,,,,,,,,,,,,True,True,True,True
episode-9117b8b8c9689699ed50,UNDRR DesInventar Nepal,2004,7,12,Eastern Region,Saptari,DAULATPUR,UNKNOWN,0,0,0,75,0,0,0,0.0,False,,,,,,,,,,,,,,,,,,,,,,,,,,True,True,True,True
episode-d05f8d71145cdbb1fbfe,UNDRR DesInventar Nepal,2004,7,12,Central Region,Sarlahi,HARIPUR,RAIN,0,0,0,0,0,0,0,0.0,True,,,,,,,,,,,,,,,,,,,,,,,,,,True,True,True,True
episode-c9edd305fc9d90dbc4f6,UNDRR DesInventar Nepal,2004,7,12,Central Region,Sarlahi,JABDI,RAIN,1,0,0,0,0,0,0,0.0,False,,,,,,,,,,,,,,,,,,,,,,,,,,True,True,True,True
episode-6e523a42327c54e72b18,UNDRR DesInventar Nepal,2004,7,12,Central Region,Sarlahi,LAKSMIPUR (KO),RAIN,2,0,0,0,0,0,0,0.0,False,,,,,,,,,,,,,,,,,,,,,,,,,,True,True,True,True
episode-45843dc007f0378f4854,UNDRR DesInventar Nepal,2004,7,12,Central Region,Sarlahi,UNKNOWN,RAIN,0,0,0,1500,0,104,0,0.0,True,,,,,,,,,,,,,,,,,,,,,,,,,,True,True,True,True
episode-91f425fc82e7452f8af4,UNDRR DesInventar Nepal,2004,7,12,Eastern Region,Siraha,Badaharamal,UNKNOWN,0,0,0,195,39,0,0,0.0,False,,,,,,,,,,,,,,,,,,,,,,,,,,True,True,True,True
episode-f4512a8d54d50ef276aa,UNDRR DesInventar Nepal,2004,7,12,Eastern Region,Siraha,Dhodhana,UNKNOWN,1,0,0,0,0,0,0,0.0,False,,,,,,,,,,,,,,,,,,,,,,,,,,True,True,True,True
episode-b6ec03d10eaf8592626f,UNDRR DesInventar Nepal,2004,7,12,Eastern Region,Siraha,Lahan Municipality,RAIN,0,0,0,0,0,0,0,0.0,False,,,,,,,,,,,,,,,,,,,,,,,,,,True,True,True,True
episode-fb4d50b8ce9e7fa35117,UNDRR DesInventar Nepal,2004,7,12,Eastern Region,Udayapur,Chilaune,RAIN,1,0,0,0,0,0,0,0.0,False,,,,,,,,,,,,,,,,,,,,,,,,,,True,True,True,True
episode-e0d506342197a088006c,UNDRR DesInventar Nepal,2004,7,12,Eastern Region,Udayapur,Risku,RAIN,2,0,0,0,0,0,0,0.0,False,,,,,,,,,,,,,,,,,,,,,,,,,,True,True,True,True
episode-03e17db22c5eaf296ee4,UNDRR DesInventar Nepal,2004,7,13,Eastern Region,Okhaldhunga,HARKAPUR,RAIN,0,2,0,355,0,0,0,0.0,False,,,,,,,,,,,,,,,,,,,,,,,,,,True,True,True,True
episode-45e0f7cc4a248fcd55d8,UNDRR DesInventar Nepal,2004,7,13,Eastern Region,Okhaldhunga,TARKERABARI,RAIN,0,1,0,0,0,0,0,0.0,False,,,,,,,,,,,,,,,,,,,,,,,,,,True,True,True,True
episode-0e172b24264ed36c658c,UNDRR DesInventar Nepal,2004,7,13,Eastern Region,Saptari,BADAGAMA,RAIN,0,1,0,0,0,0,0,0.0,False,,,,,,,,,,,,,,,,,,,,,,,,,,True,True,True,True
episode-868fe5ae604996f527a7,UNDRR DesInventar Nepal,2004,7,13,Central Region,Sarlahi,DHUNGREKHOLA,RAIN,1,0,0,0,0,0,0,0.0,False,,,,,,,,,,,,,,,,,,,,,,,,,,True,True,True,True
episode-9a37438ff32dc4a28ba8,UNDRR DesInventar Nepal,2004,7,14,Central Region,Dhanusa,Baphai,RAIN,1,0,0,0,0,0,0,0.0,False,,,,,,,,,,,,,,,,,,,,,,,,,,True,True,True,True
episode-5b8abd00311834c389e6,UNDRR DesInventar Nepal,2004,7,14,Central Region,Mahotari,Halkhori,RAIN,1,0,0,0,0,0,0,0.0,False,,,,,,,,,,,,,,,,,,,,,,,,,,True,True,True,True
episode-f17532f6ddac5291bb09,UNDRR DesInventar Nepal,2004,7,14,Central Region,Mahotari,Khayarmara,RAIN,1,0,0,0,0,0,0,0.0,False,,,,,,,,,,,,,,,,,,,,,,,,,,True,True,True,True
episode-cabcd6a812059cefa77d,UNDRR DesInventar Nepal,2004,7,14,Western Region,Nawalparasi,KOLHUWA,RAIN,0,0,0,0,0,0,0,0.0,False,,,,,,,,,,,,,,,,,,,,,,,,,,True,True,True,True
episode-a7bd6e1ba02794c64403,UNDRR DesInventar Nepal,2004,7,14,Central Region,Sarlahi,ACHALGADH,RAIN,1,0,0,0,0,0,0,0.0,False,,,,,,,,,,,,,,,,,,,,,,,,,,True,True,True,True
episode-6338ea49a85287944019,UNDRR DesInventar Nepal,2004,7,14,Central Region,Sindhuli,Basheswor,RAIN,1,0,0,0,0,0,0,0.0,False,,,,,,,,,,,,,,,,,,,,,,,,,,True,True,True,True
episode-a963dac327cf7b6874df,UNDRR DesInventar Nepal,2004,7,14,Eastern Region,Siraha,Bariya Patti,RAIN,1,0,0,0,0,0,0,0.0,True,,,,,,,,,,,,,,,,,,,,,,,,,,True,True,True,True
episode-c7ac0f187ac1d56a7ed6,UNDRR DesInventar Nepal,2004,7,15,Far Western Region,Achham,MASTAMANDU,RAIN,1,0,0,0,0,0,0,0.0,False,,,,,,,,,,,,,,,,,,,,,,,,,,True,True,True,True
episode-c98d7f0289543471f6c3,UNDRR DesInventar Nepal,2004,7,15,Central Region,Mahotari,Khutta Piparadhi,RAIN,1,0,0,0,0,0,0,0.0,False,,,,,,,,,,,,,,,,,,,,,,,,,,True,True,True,True
episode-34d9fed5ca83958b4613,UNDRR DesInventar Nepal,2004,7,16,Central Region,Sindhuli,Bhimeshwar Khurkot,RAIN,1,0,0,0,0,0,0,0.0,False,,,,,,,,,,,,,,,,,,,,,,,,,,True,True,True,True
episode-9cc8319fe45cdcad964b,UNDRR DesInventar Nepal,2004,7,16,Central Region,Sindhuli,Majhuwa,RAIN,1,0,0,0,0,0,0,0.0,False,,,,,,,,,,,,,,,,,,,,,,,,,,True,True,True,True
episode-ec16b7c329e450f26ac3,UNDRR DesInventar Nepal,2004,7,17,Western Region,Gulmi,ARKHALE,UNKNOWN,0,0,0,500,0,0,0,0.0,False,,,,,,,,,,,,,,,,,,,,,,,,,,True,True,True,True
episode-0e747690438f6079a215,UNDRR DesInventar Nepal,2004,7,17,Western Region,Gulmi,DHURKOT RAJSTHAL,RAIN,0,0,0,0,0,0,0,0.0,False,,,,,,,,,,,,,,,,,,,,,,,,,,True,True,True,True
episode-8092180b97e94ba51b20,UNDRR DesInventar Nepal,2004,7,17,Western Region,Kapilbastu,UNKNOWN,RAIN,0,0,0,0,0,0,0,0.0,False,,,,,,,,,,,,,,,,,,,,,,,,,,True,True,True,True
episode-5db5ac028fb17867076c,UNDRR DesInventar Nepal,2004,7,17,Western Region,Nawalparasi,UNKNOWN,RAIN,0,0,0,0,0,0,0,0.0,False,,,,,,,,,,,,,,,,,,,,,,,,,,True,True,True,True
episode-72e73c9611c9b662b066,UNDRR DesInventar Nepal,2004,7,18,Eastern Region,Jhapa,GARAMANI,RAIN,1,0,0,0,0,0,0,0.0,False,,,,,,,,,,,,,,,,,,,,,,,,,,True,True,True,True
episode-a36f982bd663bfe790dc,UNDRR DesInventar Nepal,2004,7,18,Eastern Region,Saptari,BARSAIN,RAIN,1,0,0,0,0,0,0,0.0,False,,,,,,,,,,,,,,,,,,,,,,,,,,True,True,True,True
episode-d2e4a84ca1f5497ba4a5,UNDRR DesInventar Nepal,2004,7,20,Central Region,Dhanusa,UNKNOWN,RAIN,0,0,0,0,0,0,0,0.0,False,,,,,,,,,,,,,,,,,,,,,,,,,,True,True,True,True
episode-17a93bbb96eb1faa269b,UNDRR DesInventar Nepal,2004,7,20,Central Region,Mahotari,UNKNOWN,RAIN,0,0,0,150000,0,0,0,0.0,False,,,,,,,,,,,,,,,,,,,,,,,,,,True,True,True,True
episode-49bba91c1b8457616883,UNDRR DesInventar Nepal,2004,7,20,Western Region,Nawalparasi,RAMGRAM NP,RAIN,2,0,0,0,0,0,0,0.0,False,,,,,,,,,,,,,,,,,,,,,,,,,,True,True,True,True
episode-2c4c540fb00aace6622d,UNDRR DesInventar Nepal,2004,7,20,Eastern Region,Siraha,UNKNOWN,UNKNOWN,0,0,0,0,0,0,0,0.0,False,,,,,,,,,,,,,,,,,,,,,,,,,,True,True,True,True
episode-29941d4080a24e01987e,UNDRR DesInventar Nepal,2004,7,21,Central Region,Dhanusa,Janakpur Municipality,RAIN,0,0,0,0,0,0,0,0.0,False,,,,,,,,,,,,,,,,,,,,,,,,,,True,True,True,True
episode-aef802e2826bbf9579af,UNDRR DesInventar Nepal,2004,7,22,Western Region,Nawalparasi,KOLHUWA,RAIN,0,0,0,0,0,0,205,0.0,False,,,,,,,,,,,,,,,,,,,,,,,,,,True,True,True,True
episode-8cfcdaa823cc439a1cf8,UNDRR DesInventar Nepal,2004,7,22,Eastern Region,Saptari,TARAHI,RAIN,0,0,0,0,200,0,0,0.0,True,,,,,,,,,,,,,,,,,,,,,,,,,,True,True,True,True
episode-a4480b2c51e1247ba7bc,UNDRR DesInventar Nepal,2004,7,26,Central Region,Sarlahi,UNKNOWN,UNKNOWN,0,0,0,25000,0,0,0,0.0,False,,,,,,,,,,,,,,,,,,,,,,,,,,True,True,True,True
episode-d20f847bfb24cda0d478,UNDRR DesInventar Nepal,2004,7,26,Eastern Region,Udayapur,Panchwati,RAIN,1,0,0,0,0,0,0,0.0,False,,,,,,,,,,,,,,,,,,,,,,,,,,True,True,True,True
episode-468cfa7d7ee7ea64ff39,UNDRR DesInventar Nepal,2004,7,28,Central Region,Ramechhap,Ramechhap,RAIN,6,0,0,0,0,880,0,0.0,False,,,,,,,,,,,,,,,,,,,,,,,,,,True,True,True,True
episode-d2bd606f5d63f4adfe75,UNDRR DesInventar Nepal,2004,7,30,Mid-Western Region,Bardiya,UNKNOWN,UNKNOWN,0,0,0,0,0,0,0,0.0,False,,,,,,,,,,,,,,,,,,,,,,,,,,True,True,True,True
episode-1e66514f77d59ffbb624,UNDRR DesInventar Nepal,2004,8,6,Eastern Region,Udayapur,Rampur,RAIN,1,0,0,0,0,0,0,0.0,False,,,,,,,,,,,,,,,,,,,,,,,,,,True,True,True,True
episode-04f02fc174e4e8d1d03f,UNDRR DesInventar Nepal,2004,8,20,Western Region,Nawalparasi,KOLHUWA,RAIN,0,0,0,140,0,0,0,0.0,False,,,,,,,,,,,,,,,,,,,,,,,,,,True,True,True,True
episode-21435dc282d3f8300d44,UNDRR DesInventar Nepal,2004,8,23,Central Region,Dhading,SATYADEVI,RAIN,0,0,0,500,12,0,0,0.0,False,,,,,,,,,,,,,,,,,,,,,,,,,,True,True,True,True
episode-617b2656d02fe76cfb72,UNDRR DesInventar Nepal,2004,9,6,Eastern Region,Udayapur,Hadiya,RAIN,1,0,0,0,0,0,0,0.0,False,,,,,,,,,,,,,,,,,,,,,,,,,,True,True,True,True
episode-51cf1a6d66bcbd588040,UNDRR DesInventar Nepal,2004,9,8,Eastern Region,Sunsari,Mahendranagar,RAIN,0,0,0,0,1,0,0,0.0,False,,,,,,,,,,,,,,,,,,,,,,,,,,True,True,True,True
episode-2e5d42c528ded69cbec0,UNDRR DesInventar Nepal,2004,9,9,Western Region,Rupandehi,BUTAWAL_NP,RAIN,0,0,0,0,0,0,0,0.0,False,,,,,,,,,,,,,,,,,,,,,,,,,,True,True,True,True
episode-bf2cca112e2ab427a5f5,UNDRR DesInventar Nepal,2004,9,11,Western Region,Myagdi,UNKNOWN,UNKNOWN,0,0,0,0,0,0,0,0.0,True,,,,,,,,,,,,,,,,,,,,,,,,,,True,True,True,True
episode-f3db3b1e2bfed3c1b321,UNDRR DesInventar Nepal,2004,9,11,Western Region,Syangja,BHATKHOLA,RAIN,0,2,0,0,2,0,0,0.0,False,,,,,,,,,,,,,,,,,,,,,,,,,,True,True,True,True
episode-64684d3e2458821430bf,UNDRR DesInventar Nepal,2004,9,11,Western Region,Syangja,PHEDIKHOLA,RAIN,1,0,0,0,1,0,0,200.0,True,,,,,,,,,,,,,,,,,,,,,,,,,,True,True,True,True
episode-2ad92965b887ffc51f5f,UNDRR DesInventar Nepal,2004,9,12,Western Region,Lamjung,CHANDRESHWAR,RAIN,0,0,0,0,0,0,0,0.0,False,,,,,,,,,,,,,,,,,,,,,,,,,,True,True,True,True
episode-f64867a2f6f198a65b40,UNDRR DesInventar Nepal,2004,9,12,Central Region,Nuwakot,GERKHU,RAIN,1,0,0,50,3,0,0,0.0,True,,,,,,,,,,,,,,,,,,,,,,,,,,True,True,True,True
episode-5d24d7a8b1b0e873316b,UNDRR DesInventar Nepal,2004,9,14,Western Region,Kaski,LEKHNATH_MP,RAIN,0,0,0,0,0,0,0,0.0,False,,,,,,,,,,,,,,,,,,,,,,,,,,True,True,True,True
episode-36e810b21d934cdabd51,UNDRR DesInventar Nepal,2004,9,15,Far Western Region,Baitadi,SIDDHESWOR,RAIN,2,4,0,0,0,0,0,0.0,False,,,,,,,,,,,,,,,,,,,,,,,,,,True,True,True,True
episode-2df70d92894d73ee9255,UNDRR DesInventar Nepal,2004,9,20,Central Region,Dhading,SERTUNG,RAIN,0,2,0,0,0,0,0,0.0,False,,,,,,,,,,,,,,,,,,,,,,,,,,True,True,True,True
episode-a0a38cf10d45a670d472,UNDRR DesInventar Nepal,2004,10,5,Eastern Region,Udayapur,Beltar,RAIN,0,0,0,5000,0,0,0,400.0,True,,,,,,,,,,,,,,,,,,,,,,,,,,True,True,True,True
episode-df58472c26c5730bbc2a,UNDRR DesInventar Nepal,2004,10,7,Mid-Western Region,Dang,DHARNA,RAIN,1,0,0,0,0,0,0,0.0,False,,,,,,,,,,,,,,,,,,,,,,,,,,True,True,True,True
episode-ce8f55d82c9b216a474a,UNDRR DesInventar Nepal,2004,10,7,Mid-Western Region,Dang,TRIBHUVANNAGAR_MUNI.,RAIN,0,0,0,0,0,0,0,0.0,False,,,,,,,,,,,,,,,,,,,,,,,,,,True,True,True,True
episode-e5e1d6b77671cc771ae8,UNDRR DesInventar Nepal,2004,10,7,Mid-Western Region,Dang,UNKNOWN,RAIN,0,0,0,0,0,0,0,0.0,False,,,,,,,,,,,,,,,,,,,,,,,,,,True,True,True,True
episode-a82c28e40a16399654d5,UNDRR DesInventar Nepal,2004,10,8,Mid-Western Region,Dang,TRIBHUVANNAGAR_MUNI.,RAIN,1,0,0,0,0,0,0,0.0,False,,,,,,,,,,,,,,,,,,,,,,,,,,True,True,True,True
episode-80c108d278a649ebd288,UNDRR DesInventar Nepal,2005,6,1,Mid-Western Region,Pyuthan,UNKNOWN,RAIN,2,0,0,0,0,0,0,0.0,False,,,,,,,,,,,,,,,,,,,,,,,,,,True,True,True,True
episode-7d4d3d9b0fa610796420,UNDRR DesInventar Nepal,2005,6,21,Eastern Region,Saptari,GOBARGADHA,RAIN,0,0,0,0,30,0,0,0.0,False,,,,,,,,,,,,,,,,,,,,,,,,,,True,True,True,True
episode-d0381edd8b61d6e9a470,UNDRR DesInventar Nepal,2005,6,21,Eastern Region,Saptari,UNKNOWN,RAIN,0,0,0,0,0,0,0,0.0,True,,,,,,,,,,,,,,,,,,,,,,,,,,True,True,True,True
episode-a68ffb36b87907993f91,UNDRR DesInventar Nepal,2005,6,22,Eastern Region,Udayapur,Trijuga Municipality,RAIN,0,0,0,0,0,0,0,0.0,True,,,,,,,,,,,,,,,,,,,,,,,,,,True,True,True,True
episode-cbc04760dfb53c535e62,UNDRR DesInventar Nepal,2005,6,27,Eastern Region,Jhapa,UNKNOWN,RAIN,0,0,0,0,0,0,0,12000.0,True,,,,,,,,,,,,,,,,,,,,,,,,,,True,True,True,True
episode-ab4d14062d9d03d75b44,UNDRR DesInventar Nepal,2005,7,3,Eastern Region,Morang,Rangeli,RAIN,1,0,0,0,0,0,0,0.0,False,,,,,,,,,,,,,,,,,,,,,,,,,,True,True,True,True
episode-8ad77b83288cbfd8ac57,UNDRR DesInventar Nepal,2005,7,4,Eastern Region,Saptari,UNKNOWN,RAIN,0,0,0,0,0,0,0,0.0,False,,,,,,,,,,,,,,,,,,,,,,,,,,True,True,True,True
episode-2adf17f9664cedf209e8,UNDRR DesInventar Nepal,2005,7,13,Far Western Region,Kanchanpur,UNKNOWN,RAIN,0,0,0,250,50,0,0,0.0,False,,,,,,,,,,,,,,,,,,,,,,,,,,True,True,True,True
episode-1a61661e58941c06c258,UNDRR DesInventar Nepal,2005,7,19,Far Western Region,Kanchanpur,PIPALADI,RAIN,0,0,0,300,0,0,0,0.0,False,,,,,,,,,,,,,,,,,,,,,,,,,,True,True,True,True
episode-54b155a05b9db84e81b5,UNDRR DesInventar Nepal,2005,7,22,Eastern Region,Udayapur,Laphagau,RAIN,1,0,0,0,0,0,0,0.0,False,,,,,,,,,,,,,,,,,,,,,,,,,,True,True,True,True
episode-8d093b3c4e3ffe4f6e75,UNDRR DesInventar Nepal,2005,7,26,Western Region,Lamjung,DHODENI,RAIN,0,0,0,0,0,0,0,0.0,False,,,,,,,,,,,,,,,,,,,,,,,,,,True,True,True,True
episode-c8c784a8cb2690901b15,UNDRR DesInventar Nepal,2005,7,30,Eastern Region,Taplejung,PHAWAKHOLA,RAIN,0,0,0,0,0,0,0,0.0,True,,,,,,,,,,,,,,,,,,,,,,,,,,True,True,True,True
episode-d9033eb6ab66442dff4f,UNDRR DesInventar Nepal,2005,8,6,Central Region,Kavre,BANEPA MUNICIPALITY,RAIN,1,0,0,0,0,0,0,0.0,False,,,,,,,,,,,,,,,,,,,,,,,,,,True,True,True,True
episode-043a3af8ab1134d86061,UNDRR DesInventar Nepal,2005,8,7,Eastern Region,Jhapa,DAMAK MUN.,RAIN,0,0,0,655,0,0,85,0.0,False,,,,,,,,,,,,,,,,,,,,,,,,,,True,True,True,True
episode-22a2511f5f533d989b15,UNDRR DesInventar Nepal,2005,8,13,Eastern Region,Morang,Amardaha,RAIN,2,0,0,0,0,0,0,0.0,False,,,,,,,,,,,,,,,,,,,,,,,,,,True,True,True,True
episode-7aeadc7383eb1aa2ba55,UNDRR DesInventar Nepal,2005,8,14,Far Western Region,Doti,DIPAYAL SILGADHI,RAIN,0,0,0,12,0,0,0,0.0,False,,,,,,,,,,,,,,,,,,,,,,,,,,True,True,True,True
episode-e498f86f8192d9c5e060,UNDRR DesInventar Nepal,2005,8,15,Central Region,Sarlahi,UNKNOWN,RAIN,0,0,0,0,0,0,0,0.0,False,,,,,,,,,,,,,,,,,,,,,,,,,,True,True,True,True
episode-3dbbdff6cc45fab2e762,UNDRR DesInventar Nepal,2005,8,16,Central Region,Bara,PIPARA,RAIN,0,0,0,10000,0,0,0,0.0,False,,,,,,,,,,,,,,,,,,,,,,,,,,True,True,True,True
episode-d1979f18ad58a4bb5dce,UNDRR DesInventar Nepal,2005,8,20,Central Region,Kavre,MAHADEVSTHAN MANDAN,RAIN,1,0,0,0,0,0,0,0.0,False,,,,,,,,,,,,,,,,,,,,,,,,,,True,True,True,True
episode-ab9ac15970a804d15314,UNDRR DesInventar Nepal,2005,8,25,Mid-Western Region,Pyuthan,MARANTHANA,OTHER,1,0,0,0,0,0,0,0.0,False,,,,,,,,,,,,,,,,,,,,,,,,,,True,True,True,True
episode-43337fb6739bc29ede95,UNDRR DesInventar Nepal,2005,8,26,Central Region,Makwanpur,BASMADI,RAIN,0,0,0,5,1,0,0,0.0,False,,,,,,,,,,,,,,,,,,,,,,,,,,True,True,True,True
episode-3eef3ebdcce2b201e27f,UNDRR DesInventar Nepal,2005,8,26,Central Region,Makwanpur,SUKAURA,RAIN,0,0,0,5,1,0,0,0.0,True,,,,,,,,,,,,,,,,,,,,,,,,,,True,True,True,True
episode-2bb3f4ba5b79863672c4,UNDRR DesInventar Nepal,2005,8,26,Central Region,Makwanpur,THINGAN,RAIN,0,0,0,0,1,0,0,0.0,False,,,,,,,,,,,,,,,,,,,,,,,,,,True,True,True,True
episode-47d4c62db84482d101e7,UNDRR DesInventar Nepal,2005,8,26,Central Region,Sindhuli,Kusheswar Dumja,RAIN,2,0,0,0,0,0,0,0.0,False,,,,,,,,,,,,,,,,,,,,,,,,,,True,True,True,True
episode-270985359174a8e52603,UNDRR DesInventar Nepal,2005,8,26,Eastern Region,Siraha,Bariya Patti,RAIN,0,0,0,0,0,0,0,100.0,True,,,,,,,,,,,,,,,,,,,,,,,,,,True,True,True,True
episode-90bd3e21d7798d47cd10,UNDRR DesInventar Nepal,2005,8,26,Eastern Region,Siraha,Lahan Municipality,RAIN,0,0,0,0,2,0,0,0.0,False,,,,,,,,,,,,,,,,,,,,,,,,,,True,True,True,True
episode-ace4df7c9ab7da83d146,UNDRR DesInventar Nepal,2005,8,27,Central Region,Dhanusa,Janakpur Municipality,RAIN,0,0,0,0,0,0,0,0.0,True,,,,,,,,,,,,,,,,,,,,,,,,,,True,True,True,True
episode-d1dfc715b3a6db4618a9,UNDRR DesInventar Nepal,2005,8,27,Central Region,Mahotari,Sarpallo,RAIN,0,0,0,0,0,0,0,20.0,True,,,,,,,,,,,,,,,,,,,,,,,,,,True,True,True,True
episode-2a8b196a53cc50a407d8,UNDRR DesInventar Nepal,2005,8,27,Central Region,Makwanpur,CHITLANG,RAIN,0,0,0,20,4,0,0,0.0,False,,,,,,,,,,,,,,,,,,,,,,,,,,True,True,True,True
episode-5fd6154e184de0c7b450,UNDRR DesInventar Nepal,2005,8,27,Eastern Region,Morang,UNKNOWN,RAIN,0,0,0,0,0,0,0,0.0,True,,,,,,,,,,,,,,,,,,,,,,,,,,True,True,True,True
episode-58a092da46b8181668c3,UNDRR DesInventar Nepal,2005,8,27,Eastern Region,Sunsari,UNKNOWN,RAIN,0,0,0,0,0,0,0,0.0,False,,,,,,,,,,,,,,,,,,,,,,,,,,True,True,True,True
episode-e8b7eca71f05a740ec28,UNDRR DesInventar Nepal,2005,9,25,Far Western Region,Kanchanpur,MAHENDRA NAGAR N.P.,OTHER,0,0,0,0,0,43,0,0.0,False,,,,,,,,,,,,,,,,,,,,,,,,,,True,True,True,True
episode-8825f8f203c9aea607dd,UNDRR DesInventar Nepal,2005,10,15,Mid-Western Region,Jajarkot,UNKNOWN,OTHER,0,0,0,0,0,0,0,0.0,False,,,,,,,,,,,,,,,,,,,,,,,,,,True,True,True,True
episode-aa22a335744000f1805c,UNDRR DesInventar Nepal,2005,10,19,Mid-Western Region,Dang,UNKNOWN,UNKNOWN,1,0,0,0,24,0,0,0.0,False,,,,,,,,,,,,,,,,,,,,,,,,,,True,True,True,True
episode-9661eabf29dc9e2ca65a,UNDRR DesInventar Nepal,2005,10,28,Central Region,Dhading,JYAMRUNG,OTHER,2,0,1,0,0,0,0,0.0,False,,,,,,,,,,,,,,,,,,,,,,,,,,True,True,True,True
episode-f65b72b1f0ee152f2961,UNDRR DesInventar Nepal,2006,5,6,Mid-Western Region,Mugu,ROWA,HEAVY RAINS,0,0,0,0,0,0,0,0.0,False,,,,,,,,,,,,,,,,,,,,,,,,,,True,True,True,True
episode-83507b78676db1a904c7,UNDRR DesInventar Nepal,2006,5,6,Western Region,Parbat,ARTHAR,OTHER,7,0,3,0,1,0,0,0.0,False,,,,,,,,,,,,,,,,,,,,,,,,,,True,True,True,True
episode-d256a3feaebad8b811d6,UNDRR DesInventar Nepal,2006,5,7,Western Region,Baglung,ADHIKARICHAUR,HEAVY RAINS,6,0,0,0,1,0,0,0.0,False,,,,,,,,,,,,,,,,,,,,,,,,,,True,True,True,True
episode-1ebf7f648a292c551096,UNDRR DesInventar Nepal,2006,5,8,Far Western Region,Bajhang,UNKNOWN,OTHER,0,0,0,0,12,0,0,0.0,True,,,,,,,,,,,,,,,,,,,,,,,,,,True,True,True,True
episode-dbda54cac7a9ae147071,UNDRR DesInventar Nepal,2006,5,30,Central Region,Ramechhap,Salupati,HEAVY RAINS,1,0,0,0,0,0,0,0.0,False,,,,,,,,,,,,,,,,,,,,,,,,,,True,True,True,True
episode-55acd5b617d905d6b751,UNDRR DesInventar Nepal,2006,6,5,Central Region,Makwanpur,SARIKHETA PALASE,HEAVY RAINS,1,0,0,0,0,0,0,0.0,False,,,,,,,,,,,,,,,,,,,,,,,,,,True,True,True,True
episode-3ad7aa86b664ac22c4b3,UNDRR DesInventar Nepal,2006,6,11,Eastern Region,Taplejung,UNKNOWN,HEAVY RAINS,0,0,0,0,0,0,0,0.0,False,,,,,,,,,,,,,,,,,,,,,,,,,,True,True,True,True
episode-f8005ef55e616f4dfe21,UNDRR DesInventar Nepal,2006,6,27,Western Region,Kaski,MAUJA,OTHER,1,0,0,0,0,0,0,0.0,False,,,,,,,,,,,,,,,,,,,,,,,,,,True,True,True,True
episode-e77e136e8ee3182dc047,UNDRR DesInventar Nepal,2006,6,27,Central Region,Rautahat,UNKNOWN,HEAVY RAINS,0,0,0,0,25,0,0,0.0,False,,,,,,,,,,,,,,,,,,,,,,,,,,True,True,True,True
episode-abe14702450df9f727cb,UNDRR DesInventar Nepal,2006,7,9,Mid-Western Region,Banke,HOLIA,HEAVY RAINS,0,0,0,0,0,0,0,0.0,False,,,,,,,,,,,,,,,,,,,,,,,,,,True,True,True,True
episode-d5aefd1e574756782fe4,UNDRR DesInventar Nepal,2006,7,10,Central Region,Mahotari,Jaleswar Municipalit,HEAVY RAINS,0,0,1,0,3,0,0,0.0,False,,,,,,,,,,,,,,,,,,,,,,,,,,True,True,True,True
episode-7889131ca21c6ae56e6b,UNDRR DesInventar Nepal,2006,7,12,Eastern Region,Sunsari,Santerjhora,OTHER,1,0,0,0,0,0,0,0.0,False,,,,,,,,,,,,,,,,,,,,,,,,,,True,True,True,True
episode-3662da6967f15dc3d974,UNDRR DesInventar Nepal,2006,7,13,Western Region,Manang,DHARAPANI,OTHER,0,0,0,0,0,0,0,0.0,True,,,,,,,,,,,,,,,,,,,,,,,,,,True,True,True,True
episode-425de76af859166677d0,UNDRR DesInventar Nepal,2006,7,13,Central Region,Rautahat,KARUNIVA,OTHER,0,0,0,0,0,0,0,0.0,False,,,,,,,,,,,,,,,,,,,,,,,,,,True,True,True,True
episode-23f9499c560861a890ac,UNDRR DesInventar Nepal,2006,7,13,Eastern Region,Solukhumbu,Bhankanje,HEAVY RAINS,0,0,0,0,0,70,0,0.0,True,,,,,,,,,,,,,,,,,,,,,,,,,,True,True,True,True
episode-c449b3bdf5577eb3a5b2,UNDRR DesInventar Nepal,2006,7,16,Mid-Western Region,Dang,TARIGAUN,OTHER,2,0,0,0,0,0,0,0.0,False,,,,,,,,,,,,,,,,,,,,,,,,,,True,True,True,True
episode-b3fea2a801cb356f4f5d,UNDRR DesInventar Nepal,2006,7,16,Western Region,Manang,DHARAPANI,HEAVY RAINS,0,0,0,0,0,0,0,0.0,True,,,,,,,,,,,,,,,,,,,,,,,,,,True,True,True,True
episode-32bf50755ca480aea317,UNDRR DesInventar Nepal,2006,7,16,Western Region,Manang,THOCHE,RAIN,0,0,0,0,2,0,0,0.0,True,,,,,,,,,,,,,,,,,,,,,,,,,,True,True,True,True
episode-72858f865876a6a4e872,UNDRR DesInventar Nepal,2006,7,18,Central Region,Nuwakot,KHANI GAUN,HEAVY RAINS,1,0,0,0,0,0,0,0.0,False,,,,,,,,,,,,,,,,,,,,,,,,,,True,True,True,True
episode-79532aa32a64741ee23b,UNDRR DesInventar Nepal,2006,7,18,Western Region,Tanahu,KYAMIN,HUMAN MISTAKE,1,0,0,0,0,0,0,0.0,False,,,,,,,,,,,,,,,,,,,,,,,,,,True,True,True,True
episode-c88751ed692a1f2f2fa6,UNDRR DesInventar Nepal,2006,7,19,Central Region,Nuwakot,RALUKA DEVI,OTHER,1,0,0,0,0,0,0,0.0,False,,,,,,,,,,,,,,,,,,,,,,,,,,True,True,True,True
episode-a9e3633767ecd63b3ece,UNDRR DesInventar Nepal,2006,7,20,Central Region,Chitawan,UNKNOWN,HUMAN MISTAKE,1,1,0,0,0,0,0,0.0,False,,,,,,,,,,,,,,,,,,,,,,,,,,True,True,True,True
episode-cecc1c0b434c8aba52dd,UNDRR DesInventar Nepal,2006,7,21,Mid-Western Region,Dang,TULSIPUR_MUNICIPALIT,HUMAN MISTAKE,1,0,0,0,0,0,0,0.0,False,,,,,,,,,,,,,,,,,,,,,,,,,,True,True,True,True
episode-af6e64c25e74ba991dfa,UNDRR DesInventar Nepal,2006,7,21,Central Region,Nuwakot,DANGSING,RAIN,0,0,0,0,0,0,0,0.0,False,,,,,,,,,,,,,,,,,,,,,,,,,,True,True,True,True
episode-a70f5ab245d62301685c,UNDRR DesInventar Nepal,2006,7,23,Western Region,Rupandehi,MAKRAHAR,RAIN,0,0,0,0,0,0,0,0.0,False,,,,,,,,,,,,,,,,,,,,,,,,,,True,True,True,True
episode-baccdfb104571bddc3c3,UNDRR DesInventar Nepal,2006,7,23,Western Region,Syangja,PEIAKOT,HUMAN MISTAKE,1,0,0,0,0,0,0,0.0,False,,,,,,,,,,,,,,,,,,,,,,,,,,True,True,True,True
episode-e13350ff362fb72ce669,UNDRR DesInventar Nepal,2006,7,24,Central Region,Rautahat,BHALOHIYA,HEAVY RAINS,0,0,0,0,0,0,0,0.0,False,,,,,,,,,,,,,,,,,,,,,,,,,,True,True,True,True
episode-264a1757d22b05fc67d8,UNDRR DesInventar Nepal,2006,7,28,Central Region,Bara,MADHURJABDI,HEAVY RAINS,0,0,0,0,0,0,0,0.0,False,,,,,,,,,,,,,,,,,,,,,,,,,,True,True,True,True
episode-d30367b196ae693290ac,UNDRR DesInventar Nepal,2006,7,28,Central Region,Sindhuli,Hatpate,OTHER,1,0,0,0,0,0,0,0.0,False,,,,,,,,,,,,,,,,,,,,,,,,,,True,True,True,True
episode-3c242d94988dc319980a,UNDRR DesInventar Nepal,2006,8,2,Far Western Region,Achham,CHANDIKALI,HEAVY RAINS,0,0,0,0,0,7,0,0.0,False,,,,,,,,,,,,,,,,,,,,,,,,,,True,True,True,True
episode-3d7ee754a19414e95698,UNDRR DesInventar Nepal,2006,8,2,Far Western Region,Achham,SANTADA,HEAVY RAINS,0,0,0,0,0,25,0,0.0,False,,,,,,,,,,,,,,,,,,,,,,,,,,True,True,True,True
episode-f03ccdfaa643d0f54450,UNDRR DesInventar Nepal,2006,8,2,Mid-Western Region,Jumla,TATOPANI,RAIN,0,0,0,0,0,0,0,0.0,True,,,,,,,,,,,,,,,,,,,,,,,,,,True,True,True,True
episode-0082badb409bee00bbc5,UNDRR DesInventar Nepal,2006,8,2,Central Region,Ramechhap,UNKNOWN,RAIN,0,0,0,0,0,0,0,15.0,True,,,,,,,,,,,,,,,,,,,,,,,,,,True,True,True,True
episode-b666735b083e5e75266f,UNDRR DesInventar Nepal,2006,8,3,Central Region,Rasuwa,Yarsa,HEAVY RAINS,10,0,0,0,3,0,0,0.0,True,,,,,,,,,,,,,,,,,,,,,,,,,,True,True,True,True
episode-8a202f8e16eb25c81795,UNDRR DesInventar Nepal,2006,8,8,Far Western Region,Achham,BHAGYASWARI,HEAVY RAINS,0,0,0,140,0,0,0,0.0,False,,,,,,,,,,,,,,,,,,,,,,,,,,True,True,True,True
episode-9b518a3c433ee06916f6,UNDRR DesInventar Nepal,2006,8,8,Far Western Region,Achham,GAJRA,HEAVY RAINS,0,0,0,130,0,0,0,0.0,False,,,,,,,,,,,,,,,,,,,,,,,,,,True,True,True,True
episode-e02a8c70dcb0fa8c79a2,UNDRR DesInventar Nepal,2006,8,8,Far Western Region,Achham,MASTAMANDU,HEAVY RAINS,0,0,0,180,0,0,0,0.0,False,,,,,,,,,,,,,,,,,,,,,,,,,,True,True,True,True
episode-71fd866feb27faae463e,UNDRR DesInventar Nepal,2006,8,8,Far Western Region,Achham,NAWATHANA,HEAVY RAINS,0,0,0,480,0,0,0,0.0,True,,,,,,,,,,,,,,,,,,,,,,,,,,True,True,True,True
episode-a1a077dcd81925d1c9b8,UNDRR DesInventar Nepal,2006,8,8,Far Western Region,Achham,RIDIKOT,RAIN,0,0,0,35,0,0,0,0.0,False,,,,,,,,,,,,,,,,,,,,,,,,,,True,True,True,True
episode-84623288169b2108d9bd,UNDRR DesInventar Nepal,2006,8,22,Central Region,Nuwakot,SHIKHARBESHI,RAIN,0,0,0,0,0,0,0,0.0,False,,,,,,,,,,,,,,,,,,,,,,,,,,True,True,True,True
episode-06ec7576479e7cc7cec6,UNDRR DesInventar Nepal,2006,8,28,Western Region,Nawalparasi,UNKNOWN,HEAVY RAINS,1,2,0,0,0,60,0,0.0,False,,,,,,,,,,,,,,,,,,,,,,,,,,True,True,True,True
episode-07a22df52fdb7cd75b63,UNDRR DesInventar Nepal,2006,8,29,Mid-Western Region,Jajarkot,Majhakot,RAIN,3,0,0,0,36,0,0,0.0,True,,,,,,,,,,,,,,,,,,,,,,,,,,True,True,True,True
episode-ea4f43f2efd8d16631ec,UNDRR DesInventar Nepal,2006,8,29,Western Region,Mustang,LETE,HEAVY RAINS,9,0,0,0,0,0,0,0.0,False,,,,,,,,,,,,,,,,,,,,,,,,,,True,True,True,True
episode-2e3c3cc6801ff734aee7,UNDRR DesInventar Nepal,2006,9,8,Mid-Western Region,Bardiya,UNKNOWN,HEAVY RAINS,0,0,0,0,800,7515,0,0.0,False,,,,,,,,,,,,,,,,,,,,,,,,,,True,True,True,True
episode-f51c55c3f4c560d14427,UNDRR DesInventar Nepal,2006,9,8,Western Region,Nawalparasi,GAINDAKOT,HEAVY RAINS,0,0,0,0,0,21,0,0.0,False,,,,,,,,,,,,,,,,,,,,,,,,,,True,True,True,True
episode-fca535003c7c9092beb8,UNDRR DesInventar Nepal,2006,9,9,Central Region,Chitawan,UNKNOWN,HEAVY RAINS,1,0,0,0,20,300,0,0.0,True,,,,,,,,,,,,,,,,,,,,,,,,,,True,True,True,True
episode-a0a92babbdc000439b2b,UNDRR DesInventar Nepal,2006,9,10,Central Region,Rautahat,GAUR NP,RAIN,1,0,0,0,7,0,0,0.0,True,,,,,,,,,,,,,,,,,,,,,,,,,,True,True,True,True
episode-08de4c824b2b6b7eeb8c,UNDRR DesInventar Nepal,2006,9,11,Mid-Western Region,Surkhet,LATIKOILI,HEAVY RAINS,0,0,0,0,0,100,0,0.0,False,,,,,,,,,,,,,,,,,,,,,,,,,,True,True,True,True
episode-90a3e2173ef129856759,UNDRR DesInventar Nepal,2006,9,13,Central Region,Sindhuli,Dudhauli,RAIN,1,0,0,0,0,0,0,0.0,False,,,,,,,,,,,,,,,,,,,,,,,,,,True,True,True,True
episode-dbe85947eb34e6bd9d6b,UNDRR DesInventar Nepal,2006,9,15,Central Region,Makwanpur,AMBHANJYANG,RAIN,0,0,0,0,0,0,0,0.0,False,,,,,,,,,,,,,,,,,,,,,,,,,,True,True,True,True
episode-b1fb30f6b3a0bf4058fe,UNDRR DesInventar Nepal,2007,3,8,Eastern Region,Taplejung,KHOKLING,OTHER,1,0,0,0,0,0,0,0.0,False,,,,,,,,,,,,,,,,,,,,,,,,,,True,True,True,True
episode-18c1ce0946d1d9c0380f,UNDRR DesInventar Nepal,2007,4,18,Far Western Region,Doti,UNKNOWN,HEAVY RAINS,2,1,0,0,0,0,0,0.0,False,,,,,,,,,,,,,,,,,,,,,,,,,,True,True,True,True
episode-31cd1a42dc359fc1f6c4,UNDRR DesInventar Nepal,2007,4,19,Far Western Region,Doti,GHANTESHWAR,HEAVY RAINS,2,0,0,0,0,0,0,0.0,False,,,,,,,,,,,,,,,,,,,,,,,,,,True,True,True,True
episode-ed652d09092c5e35ca36,UNDRR DesInventar Nepal,2007,5,1,Central Region,Makwanpur,UNKNOWN,OTHER,1,0,0,0,0,0,0,0.0,False,,,,,,,,,,,,,,,,,,,,,,,,,,True,True,True,True
episode-221a38c36373691b63fb,UNDRR DesInventar Nepal,2007,5,12,Western Region,Myagdi,BIM,FLOOD,0,0,0,300,25,0,0,0.0,False,,,,,,,,,,,,,,,,,,,,,,,,,,True,True,True,True
episode-e89a9ba7ca1a62bde946,UNDRR DesInventar Nepal,2007,5,16,Mid-Western Region,Dang,UNKNOWN,HEAVY RAINS,0,0,0,1000,0,0,0,0.0,True,,,,,,,,,,,,,,,,,,,,,,,,,,True,True,True,True
episode-21c6c8c788cdd92b617c,UNDRR DesInventar Nepal,2007,5,20,Central Region,Nuwakot,HALDE KALIKA,UNKNOWN,0,2,0,0,0,0,0,0.0,False,,,,,,,,,,,,,,,,,,,,,,,,,,True,True,True,True
episode-b028d6a76b325edafe8d,UNDRR DesInventar Nepal,2007,6,11,Central Region,Sindhupalchoke,Barahbise,HEAVY RAINS,0,0,0,100,0,0,0,0.0,False,,,,,,,,,,,,,,,,,,,,,,,,,,True,True,True,True
episode-7eff52f47d1bcfe8e5e2,UNDRR DesInventar Nepal,2007,6,17,Central Region,Rautahat,UNKNOWN,HEAVY RAINS,0,0,0,0,0,0,0,0.0,False,,,,,,,,,,,,,,,,,,,,,,,,,,True,True,True,True
episode-740d48e004116f3b074c,UNDRR DesInventar Nepal,2007,6,18,Central Region,Rautahat,UNKNOWN,FLOOD,0,2,0,0,0,0,0,0.0,False,,,,,,,,,,,,,,,,,,,,,,,,,,True,True,True,True
episode-921b9d3533045d4e8b53,UNDRR DesInventar Nepal,2007,6,19,Western Region,Tanahu,RUPAKOT,UNKNOWN,0,0,0,0,8,0,0,0.0,False,,,,,,,,,,,,,,,,,,,,,,,,,,True,True,True,True
episode-69b08556d09aba425c97,UNDRR DesInventar Nepal,2007,6,20,Eastern Region,Jhapa,MAHABHARA,HEAVY RAINS,0,0,0,0,0,0,0,0.0,False,,,,,,,,,,,,,,,,,,,,,,,,,,True,True,True,True
episode-f932f674ab1a7af04150,UNDRR DesInventar Nepal,2007,6,20,Western Region,Tanahu,RUPAKOT,HEAVY RAINS,0,0,0,400,0,0,0,0.0,False,,,,,,,,,,,,,,,,,,,,,,,,,,True,True,True,True
episode-d00c630e14edd6538f77,UNDRR DesInventar Nepal,2007,6,25,Far Western Region,Baitadi,TALLA DEHI,UNKNOWN,0,0,9,0,0,0,0,0.0,False,,,,,,,,,,,,,,,,,,,,,,,,,,True,True,True,True
episode-325f442a9d19c5b22774,UNDRR DesInventar Nepal,2007,6,26,Western Region,Tanahu,RUPAKOT,HEAVY RAINS,0,0,0,0,7,0,0,0.0,False,,,,,,,,,,,,,,,,,,,,,,,,,,True,True,True,True
episode-018966da62f299cd88b0,UNDRR DesInventar Nepal,2007,6,30,Western Region,Kaski,POKHARA_SMP,FLOOD,1,0,1,0,0,0,0,0.0,False,,,,,,,,,,,,,,,,,,,,,,,,,,True,True,True,True
episode-7a2ad75806b6d54f8398,UNDRR DesInventar Nepal,2007,7,8,Western Region,Kapilbastu,NIGALIHAWA,UNKNOWN,1,0,0,0,0,0,0,0.0,False,,,,,,,,,,,,,,,,,,,,,,,,,,True,True,True,True
episode-5116ef8835aa4290e68a,UNDRR DesInventar Nepal,2007,7,9,Western Region,Mustang,KOBANG,UNKNOWN,1,0,0,0,7,0,0,0.0,False,,,,,,,,,,,,,,,,,,,,,,,,,,True,True,True,True
episode-118a1cf6ef7de5f24b11,UNDRR DesInventar Nepal,2007,7,12,Mid-Western Region,Dailekh,UNKNOWN,HEAVY RAINS,0,0,36,0,0,0,0,0.0,False,,,,,,,,,,,,,,,,,,,,,,,,,,True,True,True,True
episode-e876b90b5525cac97b4d,UNDRR DesInventar Nepal,2007,7,14,Mid-Western Region,Surkhet,UNKNOWN,UNKNOWN,0,0,0,0,0,0,0,0.0,False,,,,,,,,,,,,,,,,,,,,,,,,,,True,True,True,True
episode-6185ff0814b3787a730d,UNDRR DesInventar Nepal,2007,7,16,Mid-Western Region,Kalikot,LALU,UNKNOWN,0,0,0,0,0,0,0,0.0,False,,,,,,,,,,,,,,,,,,,,,,,,,,True,True,True,True
episode-7571dcbaa6363306455a,UNDRR DesInventar Nepal,2007,7,19,Central Region,Nuwakot,BHALCHE,HEAVY RAINS,0,0,0,0,1,0,0,0.0,False,,,,,,,,,,,,,,,,,,,,,,,,,,True,True,True,True
episode-7dfb2de7e87c820019ac,UNDRR DesInventar Nepal,2007,7,20,Mid-Western Region,Banke,UNKNOWN,HEAVY RAINS,0,0,0,0,200,0,0,0.0,False,,,,,,,,,,,,,,,,,,,,,,,,,,True,True,True,True
episode-aa85e678cdf42eeb8da9,UNDRR DesInventar Nepal,2007,7,22,Far Western Region,Kailali,UNKNOWN,HEAVY RAINS,0,0,0,0,0,0,0,0.0,True,,,,,,,,,,,,,,,,,,,,,,,,,,True,True,True,True
episode-477a8412985d42a5ec9b,UNDRR DesInventar Nepal,2007,7,24,Central Region,Sarlahi,CHHOTAUL,HEAVY RAINS,0,0,0,0,24,0,0,0.0,False,,,,,,,,,,,,,,,,,,,,,,,,,,True,True,True,True
episode-63c7100aa5259c3db3b8,UNDRR DesInventar Nepal,2007,7,24,Central Region,Sindhuli,Ratnawati,FLOOD,0,1,0,0,0,0,0,0.0,False,,,,,,,,,,,,,,,,,,,,,,,,,,True,True,True,True
episode-3d646f4cb405c354ee37,UNDRR DesInventar Nepal,2007,7,25,Mid-Western Region,Dang,DHIKPUR,HEAVY RAINS,1,0,0,0,0,0,0,0.0,False,,,,,,,,,,,,,,,,,,,,,,,,,,True,True,True,True
episode-a3108ebb38e4b0853c84,UNDRR DesInventar Nepal,2007,7,25,Eastern Region,Saptari,THELIYA,UNKNOWN,0,0,0,0,200,0,0,0.0,False,,,,,,,,,,,,,,,,,,,,,,,,,,True,True,True,True
episode-ff6d380cfe293fa4b1ad,UNDRR DesInventar Nepal,2007,7,25,Eastern Region,Saptari,UNKNOWN,UNKNOWN,0,0,0,0,40,0,0,0.0,False,,,,,,,,,,,,,,,,,,,,,,,,,,True,True,True,True
episode-f5dd60f17ea1c785329a,UNDRR DesInventar Nepal,2007,7,26,Mid-Western Region,Dang,HALWAR,HEAVY RAINS,1,0,0,0,0,0,0,0.0,True,,,,,,,,,,,,,,,,,,,,,,,,,,True,True,True,True
episode-0a3ff9dc394d94aa9dbb,UNDRR DesInventar Nepal,2007,7,26,Western Region,Nawalparasi,KUDIYA,HEAVY RAINS,0,0,0,0,0,0,0,0.0,False,,,,,,,,,,,,,,,,,,,,,,,,,,True,True,True,True
episode-26e2264183ee0923b17e,UNDRR DesInventar Nepal,2007,7,26,Eastern Region,Saptari,UNKNOWN,OTHER,0,0,0,0,300,0,0,0.0,False,,,,,,,,,,,,,,,,,,,,,,,,,,True,True,True,True
episode-a60faf61bca1e3ac0f39,UNDRR DesInventar Nepal,2007,7,26,Eastern Region,Saptari,UNKNOWN,UNKNOWN,0,0,0,0,200,0,0,0.0,False,,,,,,,,,,,,,,,,,,,,,,,,,,True,True,True,True
episode-b34942862e383af7e6b3,UNDRR DesInventar Nepal,2007,7,28,Western Region,Baglung,UNKNOWN,UNKNOWN,0,0,0,0,0,0,0,0.0,True,,,,,,,,,,,,,,,,,,,,,,,,,,True,True,True,True
episode-ffd1ddca17e4d56fd465,UNDRR DesInventar Nepal,2007,7,28,Mid-Western Region,Banke,NEPALGANJ N.P.,UNKNOWN,0,0,0,0,22,0,0,0.0,False,,,,,,,,,,,,,,,,,,,,,,,,,,True,True,True,True
episode-29ef24627b514c43d2c8,UNDRR DesInventar Nepal,2007,7,28,Mid-Western Region,Banke,UNKNOWN,UNKNOWN,0,0,0,0,0,0,0,0.0,False,,,,,,,,,,,,,,,,,,,,,,,,,,True,True,True,True
episode-f16c37a6f582b009b685,UNDRR DesInventar Nepal,2007,7,28,Mid-Western Region,Bardiya,RAJAPUR,HEAVY RAINS,0,0,0,0,0,0,0,0.0,False,,,,,,,,,,,,,,,,,,,,,,,,,,True,True,True,True
episode-cde480560c6fda395a1a,UNDRR DesInventar Nepal,2007,7,28,Mid-Western Region,Bardiya,UNKNOWN,UNKNOWN,0,0,0,0,5000,0,0,0.0,False,,,,,,,,,,,,,,,,,,,,,,,,,,True,True,True,True
episode-be8502f0cbfa4912be3e,UNDRR DesInventar Nepal,2007,7,28,Western Region,Gulmi,HANSARA,UNKNOWN,7,0,0,0,1,0,0,0.0,False,,,,,,,,,,,,,,,,,,,,,,,,,,True,True,True,True
episode-e4dcfb6f5f5398871623,UNDRR DesInventar Nepal,2007,7,28,Eastern Region,Jhapa,DHARMPUR,UNKNOWN,0,0,0,0,6,0,0,0.0,False,,,,,,,,,,,,,,,,,,,,,,,,,,True,True,True,True
episode-4fb812ad7fd271c77b28,UNDRR DesInventar Nepal,2007,7,28,Eastern Region,Jhapa,MAHABHARA,HEAVY RAINS,0,0,0,0,5,0,0,0.0,False,,,,,,,,,,,,,,,,,,,,,,,,,,True,True,True,True
episode-1cc1ef5ec8410a318cea,UNDRR DesInventar Nepal,2007,7,28,Far Western Region,Kailali,UNKNOWN,HEAVY RAINS,0,0,0,0,0,0,0,0.0,False,,,,,,,,,,,,,,,,,,,,,,,,,,True,True,True,True
episode-4cde4353093ad003282f,UNDRR DesInventar Nepal,2007,7,28,Eastern Region,Morang,Banigama,HEAVY RAINS,0,0,0,0,0,0,0,0.0,False,,,,,,,,,,,,,,,,,,,,,,,,,,True,True,True,True
episode-1dd86b0bd20ba339c76c,UNDRR DesInventar Nepal,2007,7,28,Eastern Region,Morang,Sijuwa,HEAVY RAINS,0,0,0,0,6,0,0,0.0,False,,,,,,,,,,,,,,,,,,,,,,,,,,True,True,True,True
episode-fb84c4a8e477f1bc63df,UNDRR DesInventar Nepal,2007,7,28,Central Region,Sarlahi,UNKNOWN,UNKNOWN,0,0,0,0,7,0,0,0.0,False,,,,,,,,,,,,,,,,,,,,,,,,,,True,True,True,True
episode-2a306ae70878c7cbbb36,UNDRR DesInventar Nepal,2007,7,28,Eastern Region,Sunsari,UNKNOWN,HEAVY RAINS,0,0,0,0,550,0,0,0.0,False,,,,,,,,,,,,,,,,,,,,,,,,,,True,True,True,True
episode-57cdb0c691a6cfd243db,UNDRR DesInventar Nepal,2007,7,29,Eastern Region,Morang,UNKNOWN,HEAVY RAINS,0,0,0,0,0,0,0,0.0,False,,,,,,,,,,,,,,,,,,,,,,,,,,True,True,True,True
episode-836803258e5c9bd1735e,UNDRR DesInventar Nepal,2007,7,30,Central Region,Chitawan,UNKNOWN,HEAVY RAINS,0,1,0,0,0,0,0,0.0,False,,,,,,,,,,,,,,,,,,,,,,,,,,True,True,True,True
episode-6ffd7d70650ecd2fe58a,UNDRR DesInventar Nepal,2007,7,30,Far Western Region,Kailali,THAPAPUR,HEAVY RAINS,2,0,0,0,125,0,0,0.0,False,,,,,,,,,,,,,,,,,,,,,,,,,,True,True,True,True
episode-bd499004f66e7df851a4,UNDRR DesInventar Nepal,2007,7,30,Western Region,Nawalparasi,SOMANI,HEAVY RAINS,0,3,0,0,0,0,0,0.0,False,,,,,,,,,,,,,,,,,,,,,,,,,,True,True,True,True
episode-97287d017111068a7bad,UNDRR DesInventar Nepal,2007,7,30,Mid-Western Region,Surkhet,LEKHPARAJUL,UNKNOWN,0,0,0,0,27,0,0,0.0,False,,,,,,,,,,,,,,,,,,,,,,,,,,True,True,True,True
episode-0a049e9001af9feef86e,UNDRR DesInventar Nepal,2007,8,1,Mid-Western Region,Bardiya,KALIKA,HEAVY RAINS,1,0,0,0,0,0,0,0.0,False,,,,,,,,,,,,,,,,,,,,,,,,,,True,True,True,True
episode-67559ddc931d24b7de84,UNDRR DesInventar Nepal,2007,8,1,Mid-Western Region,Bardiya,MOTIPUR,HEAVY RAINS,1,0,0,0,0,0,0,0.0,False,,,,,,,,,,,,,,,,,,,,,,,,,,True,True,True,True
episode-5362d3311b0371087e3b,UNDRR DesInventar Nepal,2007,8,2,Central Region,Lalitpur,Bukhel,UNKNOWN,1,1,0,0,0,0,0,0.0,False,,,,,,,,,,,,,,,,,,,,,,,,,,True,True,True,True
episode-eca3dcf5d220901685b6,UNDRR DesInventar Nepal,2007,8,4,Central Region,Chitawan,UNKNOWN,HEAVY RAINS,0,0,0,0,0,0,0,0.0,True,,,,,,,,,,,,,,,,,,,,,,,,,,True,True,True,True
episode-36307ccea6c2883d2fca,UNDRR DesInventar Nepal,2007,8,4,Central Region,Dolakha,Gaurishankar,HEAVY RAINS,1,0,0,0,0,0,0,0.0,True,,,,,,,,,,,,,,,,,,,,,,,,,,True,True,True,True
episode-e45b609199586609f4e2,UNDRR DesInventar Nepal,2007,8,5,Central Region,Dhanusa,UNKNOWN,HEAVY RAINS,0,0,0,5000,0,0,0,0.0,False,,,,,,,,,,,,,,,,,,,,,,,,,,True,True,True,True
episode-5b38b39b5a2aed2331b8,UNDRR DesInventar Nepal,2007,8,5,Mid-Western Region,Jajarkot,Daha,HEAVY RAINS,2,0,0,0,0,0,0,0.0,False,,,,,,,,,,,,,,,,,,,,,,,,,,True,True,True,True
episode-eb754b297dfeb7a13b50,UNDRR DesInventar Nepal,2007,8,5,Central Region,Nuwakot,BIDUR MUNICIPALITY,HEAVY RAINS,0,0,0,0,0,0,0,0.0,False,,,,,,,,,,,,,,,,,,,,,,,,,,True,True,True,True
episode-2c581e91798282a2a5ad,UNDRR DesInventar Nepal,2007,8,5,Central Region,Rautahat,MATSARI,UNKNOWN,0,0,0,0,0,0,0,0.0,True,,,,,,,,,,,,,,,,,,,,,,,,,,True,True,True,True
episode-0d684c409c997d2b2643,UNDRR DesInventar Nepal,2007,8,5,Mid-Western Region,Rolpa,GAIRIGAU,HEAVY RAINS,0,0,0,0,0,0,0,0.0,False,,,,,,,,,,,,,,,,,,,,,,,,,,True,True,True,True
episode-4725124dcdde9058dcb0,UNDRR DesInventar Nepal,2007,8,5,Mid-Western Region,Rolpa,NUWAGAU,UNKNOWN,0,0,0,0,0,0,0,0.0,False,,,,,,,,,,,,,,,,,,,,,,,,,,True,True,True,True
episode-87004b93496f05ff0336,UNDRR DesInventar Nepal,2007,8,6,Mid-Western Region,Surkhet,UNKNOWN,HEAVY RAINS,0,0,0,0,0,0,0,0.0,False,,,,,,,,,,,,,,,,,,,,,,,,,,True,True,True,True
episode-4cda06bbb4d42b6eb9d7,UNDRR DesInventar Nepal,2007,8,7,Mid-Western Region,Banke,UNKNOWN,UNKNOWN,0,0,0,0,0,0,0,0.0,False,,,,,,,,,,,,,,,,,,,,,,,,,,True,True,True,True
episode-739717d028e593aac3ea,UNDRR DesInventar Nepal,2007,8,7,Central Region,Bara,UNKNOWN,HEAVY RAINS,0,0,0,0,0,0,0,0.0,False,,,,,,,,,,,,,,,,,,,,,,,,,,True,True,True,True
episode-773d032f61bb5351405d,UNDRR DesInventar Nepal,2007,8,7,Mid-Western Region,Bardiya,UNKNOWN,HEAVY RAINS,0,0,0,0,0,0,0,0.0,False,,,,,,,,,,,,,,,,,,,,,,,,,,True,True,True,True
episode-5f5420fca8e9ddc77a16,UNDRR DesInventar Nepal,2007,8,7,Central Region,Chitawan,UNKNOWN,HEAVY RAINS,0,0,0,0,0,0,0,0.0,False,,,,,,,,,,,,,,,,,,,,,,,,,,True,True,True,True
episode-103bfdabe1b7d4f4094c,UNDRR DesInventar Nepal,2007,8,7,Central Region,Dhanusa,UNKNOWN,HEAVY RAINS,0,0,0,0,0,0,0,0.0,False,,,,,,,,,,,,,,,,,,,,,,,,,,True,True,True,True
episode-e6ef1f1cdd73d88eec85,UNDRR DesInventar Nepal,2007,8,7,Far Western Region,Kailali,UNKNOWN,HEAVY RAINS,0,0,0,0,0,0,0,0.0,False,,,,,,,,,,,,,,,,,,,,,,,,,,True,True,True,True
episode-21314fd7a87a43c1ee25,UNDRR DesInventar Nepal,2007,8,7,Far Western Region,Kanchanpur,UNKNOWN,HEAVY RAINS,0,0,0,0,0,0,0,0.0,False,,,,,,,,,,,,,,,,,,,,,,,,,,True,True,True,True
episode-4ff36db9fbdf7436dd2e,UNDRR DesInventar Nepal,2007,8,7,Central Region,Parsa,UNKNOWN,HEAVY RAINS,0,0,0,0,0,0,0,0.0,False,,,,,,,,,,,,,,,,,,,,,,,,,,True,True,True,True
episode-142aa59506c0b5f8a42d,UNDRR DesInventar Nepal,2007,8,8,Mid-Western Region,Bardiya,UNKNOWN,HEAVY RAINS,0,0,0,0,0,0,0,0.0,False,,,,,,,,,,,,,,,,,,,,,,,,,,True,True,True,True
episode-22890b3637058dce1834,UNDRR DesInventar Nepal,2007,8,9,Mid-Western Region,Surkhet,BIRENDRANAGAR NP,HEAVY RAINS,1,2,0,0,0,0,0,0.0,False,,,,,,,,,,,,,,,,,,,,,,,,,,True,True,True,True
episode-91ec821eb9b2bdeeb2b9,UNDRR DesInventar Nepal,2007,8,11,Eastern Region,Saptari,UNKNOWN,HEAVY RAINS,0,0,0,0,0,0,0,0.0,False,,,,,,,,,,,,,,,,,,,,,,,,,,True,True,True,True
episode-3b04646027005ae1bd48,UNDRR DesInventar Nepal,2007,8,12,Far Western Region,Kailali,RAMSIKHAR JHALA,HEAVY RAINS,0,2,0,0,0,0,0,0.0,False,,,,,,,,,,,,,,,,,,,,,,,,,,True,True,True,True
episode-29d39236c6420c29d195,UNDRR DesInventar Nepal,2007,8,13,Central Region,Rautahat,MADANPUR,UNKNOWN,0,1,0,0,0,0,0,0.0,False,,,,,,,,,,,,,,,,,,,,,,,,,,True,True,True,True
episode-008dd248ee141eace4d3,UNDRR DesInventar Nepal,2007,8,15,Mid-Western Region,Kalikot,BHASTA,HEAVY RAINS,0,2,0,0,0,0,0,0.0,False,,,,,,,,,,,,,,,,,,,,,,,,,,True,True,True,True
episode-3237c98e4a555bc0dc89,UNDRR DesInventar Nepal,2007,8,16,Mid-Western Region,Bardiya,MAHAMADPUR,HEAVY RAINS,0,1,0,0,0,0,0,0.0,False,,,,,,,,,,,,,,,,,,,,,,,,,,True,True,True,True
episode-a502648d1165a3a00c8b,UNDRR DesInventar Nepal,2007,8,16,Mid-Western Region,Bardiya,MAINA POKHARI,HEAVY RAINS,0,0,0,0,0,0,0,0.0,False,,,,,,,,,,,,,,,,,,,,,,,,,,True,True,True,True
episode-5ded8a8b73f963bdb730,UNDRR DesInventar Nepal,2007,8,16,Mid-Western Region,Bardiya,UNKNOWN,HEAVY RAINS,0,0,0,0,200,0,0,0.0,False,,,,,,,,,,,,,,,,,,,,,,,,,,True,True,True,True
episode-3aec01f0e0efda0fbaa4,UNDRR DesInventar Nepal,2007,8,16,Eastern Region,Ilam,UNKNOWN,HEAVY RAINS,0,0,0,0,32,0,0,0.0,False,,,,,,,,,,,,,,,,,,,,,,,,,,True,True,True,True
episode-4344c79a2a642cd9e44e,UNDRR DesInventar Nepal,2007,8,16,Far Western Region,Kanchanpur,MAHENDRA NAGAR N.P.,HEAVY RAINS,0,0,0,0,22,0,0,0.0,False,,,,,,,,,,,,,,,,,,,,,,,,,,True,True,True,True
episode-30ba96af65f5c1b0b5ae,UNDRR DesInventar Nepal,2007,8,16,Western Region,Nawalparasi,KUDIYA,HEAVY RAINS,0,0,0,0,0,0,0,0.0,False,,,,,,,,,,,,,,,,,,,,,,,,,,True,True,True,True
episode-d88da7505cdc2b6cdb33,UNDRR DesInventar Nepal,2007,8,17,Central Region,Dhanusa,Balaha Kathal,HEAVY RAINS,0,0,0,0,0,0,0,0.0,False,,,,,,,,,,,,,,,,,,,,,,,,,,True,True,True,True
episode-94f862bcdb7f63dd554a,UNDRR DesInventar Nepal,2007,8,17,Central Region,Mahotari,Jaleswar Municipalit,HEAVY RAINS,0,0,0,0,0,0,0,0.0,True,,,,,,,,,,,,,,,,,,,,,,,,,,True,True,True,True
episode-d98a9258428157b7131e,UNDRR DesInventar Nepal,2007,8,17,Western Region,Mustang,TUKUCHE,HEAVY RAINS,0,0,0,0,3,0,0,0.0,False,,,,,,,,,,,,,,,,,,,,,,,,,,True,True,True,True
episode-5f72f8e4132973823722,UNDRR DesInventar Nepal,2007,8,17,Central Region,Rautahat,MADANPUR,HEAVY RAINS,0,0,0,0,10,0,0,0.0,False,,,,,,,,,,,,,,,,,,,,,,,,,,True,True,True,True
episode-262b24dc0b476872bd72,UNDRR DesInventar Nepal,2007,8,17,Eastern Region,Saptari,UNKNOWN,HEAVY RAINS,0,0,0,0,0,1000,0,0.0,False,,,,,,,,,,,,,,,,,,,,,,,,,,True,True,True,True
episode-eb19475ea226e4abcda1,UNDRR DesInventar Nepal,2007,8,18,Far Western Region,Kailali,UNKNOWN,HEAVY RAINS,0,0,0,41000,0,0,0,0.0,True,,,,,,,,,,,,,,,,,,,,,,,,,,True,True,True,True
episode-fb7d92371c97b98f78e3,UNDRR DesInventar Nepal,2007,8,18,Eastern Region,Saptari,PAKARI,UNKNOWN,0,0,0,0,0,0,0,0.0,False,,,,,,,,,,,,,,,,,,,,,,,,,,True,True,True,True
episode-7bf745a4ff3ba777d512,UNDRR DesInventar Nepal,2007,8,18,Eastern Region,Siraha,UNKNOWN,HEAVY RAINS,0,0,0,0,0,0,0,0.0,False,,,,,,,,,,,,,,,,,,,,,,,,,,True,True,True,True
episode-19186a545411252c6576,UNDRR DesInventar Nepal,2007,8,20,Mid-Western Region,Dolpa,TINGE,HEAVY RAINS,0,0,0,0,0,0,0,0.0,False,,,,,,,,,,,,,,,,,,,,,,,,,,True,True,True,True
episode-5b7e7c57fa73f10acd63,UNDRR DesInventar Nepal,2007,8,25,Eastern Region,Sunsari,UNKNOWN,HEAVY RAINS,0,0,0,5000,0,0,0,0.0,False,,,,,,,,,,,,,,,,,,,,,,,,,,True,True,True,True
episode-5fda29124f1c07c7e26a,UNDRR DesInventar Nepal,2007,8,26,Central Region,Mahotari,Jaleswar Municipalit,HEAVY RAINS,0,0,0,0,0,0,0,0.0,False,,,,,,,,,,,,,,,,,,,,,,,,,,True,True,True,True
episode-6f7aca8422a20f830441,UNDRR DesInventar Nepal,2007,8,31,Western Region,Myagdi,BARANJA,HEAVY RAINS,0,1,0,0,0,0,0,0.0,False,,,,,,,,,,,,,,,,,,,,,,,,,,True,True,True,True
episode-00e765234bb4c1750120,UNDRR DesInventar Nepal,2007,8,31,Western Region,Syangja,BANSIN DEOUARI,HEAVY RAINS,0,2,0,0,0,0,0,0.0,False,,,,,,,,,,,,,,,,,,,,,,,,,,True,True,True,True
episode-6fc85702356c043ef4c6,UNDRR DesInventar Nepal,2007,9,1,Mid-Western Region,Banke,HOLIA,HEAVY RAINS,3,0,0,0,0,0,0,0.0,False,,,,,,,,,,,,,,,,,,,,,,,,,,True,True,True,True
episode-abbdc2ec2bcd1bdc4ff8,UNDRR DesInventar Nepal,2007,9,3,Mid-Western Region,Dang,UNKNOWN,HEAVY RAINS,0,0,0,0,8,0,0,0.0,False,,,,,,,,,,,,,,,,,,,,,,,,,,True,True,True,True
episode-d017088abb61dfa59ab6,UNDRR DesInventar Nepal,2007,9,3,Eastern Region,Sunsari,Itahari Municipality,HEAVY RAINS,0,0,0,0,150,0,0,0.0,False,,,,,,,,,,,,,,,,,,,,,,,,,,True,True,True,True
episode-a65014af7dad8051de74,UNDRR DesInventar Nepal,2007,9,4,Western Region,Rupandehi,UNKNOWN,HEAVY RAINS,0,0,0,0,0,0,0,0.0,False,,,,,,,,,,,,,,,,,,,,,,,,,,True,True,True,True
episode-b06bbd14b86a347ee04f,UNDRR DesInventar Nepal,2007,9,5,Central Region,Chitawan,BAGHAUDA,HEAVY RAINS,0,0,0,0,0,0,0,0.0,False,,,,,,,,,,,,,,,,,,,,,,,,,,True,True,True,True
episode-6c04d06ac4ca5f8f668f,UNDRR DesInventar Nepal,2007,9,6,Mid-Western Region,Dang,MANPUR,HEAVY RAINS,2,0,0,0,0,0,0,0.0,False,,,,,,,,,,,,,,,,,,,,,,,,,,True,True,True,True
episode-75202d337fb090189c1f,UNDRR DesInventar Nepal,2007,9,6,Western Region,Kaski,KASKIKOT,HEAVY RAINS,0,0,0,0,0,50,0,0.0,False,,,,,,,,,,,,,,,,,,,,,,,,,,True,True,True,True
episode-6424cf86569dccd52eb3,UNDRR DesInventar Nepal,2007,9,7,Western Region,Nawalparasi,UNKNOWN,HEAVY RAINS,0,0,0,0,1200,0,0,0.0,True,,,,,,,,,,,,,,,,,,,,,,,,,,True,True,True,True
episode-8078cdb190365af8129b,UNDRR DesInventar Nepal,2007,9,7,Central Region,Rautahat,UNKNOWN,HEAVY RAINS,5,0,0,0,0,0,0,0.0,False,,,,,,,,,,,,,,,,,,,,,,,,,,True,True,True,True
episode-8533e7e8a8ea8188c188,UNDRR DesInventar Nepal,2007,9,8,Far Western Region,Kanchanpur,PIPALADI,HEAVY RAINS,0,0,0,0,0,0,0,0.0,False,,,,,,,,,,,,,,,,,,,,,,,,,,True,True,True,True
episode-7869a7c0e99e7d819d93,UNDRR DesInventar Nepal,2007,9,8,Western Region,Rupandehi,UNKNOWN,HEAVY RAINS,0,0,0,0,0,0,0,0.0,False,,,,,,,,,,,,,,,,,,,,,,,,,,True,True,True,True
episode-3930279c22b3b355eeb9,UNDRR DesInventar Nepal,2007,9,10,Central Region,Sindhuli,Sirthauli,UNKNOWN,2,0,2,0,0,0,0,0.0,False,,,,,,,,,,,,,,,,,,,,,,,,,,True,True,True,True
episode-b2fcbfaa5782fdfb4c8b,UNDRR DesInventar Nepal,2007,9,10,Eastern Region,Udayapur,UNKNOWN,HEAVY RAINS,1,0,0,0,2,0,0,0.0,False,,,,,,,,,,,,,,,,,,,,,,,,,,True,True,True,True
episode-0e8e25c275d4c08286da,UNDRR DesInventar Nepal,2007,9,11,Central Region,Makwanpur,DHIYAL,HEAVY RAINS,0,0,0,0,300,0,0,0.0,False,,,,,,,,,,,,,,,,,,,,,,,,,,True,True,True,True
episode-4177402f1d2e77021010,UNDRR DesInventar Nepal,2007,9,11,Eastern Region,Udayapur,Lekhgau,HEAVY RAINS,1,0,2,0,0,0,0,0.0,False,,,,,,,,,,,,,,,,,,,,,,,,,,True,True,True,True
episode-7a34b44088438e4307c4,UNDRR DesInventar Nepal,2007,9,12,Far Western Region,Dadeldhura,JOGBUDA,UNKNOWN,0,0,0,300,0,0,0,0.0,False,,,,,,,,,,,,,,,,,,,,,,,,,,True,True,True,True
episode-cf1eb4a935e883a08214,UNDRR DesInventar Nepal,2007,9,13,Eastern Region,Khotang,Arkhaule,HEAVY RAINS,1,0,1,0,0,0,0,0.0,False,,,,,,,,,,,,,,,,,,,,,,,,,,True,True,True,True
episode-b800f29d28928c6eeea9,UNDRR DesInventar Nepal,2007,9,13,Eastern Region,Khotang,Likuwa Pokhari,HEAVY RAINS,1,0,0,0,0,0,0,0.0,False,,,,,,,,,,,,,,,,,,,,,,,,,,True,True,True,True
episode-b561ef6232f231ef3f51,UNDRR DesInventar Nepal,2007,9,25,Mid-Western Region,Banke,UNKNOWN,HEAVY RAINS,0,0,0,0,0,0,0,0.0,False,,,,,,,,,,,,,,,,,,,,,,,,,,True,True,True,True
episode-770433ce70e9adea7363,UNDRR DesInventar Nepal,2007,9,26,Eastern Region,Ilam,AMCHOK,HEAVY RAINS,0,0,0,0,5,0,0,0.0,False,,,,,,,,,,,,,,,,,,,,,,,,,,True,True,True,True
episode-12768fb3169ffb0c0c39,UNDRR DesInventar Nepal,2007,9,28,Mid-Western Region,Surkhet,MEHELKUNA,HEAVY RAINS,0,0,0,0,0,40,0,0.0,False,,,,,,,,,,,,,,,,,,,,,,,,,,True,True,True,True
episode-0892fd4530f469dbbf2d,UNDRR DesInventar Nepal,2007,9,28,Mid-Western Region,Surkhet,UNKNOWN,HEAVY RAINS,0,0,0,0,0,30,0,0.0,False,,,,,,,,,,,,,,,,,,,,,,,,,,True,True,True,True
episode-fa7d8799c1ee9dfa1eac,UNDRR DesInventar Nepal,2007,9,29,Far Western Region,Dadeldhura,UNKNOWN,HEAVY RAINS,0,0,0,0,0,0,0,0.0,False,,,,,,,,,,,,,,,,,,,,,,,,,,True,True,True,True
episode-778ab917b7aacc25035a,UNDRR DesInventar Nepal,2007,9,29,Western Region,Nawalparasi,SUNAWAL,HEAVY RAINS,0,0,0,0,0,0,0,0.0,False,,,,,,,,,,,,,,,,,,,,,,,,,,True,True,True,True
episode-02b55e5081082ebd783d,UNDRR DesInventar Nepal,2007,9,30,Far Western Region,Bajhang,Dahabagar,UNKNOWN,1,0,0,0,0,0,0,0.0,False,,,,,,,,,,,,,,,,,,,,,,,,,,True,True,True,True
episode-b8a9fe5af9231426a05e,UNDRR DesInventar Nepal,2007,9,30,Mid-Western Region,Dang,TARIGAUN,HEAVY RAINS,1,0,0,0,0,0,0,0.0,False,,,,,,,,,,,,,,,,,,,,,,,,,,True,True,True,True
episode-cdbb44fbd4632db5032e,UNDRR DesInventar Nepal,2007,12,20,Western Region,Tanahu,VYAS_NP_(DAMAULI),OTHER,2,1,0,0,0,0,0,0.0,False,,,,,,,,,,,,,,,,,,,,,,,,,,True,True,True,True
episode-66a552cd44497d232aa8,UNDRR DesInventar Nepal,2008,3,4,Eastern Region,Ilam,JAMUNA,HEAVY RAINS,0,0,0,0,0,0,0,0.0,False,,,,,,,,,,,,,,,,,,,,,,,,,,True,True,True,True
episode-c885b9c6a88b77e6bfc6,UNDRR DesInventar Nepal,2008,3,23,Mid-Western Region,Pyuthan,AKHRA,HEAVY RAINS,1,0,0,0,0,0,0,0.0,False,,,,,,,,,,,,,,,,,,,,,,,,,,True,True,True,True
episode-2544cbe83efbbdc1ac3d,UNDRR DesInventar Nepal,2008,4,21,Far Western Region,Baitadi,MATHI RAJ,HEAVY RAINS,0,0,0,5,1,0,0,0.0,False,,,,,,,,,,,,,,,,,,,,,,,,,,True,True,True,True
episode-9b959b3357dec5a54dd8,UNDRR DesInventar Nepal,2008,5,4,Eastern Region,Okhaldhunga,MAMKHA,OTHER,1,0,0,0,0,0,0,0.0,False,,,,,,,,,,,,,,,,,,,,,,,,,,True,True,True,True
episode-320f484e9f8e88cd6e68,UNDRR DesInventar Nepal,2008,5,24,Eastern Region,Panchthar,CHOKMAGU,HEAVY RAINS,0,0,0,0,0,7,0,0.0,False,,,,,,,,,,,,,,,,,,,,,,,,,,True,True,True,True
episode-009fdb978e25e9efeff8,UNDRR DesInventar Nepal,2008,5,24,Eastern Region,Panchthar,UNKNOWN,HEAVY RAINS,1,0,0,0,0,0,0,0.0,False,,,,,,,,,,,,,,,,,,,,,,,,,,True,True,True,True
episode-e0844f6f11407b5f4def,UNDRR DesInventar Nepal,2008,5,30,Western Region,Arghakanchi,KHAN,FLOOD,1,0,0,0,0,0,0,0.0,False,,,,,,,,,,,,,,,,,,,,,,,,,,True,True,True,True
episode-92ddf33a3da6139c5db4,UNDRR DesInventar Nepal,2008,6,2,Far Western Region,Baitadi,MELAULI,HUMAN MISTAKE,1,0,0,0,0,0,0,0.0,False,,,,,,,,,,,,,,,,,,,,,,,,,,True,True,True,True
episode-0037c64703c416e4b562,UNDRR DesInventar Nepal,2008,6,8,Central Region,Rautahat,GANGAPIPARA,HEAVY RAINS,1,0,0,0,0,0,0,0.0,False,,,,,,,,,,,,,,,,,,,,,,,,,,True,True,True,True
episode-25dfb3f6467bf678d0ad,UNDRR DesInventar Nepal,2008,6,11,Eastern Region,Khotang,Nerpa,HEAVY RAINS,0,0,11,0,0,0,0,0.0,False,,,,,,,,,,,,,,,,,,,,,,,,,,True,True,True,True
episode-3f417390294a9215bc88,UNDRR DesInventar Nepal,2008,6,15,Far Western Region,Bajhang,Chaudhari,RAIN,0,0,0,0,1,0,0,0.0,False,,,,,,,,,,,,,,,,,,,,,,,,,,True,True,True,True
episode-e8f2c4cf49ad22708cd2,UNDRR DesInventar Nepal,2008,6,15,Far Western Region,Bajhang,Kotbhairab,HEAVY RAINS,0,0,0,0,12,0,0,0.0,False,,,,,,,,,,,,,,,,,,,,,,,,,,True,True,True,True
episode-6714d4669b794b090b5b,UNDRR DesInventar Nepal,2008,6,15,Central Region,Mahotari,UNKNOWN,RAIN,0,0,0,0,0,0,0,0.0,False,,,,,,,,,,,,,,,,,,,,,,,,,,True,True,True,True
episode-0f87dbfe0f47d0145dbd,UNDRR DesInventar Nepal,2008,6,15,Western Region,Manang,FU,RAIN,0,0,0,0,0,0,0,0.0,False,,,,,,,,,,,,,,,,,,,,,,,,,,True,True,True,True
episode-6047c430488f99287871,UNDRR DesInventar Nepal,2008,6,16,Far Western Region,Kailali,DHANGADHI MUNICIPALITY,HEAVY RAINS,0,0,0,200,2,35,0,0.0,False,,,,,,,,,,,,,,,,,,,,,,,,,,True,True,True,True
episode-04f5f9f45a4aaef3215a,UNDRR DesInventar Nepal,2008,6,16,Far Western Region,Kailali,LALBOJHI,HEAVY RAINS,0,0,0,0,30,0,0,0.0,False,,,,,,,,,,,,,,,,,,,,,,,,,,True,True,True,True
episode-56532c8c60d31d644369,UNDRR DesInventar Nepal,2008,6,19,Mid-Western Region,Dailekh,KUSAPANI,HEAVY RAINS,0,0,0,0,2,0,0,0.0,False,,,,,,,,,,,,,,,,,,,,,,,,,,True,True,True,True
episode-9df6080e9b0d21708b7a,UNDRR DesInventar Nepal,2008,6,19,Mid-Western Region,Dailekh,NARAYA N.P.,HEAVY RAINS,2,0,0,0,0,0,0,0.0,False,,,,,,,,,,,,,,,,,,,,,,,,,,True,True,True,True
episode-38c42612227e8ba924ab,UNDRR DesInventar Nepal,2008,6,19,Mid-Western Region,Dailekh,RANIBAN,HEAVY RAINS,0,0,0,0,1,0,0,0.0,False,,,,,,,,,,,,,,,,,,,,,,,,,,True,True,True,True
episode-8b6ab76da9244d1dd603,UNDRR DesInventar Nepal,2008,6,22,Far Western Region,Kailali,UNKNOWN,UNKNOWN,0,0,0,205,3,35,0,0.0,False,,,,,,,,,,,,,,,,,,,,,,,,,,True,True,True,True
episode-ee7802567477a0e35fce,UNDRR DesInventar Nepal,2008,6,23,Mid-Western Region,Humla,MANDANA,HEAVY RAINS,0,0,0,0,0,0,0,0.0,False,,,,,,,,,,,,,,,,,,,,,,,,,,True,True,True,True
episode-def744b700e24f477fab,UNDRR DesInventar Nepal,2008,6,25,Mid-Western Region,Jajarkot,Garkhakot,HEAVY RAINS,1,0,0,0,0,0,0,0.0,False,,,,,,,,,,,,,,,,,,,,,,,,,,True,True,True,True
episode-264db57ebd6c368d56c9,UNDRR DesInventar Nepal,2008,6,26,Western Region,Baglung,BHINGGITHE,UNKNOWN,0,0,0,0,0,0,0,0.0,False,,,,,,,,,,,,,,,,,,,,,,,,,,True,True,True,True
episode-cf00be61b378c6e25519,UNDRR DesInventar Nepal,2008,6,26,Western Region,Baglung,BURTIBANG,HEAVY RAINS,0,0,0,11,1,1,0,0.0,True,,,,,,,,,,,,,,,,,,,,,,,,,,True,True,True,True
episode-ffa24363f31cb6771537,UNDRR DesInventar Nepal,2008,6,26,Western Region,Baglung,PANDAVKHANI,HEAVY RAINS,0,0,0,162,8,2,0,0.0,True,,,,,,,,,,,,,,,,,,,,,,,,,,True,True,True,True
episode-efeb3c4b49393b1ce73e,UNDRR DesInventar Nepal,2008,6,26,Western Region,Baglung,RANASINGHKITENI,HEAVY RAINS,0,0,0,5,1,1,0,0.0,False,,,,,,,,,,,,,,,,,,,,,,,,,,True,True,True,True
episode-66c59f349b0e0c5c86ed,UNDRR DesInventar Nepal,2008,6,26,Western Region,Baglung,TARA,HEAVY RAINS,0,0,0,0,0,0,0,0.0,True,,,,,,,,,,,,,,,,,,,,,,,,,,True,True,True,True
episode-6814afa6a481fd0b51e0,UNDRR DesInventar Nepal,2008,6,27,Western Region,Baglung,TARA,HEAVY RAINS,0,0,0,351,19,46,0,0.0,True,,,,,,,,,,,,,,,,,,,,,,,,,,True,True,True,True
episode-37ca126f9cb3f6624998,UNDRR DesInventar Nepal,2008,6,27,Central Region,Mahotari,Jaleswar Municipalit,HEAVY RAINS,1,0,0,0,0,0,0,0.0,False,,,,,,,,,,,,,,,,,,,,,,,,,,True,True,True,True
episode-cd466ffe7dad78b7528b,UNDRR DesInventar Nepal,2008,6,27,Western Region,Myagdi,RUM,HEAVY RAINS,1,0,0,0,10,0,0,0.0,False,,,,,,,,,,,,,,,,,,,,,,,,,,True,True,True,True
episode-527cf98b0ada80997fd7,UNDRR DesInventar Nepal,2008,6,29,Western Region,Baglung,KHUNGA,HEAVY RAINS,0,0,0,17,1,2,0,0.0,True,,,,,,,,,,,,,,,,,,,,,,,,,,True,True,True,True
episode-a78f737e4f1a005e924e,UNDRR DesInventar Nepal,2008,7,1,Mid-Western Region,Salyan,KALCHE RAMPUR,RAIN,0,0,0,22,4,0,0,0.0,False,,,,,,,,,,,,,,,,,,,,,,,,,,True,True,True,True
episode-6f7547c676505b371779,UNDRR DesInventar Nepal,2008,7,2,Far Western Region,Dadeldhura,ALITAL,HEAVY RAINS,0,0,0,17,0,0,0,0.0,False,,,,,,,,,,,,,,,,,,,,,,,,,,True,True,True,True
episode-21dd6966985c6b3be61d,UNDRR DesInventar Nepal,2008,7,2,Far Western Region,Dadeldhura,JOGBUDA,RAIN,1,0,0,824,0,0,0,0.0,False,,,,,,,,,,,,,,,,,,,,,,,,,,True,True,True,True
episode-2b81af648398aacd6eec,UNDRR DesInventar Nepal,2008,7,2,Far Western Region,Dadeldhura,SIRSHA,HEAVY RAINS,0,0,0,108,12,0,0,0.0,False,,,,,,,,,,,,,,,,,,,,,,,,,,True,True,True,True
episode-13233daf4f964c395d20,UNDRR DesInventar Nepal,2008,7,3,Far Western Region,Dadeldhura,JOGBUDA,RAIN,0,0,0,216,0,0,0,0.0,False,,,,,,,,,,,,,,,,,,,,,,,,,,True,True,True,True
episode-63cd13b7a32d95ae912c,UNDRR DesInventar Nepal,2008,7,5,Far Western Region,Kailali,BALIYA,RAIN,0,0,0,27,1,6,0,0.0,True,,,,,,,,,,,,,,,,,,,,,,,,,,True,True,True,True
episode-c72867e380bc41d9cd87,UNDRR DesInventar Nepal,2008,7,5,Far Western Region,Kanchanpur,KALIKA,RAIN,0,0,0,0,0,0,0,0.0,False,,,,,,,,,,,,,,,,,,,,,,,,,,True,True,True,True
episode-e7dc442078071bd16380,UNDRR DesInventar Nepal,2008,7,5,Eastern Region,Siraha,Majhauliyar,RAIN,0,0,0,3240,0,0,0,0.0,False,,,,,,,,,,,,,,,,,,,,,,,,,,True,True,True,True
episode-380ab838a1876595cf5b,UNDRR DesInventar Nepal,2008,7,6,Central Region,Dolakha,Gaurishankar,HEAVY RAINS,0,0,0,0,0,0,0,0.0,True,,,,,,,,,,,,,,,,,,,,,,,,,,True,True,True,True
episode-f89f2c72fbbc2a86bc1c,UNDRR DesInventar Nepal,2008,7,6,Eastern Region,Jhapa,MAHABHARA,RAIN,0,0,0,153,0,0,0,0.0,False,,,,,,,,,,,,,,,,,,,,,,,,,,True,True,True,True
episode-e6869e056f9444710b96,UNDRR DesInventar Nepal,2008,7,6,Eastern Region,Morang,Sanischare,RAIN,2,0,0,0,0,0,0,0.0,False,,,,,,,,,,,,,,,,,,,,,,,,,,True,True,True,True
episode-3b793da3e9e30f7be2d0,UNDRR DesInventar Nepal,2008,7,7,Far Western Region,Dadeldhura,SIRSHA,HEAVY RAINS,0,0,0,1000,0,1,0,0.0,True,,,,,,,,,,,,,,,,,,,,,,,,,,True,True,True,True
episode-5fd8fd972acb32afda2e,UNDRR DesInventar Nepal,2008,7,8,Far Western Region,Kanchanpur,DEKHATBHULI,HEAVY RAINS,0,0,0,33,0,0,0,0.0,False,,,,,,,,,,,,,,,,,,,,,,,,,,True,True,True,True
episode-1838d59b9a4a78cf4119,UNDRR DesInventar Nepal,2008,7,8,Eastern Region,Udayapur,Sundarpur,RAIN,1,0,0,0,0,0,0,0.0,False,,,,,,,,,,,,,,,,,,,,,,,,,,True,True,True,True
episode-23472da45a178a5c75e7,UNDRR DesInventar Nepal,2008,7,9,Mid-Western Region,Dailekh,AWAL PARAJUL,HEAVY RAINS,0,0,0,12,1,0,0,0.0,False,,,,,,,,,,,,,,,,,,,,,,,,,,True,True,True,True
episode-64569d6e54673474c351,UNDRR DesInventar Nepal,2008,7,9,Central Region,Sindhuli,Mahadevsthan,RAIN,0,1,0,0,0,0,0,0.0,False,,,,,,,,,,,,,,,,,,,,,,,,,,True,True,True,True
episode-6aec5caad2224cb6933f,UNDRR DesInventar Nepal,2008,7,11,Far Western Region,Baitadi,SITAD,HEAVY RAINS,0,0,0,0,0,0,0,0.0,False,,,,,,,,,,,,,,,,,,,,,,,,,,True,True,True,True
episode-cf9b924750a6a3c82224,UNDRR DesInventar Nepal,2008,7,12,Far Western Region,Darchula,Dhap,UNKNOWN,0,0,0,5,1,0,0,0.0,False,,,,,,,,,,,,,,,,,,,,,,,,,,True,True,True,True
episode-faaac028f59f16be0a28,UNDRR DesInventar Nepal,2008,7,12,Western Region,Nawalparasi,UNKNOWN,HEAVY RAINS,0,0,0,66,0,12,0,0.0,False,,,,,,,,,,,,,,,,,,,,,,,,,,True,True,True,True
episode-c424b6d3a5a31b6466bc,UNDRR DesInventar Nepal,2008,7,13,Eastern Region,Sunsari,Haripur,HEAVY RAINS,0,0,0,400,0,0,0,0.0,False,,,,,,,,,,,,,,,,,,,,,,,,,,True,True,True,True
episode-35e6dd1b86c5d6a485a6,UNDRR DesInventar Nepal,2008,7,14,Central Region,Sindhupalchoke,Helambu,HEAVY RAINS,0,0,0,0,0,0,0,0.0,True,,,,,,,,,,,,,,,,,,,,,,,,,,True,True,True,True
episode-774ca63df185120ace69,UNDRR DesInventar Nepal,2008,7,15,Mid-Western Region,Dailekh,DADA PARAJUL,HEAVY RAINS,0,0,0,36,0,0,0,0.0,False,,,,,,,,,,,,,,,,,,,,,,,,,,True,True,True,True
episode-585621b3b6b8cadbeab2,UNDRR DesInventar Nepal,2008,7,15,Eastern Region,Sunsari,Itahari Municipality,HEAVY RAINS,1,0,0,0,0,0,0,0.0,False,,,,,,,,,,,,,,,,,,,,,,,,,,True,True,True,True
episode-ce336f599da7994300dd,UNDRR DesInventar Nepal,2008,7,16,Eastern Region,Jhapa,DAMAK MUN.,RAIN,0,0,0,65,0,1,0,0.0,False,,,,,,,,,,,,,,,,,,,,,,,,,,True,True,True,True
episode-4d231ddd89704986738b,UNDRR DesInventar Nepal,2008,7,16,Central Region,Sarlahi,LAKSMIPUR (KO),HEAVY RAINS,0,0,0,0,0,0,0,0.0,False,,,,,,,,,,,,,,,,,,,,,,,,,,True,True,True,True
episode-c2a8dbf9db1b6d02093d,UNDRR DesInventar Nepal,2008,7,16,Central Region,Sarlahi,SUNDARPUR,HEAVY RAINS,0,0,0,130,0,15,0,0.0,False,,,,,,,,,,,,,,,,,,,,,,,,,,True,True,True,True
episode-620c2eca5ca073e547b2,UNDRR DesInventar Nepal,2008,7,18,Far Western Region,Bajhang,Sunkuda,HEAVY RAINS,0,0,0,162,0,0,0,0.0,False,,,,,,,,,,,,,,,,,,,,,,,,,,True,True,True,True
episode-2fec096344839997bb01,UNDRR DesInventar Nepal,2008,7,18,Central Region,Rautahat,PATAURA,HEAVY RAINS,2,0,0,64,12,0,0,0.0,False,,,,,,,,,,,,,,,,,,,,,,,,,,True,True,True,True
episode-53e84d21003d789a605b,UNDRR DesInventar Nepal,2008,7,19,Central Region,Mahotari,Jaleswar Municipalit,HEAVY RAINS,0,0,0,224,0,0,0,0.0,True,,,,,,,,,,,,,,,,,,,,,,,,,,True,True,True,True
episode-ab9c5ed40e9d747a413b,UNDRR DesInventar Nepal,2008,7,20,Far Western Region,Baitadi,SALENA,UNKNOWN,0,0,0,5,1,0,0,0.0,False,,,,,,,,,,,,,,,,,,,,,,,,,,True,True,True,True
episode-c97adab0bd149aec9f9a,UNDRR DesInventar Nepal,2008,7,20,Far Western Region,Kailali,PANDUN,HEAVY RAINS,0,0,0,5,1,0,0,0.0,False,,,,,,,,,,,,,,,,,,,,,,,,,,True,True,True,True
episode-b10e1a1d2962bcb9ddba,UNDRR DesInventar Nepal,2008,7,20,Far Western Region,Kailali,SUGARKHAL,HEAVY RAINS,0,0,0,5,1,0,0,0.0,False,,,,,,,,,,,,,,,,,,,,,,,,,,True,True,True,True
episode-aa5614e3a3d3f2e7d6a6,UNDRR DesInventar Nepal,2008,7,20,Mid-Western Region,Kalikot,BHASTA,HEAVY RAINS,0,0,0,0,0,0,0,0.0,False,,,,,,,,,,,,,,,,,,,,,,,,,,True,True,True,True
episode-03c71fc1efcc7570c10a,UNDRR DesInventar Nepal,2008,7,21,Far Western Region,Dadeldhura,JOGBUDA,HEAVY RAINS,1,0,0,0,0,1,0,0.0,False,,,,,,,,,,,,,,,,,,,,,,,,,,True,True,True,True
episode-99995303dd25974b4162,UNDRR DesInventar Nepal,2008,7,22,Far Western Region,Baitadi,SALENA,HEAVY RAINS,0,0,0,5,1,0,0,0.0,False,,,,,,,,,,,,,,,,,,,,,,,,,,True,True,True,True
episode-220b4c2673882356322f,UNDRR DesInventar Nepal,2008,7,22,Eastern Region,Jhapa,KOHABARA,HEAVY RAINS,1,0,0,22,0,4,0,0.0,False,,,,,,,,,,,,,,,,,,,,,,,,,,True,True,True,True
episode-e5b0d4c133cc3d250edc,UNDRR DesInventar Nepal,2008,7,22,Central Region,Mahotari,Dhirapur,HEAVY RAINS,0,0,0,0,0,0,0,0.0,False,,,,,,,,,,,,,,,,,,,,,,,,,,True,True,True,True
episode-b1fc029a3b322bd68d83,UNDRR DesInventar Nepal,2008,7,22,Central Region,Mahotari,Ekdara Bela,HEAVY RAINS,0,0,0,0,0,0,0,0.0,False,,,,,,,,,,,,,,,,,,,,,,,,,,True,True,True,True
episode-f29f7ce4104d7b8f8177,UNDRR DesInventar Nepal,2008,7,22,Central Region,Mahotari,Jaleswar Municipalit,HEAVY RAINS,0,0,0,75,0,0,0,0.0,False,,,,,,,,,,,,,,,,,,,,,,,,,,True,True,True,True
episode-081645b4164638f8fe81,UNDRR DesInventar Nepal,2008,7,22,Western Region,Rupandehi,BODABAR,UNKNOWN,0,0,0,38,4,0,0,0.0,False,,,,,,,,,,,,,,,,,,,,,,,,,,True,True,True,True
episode-5e445416ab9ee519096e,UNDRR DesInventar Nepal,2008,7,22,Western Region,Rupandehi,CHHOTAKI_RAMNAGAR,UNKNOWN,0,0,0,0,0,1,0,0.0,False,,,,,,,,,,,,,,,,,,,,,,,,,,True,True,True,True
episode-3029af0ae55b06b2a7d1,UNDRR DesInventar Nepal,2008,7,22,Western Region,Rupandehi,MAJHAGAWA,HEAVY RAINS,0,0,0,6,1,0,0,0.0,False,,,,,,,,,,,,,,,,,,,,,,,,,,True,True,True,True
episode-0818877e1d91474e6816,UNDRR DesInventar Nepal,2008,7,22,Western Region,Rupandehi,MARYADPUR,HEAVY RAINS,0,0,0,6,1,0,0,0.0,False,,,,,,,,,,,,,,,,,,,,,,,,,,True,True,True,True
episode-102345313e550a5739c7,UNDRR DesInventar Nepal,2008,7,22,Western Region,Rupandehi,PATAKHAULI,UNKNOWN,0,0,0,6,1,0,0,0.0,False,,,,,,,,,,,,,,,,,,,,,,,,,,True,True,True,True
episode-cc2ec3ef77ce48c2987d,UNDRR DesInventar Nepal,2008,7,22,Western Region,Rupandehi,POKHARVINDI,UNKNOWN,0,0,0,18,3,0,0,0.0,False,,,,,,,,,,,,,,,,,,,,,,,,,,True,True,True,True
episode-f7ef1b787c0bd92689da,UNDRR DesInventar Nepal,2008,7,22,Eastern Region,Udayapur,Katari,RAIN,0,0,0,0,0,0,0,20.0,True,,,,,,,,,,,,,,,,,,,,,,,,,,True,True,True,True
episode-9bd6d9f05cc4dc22dd9b,UNDRR DesInventar Nepal,2008,7,23,Eastern Region,Jhapa,BAIGUNDHARA,HEAVY RAINS,0,0,0,45,0,3,0,0.0,False,,,,,,,,,,,,,,,,,,,,,,,,,,True,True,True,True
episode-6f61e625812a7f63cd6f,UNDRR DesInventar Nepal,2008,7,23,Eastern Region,Jhapa,GHAILADUWA,HEAVY RAINS,0,0,0,147,0,27,0,0.0,False,,,,,,,,,,,,,,,,,,,,,,,,,,True,True,True,True
episode-4c503a41eeaf536af7a3,UNDRR DesInventar Nepal,2008,7,23,Central Region,Rautahat,HARSAHA PHATUHA (B),HEAVY RAINS,0,0,0,540,0,100,0,0.0,False,,,,,,,,,,,,,,,,,,,,,,,,,,True,True,True,True
episode-45491f7f122bf259eb9b,UNDRR DesInventar Nepal,2008,7,23,Western Region,Rupandehi,RAYAPUR,UNKNOWN,0,0,0,6,1,0,0,0.0,False,,,,,,,,,,,,,,,,,,,,,,,,,,True,True,True,True
episode-6980d2dae43691591f51,UNDRR DesInventar Nepal,2008,7,23,Eastern Region,Saptari,RAJBIRAJ MUNICIPALITY,HEAVY RAINS,0,0,0,1500,0,0,0,0.0,False,,,,,,,,,,,,,,,,,,,,,,,,,,True,True,True,True
episode-f7e1cea97629ec34caeb,UNDRR DesInventar Nepal,2008,7,23,Eastern Region,Saptari,TILATHI,HEAVY RAINS,0,0,0,17,3,0,0,0.0,False,,,,,,,,,,,,,,,,,,,,,,,,,,True,True,True,True
episode-2d1a0b2b0be6c6a137ac,UNDRR DesInventar Nepal,2008,7,23,Eastern Region,Sunsari,Bhokraha,HEAVY RAINS,0,0,0,400,0,0,0,0.0,False,,,,,,,,,,,,,,,,,,,,,,,,,,True,True,True,True
episode-0dd920be966cd4296084,UNDRR DesInventar Nepal,2008,7,23,Eastern Region,Sunsari,Chimdi,HEAVY RAINS,0,0,0,400,0,0,0,0.0,False,,,,,,,,,,,,,,,,,,,,,,,,,,True,True,True,True
episode-4bb8529d32bec66379c1,UNDRR DesInventar Nepal,2008,7,23,Eastern Region,Sunsari,Gautampur,HEAVY RAINS,0,0,0,400,0,0,0,0.0,False,,,,,,,,,,,,,,,,,,,,,,,,,,True,True,True,True
episode-6ff88717d9119bdee13a,UNDRR DesInventar Nepal,2008,7,23,Eastern Region,Sunsari,Itahari Municipality,HEAVY RAINS,0,0,0,400,0,50,0,0.0,False,,,,,,,,,,,,,,,,,,,,,,,,,,True,True,True,True
episode-1f2cc756ad45c6b5d052,UNDRR DesInventar Nepal,2008,7,23,Eastern Region,Sunsari,Laukahi,HEAVY RAINS,0,0,0,400,0,75,0,0.0,False,,,,,,,,,,,,,,,,,,,,,,,,,,True,True,True,True
episode-5923ba83dac03281d464,UNDRR DesInventar Nepal,2008,7,23,Eastern Region,Sunsari,Narshinhatappu,HEAVY RAINS,0,0,0,940,0,0,0,0.0,False,,,,,,,,,,,,,,,,,,,,,,,,,,True,True,True,True
episode-0c6488e7d3b582e9b644,UNDRR DesInventar Nepal,2008,7,23,Eastern Region,Sunsari,Parkashpur,HEAVY RAINS,0,0,0,400,0,0,0,0.0,False,,,,,,,,,,,,,,,,,,,,,,,,,,True,True,True,True
episode-893ef65257bddc24fd1e,UNDRR DesInventar Nepal,2008,7,23,Eastern Region,Sunsari,Paschim Kusaha,HEAVY RAINS,0,0,0,400,0,0,0,0.0,False,,,,,,,,,,,,,,,,,,,,,,,,,,True,True,True,True
episode-986f04f6a33d0fb6aa23,UNDRR DesInventar Nepal,2008,7,23,Eastern Region,Sunsari,Ranganj Sinawari,HEAVY RAINS,0,0,0,400,0,0,0,0.0,False,,,,,,,,,,,,,,,,,,,,,,,,,,True,True,True,True
episode-77b9d08db6de29196cb4,UNDRR DesInventar Nepal,2008,7,23,Eastern Region,Sunsari,Santerjhora,HEAVY RAINS,0,0,0,400,0,0,0,0.0,False,,,,,,,,,,,,,,,,,,,,,,,,,,True,True,True,True
episode-d834743c9985e7c3f7bc,UNDRR DesInventar Nepal,2008,7,23,Eastern Region,Sunsari,Sripurjabdi,HEAVY RAINS,0,0,0,400,0,0,0,0.0,False,,,,,,,,,,,,,,,,,,,,,,,,,,True,True,True,True
episode-8c951f583d18283a68b1,UNDRR DesInventar Nepal,2008,7,23,Eastern Region,Udayapur,Beltar,HEAVY RAINS,0,0,0,0,0,0,0,0.0,True,,,,,,,,,,,,,,,,,,,,,,,,,,True,True,True,True
episode-6de0fb2f99daf301fc54,UNDRR DesInventar Nepal,2008,7,24,Eastern Region,Morang,Amardaha,HEAVY RAINS,1,0,0,0,0,0,0,0.0,False,,,,,,,,,,,,,,,,,,,,,,,,,,True,True,True,True
episode-35cb62538f7c40393941,UNDRR DesInventar Nepal,2008,7,24,Eastern Region,Morang,Rajghat,HEAVY RAINS,0,0,0,64,0,0,0,0.0,False,,,,,,,,,,,,,,,,,,,,,,,,,,True,True,True,True
episode-d4a23eac08f1f25966af,UNDRR DesInventar Nepal,2008,7,24,Western Region,Nawalparasi,RAMPURVA,HEAVY RAINS,0,0,0,0,0,0,0,0.0,False,,,,,,,,,,,,,,,,,,,,,,,,,,True,True,True,True
episode-a9d2eaf89569f3e379fb,UNDRR DesInventar Nepal,2008,7,24,Central Region,Parsa,Bairiya Birta,HEAVY RAINS,1,0,0,0,0,0,0,0.0,False,,,,,,,,,,,,,,,,,,,,,,,,,,True,True,True,True
episode-acc6130f891df6f36e7b,UNDRR DesInventar Nepal,2008,7,24,Central Region,Rautahat,JHUNKHUNMA,HEAVY RAINS,0,0,0,11,2,0,0,0.0,False,,,,,,,,,,,,,,,,,,,,,,,,,,True,True,True,True
episode-fa5de3524f6e0ed4bec4,UNDRR DesInventar Nepal,2008,7,24,Western Region,Rupandehi,BODABAR,UNKNOWN,0,0,0,18,3,0,0,0.0,False,,,,,,,,,,,,,,,,,,,,,,,,,,True,True,True,True
episode-27ba696363bdd2f2d164,UNDRR DesInventar Nepal,2008,7,24,Western Region,Rupandehi,DHAKADHAI,UNKNOWN,0,0,0,6,1,0,0,0.0,False,,,,,,,,,,,,,,,,,,,,,,,,,,True,True,True,True
episode-f312bc2860375166329c,UNDRR DesInventar Nepal,2008,7,24,Western Region,Rupandehi,MAJHAGAWA,UNKNOWN,0,0,0,12,2,0,0,0.0,False,,,,,,,,,,,,,,,,,,,,,,,,,,True,True,True,True
episode-5fe824d43ae0759f023f,UNDRR DesInventar Nepal,2008,7,24,Western Region,Rupandehi,RAYAPUR,UNKNOWN,0,0,0,12,2,0,0,0.0,False,,,,,,,,,,,,,,,,,,,,,,,,,,True,True,True,True
episode-3f69f23e70a27c52f048,UNDRR DesInventar Nepal,2008,7,24,Western Region,Rupandehi,SEMARA_MARCHAWAR,UNKNOWN,0,0,0,27,5,0,0,0.0,False,,,,,,,,,,,,,,,,,,,,,,,,,,True,True,True,True
episode-4743a6947da6f2471c8e,UNDRR DesInventar Nepal,2008,7,24,Western Region,Rupandehi,UNKNOWN,UNKNOWN,0,0,0,0,0,0,0,0.0,False,,,,,,,,,,,,,,,,,,,,,,,,,,True,True,True,True
episode-9ae40493cb771b0e2a35,UNDRR DesInventar Nepal,2008,7,24,Eastern Region,Sunsari,Amaduwa,HEAVY RAINS,0,0,0,1090,0,0,0,0.0,False,,,,,,,,,,,,,,,,,,,,,,,,,,True,True,True,True
episode-95b74a150f9e170bcc4c,UNDRR DesInventar Nepal,2008,7,24,Eastern Region,Sunsari,Ramnagar,HEAVY RAINS,0,0,0,1090,0,0,0,0.0,False,,,,,,,,,,,,,,,,,,,,,,,,,,True,True,True,True
episode-05fff7efe1e5c390c2d1,UNDRR DesInventar Nepal,2008,7,24,Eastern Region,Udayapur,Hadiya,HEAVY RAINS,0,0,0,54,0,0,0,0.0,False,,,,,,,,,,,,,,,,,,,,,,,,,,True,True,True,True
episode-7ae1d621a0f9fa9ea4a3,UNDRR DesInventar Nepal,2008,7,24,Eastern Region,Udayapur,Sundarpur,HEAVY RAINS,0,0,0,324,0,0,0,0.0,False,,,,,,,,,,,,,,,,,,,,,,,,,,True,True,True,True
episode-31b36bb0f6313b2d56df,UNDRR DesInventar Nepal,2008,7,25,Western Region,Baglung,KHUNGA,UNKNOWN,0,0,0,0,1,0,0,0.0,False,,,,,,,,,,,,,,,,,,,,,,,,,,True,True,True,True
episode-25a6e61ed090acc6dfcc,UNDRR DesInventar Nepal,2008,7,25,Far Western Region,Darchula,Chhapri,UNKNOWN,1,0,0,0,0,0,0,0.0,False,,,,,,,,,,,,,,,,,,,,,,,,,,True,True,True,True
episode-44a564fe826c3e9a6961,UNDRR DesInventar Nepal,2008,7,25,Western Region,Nawalparasi,KOLHUWA,HEAVY RAINS,0,0,0,10900,0,0,0,0.0,False,,,,,,,,,,,,,,,,,,,,,,,,,,True,True,True,True
episode-85d18627face9fa27bf4,UNDRR DesInventar Nepal,2008,7,25,Western Region,Rupandehi,POKHARVINDI,UNKNOWN,0,0,0,17,3,0,0,0.0,False,,,,,,,,,,,,,,,,,,,,,,,,,,True,True,True,True
episode-f46478f6f1e9688e97fd,UNDRR DesInventar Nepal,2008,7,25,Mid-Western Region,Salyan,NIGALACHULI,HEAVY RAINS,1,0,0,0,0,0,0,0.0,False,,,,,,,,,,,,,,,,,,,,,,,,,,True,True,True,True
episode-b9a313634508407c00ec,UNDRR DesInventar Nepal,2008,7,26,Mid-Western Region,Bardiya,PADNAHA,HEAVY RAINS,0,0,0,129,0,0,0,0.0,False,,,,,,,,,,,,,,,,,,,,,,,,,,True,True,True,True
episode-51b4678998e4c3c1b01b,UNDRR DesInventar Nepal,2008,7,26,Far Western Region,Kanchanpur,JHALARI,HEAVY RAINS,2,0,0,0,0,0,0,0.0,False,,,,,,,,,,,,,,,,,,,,,,,,,,True,True,True,True
episode-3edd92ce437768163214,UNDRR DesInventar Nepal,2008,7,26,Western Region,Nawalparasi,UNKNOWN,HEAVY RAINS,0,0,0,0,0,0,0,0.0,False,,,,,,,,,,,,,,,,,,,,,,,,,,True,True,True,True
episode-8d66d1f6c0c851221390,UNDRR DesInventar Nepal,2008,7,27,Central Region,Dhanusa,Andhupatti,HEAVY RAINS,0,0,0,0,0,0,0,0.0,False,,,,,,,,,,,,,,,,,,,,,,,,,,True,True,True,True
episode-a3c839c308f3f1b0e514,UNDRR DesInventar Nepal,2008,7,27,Central Region,Dhanusa,Balsha Saghara,HEAVY RAINS,0,0,0,0,0,0,0,0.0,False,,,,,,,,,,,,,,,,,,,,,,,,,,True,True,True,True
episode-181a06c5834b7962ab53,UNDRR DesInventar Nepal,2008,7,27,Central Region,Dhanusa,Deuriparbaha,HEAVY RAINS,0,0,0,2160,0,0,0,0.0,False,,,,,,,,,,,,,,,,,,,,,,,,,,True,True,True,True
episode-820a5eb7477dd79c9a61,UNDRR DesInventar Nepal,2008,7,27,Central Region,Dhanusa,Enarwa,HEAVY RAINS,0,0,0,0,0,0,0,0.0,False,,,,,,,,,,,,,,,,,,,,,,,,,,True,True,True,True
episode-e21d8d0b6eb1d42eca2b,UNDRR DesInventar Nepal,2008,7,27,Central Region,Dhanusa,Harine,HEAVY RAINS,0,0,0,0,0,0,0,0.0,False,,,,,,,,,,,,,,,,,,,,,,,,,,True,True,True,True
episode-75ffe36e6da53e5e2253,UNDRR DesInventar Nepal,2008,7,27,Central Region,Dhanusa,Kanakpatti,HEAVY RAINS,0,0,0,0,0,0,0,0.0,False,,,,,,,,,,,,,,,,,,,,,,,,,,True,True,True,True
episode-5be1645a711387930720,UNDRR DesInventar Nepal,2008,7,27,Central Region,Dhanusa,Singyahi Madan,HEAVY RAINS,0,0,0,0,0,0,0,0.0,False,,,,,,,,,,,,,,,,,,,,,,,,,,True,True,True,True
episode-60c2787effde40e07e02,UNDRR DesInventar Nepal,2008,7,27,Far Western Region,Kailali,PAWERA,HEAVY RAINS,1,0,0,0,0,0,0,0.0,False,,,,,,,,,,,,,,,,,,,,,,,,,,True,True,True,True
episode-347fafaf17e34fbbd561,UNDRR DesInventar Nepal,2008,7,27,Far Western Region,Kailali,PHULWARI,HEAVY RAINS,4,6,0,0,0,0,0,0.0,False,,,,,,,,,,,,,,,,,,,,,,,,,,True,True,True,True
episode-eb98250dde12b9d6f4d4,UNDRR DesInventar Nepal,2008,7,27,Far Western Region,Kanchanpur,DEKHATBHULI,HEAVY RAINS,2,0,0,132,0,19,0,0.0,False,,,,,,,,,,,,,,,,,,,,,,,,,,True,True,True,True
episode-1235f848c8646b1e1aa5,UNDRR DesInventar Nepal,2008,7,27,Far Western Region,Kanchanpur,TRIBHUWANBAST,HEAVY RAINS,0,0,0,1620,0,0,0,0.0,False,,,,,,,,,,,,,,,,,,,,,,,,,,True,True,True,True
episode-fe7e26de1ba7da01f3cb,UNDRR DesInventar Nepal,2008,7,27,Eastern Region,Saptari,BELAHI CHAPENA,HEAVY RAINS,0,0,0,2160,0,0,0,0.0,False,,,,,,,,,,,,,,,,,,,,,,,,,,True,True,True,True
episode-9f1c11d6b45f681b7b80,UNDRR DesInventar Nepal,2008,7,27,Eastern Region,Saptari,BHARDAHA,HEAVY RAINS,0,0,0,2160,0,0,0,0.0,False,,,,,,,,,,,,,,,,,,,,,,,,,,True,True,True,True
episode-bd3208a0fe38cdd5b919,UNDRR DesInventar Nepal,2008,7,27,Eastern Region,Saptari,DEURI VARUWA,HEAVY RAINS,0,0,0,2160,0,0,0,0.0,False,,,,,,,,,,,,,,,,,,,,,,,,,,True,True,True,True
episode-4dfccb2d4ee67a6bbaa1,UNDRR DesInventar Nepal,2008,7,27,Eastern Region,Saptari,GOBARGADHA,HEAVY RAINS,0,0,0,2160,0,0,0,0.0,False,,,,,,,,,,,,,,,,,,,,,,,,,,True,True,True,True
episode-35e24613b6c45107c9ed,UNDRR DesInventar Nepal,2008,7,27,Eastern Region,Saptari,HANUMAN NAGAR,HEAVY RAINS,0,0,0,2160,0,0,0,0.0,False,,,,,,,,,,,,,,,,,,,,,,,,,,True,True,True,True
episode-7a1fb74d0a2ebe599f10,UNDRR DesInventar Nepal,2008,7,27,Eastern Region,Saptari,INARWA,HEAVY RAINS,0,0,0,2160,0,0,0,0.0,False,,,,,,,,,,,,,,,,,,,,,,,,,,True,True,True,True
episode-c1f4f097c02e57a481de,UNDRR DesInventar Nepal,2008,7,27,Eastern Region,Saptari,JOGINIYA,HEAVY RAINS,0,0,0,2160,0,0,0,0.0,False,,,,,,,,,,,,,,,,,,,,,,,,,,True,True,True,True
episode-4ec3197e6a960ab27b6b,UNDRR DesInventar Nepal,2008,7,27,Eastern Region,Saptari,KOILADI,HEAVY RAINS,0,0,0,2160,0,0,0,0.0,False,,,,,,,,,,,,,,,,,,,,,,,,,,True,True,True,True
episode-a93cf51843d9ea027cc1,UNDRR DesInventar Nepal,2008,7,27,Eastern Region,Saptari,MAUWAHA,HEAVY RAINS,0,0,0,2160,0,0,0,0.0,False,,,,,,,,,,,,,,,,,,,,,,,,,,True,True,True,True
episode-8df09ec527672569dd5a,UNDRR DesInventar Nepal,2008,7,27,Eastern Region,Saptari,PORTAHA,HEAVY RAINS,0,0,0,2160,0,0,0,0.0,False,,,,,,,,,,,,,,,,,,,,,,,,,,True,True,True,True
episode-de77779bfa1502bcbdb1,UNDRR DesInventar Nepal,2008,7,27,Eastern Region,Saptari,RAJBIRAJ MUNICIPALITY,HEAVY RAINS,0,0,0,500,0,0,0,0.0,False,,,,,,,,,,,,,,,,,,,,,,,,,,True,True,True,True
episode-586300db020b5c152afb,UNDRR DesInventar Nepal,2008,7,27,Eastern Region,Saptari,RAMPURA MALAHANIYA,HEAVY RAINS,0,0,0,2160,0,0,0,0.0,False,,,,,,,,,,,,,,,,,,,,,,,,,,True,True,True,True
episode-3bb8e9b9712107da94a4,UNDRR DesInventar Nepal,2008,7,27,Eastern Region,Saptari,TILATHI,HEAVY RAINS,0,0,0,2160,0,0,0,0.0,False,,,,,,,,,,,,,,,,,,,,,,,,,,True,True,True,True
episode-5221c7c787a2a2b5352f,UNDRR DesInventar Nepal,2008,7,27,Central Region,Sarlahi,BELHI,HEAVY RAINS,0,0,0,0,0,0,0,0.0,False,,,,,,,,,,,,,,,,,,,,,,,,,,True,True,True,True
episode-ebf4ae7a3d124dbd29fc,UNDRR DesInventar Nepal,2008,7,27,Central Region,Sarlahi,LAKSMIPUR (KO),HEAVY RAINS,0,0,0,0,0,0,0,0.0,False,,,,,,,,,,,,,,,,,,,,,,,,,,True,True,True,True
episode-96ddebfa5de6578ec382,UNDRR DesInventar Nepal,2008,7,27,Central Region,Sarlahi,PHULPARASI,HEAVY RAINS,0,0,0,0,0,0,0,0.0,False,,,,,,,,,,,,,,,,,,,,,,,,,,True,True,True,True
episode-e7c18d260280ad0b96ac,UNDRR DesInventar Nepal,2008,7,27,Central Region,Sarlahi,SAKRAUL,HEAVY RAINS,0,0,0,0,0,0,0,0.0,False,,,,,,,,,,,,,,,,,,,,,,,,,,True,True,True,True
episode-278aadd7ab8e31144177,UNDRR DesInventar Nepal,2008,7,27,Central Region,Sarlahi,SUNDARPUR,HEAVY RAINS,0,0,0,0,0,0,0,0.0,False,,,,,,,,,,,,,,,,,,,,,,,,,,True,True,True,True
episode-beb4282b35bca3972b01,UNDRR DesInventar Nepal,2008,7,27,Central Region,Sindhuli,Kamalamai Municipality,HEAVY RAINS,1,0,0,0,0,0,0,0.0,False,,,,,,,,,,,,,,,,,,,,,,,,,,True,True,True,True
episode-fb0c3d0dc9b90f44384f,UNDRR DesInventar Nepal,2008,7,27,Eastern Region,Sunsari,Babiya,HEAVY RAINS,0,0,0,273,0,0,0,0.0,False,,,,,,,,,,,,,,,,,,,,,,,,,,True,True,True,True
episode-92f0424e41eb00033576,UNDRR DesInventar Nepal,2008,7,27,Eastern Region,Sunsari,Basantapur,HEAVY RAINS,0,0,0,2160,0,0,0,0.0,False,,,,,,,,,,,,,,,,,,,,,,,,,,True,True,True,True
episode-d8571a32cbea4892e904,UNDRR DesInventar Nepal,2008,7,27,Eastern Region,Sunsari,Bhokraha,HEAVY RAINS,0,0,0,540,0,0,0,0.0,False,,,,,,,,,,,,,,,,,,,,,,,,,,True,True,True,True
episode-5e684e53c247d5533415,UNDRR DesInventar Nepal,2008,7,27,Eastern Region,Sunsari,Dewanganj,HEAVY RAINS,2,0,0,0,0,0,0,0.0,False,,,,,,,,,,,,,,,,,,,,,,,,,,True,True,True,True
episode-254ddeeb7912277b9ffc,UNDRR DesInventar Nepal,2008,7,27,Eastern Region,Sunsari,Dharan Municiplality,HEAVY RAINS,0,0,0,0,0,0,0,0.0,False,,,,,,,,,,,,,,,,,,,,,,,,,,True,True,True,True
episode-1c9db9b407cf06efe41b,UNDRR DesInventar Nepal,2008,7,27,Eastern Region,Sunsari,Dumaraha,HEAVY RAINS,0,0,0,273,0,0,0,0.0,False,,,,,,,,,,,,,,,,,,,,,,,,,,True,True,True,True
episode-7ea96b567148ef9ff484,UNDRR DesInventar Nepal,2008,7,27,Eastern Region,Sunsari,Ghuski',HEAVY RAINS,0,0,0,540,0,0,0,0.0,False,,,,,,,,,,,,,,,,,,,,,,,,,,True,True,True,True
episode-155cf8a9f5cbaf08380e,UNDRR DesInventar Nepal,2008,7,27,Eastern Region,Sunsari,Inaruwa Municipality,HEAVY RAINS,0,0,0,38,0,0,0,0.0,False,,,,,,,,,,,,,,,,,,,,,,,,,,True,True,True,True
episode-2bee7871abc300d2db57,UNDRR DesInventar Nepal,2008,7,27,Eastern Region,Sunsari,Jalpapur,HEAVY RAINS,0,0,0,540,0,0,0,0.0,False,,,,,,,,,,,,,,,,,,,,,,,,,,True,True,True,True
episode-8f2eab906acec7a5bca4,UNDRR DesInventar Nepal,2008,7,27,Eastern Region,Sunsari,Narshinhatappu,HEAVY RAINS,0,0,0,2160,0,0,0,0.0,False,,,,,,,,,,,,,,,,,,,,,,,,,,True,True,True,True
episode-24678c1497f909a5149e,UNDRR DesInventar Nepal,2008,7,28,Mid-Western Region,Dailekh,BANSI,HEAVY RAINS,0,0,0,15,1,1,0,0.0,False,,,,,,,,,,,,,,,,,,,,,,,,,,True,True,True,True
episode-782ace78070c6b5a3feb,UNDRR DesInventar Nepal,2008,7,28,Far Western Region,Darchula,Tapowan,UNKNOWN,1,0,0,0,0,0,0,0.0,False,,,,,,,,,,,,,,,,,,,,,,,,,,True,True,True,True
episode-10352e247b1fdb62ae96,UNDRR DesInventar Nepal,2008,7,28,Far Western Region,Darchula,UNKNOWN,HEAVY RAINS,1,0,0,0,0,0,0,0.0,False,,,,,,,,,,,,,,,,,,,,,,,,,,True,True,True,True
episode-96a0776de16fd259bcd6,UNDRR DesInventar Nepal,2008,7,28,Mid-Western Region,Salyan,UNKNOWN,UNKNOWN,2,0,0,0,0,0,0,0.0,False,,,,,,,,,,,,,,,,,,,,,,,,,,True,True,True,True
episode-7010d2973b9f8c15c0b2,UNDRR DesInventar Nepal,2008,7,28,Eastern Region,Saptari,SAKARTPUR,HEAVY RAINS,0,0,0,2160,0,0,0,0.0,False,,,,,,,,,,,,,,,,,,,,,,,,,,True,True,True,True
episode-d74de57fe08bcfba5454,UNDRR DesInventar Nepal,2008,7,30,Mid-Western Region,Dailekh,BINDHYBASINI,HEAVY RAINS,0,0,0,65,2,1,0,0.0,False,,,,,,,,,,,,,,,,,,,,,,,,,,True,True,True,True
episode-cf982dbd9489017d014d,UNDRR DesInventar Nepal,2008,7,30,Mid-Western Region,Surkhet,KUNATHARI,HEAVY RAINS,0,0,0,0,0,0,0,0.0,False,,,,,,,,,,,,,,,,,,,,,,,,,,True,True,True,True
episode-c55ea7cbb8bd125f9924,UNDRR DesInventar Nepal,2008,8,1,Mid-Western Region,Banke,NAUBASTA,RAIN,1,0,0,0,0,0,0,0.0,False,,,,,,,,,,,,,,,,,,,,,,,,,,True,True,True,True
episode-9548e425a5996af70539,UNDRR DesInventar Nepal,2008,8,1,Far Western Region,Darchula,Gokuleswar,RAIN,0,0,0,0,0,0,0,0.0,True,,,,,,,,,,,,,,,,,,,,,,,,,,True,True,True,True
episode-2f61399f4d276cfcdfce,UNDRR DesInventar Nepal,2008,8,2,Far Western Region,Doti,DIPAYAL SILGADHI,RAIN,1,0,0,0,0,0,0,0.0,False,,,,,,,,,,,,,,,,,,,,,,,,,,True,True,True,True
episode-63c5bcf15ebd831b55ea,UNDRR DesInventar Nepal,2008,8,4,Central Region,Bara,BARIYARPUR,HEAVY RAINS,0,0,0,7,1,0,0,0.0,False,,,,,,,,,,,,,,,,,,,,,,,,,,True,True,True,True
episode-3a27865b3872d1cc3c3d,UNDRR DesInventar Nepal,2008,8,4,Central Region,Bara,KALAIYA MUNICIPALITY,HEAVY RAINS,0,0,0,21,0,1,0,0.0,False,,,,,,,,,,,,,,,,,,,,,,,,,,True,True,True,True
episode-dc5c48f3fdf7ea8fc8fd,UNDRR DesInventar Nepal,2008,8,4,Central Region,Parsa,Alau,RAIN,0,0,0,5,0,0,0,0.0,False,,,,,,,,,,,,,,,,,,,,,,,,,,True,True,True,True
episode-09072f4e863c2a92c228,UNDRR DesInventar Nepal,2008,8,4,Central Region,Parsa,Amarpatti,RAIN,1,0,0,1188,0,0,0,0.0,False,,,,,,,,,,,,,,,,,,,,,,,,,,True,True,True,True
episode-cca2e5b0893ca468a76e,UNDRR DesInventar Nepal,2008,8,4,Central Region,Parsa,Bahuarwabhata,RAIN,0,0,0,469,0,0,0,0.0,False,,,,,,,,,,,,,,,,,,,,,,,,,,True,True,True,True
episode-efac3d86690e236ec419,UNDRR DesInventar Nepal,2008,8,4,Central Region,Parsa,Bashantapur,RAIN,0,0,0,38,0,0,0,0.0,False,,,,,,,,,,,,,,,,,,,,,,,,,,True,True,True,True
episode-2cfda3d4046bcbd4af65,UNDRR DesInventar Nepal,2008,8,4,Central Region,Parsa,Bhediyari,RAIN,0,0,0,164,0,0,0,0.0,False,,,,,,,,,,,,,,,,,,,,,,,,,,True,True,True,True
episode-29d099eac0bf15fa2bc8,UNDRR DesInventar Nepal,2008,8,4,Central Region,Parsa,Bhiswa,RAIN,0,0,0,447,0,0,0,0.0,False,,,,,,,,,,,,,,,,,,,,,,,,,,True,True,True,True
episode-d6294e1a16cbcd1efea3,UNDRR DesInventar Nepal,2008,8,4,Central Region,Parsa,Bindabasini,RAIN,0,0,0,44,0,0,0,0.0,False,,,,,,,,,,,,,,,,,,,,,,,,,,True,True,True,True
episode-75037619051539379324,UNDRR DesInventar Nepal,2008,8,4,Central Region,Parsa,Deurbana,RAIN,0,0,0,98,0,0,0,0.0,False,,,,,,,,,,,,,,,,,,,,,,,,,,True,True,True,True
episode-3da0d09706fa70d695d2,UNDRR DesInventar Nepal,2008,8,4,Central Region,Parsa,Dhobini,RAIN,0,0,0,210,0,0,0,0.0,False,,,,,,,,,,,,,,,,,,,,,,,,,,True,True,True,True
episode-971b3a89f3ea6d7925ab,UNDRR DesInventar Nepal,2008,8,4,Central Region,Parsa,Ghore,RAIN,0,0,0,65,0,0,0,0.0,False,,,,,,,,,,,,,,,,,,,,,,,,,,True,True,True,True
episode-ce5011336ca51a40cc49,UNDRR DesInventar Nepal,2008,8,4,Central Region,Parsa,Hariharpur,RAIN,0,0,0,44,0,0,0,0.0,False,,,,,,,,,,,,,,,,,,,,,,,,,,True,True,True,True
episode-eda1b5227fafa10c6695,UNDRR DesInventar Nepal,2008,8,4,Central Region,Parsa,Hariharpurbirta,RAIN,0,0,0,196,0,0,0,0.0,False,,,,,,,,,,,,,,,,,,,,,,,,,,True,True,True,True
episode-248922fa15365902daea,UNDRR DesInventar Nepal,2008,8,4,Central Region,Parsa,Jayamangalapur,RAIN,0,0,0,408,0,0,0,0.0,False,,,,,,,,,,,,,,,,,,,,,,,,,,True,True,True,True
episode-c2b3d0322bcb682a5eda,UNDRR DesInventar Nepal,2008,8,4,Central Region,Parsa,Jhauwaguthi,RAIN,0,0,0,142,0,0,0,0.0,False,,,,,,,,,,,,,,,,,,,,,,,,,,True,True,True,True
episode-f523042f4e00aa53490f,UNDRR DesInventar Nepal,2008,8,4,Central Region,Parsa,Laharthakari,RAIN,0,0,0,752,0,0,0,0.0,False,,,,,,,,,,,,,,,,,,,,,,,,,,True,True,True,True
episode-09333b26e0624b29e03d,UNDRR DesInventar Nepal,2008,8,4,Central Region,Parsa,Langadi,RAIN,0,0,0,251,0,0,0,0.0,False,,,,,,,,,,,,,,,,,,,,,,,,,,True,True,True,True
episode-42e16b60b0af77fe1e31,UNDRR DesInventar Nepal,2008,8,4,Central Region,Parsa,Mirjapur,RAIN,0,0,0,659,0,0,0,0.0,False,,,,,,,,,,,,,,,,,,,,,,,,,,True,True,True,True
episode-f895a7aaa42579bd2b15,UNDRR DesInventar Nepal,2008,8,4,Central Region,Parsa,Mudali,RAIN,0,0,0,278,0,0,0,0.0,False,,,,,,,,,,,,,,,,,,,,,,,,,,True,True,True,True
episode-6c2b653d44df8baf13e7,UNDRR DesInventar Nepal,2008,8,4,Central Region,Parsa,Pakahamainapur,RAIN,0,0,0,305,0,0,0,0.0,False,,,,,,,,,,,,,,,,,,,,,,,,,,True,True,True,True
episode-fccac1dc7177936e5a4b,UNDRR DesInventar Nepal,2008,8,4,Central Region,Parsa,Pokhariya,RAIN,0,0,0,0,0,0,0,0.0,False,,,,,,,,,,,,,,,,,,,,,,,,,,True,True,True,True
episode-511d18651b7bd70a21db,UNDRR DesInventar Nepal,2008,8,4,Central Region,Parsa,Ram Nagari,RAIN,0,0,0,371,0,0,0,0.0,False,,,,,,,,,,,,,,,,,,,,,,,,,,True,True,True,True
episode-f6b68e36b62c36e83dab,UNDRR DesInventar Nepal,2008,8,4,Central Region,Parsa,Sabaithawa,RAIN,0,0,0,300,0,0,0,0.0,False,,,,,,,,,,,,,,,,,,,,,,,,,,True,True,True,True
episode-e760269b0d5e1ed86d3e,UNDRR DesInventar Nepal,2008,8,6,Far Western Region,Bajhang,Bhatekhola,RAIN,1,0,0,0,0,0,0,0.0,False,,,,,,,,,,,,,,,,,,,,,,,,,,True,True,True,True
episode-685cc1d4a419bf7c5295,UNDRR DesInventar Nepal,2008,8,6,Central Region,Bara,BARAINIYA,RAIN,0,0,0,159,7,12,0,0.0,False,,,,,,,,,,,,,,,,,,,,,,,,,,True,True,True,True
episode-bdc8a6857de3bc052647,UNDRR DesInventar Nepal,2008,8,7,Far Western Region,Bajura,Bramhatola,RAIN,9,0,0,65,0,12,0,0.0,False,,,,,,,,,,,,,,,,,,,,,,,,,,True,True,True,True
episode-be331f336fe46049c3ee,UNDRR DesInventar Nepal,2008,8,7,Mid-Western Region,Salyan,DAMACHAUR,RAIN,0,0,0,63,0,0,0,0.0,False,,,,,,,,,,,,,,,,,,,,,,,,,,True,True,True,True
episode-11d889b0d1457987dad9,UNDRR DesInventar Nepal,2008,8,8,Mid-Western Region,Banke,NEPALGANJ N.P.,RAIN,0,0,0,121,0,23,0,0.0,False,,,,,,,,,,,,,,,,,,,,,,,,,,True,True,True,True
episode-38a9a6d4e9ca49ef6299,UNDRR DesInventar Nepal,2008,8,8,Mid-Western Region,Banke,SONPUR,RAIN,0,0,0,358,0,68,0,0.0,False,,,,,,,,,,,,,,,,,,,,,,,,,,True,True,True,True
episode-9b9bab7d041982dcfa3c,UNDRR DesInventar Nepal,2008,8,8,Mid-Western Region,Dailekh,BWANI,RAIN,0,0,0,75,1,1,0,0.0,False,,,,,,,,,,,,,,,,,,,,,,,,,,True,True,True,True
episode-fc8e52e050010007465f,UNDRR DesInventar Nepal,2008,8,8,Mid-Western Region,Dailekh,CHAURATHA,RAIN,0,0,0,28,1,1,0,0.0,False,,,,,,,,,,,,,,,,,,,,,,,,,,True,True,True,True
episode-dfc37aeedb6ecde0c63f,UNDRR DesInventar Nepal,2008,8,9,Mid-Western Region,Dailekh,RAWAL KOT,RAIN,1,0,0,12,0,0,0,0.0,False,,,,,,,,,,,,,,,,,,,,,,,,,,True,True,True,True
episode-718587dcf295978348cf,UNDRR DesInventar Nepal,2008,8,10,Far Western Region,Baitadi,THALAKADA,OTHER,0,1,0,0,0,0,0,0.0,False,,,,,,,,,,,,,,,,,,,,,,,,,,True,True,True,True
episode-9999eca39866fd565ed2,UNDRR DesInventar Nepal,2008,8,10,Mid-Western Region,Dailekh,PADUKASTHAN,RAIN,0,0,0,24,2,1,0,0.0,False,,,,,,,,,,,,,,,,,,,,,,,,,,True,True,True,True
episode-ce23d9370d8a448db3ae,UNDRR DesInventar Nepal,2008,8,10,Mid-Western Region,Dailekh,RAKAM KARNALI,RAIN,0,0,0,122,1,1,0,0.0,False,,,,,,,,,,,,,,,,,,,,,,,,,,True,True,True,True
episode-dd0433b6112636ed2578,UNDRR DesInventar Nepal,2008,8,10,Mid-Western Region,Rukum,KHARA,RAIN,1,1,0,0,0,0,0,0.0,False,,,,,,,,,,,,,,,,,,,,,,,,,,True,True,True,True
episode-30bdf59cd2a7b09bf3f9,UNDRR DesInventar Nepal,2008,8,11,Mid-Western Region,Dailekh,MAIRI KALIKATHUM,RAIN,1,0,0,18,0,0,0,0.0,False,,,,,,,,,,,,,,,,,,,,,,,,,,True,True,True,True
episode-ba4212083101d72810db,UNDRR DesInventar Nepal,2008,8,14,Mid-Western Region,Rukum,RUNGHA,UNKNOWN,1,0,0,0,0,0,0,0.0,False,,,,,,,,,,,,,,,,,,,,,,,,,,True,True,True,True
episode-a4a381ae2c7bb46a56cc,UNDRR DesInventar Nepal,2008,8,16,Mid-Western Region,Kalikot,BADALKOT,RAIN,1,0,0,47,0,0,0,0.0,True,,,,,,,,,,,,,,,,,,,,,,,,,,True,True,True,True
episode-dd9f4515e5a7de783e20,UNDRR DesInventar Nepal,2008,8,17,Eastern Region,Jhapa,MAHABHARA,RAIN,0,0,0,0,0,0,0,0.0,False,,,,,,,,,,,,,,,,,,,,,,,,,,True,True,True,True
episode-a2aa7cf8df59521390a4,UNDRR DesInventar Nepal,2008,8,17,Mid-Western Region,Kalikot,ODANKU,RAIN,1,0,0,0,0,0,0,0.0,False,,,,,,,,,,,,,,,,,,,,,,,,,,True,True,True,True
episode-4458f3e956c8e8db6d62,UNDRR DesInventar Nepal,2008,8,17,Western Region,Rupandehi,BUTAWAL_NP,RAIN,0,2,0,1052,12,0,0,0.0,False,,,,,,,,,,,,,,,,,,,,,,,,,,True,True,True,True
episode-0b95f9d6146149f2cc73,UNDRR DesInventar Nepal,2008,8,18,Mid-Western Region,Dailekh,SIGAUDI,RAIN,0,0,0,81,0,15,0,0.0,False,,,,,,,,,,,,,,,,,,,,,,,,,,True,True,True,True
episode-a8ccef8e18b792bbfc3e,UNDRR DesInventar Nepal,2008,8,18,Eastern Region,Ilam,ILAM NP,RAIN,0,0,0,0,1,0,0,0.0,False,,,,,,,,,,,,,,,,,,,,,,,,,,True,True,True,True
episode-447046350e4c8cd4dbd3,UNDRR DesInventar Nepal,2008,8,18,Eastern Region,Sunsari,Basantapur,HEAVY RAINS,0,0,0,4500,526,0,0,0.0,True,,,,,,,,,,,,,,,,,,,,,,,,,,True,True,True,True
episode-ac6733e28f4b43baebf3,UNDRR DesInventar Nepal,2008,8,18,Eastern Region,Sunsari,Ghuski',HEAVY RAINS,0,0,0,0,526,0,0,0.0,False,,,,,,,,,,,,,,,,,,,,,,,,,,True,True,True,True
episode-5e15ada3db387e72c44e,UNDRR DesInventar Nepal,2008,8,18,Eastern Region,Sunsari,Haripur,HEAVY RAINS,0,0,0,8238,1469,0,0,0.0,False,,,,,,,,,,,,,,,,,,,,,,,,,,True,True,True,True
episode-3a8f6666f1992c525911,UNDRR DesInventar Nepal,2008,8,18,Eastern Region,Sunsari,Laukahi,HEAVY RAINS,0,0,0,2770,775,0,0,0.0,True,,,,,,,,,,,,,,,,,,,,,,,,,,True,True,True,True
episode-6d80a5d5d84130fe0f35,UNDRR DesInventar Nepal,2008,8,18,Eastern Region,Sunsari,Madhuwan,HEAVY RAINS,0,0,0,0,526,0,0,0.0,True,,,,,,,,,,,,,,,,,,,,,,,,,,True,True,True,True
episode-502428eaa1f2f4222f70,UNDRR DesInventar Nepal,2008,8,18,Eastern Region,Sunsari,Narshinhatappu,HEAVY RAINS,0,0,0,0,526,0,0,0.0,False,,,,,,,,,,,,,,,,,,,,,,,,,,True,True,True,True
episode-7330c9de4e574a3b3f83,UNDRR DesInventar Nepal,2008,8,18,Eastern Region,Sunsari,Paschim Kusaha,HEAVY RAINS,0,0,0,5974,1589,0,0,0.0,False,,,,,,,,,,,,,,,,,,,,,,,,,,True,True,True,True
episode-4e69a056f105a6e58eef,UNDRR DesInventar Nepal,2008,8,18,Eastern Region,Sunsari,Sripurjabdi,HEAVY RAINS,0,0,0,15527,1954,0,0,0.0,True,,,,,,,,,,,,,,,,,,,,,,,,,,True,True,True,True
episode-eaa95c5b3b54876d80f0,UNDRR DesInventar Nepal,2008,8,18,Eastern Region,Sunsari,UNKNOWN,RAIN,0,0,0,0,0,0,0,0.0,False,,,,,,,,,,,,,,,,,,,,,,,,,,True,True,True,True
episode-55f68b20712441ca939e,UNDRR DesInventar Nepal,2008,8,19,Mid-Western Region,Bardiya,KHAIRI CHANDANPUR,RAIN,0,0,0,545,0,0,0,0.0,False,,,,,,,,,,,,,,,,,,,,,,,,,,True,True,True,True
episode-f5577163ff6ed04e72a0,UNDRR DesInventar Nepal,2008,8,19,Mid-Western Region,Bardiya,RAJAPUR,RAIN,0,0,0,72,0,12,0,0.0,False,,,,,,,,,,,,,,,,,,,,,,,,,,True,True,True,True
episode-af09e33e6b3532390b5b,UNDRR DesInventar Nepal,2008,8,19,Western Region,Nawalparasi,UNKNOWN,HEAVY RAINS,0,0,0,1578,0,0,0,0.0,False,,,,,,,,,,,,,,,,,,,,,,,,,,True,True,True,True
episode-fd5b5e7866d6916f2db8,UNDRR DesInventar Nepal,2008,8,19,Mid-Western Region,Rukum,KOTJAHARI,RAIN,0,0,0,0,0,0,0,0.0,False,,,,,,,,,,,,,,,,,,,,,,,,,,True,True,True,True
episode-aa05824c72de320ed628,UNDRR DesInventar Nepal,2008,8,19,Western Region,Rupandehi,BUTAWAL_NP,RAIN,0,2,0,0,0,48,0,0.0,False,,,,,,,,,,,,,,,,,,,,,,,,,,True,True,True,True
episode-c872036a2587437286fa,UNDRR DesInventar Nepal,2008,8,19,Western Region,Rupandehi,UNKNOWN,UNKNOWN,0,2,0,502,20,73,0,0.0,False,,,,,,,,,,,,,,,,,,,,,,,,,,True,True,True,True
episode-72f4495f54527181aa10,UNDRR DesInventar Nepal,2008,8,20,Far Western Region,Kailali,KHAILAD,RAIN,0,1,0,0,0,0,0,0.0,False,,,,,,,,,,,,,,,,,,,,,,,,,,True,True,True,True
episode-6258c8e4a39ad86d23af,UNDRR DesInventar Nepal,2008,8,20,Eastern Region,Sunsari,Paschim Kusaha,RAIN,2,0,0,0,0,0,0,0.0,False,,,,,,,,,,,,,,,,,,,,,,,,,,True,True,True,True
episode-50095354ccf731e1b560,UNDRR DesInventar Nepal,2008,8,21,Far Western Region,Kanchanpur,BELDANDI,RAIN,0,0,0,0,0,0,0,0.0,False,,,,,,,,,,,,,,,,,,,,,,,,,,True,True,True,True
episode-57c3f7ff667e2731be64,UNDRR DesInventar Nepal,2008,8,22,Far Western Region,Dadeldhura,JOGBUDA,RAIN,0,0,0,216,0,0,0,0.0,False,,,,,,,,,,,,,,,,,,,,,,,,,,True,True,True,True
episode-37e03f8f488880402fa0,UNDRR DesInventar Nepal,2008,8,24,Mid-Western Region,Bardiya,MANAU,RAIN,0,0,0,63,12,0,0,0.0,False,,,,,,,,,,,,,,,,,,,,,,,,,,True,True,True,True
episode-f2f39610ef8f8194c2a4,UNDRR DesInventar Nepal,2008,8,24,Far Western Region,Kailali,THAPAPUR,RAIN,0,0,0,568,0,12,0,0.0,False,,,,,,,,,,,,,,,,,,,,,,,,,,True,True,True,True
episode-accd83b5d5f7ad8eda46,UNDRR DesInventar Nepal,2008,8,24,Far Western Region,Kanchanpur,PARASAN,RAIN,0,0,0,0,0,0,0,0.0,False,,,,,,,,,,,,,,,,,,,,,,,,,,True,True,True,True
episode-74ce330aecbf1c813668,UNDRR DesInventar Nepal,2008,8,24,Mid-Western Region,Rukum,RUNGHA,RAIN,4,0,0,2,0,1,0,0.0,False,,,,,,,,,,,,,,,,,,,,,,,,,,True,True,True,True
episode-a773a01857137dd740e5,UNDRR DesInventar Nepal,2008,8,27,Far Western Region,Bajura,UNKNOWN,UNKNOWN,6,0,4,0,0,0,0,0.0,False,,,,,,,,,,,,,,,,,,,,,,,,,,True,True,True,True
episode-c1357ade2059fa79670e,UNDRR DesInventar Nepal,2008,8,27,Eastern Region,Jhapa,UNKNOWN,UNKNOWN,0,0,0,124,10,13,0,0.0,False,,,,,,,,,,,,,,,,,,,,,,,,,,True,True,True,True
episode-e9c6715af0eff0c0360c,UNDRR DesInventar Nepal,2008,8,27,Eastern Region,Morang,Madhumalla,RAIN,0,0,0,0,0,0,0,0.0,False,,,,,,,,,,,,,,,,,,,,,,,,,,True,True,True,True
episode-bebde31d4b62c71c05ca,UNDRR DesInventar Nepal,2008,8,27,Mid-Western Region,Salyan,PHALAWANG,RAIN,1,0,0,0,0,0,0,0.0,False,,,,,,,,,,,,,,,,,,,,,,,,,,True,True,True,True
episode-87006abc9466bbd03be1,UNDRR DesInventar Nepal,2008,8,27,Mid-Western Region,Salyan,UNKNOWN,UNKNOWN,1,0,0,0,0,0,0,0.0,False,,,,,,,,,,,,,,,,,,,,,,,,,,True,True,True,True
episode-7558b69808e49a224c1b,UNDRR DesInventar Nepal,2008,8,30,Western Region,Tanahu,RAIPUR,HEAVY RAINS,1,2,0,0,0,0,0,0.0,False,,,,,,,,,,,,,,,,,,,,,,,,,,True,True,True,True
episode-cfaa2536759cfa22ff8c,UNDRR DesInventar Nepal,2008,9,3,Eastern Region,Ilam,MAHAMAI,HEAVY RAINS,0,0,0,0,0,0,0,0.0,False,,,,,,,,,,,,,,,,,,,,,,,,,,True,True,True,True
episode-233b7e2597ae59bbc19e,UNDRR DesInventar Nepal,2008,9,5,Far Western Region,Kanchanpur,UNKNOWN,HEAVY RAINS,0,0,0,0,5,0,0,0.0,False,,,,,,,,,,,,,,,,,,,,,,,,,,True,True,True,True
episode-654f93591e38cf2162bc,UNDRR DesInventar Nepal,2008,9,11,Eastern Region,Jhapa,MAHABHARA,HEAVY RAINS,0,0,0,0,0,0,0,0.0,False,,,,,,,,,,,,,,,,,,,,,,,,,,True,True,True,True
episode-c4003d7f0e1f19aacdce,UNDRR DesInventar Nepal,2008,9,15,Eastern Region,Sunsari,Bharaul,RAIN,0,0,0,88,0,17,0,0.0,False,,,,,,,,,,,,,,,,,,,,,,,,,,True,True,True,True
episode-25da8809635d3e1912f1,UNDRR DesInventar Nepal,2008,9,17,Central Region,Rasuwa,UNKNOWN,UNKNOWN,1,0,0,0,1,1,0,0.0,False,,,,,,,,,,,,,,,,,,,,,,,,,,True,True,True,True
episode-0aa6ea509613dd59414d,UNDRR DesInventar Nepal,2008,9,19,Far Western Region,Baitadi,SIDDHESWOR,HEAVY RAINS,0,0,0,5,1,0,0,0.0,False,,,,,,,,,,,,,,,,,,,,,,,,,,True,True,True,True
episode-dc347debf046b31c6f1a,UNDRR DesInventar Nepal,2008,9,19,Mid-Western Region,Bardiya,UNKNOWN,HEAVY RAINS,0,0,0,12663,225,885,0,0.0,True,,,,,,,,,,,,,,,,,,,,,,,,,,True,True,True,True
episode-f12e5e03bfcb68cd96db,UNDRR DesInventar Nepal,2008,9,19,Far Western Region,Kanchanpur,UNKNOWN,UNKNOWN,16,0,0,26487,500,0,0,0.0,False,,,,,,,,,,,,,,,,,,,,,,,,,,True,True,True,True
episode-407cb6f2911cbc851b46,UNDRR DesInventar Nepal,2008,9,20,Far Western Region,Bajhang,Kailash,HEAVY RAINS,0,0,0,37,7,0,0,0.0,False,,,,,,,,,,,,,,,,,,,,,,,,,,True,True,True,True
episode-0f42eaa64deebd61b791,UNDRR DesInventar Nepal,2008,9,20,Far Western Region,Bajhang,Kotbhairab,HEAVY RAINS,0,0,0,11,2,0,0,0.0,False,,,,,,,,,,,,,,,,,,,,,,,,,,True,True,True,True
episode-337d0269a9c1dd2faca4,UNDRR DesInventar Nepal,2008,9,20,Far Western Region,Bajhang,Matela,HEAVY RAINS,0,0,0,11,2,0,0,0.0,False,,,,,,,,,,,,,,,,,,,,,,,,,,True,True,True,True
episode-37401a612e8744da30bd,UNDRR DesInventar Nepal,2008,9,20,Far Western Region,Bajhang,Patadewal,RAIN,0,0,0,6,2,0,0,0.0,False,,,,,,,,,,,,,,,,,,,,,,,,,,True,True,True,True
episode-98b71ee25e547401d58a,UNDRR DesInventar Nepal,2008,9,20,Far Western Region,Bajhang,Subeda,HEAVY RAINS,4,0,0,37,0,0,0,0.0,False,,,,,,,,,,,,,,,,,,,,,,,,,,True,True,True,True
episode-01709feb0ca0bac8c387,UNDRR DesInventar Nepal,2008,9,20,Central Region,Bara,UNKNOWN,OTHER,0,0,0,0,0,0,0,0.0,False,,,,,,,,,,,,,,,,,,,,,,,,,,True,True,True,True
episode-accdd8c45389d6fbc7aa,UNDRR DesInventar Nepal,2008,9,20,Western Region,Gulmi,GWADHI,HEAVY RAINS,0,0,0,210,4,0,0,0.0,False,,,,,,,,,,,,,,,,,,,,,,,,,,True,True,True,True
episode-731d0ca3b9c898eee197,UNDRR DesInventar Nepal,2008,9,20,Far Western Region,Kailali,BALIYA,HEAVY RAINS,1,0,0,1826,339,0,0,0.0,False,,,,,,,,,,,,,,,,,,,,,,,,,,True,True,True,True
episode-219c2af6d34ee70685bd,UNDRR DesInventar Nepal,2008,9,20,Far Western Region,Kailali,DANSINHAPUR,HEAVY RAINS,1,0,0,1826,339,0,0,0.0,False,,,,,,,,,,,,,,,,,,,,,,,,,,True,True,True,True
episode-f4b529193379cb9c0239,UNDRR DesInventar Nepal,2008,9,20,Far Western Region,Kailali,DHANGADHI MUNICIPALITY,HEAVY RAINS,1,0,0,1826,339,0,0,0.0,False,,,,,,,,,,,,,,,,,,,,,,,,,,True,True,True,True
episode-8631c2379673684576db,UNDRR DesInventar Nepal,2008,9,20,Far Western Region,Kailali,DODODHARA,HEAVY RAINS,7,0,0,1826,339,0,0,0.0,False,,,,,,,,,,,,,,,,,,,,,,,,,,True,True,True,True
episode-a08bdc4d47e683d9bb49,UNDRR DesInventar Nepal,2008,9,20,Far Western Region,Kailali,GETA,OTHER,1,0,0,1826,339,0,0,0.0,False,,,,,,,,,,,,,,,,,,,,,,,,,,True,True,True,True
episode-f6c31fec9735c68bd71d,UNDRR DesInventar Nepal,2008,9,20,Far Western Region,Kailali,LALBOJHI,HEAVY RAINS,2,0,0,1826,339,0,0,0.0,False,,,,,,,,,,,,,,,,,,,,,,,,,,True,True,True,True
episode-50aa753da80a066f4eb6,UNDRR DesInventar Nepal,2008,9,20,Far Western Region,Kailali,MASURIYA,HEAVY RAINS,1,0,0,1826,339,0,0,0.0,False,,,,,,,,,,,,,,,,,,,,,,,,,,True,True,True,True
episode-4e1aa8f9697c6d91f8e1,UNDRR DesInventar Nepal,2008,9,20,Far Western Region,Kailali,NIGALI,HEAVY RAINS,1,0,0,1826,339,0,0,0.0,False,,,,,,,,,,,,,,,,,,,,,,,,,,True,True,True,True
episode-c28862a942a6004fc2b2,UNDRR DesInventar Nepal,2008,9,20,Far Western Region,Kailali,PAHALMANPUR,HEAVY RAINS,3,0,0,1826,339,0,0,0.0,False,,,,,,,,,,,,,,,,,,,,,,,,,,True,True,True,True
episode-396bef6d7de5c17c6ed2,UNDRR DesInventar Nepal,2008,9,20,Far Western Region,Kailali,PATHARIYA,HEAVY RAINS,1,0,0,1826,339,0,0,0.0,False,,,,,,,,,,,,,,,,,,,,,,,,,,True,True,True,True
episode-872aeea3923a59d03ba3,UNDRR DesInventar Nepal,2008,9,20,Far Western Region,Kailali,RAMSIKHAR JHALA,HEAVY RAINS,2,9,0,1826,339,0,0,0.0,False,,,,,,,,,,,,,,,,,,,,,,,,,,True,True,True,True
episode-5753076e1b077e0d0999,UNDRR DesInventar Nepal,2008,9,20,Far Western Region,Kailali,SREEPUR,HEAVY RAINS,2,0,0,1826,339,0,0,0.0,False,,,,,,,,,,,,,,,,,,,,,,,,,,True,True,True,True
episode-20abd9a44cdd7edb6f4e,UNDRR DesInventar Nepal,2008,9,20,Far Western Region,Kanchanpur,PARASAN,HEAVY RAINS,1,0,0,0,0,0,0,0.0,False,,,,,,,,,,,,,,,,,,,,,,,,,,True,True,True,True
episode-ab4912a34d0eed1a9c80,UNDRR DesInventar Nepal,2008,9,20,Eastern Region,Sunsari,Parkashpur,HEAVY RAINS,0,0,0,26,5,0,0,0.0,False,,,,,,,,,,,,,,,,,,,,,,,,,,True,True,True,True
episode-bca3ace93027c1ed85cc,UNDRR DesInventar Nepal,2008,9,21,Far Western Region,Dadeldhura,JOGBUDA,HEAVY RAINS,3,0,0,734,6,0,0,0.0,True,,,,,,,,,,,,,,,,,,,,,,,,,,True,True,True,True
episode-86b7ca236084e27690d6,UNDRR DesInventar Nepal,2008,9,22,Mid-Western Region,Salyan,UNKNOWN,UNKNOWN,1,0,0,0,0,0,0,0.0,False,,,,,,,,,,,,,,,,,,,,,,,,,,True,True,True,True
episode-683df01242c6d729b64f,UNDRR DesInventar Nepal,2008,9,24,Far Western Region,Bajura,UNKNOWN,UNKNOWN,1,0,0,0,0,0,0,0.0,False,,,,,,,,,,,,,,,,,,,,,,,,,,True,True,True,True
episode-c3f9f9e8f1c1d169f3bf,UNDRR DesInventar Nepal,2008,9,25,Far Western Region,Kanchanpur,BELDANDI,HEAVY RAINS,0,0,0,0,0,0,0,0.0,False,,,,,,,,,,,,,,,,,,,,,,,,,,True,True,True,True
episode-647862567ee6cf272136,UNDRR DesInventar Nepal,2008,9,25,Far Western Region,Kanchanpur,DEKHATBHULI,HEAVY RAINS,0,0,0,0,0,0,0,0.0,False,,,,,,,,,,,,,,,,,,,,,,,,,,True,True,True,True
episode-c84d75204f759e9695be,UNDRR DesInventar Nepal,2008,9,25,Far Western Region,Kanchanpur,KRISHNAPUR,HEAVY RAINS,0,0,0,0,0,0,0,0.0,False,,,,,,,,,,,,,,,,,,,,,,,,,,True,True,True,True
episode-fcdfdac09526468cc9b9,UNDRR DesInventar Nepal,2008,9,25,Far Western Region,Kanchanpur,MAHENDRA NAGAR N.P.,HEAVY RAINS,3,0,0,0,0,0,0,0.0,False,,,,,,,,,,,,,,,,,,,,,,,,,,True,True,True,True
episode-1997382aa2f6f88ad915,UNDRR DesInventar Nepal,2008,10,2,Far Western Region,Dadeldhura,UNKNOWN,HEAVY RAINS,0,0,0,0,0,0,0,0.0,False,,,,,,,,,,,,,,,,,,,,,,,,,,True,True,True,True
episode-57223e0f2cd4b5498c80,UNDRR DesInventar Nepal,2009,2,26,Eastern Region,Udayapur,Sundarpur,RAIN,0,0,0,0,0,0,0,0.0,False,,,,,,,,,,,,,,,,,,,,,,,,,,True,True,True,True
episode-b968fe2bb189239fe40f,UNDRR DesInventar Nepal,2009,5,14,Eastern Region,Khotang,Durchim,HEAVY RAINS,1,0,1,0,0,0,0,0.0,False,,,,,,,,,,,,,,,,,,,,,,,,,,True,True,True,True
episode-3ed07266352eaf5671e2,UNDRR DesInventar Nepal,2009,5,14,Eastern Region,Sankhuwasabha,Sidhakali,RAIN,0,0,0,0,0,0,0,0.0,False,,,,,,,,,,,,,,,,,,,,,,,,,,True,True,True,True
episode-40be5b1fa5fb9781f265,UNDRR DesInventar Nepal,2009,5,15,Mid-Western Region,Dang,RAMPUR,RAIN,1,0,0,0,0,0,0,0.0,False,,,,,,,,,,,,,,,,,,,,,,,,,,True,True,True,True
episode-952bce5f980e8e6ec2ab,UNDRR DesInventar Nepal,2009,5,26,Eastern Region,Sunsari,UNKNOWN,RAIN,0,0,0,263,0,0,0,0.0,False,,,,,,,,,,,,,,,,,,,,,,,,,,True,True,True,True
episode-8ca3c421e0ff0ae797af,UNDRR DesInventar Nepal,2009,5,29,Central Region,Bhaktapur,BHAKTAPUR NP,RAIN,0,0,0,263,0,0,0,0.0,False,,,,,,,,,,,,,,,,,,,,,,,,,,True,True,True,True
episode-8cfb8e7ecaf58ad29b35,UNDRR DesInventar Nepal,2009,6,5,Central Region,Kavre,PANCHAKHAL,RAIN,1,0,0,0,0,0,0,0.0,False,,,,,,,,,,,,,,,,,,,,,,,,,,True,True,True,True
episode-d1c7af8c08311947cf81,UNDRR DesInventar Nepal,2009,6,26,Western Region,Nawalparasi,DHAUBADI,HEAVY RAINS,0,0,0,0,0,0,0,0.0,False,,,,,,,,,,,,,,,,,,,,,,,,,,True,True,True,True
episode-51cd305b71e573b701e6,UNDRR DesInventar Nepal,2009,6,27,Western Region,Baglung,BUNGADOVAN,HEAVY RAINS,0,0,0,37,7,0,0,0.0,True,,,,,,,,,,,,,,,,,,,,,,,,,,True,True,True,True
episode-388013fb1677ede74a7e,UNDRR DesInventar Nepal,2009,6,29,Mid-Western Region,Salyan,KALAGAUN,HEAVY RAINS,0,0,0,62,0,0,0,0.0,False,,,,,,,,,,,,,,,,,,,,,,,,,,True,True,True,True
episode-18cc37d1445b5461a307,UNDRR DesInventar Nepal,2009,6,30,Mid-Western Region,Dailekh,DADA PARAJUL,RAIN,0,0,0,0,5,0,0,0.0,False,,,,,,,,,,,,,,,,,,,,,,,,,,True,True,True,True
episode-e4b165e71459de7b713c,UNDRR DesInventar Nepal,2009,7,1,Mid-Western Region,Mugu,UNKNOWN,OTHER,3,0,0,0,0,0,0,0.0,False,,,,,,,,,,,,,,,,,,,,,,,,,,True,True,True,True
episode-6eaa354e55b86c7057cf,UNDRR DesInventar Nepal,2009,7,1,Western Region,Tanahu,VYAS_NP_(DAMAULI),OTHER,3,0,0,5,24,39,0,0.0,False,,,,,,,,,,,,,,,,,,,,,,,,,,True,True,True,True
episode-1ec86d638f537ca2ff5d,UNDRR DesInventar Nepal,2009,7,3,Western Region,Nawalparasi,SHIVAMANDIR,OTHER,1,0,0,0,0,0,0,0.0,False,,,,,,,,,,,,,,,,,,,,,,,,,,True,True,True,True
episode-a84ecdd3607b83415ab3,UNDRR DesInventar Nepal,2009,7,3,Western Region,Nawalparasi,SHIVAMANDIR,RAIN,0,0,0,32,0,6,0,0.0,False,,,,,,,,,,,,,,,,,,,,,,,,,,True,True,True,True
episode-5688d6ef8e1483495cc1,UNDRR DesInventar Nepal,2009,7,3,Central Region,Rautahat,KATAHARIYA (B),RAIN,0,0,0,0,0,0,0,0.0,False,,,,,,,,,,,,,,,,,,,,,,,,,,True,True,True,True
episode-d1f7e2e03e4033d99222,UNDRR DesInventar Nepal,2009,7,4,Central Region,Bara,NIJGADH,RAIN,0,0,0,263,0,50,0,0.0,False,,,,,,,,,,,,,,,,,,,,,,,,,,True,True,True,True
episode-0d51624e30c4ad50a52f,UNDRR DesInventar Nepal,2009,7,5,Western Region,Gorkha,UNKNOWN,RAIN,0,0,0,0,0,0,0,0.0,True,,,,,,,,,,,,,,,,,,,,,,,,,,True,True,True,True
episode-ceb367ef98f119b5009e,UNDRR DesInventar Nepal,2009,7,5,Western Region,Kaski,DEURALI,LANDSLIDE,0,0,0,58,0,0,0,0.0,True,,,,,,,,,,,,,,,,,,,,,,,,,,True,True,True,True
episode-c2f47824773e99ab823e,UNDRR DesInventar Nepal,2009,7,9,Far Western Region,Achham,NADA,HEAVY RAINS,1,0,0,0,0,0,0,0.0,False,,,,,,,,,,,,,,,,,,,,,,,,,,True,True,True,True
episode-b275f75681393b2da7d1,UNDRR DesInventar Nepal,2009,7,13,Western Region,Manang,DHARAPANI,RAIN,0,0,0,274,52,0,0,0.0,False,,,,,,,,,,,,,,,,,,,,,,,,,,True,True,True,True
episode-1555c1c040f8a9950d14,UNDRR DesInventar Nepal,2009,7,14,Central Region,Ramechhap,UNKNOWN,RAIN,0,0,0,11,2,0,0,0.0,False,,,,,,,,,,,,,,,,,,,,,,,,,,True,True,True,True
episode-745fd79fe79437add4c8,UNDRR DesInventar Nepal,2009,7,19,Far Western Region,Achham,KALEKANDA,OTHER,3,2,2,0,0,0,0,0.0,False,,,,,,,,,,,,,,,,,,,,,,,,,,True,True,True,True
episode-12f5abfb42d99e527460,UNDRR DesInventar Nepal,2009,7,21,Central Region,Nuwakot,JILING,RAIN,0,0,0,0,0,0,0,0.0,False,,,,,,,,,,,,,,,,,,,,,,,,,,True,True,True,True
episode-51fef4a676ddb5874f7d,UNDRR DesInventar Nepal,2009,7,26,Western Region,Baglung,JALJALA,HEAVY RAINS,1,0,0,0,0,0,0,0.0,False,,,,,,,,,,,,,,,,,,,,,,,,,,True,True,True,True
episode-63ea868a597abe0c49bd,UNDRR DesInventar Nepal,2009,7,26,Far Western Region,Darchula,Dhuligada,HEAVY RAINS,1,0,0,297,0,0,0,0.0,False,,,,,,,,,,,,,,,,,,,,,,,,,,True,True,True,True
episode-25f975e3fa0a0c4111a0,UNDRR DesInventar Nepal,2009,7,26,Far Western Region,Darchula,Khar,RAIN,2,2,2,0,3,0,0,0.0,False,,,,,,,,,,,,,,,,,,,,,,,,,,True,True,True,True
episode-16ae6f4e443b9eb88234,UNDRR DesInventar Nepal,2009,7,26,Central Region,Dhanusa,UNKNOWN,RAIN,7,0,0,0,0,0,0,0.0,False,,,,,,,,,,,,,,,,,,,,,,,,,,True,True,True,True
episode-8c3fcf21f9a9b8f5351d,UNDRR DesInventar Nepal,2009,7,26,Eastern Region,Sankhuwasabha,Tamku,RAIN,7,6,2,338,4,0,0,0.0,False,,,,,,,,,,,,,,,,,,,,,,,,,,True,True,True,True
episode-6ec03f3c9c0df89327d1,UNDRR DesInventar Nepal,2009,7,27,Western Region,Baglung,BATAKACHAUR,RAIN,1,0,0,0,0,0,0,0.0,False,,,,,,,,,,,,,,,,,,,,,,,,,,True,True,True,True
episode-bfef4adefd70cf048b15,UNDRR DesInventar Nepal,2009,7,27,Western Region,Baglung,BIHUKOT,RAIN,0,0,0,32,0,6,0,0.0,False,,,,,,,,,,,,,,,,,,,,,,,,,,True,True,True,True
episode-0d5d08b3a9fd945ec1aa,UNDRR DesInventar Nepal,2009,7,27,Central Region,Dolakha,Dhyangsukathchaur,RAIN,1,1,0,0,0,0,0,0.0,False,,,,,,,,,,,,,,,,,,,,,,,,,,True,True,True,True
episode-2131e651473040309766,UNDRR DesInventar Nepal,2009,7,27,Central Region,Dolakha,Sundawati,HEAVY RAINS,0,0,0,65,0,0,0,0.0,False,,,,,,,,,,,,,,,,,,,,,,,,,,True,True,True,True
episode-0fc7bc99dc621cbb04c0,UNDRR DesInventar Nepal,2009,7,27,Central Region,Dolakha,UNKNOWN,HEAVY RAINS,1,0,0,0,0,0,0,0.0,False,,,,,,,,,,,,,,,,,,,,,,,,,,True,True,True,True
episode-cebc4bf0bfa879401167,UNDRR DesInventar Nepal,2009,7,27,Western Region,Gulmi,HASTICHAUR,HEAVY RAINS,0,0,3,0,1,0,0,0.0,False,,,,,,,,,,,,,,,,,,,,,,,,,,True,True,True,True
episode-908cc5c2a5f5512cc2cc,UNDRR DesInventar Nepal,2009,7,27,Eastern Region,Siraha,UNKNOWN,HEAVY RAINS,7,0,0,0,0,0,0,0.0,False,,,,,,,,,,,,,,,,,,,,,,,,,,True,True,True,True
episode-16efcb59bc89949ea77a,UNDRR DesInventar Nepal,2009,7,27,Mid-Western Region,Surkhet,GORPAN,FLOOD,0,0,0,11,2,0,0,0.0,False,,,,,,,,,,,,,,,,,,,,,,,,,,True,True,True,True
episode-92bff087a55d685101ec,UNDRR DesInventar Nepal,2009,7,27,Western Region,Syangja,WALIN NP,HEAVY RAINS,0,0,0,54,10,0,0,0.0,False,,,,,,,,,,,,,,,,,,,,,,,,,,True,True,True,True
episode-f010afe569ab8622f3d1,UNDRR DesInventar Nepal,2009,7,28,Far Western Region,Kailali,CHAUMALA,RAIN,0,0,0,33,0,6,0,0.0,False,,,,,,,,,,,,,,,,,,,,,,,,,,True,True,True,True
episode-9749ebc44f39d674a375,UNDRR DesInventar Nepal,2009,7,28,Far Western Region,Kailali,PAHALMANPUR,RAIN,0,0,0,327,0,60,0,0.0,False,,,,,,,,,,,,,,,,,,,,,,,,,,True,True,True,True
episode-b5b13f960c10cdff88e8,UNDRR DesInventar Nepal,2009,7,28,Far Western Region,Kailali,PANDUN,RAIN,0,0,0,192,0,36,0,0.0,False,,,,,,,,,,,,,,,,,,,,,,,,,,True,True,True,True
episode-7f3a99b113a7d1bdd20f,UNDRR DesInventar Nepal,2009,7,28,Far Western Region,Kailali,RAMSIKHAR JHALA,RAIN,0,0,0,273,0,50,0,0.0,False,,,,,,,,,,,,,,,,,,,,,,,,,,True,True,True,True
episode-bf15dce667b59666ba56,UNDRR DesInventar Nepal,2009,7,28,Far Western Region,Kailali,SREEPUR,RAIN,0,1,0,0,0,0,0,0.0,False,,,,,,,,,,,,,,,,,,,,,,,,,,True,True,True,True
episode-778a9c012ae0c4cb2423,UNDRR DesInventar Nepal,2009,7,28,Far Western Region,Kanchanpur,KRISHNAPUR,RAIN,0,0,0,381,0,70,0,0.0,False,,,,,,,,,,,,,,,,,,,,,,,,,,True,True,True,True
episode-eeda6b53ce6d84268dba,UNDRR DesInventar Nepal,2009,7,28,Central Region,Rautahat,MARYADPUR,RAIN,1,1,2,0,0,0,0,0.0,False,,,,,,,,,,,,,,,,,,,,,,,,,,True,True,True,True
episode-e2f1fe5b8e430a7f237a,UNDRR DesInventar Nepal,2009,7,28,Mid-Western Region,Surkhet,UNKNOWN,RAIN,0,0,0,82,0,0,0,0.0,False,,,,,,,,,,,,,,,,,,,,,,,,,,True,True,True,True
episode-a5315bd070e6ea98ae40,UNDRR DesInventar Nepal,2009,7,29,Mid-Western Region,Dailekh,SANTALLA,RAIN,0,0,0,38,7,0,0,0.0,False,,,,,,,,,,,,,,,,,,,,,,,,,,True,True,True,True
episode-a5977bf04dce5d7d58bf,UNDRR DesInventar Nepal,2009,7,29,Western Region,Kapilbastu,DHANKAULI,RAIN,0,0,0,327,0,60,0,0.0,False,,,,,,,,,,,,,,,,,,,,,,,,,,True,True,True,True
episode-2d1f796561557b54b356,UNDRR DesInventar Nepal,2009,7,29,Western Region,Kapilbastu,HARIHARPUR,RAIN,0,0,0,169,0,31,0,0.0,False,,,,,,,,,,,,,,,,,,,,,,,,,,True,True,True,True
episode-c6b7cc1d443b82db3370,UNDRR DesInventar Nepal,2009,7,29,Western Region,Kapilbastu,KAJARHAWA,RAIN,0,0,0,327,0,60,0,0.0,False,,,,,,,,,,,,,,,,,,,,,,,,,,True,True,True,True
episode-7f1a7ef32360b3ddbe7e,UNDRR DesInventar Nepal,2009,7,29,Western Region,Kapilbastu,KRISHNA NAGAR,RAIN,0,0,0,828,0,153,0,0.0,False,,,,,,,,,,,,,,,,,,,,,,,,,,True,True,True,True
episode-c36faed40a2bb4101c52,UNDRR DesInventar Nepal,2009,7,29,Western Region,Kapilbastu,MOTIPUR,RAIN,0,0,0,272,0,50,0,0.0,False,,,,,,,,,,,,,,,,,,,,,,,,,,True,True,True,True
episode-3ff8cb878eead43dcca5,UNDRR DesInventar Nepal,2009,7,29,Western Region,Kapilbastu,SAURAHA,RAIN,0,0,0,191,0,35,0,0.0,False,,,,,,,,,,,,,,,,,,,,,,,,,,True,True,True,True
episode-45c0fced7840adcca6f2,UNDRR DesInventar Nepal,2009,7,29,Western Region,Kapilbastu,SINGHKHOR,RAIN,0,0,0,600,0,200,0,0.0,False,,,,,,,,,,,,,,,,,,,,,,,,,,True,True,True,True
episode-9b08cb72549377a11533,UNDRR DesInventar Nepal,2009,7,30,Mid-Western Region,Dailekh,UNKNOWN,HEAVY RAINS,1,0,0,0,0,0,0,0.0,False,,,,,,,,,,,,,,,,,,,,,,,,,,True,True,True,True
episode-0de9a5891924175c550a,UNDRR DesInventar Nepal,2009,7,31,Far Western Region,Achham,KHAPTAD,HEAVY RAINS,0,0,0,270,0,0,0,0.0,False,,,,,,,,,,,,,,,,,,,,,,,,,,True,True,True,True
episode-6ebbd588c143af41a1f0,UNDRR DesInventar Nepal,2009,7,31,Western Region,Baglung,GWALICHAUR,RAIN,1,0,0,0,0,0,0,0.0,False,,,,,,,,,,,,,,,,,,,,,,,,,,True,True,True,True
episode-f2ad7d60676ce74f2dcc,UNDRR DesInventar Nepal,2009,7,31,Central Region,Rautahat,BADHARWA,HEAVY RAINS,0,0,0,0,0,0,0,0.0,False,,,,,,,,,,,,,,,,,,,,,,,,,,True,True,True,True
episode-c0d59942cfb61c9e6b22,UNDRR DesInventar Nepal,2009,7,31,Central Region,Rautahat,BANJARHA,HEAVY RAINS,0,0,0,0,0,0,0,0.0,False,,,,,,,,,,,,,,,,,,,,,,,,,,True,True,True,True
episode-b5920a8821ecda1d0d97,UNDRR DesInventar Nepal,2009,7,31,Central Region,Rautahat,JAYANAGAR,HEAVY RAINS,0,0,0,0,0,0,0,0.0,False,,,,,,,,,,,,,,,,,,,,,,,,,,True,True,True,True
episode-aaf745ffd930e5207834,UNDRR DesInventar Nepal,2009,7,31,Central Region,Rautahat,JETHARAHIYA,HEAVY RAINS,0,0,0,0,0,0,0,0.0,False,,,,,,,,,,,,,,,,,,,,,,,,,,True,True,True,True
episode-12bb04c1b2cdc5652964,UNDRR DesInventar Nepal,2009,7,31,Central Region,Rautahat,MITHUWA,HEAVY RAINS,0,0,0,0,0,0,0,0.0,False,,,,,,,,,,,,,,,,,,,,,,,,,,True,True,True,True
episode-2e4b6f8eb83bbbb58b8d,UNDRR DesInventar Nepal,2009,7,31,Central Region,Rautahat,SARAUTHA,HEAVY RAINS,0,0,0,0,0,0,0,0.0,False,,,,,,,,,,,,,,,,,,,,,,,,,,True,True,True,True
episode-024bdf82f51813af8685,UNDRR DesInventar Nepal,2009,7,31,Central Region,Rautahat,UNKNOWN,HEAVY RAINS,0,0,0,0,0,0,0,0.0,True,,,,,,,,,,,,,,,,,,,,,,,,,,True,True,True,True
episode-d260887ea40488290fad,UNDRR DesInventar Nepal,2009,8,1,Central Region,Rautahat,UNKNOWN,HEAVY RAINS,0,0,0,0,0,0,0,0.0,False,,,,,,,,,,,,,,,,,,,,,,,,,,True,True,True,True
episode-df5046b5aaea7d6ee543,UNDRR DesInventar Nepal,2009,8,5,Western Region,Nawalparasi,RAMPURVA,RAIN,1,0,0,1620,0,300,0,0.0,False,,,,,,,,,,,,,,,,,,,,,,,,,,True,True,True,True
episode-4c3a4b606edefea5d5e6,UNDRR DesInventar Nepal,2009,8,6,Eastern Region,Siraha,Inarwa,HEAVY RAINS,1,0,0,0,0,0,0,0.0,False,,,,,,,,,,,,,,,,,,,,,,,,,,True,True,True,True
episode-d877fae2bbc7b90a7d1e,UNDRR DesInventar Nepal,2009,8,7,Central Region,Bara,JHITKAIYA (UTTAR),HEAVY RAINS,0,0,0,0,0,0,0,0.0,False,,,,,,,,,,,,,,,,,,,,,,,,,,True,True,True,True
episode-86606b7b63cd8d72db49,UNDRR DesInventar Nepal,2009,8,7,Central Region,Bara,UNKNOWN,HEAVY RAINS,0,0,0,0,0,0,0,0.0,False,,,,,,,,,,,,,,,,,,,,,,,,,,True,True,True,True
episode-8ce23694fb8c54030423,UNDRR DesInventar Nepal,2009,8,7,Central Region,Chitawan,JAGATPUR,HEAVY RAINS,0,0,0,0,5,2,0,0.0,False,,,,,,,,,,,,,,,,,,,,,,,,,,True,True,True,True
episode-931f95f27678aa3ac636,UNDRR DesInventar Nepal,2009,8,7,Mid-Western Region,Dailekh,BADA KHOLA,RAIN,0,0,0,65,0,12,0,0.0,False,,,,,,,,,,,,,,,,,,,,,,,,,,True,True,True,True
episode-d2154b76149fe30b0bbe,UNDRR DesInventar Nepal,2009,8,7,Eastern Region,Sunsari,Dharan Municiplality,HEAVY RAINS,0,0,0,0,0,0,0,0.0,True,,,,,,,,,,,,,,,,,,,,,,,,,,True,True,True,True
episode-f4752b3f2e1794788898,UNDRR DesInventar Nepal,2009,8,7,Eastern Region,Udayapur,Pokhari,HEAVY RAINS,2,0,1,0,0,0,0,0.0,False,,,,,,,,,,,,,,,,,,,,,,,,,,True,True,True,True
episode-b7bf0863c391daf0d3ae,UNDRR DesInventar Nepal,2009,8,8,Central Region,Makwanpur,MANAHARI,HEAVY RAINS,0,0,0,216,0,40,0,0.0,False,,,,,,,,,,,,,,,,,,,,,,,,,,True,True,True,True
episode-a967ab629e5445daff61,UNDRR DesInventar Nepal,2009,8,8,Western Region,Nawalparasi,RAMPURVA,HEAVY RAINS,0,0,0,43,0,8,0,0.0,False,,,,,,,,,,,,,,,,,,,,,,,,,,True,True,True,True
episode-ed7748f9300b9f28dc68,UNDRR DesInventar Nepal,2009,8,9,Far Western Region,Achham,KHAPTAD,HEAVY RAINS,0,0,0,270,0,0,0,0.0,False,,,,,,,,,,,,,,,,,,,,,,,,,,True,True,True,True
episode-f431572739839fa1aa2d,UNDRR DesInventar Nepal,2009,8,9,Far Western Region,Bajura,Martadi,HEAVY RAINS,0,1,0,0,0,0,0,0.0,False,,,,,,,,,,,,,,,,,,,,,,,,,,True,True,True,True
episode-f1578684b45c8d207299,UNDRR DesInventar Nepal,2009,8,9,Far Western Region,Darchula,UNKNOWN,HEAVY RAINS,3,0,2,135,0,25,0,24.0,True,,,,,,,,,,,,,,,,,,,,,,,,,,True,True,True,True
episode-a2a6823e6127feb66cd5,UNDRR DesInventar Nepal,2009,8,9,Eastern Region,Sunsari,Dharan Municiplality,RAIN,0,0,0,43,0,8,0,0.0,False,,,,,,,,,,,,,,,,,,,,,,,,,,True,True,True,True
episode-671b01d933de899e57e0,UNDRR DesInventar Nepal,2009,8,10,Central Region,Makwanpur,HETAUDA MUNICIPALITY,RAIN,0,1,0,0,0,0,0,0.0,False,,,,,,,,,,,,,,,,,,,,,,,,,,True,True,True,True
episode-fdc32bde1035aac89202,UNDRR DesInventar Nepal,2009,8,10,Western Region,Tanahu,BHIRKOT,RAIN,1,1,0,0,0,0,0,0.0,False,,,,,,,,,,,,,,,,,,,,,,,,,,True,True,True,True
episode-d553f854773c09a69185,UNDRR DesInventar Nepal,2009,8,11,Eastern Region,Sunsari,Dharan Municiplality,HEAVY RAINS,0,0,0,216,0,40,0,0.0,False,,,,,,,,,,,,,,,,,,,,,,,,,,True,True,True,True
episode-37194f458419f69890f3,UNDRR DesInventar Nepal,2009,8,16,Eastern Region,Jhapa,DANGIBARI,RAIN,0,0,0,1080,0,200,0,0.0,False,,,,,,,,,,,,,,,,,,,,,,,,,,True,True,True,True
episode-588a37de89ba7f353be3,UNDRR DesInventar Nepal,2009,8,16,Eastern Region,Jhapa,GHAILADUWA,HEAVY RAINS,0,0,0,1620,0,300,0,0.0,False,,,,,,,,,,,,,,,,,,,,,,,,,,True,True,True,True
episode-0cf035f8758ba3ec27fa,UNDRR DesInventar Nepal,2009,8,16,Eastern Region,Jhapa,KOHABARA,RAIN,0,0,0,65,0,12,0,0.0,False,,,,,,,,,,,,,,,,,,,,,,,,,,True,True,True,True
episode-c0f27add3c8c4a3b204f,UNDRR DesInventar Nepal,2009,8,16,Eastern Region,Jhapa,KUMARKHOD,RAIN,0,0,0,0,0,14,90,0.0,False,,,,,,,,,,,,,,,,,,,,,,,,,,True,True,True,True
episode-7e96e4dbc6103de07aaf,UNDRR DesInventar Nepal,2009,8,16,Eastern Region,Jhapa,RAJGADH,RAIN,0,0,0,1620,0,300,0,0.0,False,,,,,,,,,,,,,,,,,,,,,,,,,,True,True,True,True
episode-52794051207db6f76f10,UNDRR DesInventar Nepal,2009,8,16,Eastern Region,Jhapa,TANGANDUBBA,RAIN,0,0,0,0,0,13,90,0.0,False,,,,,,,,,,,,,,,,,,,,,,,,,,True,True,True,True
episode-167abb82a736552c759e,UNDRR DesInventar Nepal,2009,8,17,Central Region,Dhanusa,Raghunathpur,RAIN,1,0,0,0,0,0,0,0.0,False,,,,,,,,,,,,,,,,,,,,,,,,,,True,True,True,True
episode-21bfdc70eb313e404969,UNDRR DesInventar Nepal,2009,8,17,Eastern Region,Morang,Madhumalla,RAIN,1,0,0,0,0,0,0,0.0,False,,,,,,,,,,,,,,,,,,,,,,,,,,True,True,True,True
episode-c2df4a28e76283053bdc,UNDRR DesInventar Nepal,2009,8,17,Central Region,Rautahat,PAURAI,RAIN,0,2,0,0,0,0,0,0.0,False,,,,,,,,,,,,,,,,,,,,,,,,,,True,True,True,True
episode-c9c93e5cc60a525a3f2a,UNDRR DesInventar Nepal,2009,8,17,Eastern Region,Saptari,KHOJPUR,HEAVY RAINS,1,0,1,0,0,0,0,0.0,False,,,,,,,,,,,,,,,,,,,,,,,,,,True,True,True,True
episode-8228e7a1759f62b0af7e,UNDRR DesInventar Nepal,2009,8,17,Mid-Western Region,Surkhet,LAGAM,HEAVY RAINS,0,0,0,0,23,25,0,0.0,False,,,,,,,,,,,,,,,,,,,,,,,,,,True,True,True,True
episode-52537af54be9f503b062,UNDRR DesInventar Nepal,2009,8,17,Eastern Region,Udayapur,Trijuga Municipality,UNKNOWN,0,0,0,0,0,0,0,0.0,False,,,,,,,,,,,,,,,,,,,,,,,,,,True,True,True,True
episode-0503fd6e54e1782bb9e8,UNDRR DesInventar Nepal,2009,8,18,Far Western Region,Baitadi,UNKNOWN,HEAVY RAINS,3,0,0,5,1,0,0,0.0,False,,,,,,,,,,,,,,,,,,,,,,,,,,True,True,True,True
episode-009be6c29cfcef479efb,UNDRR DesInventar Nepal,2009,8,18,Mid-Western Region,Dang,SISAHNIYA,HEAVY RAINS,0,0,0,362,0,0,0,0.0,False,,,,,,,,,,,,,,,,,,,,,,,,,,True,True,True,True
episode-9fe146fd29967361a046,UNDRR DesInventar Nepal,2009,8,18,Central Region,Dhanusa,Baigadabar,HEAVY RAINS,0,0,0,356,0,0,0,0.0,False,,,,,,,,,,,,,,,,,,,,,,,,,,True,True,True,True
episode-b9951b767fdf03b2fc5c,UNDRR DesInventar Nepal,2009,8,18,Central Region,Dolakha,Shayama,HEAVY RAINS,4,0,1,10,1,0,0,0.0,False,,,,,,,,,,,,,,,,,,,,,,,,,,True,True,True,True
episode-b2e15e46b938d4da9e1e,UNDRR DesInventar Nepal,2009,8,18,Mid-Western Region,Jajarkot,UNKNOWN,HEAVY RAINS,0,0,0,0,0,43,0,0.0,False,,,,,,,,,,,,,,,,,,,,,,,,,,True,True,True,True
episode-cabd2ef9f62931f6cc56,UNDRR DesInventar Nepal,2009,8,18,Far Western Region,Kailali,DANSINHAPUR,HEAVY RAINS,0,0,0,27,0,0,0,0.0,False,,,,,,,,,,,,,,,,,,,,,,,,,,True,True,True,True
episode-3e924bd37345eca04d72,UNDRR DesInventar Nepal,2009,8,18,Far Western Region,Kailali,DHANGADHI MUNICIPALITY,HEAVY RAINS,0,0,0,113,0,0,0,0.0,False,,,,,,,,,,,,,,,,,,,,,,,,,,True,True,True,True
episode-2e6e4cb60eb39168c344,UNDRR DesInventar Nepal,2009,8,18,Far Western Region,Kailali,HASULIYA,HEAVY RAINS,0,0,0,621,0,115,0,0.0,False,,,,,,,,,,,,,,,,,,,,,,,,,,True,True,True,True
episode-4e6f79358e71bf031e19,UNDRR DesInventar Nepal,2009,8,18,Far Western Region,Kailali,KHAILAD,HEAVY RAINS,0,0,0,0,0,223,0,0.0,False,,,,,,,,,,,,,,,,,,,,,,,,,,True,True,True,True
episode-d67ac5206f4037260023,UNDRR DesInventar Nepal,2009,8,18,Western Region,Kapilbastu,MOTIPUR,HEAVY RAINS,0,0,0,0,0,25,0,0.0,False,,,,,,,,,,,,,,,,,,,,,,,,,,True,True,True,True
episode-37345c8f85aae8b20492,UNDRR DesInventar Nepal,2009,8,18,Central Region,Mahotari,Jaleswar Municipalit,HEAVY RAINS,1,0,0,0,0,0,0,0.0,False,,,,,,,,,,,,,,,,,,,,,,,,,,True,True,True,True
episode-d88bf3695d652b8f94cc,UNDRR DesInventar Nepal,2009,8,18,Central Region,Rautahat,BANJARHA,HEAVY RAINS,0,0,0,1517,0,0,0,0.0,False,,,,,,,,,,,,,,,,,,,,,,,,,,True,True,True,True
episode-7d87ce03c4116f84a346,UNDRR DesInventar Nepal,2009,8,18,Western Region,Rupandehi,BUTAWAL_NP,HEAVY RAINS,0,0,0,324,60,0,17,0.0,False,,,,,,,,,,,,,,,,,,,,,,,,,,True,True,True,True
episode-ee36ac8b6334ab5f87d7,UNDRR DesInventar Nepal,2009,8,18,Western Region,Rupandehi,GONAHA,HEAVY RAINS,0,0,1,0,0,0,0,0.0,False,,,,,,,,,,,,,,,,,,,,,,,,,,True,True,True,True
episode-2772802b95b311040b8f,UNDRR DesInventar Nepal,2009,8,19,Eastern Region,Jhapa,BAHUNADANGI,HEAVY RAINS,1,0,0,0,0,0,3,0.0,False,,,,,,,,,,,,,,,,,,,,,,,,,,True,True,True,True
episode-945e24b5aadfc4b36ad9,UNDRR DesInventar Nepal,2009,8,19,Eastern Region,Jhapa,DANGIBARI,HEAVY RAINS,2,5,0,73,7,0,0,0.0,False,,,,,,,,,,,,,,,,,,,,,,,,,,True,True,True,True
episode-22d1374033e09a30a12e,UNDRR DesInventar Nepal,2009,8,19,Far Western Region,Kanchanpur,UNKNOWN,HEAVY RAINS,0,0,0,60,1,0,0,0.0,False,,,,,,,,,,,,,,,,,,,,,,,,,,True,True,True,True
episode-71f536c093b8a793c6ca,UNDRR DesInventar Nepal,2009,8,20,Mid-Western Region,Banke,NEPALGANJ N.P.,HEAVY RAINS,1,0,0,0,0,0,0,0.0,False,,,,,,,,,,,,,,,,,,,,,,,,,,True,True,True,True
episode-00bb8305c7dbc76ff43f,UNDRR DesInventar Nepal,2009,8,20,Mid-Western Region,Dang,RAJPUR,RAIN,0,0,0,0,0,0,0,0.0,False,,,,,,,,,,,,,,,,,,,,,,,,,,True,True,True,True
episode-2db02f87bcf5723fc60e,UNDRR DesInventar Nepal,2009,8,20,Far Western Region,Doti,UNKNOWN,HEAVY RAINS,1,0,1,0,60,0,0,0.0,False,,,,,,,,,,,,,,,,,,,,,,,,,,True,True,True,True
episode-61fb2e98a787ed328231,UNDRR DesInventar Nepal,2009,8,20,Far Western Region,Kailali,PANDUN,HEAVY RAINS,1,0,0,0,0,0,0,0.0,False,,,,,,,,,,,,,,,,,,,,,,,,,,True,True,True,True
episode-da3a8d755168c9421c3e,UNDRR DesInventar Nepal,2009,8,20,Mid-Western Region,Surkhet,UNKNOWN,RAIN,0,0,0,0,4,0,0,0.0,False,,,,,,,,,,,,,,,,,,,,,,,,,,True,True,True,True
episode-eb87e5c4a6dce1107f1c,UNDRR DesInventar Nepal,2009,8,21,Central Region,Dhanusa,Bahurwa,UNKNOWN,0,0,0,0,4,0,0,0.0,False,,,,,,,,,,,,,,,,,,,,,,,,,,True,True,True,True
episode-8d305241278937e627d6,UNDRR DesInventar Nepal,2009,8,21,Central Region,Dhanusa,Balabakhar,RAIN,0,0,0,0,4,0,0,0.0,False,,,,,,,,,,,,,,,,,,,,,,,,,,True,True,True,True
episode-890f09138b0c3b18fc8c,UNDRR DesInventar Nepal,2009,8,21,Central Region,Dhanusa,Balsha Saghara,RAIN,0,0,0,0,4,0,0,0.0,False,,,,,,,,,,,,,,,,,,,,,,,,,,True,True,True,True
episode-a33819ffe9d9d315d032,UNDRR DesInventar Nepal,2009,8,21,Central Region,Dhanusa,Goth Koyalpur,RAIN,0,0,0,0,5,0,0,0.0,False,,,,,,,,,,,,,,,,,,,,,,,,,,True,True,True,True
episode-9aeaaf56a78e27be3c6d,UNDRR DesInventar Nepal,2009,8,21,Central Region,Dhanusa,Lakkad,RAIN,0,0,0,0,4,0,0,0.0,False,,,,,,,,,,,,,,,,,,,,,,,,,,True,True,True,True
episode-1de6fd3de5dd7cb21536,UNDRR DesInventar Nepal,2009,8,21,Central Region,Dhanusa,Mukhiyapatti,RAIN,0,0,0,0,5,0,0,0.0,False,,,,,,,,,,,,,,,,,,,,,,,,,,True,True,True,True
episode-5d5bb52d8f98178f1f8f,UNDRR DesInventar Nepal,2009,8,21,Central Region,Dhanusa,Nagarain,RAIN,0,0,0,0,4,0,0,0.0,False,,,,,,,,,,,,,,,,,,,,,,,,,,True,True,True,True
episode-07868d3c6f86f2e324bf,UNDRR DesInventar Nepal,2009,8,21,Central Region,Dhanusa,Pachaharwa,RAIN,1,0,0,0,0,0,0,0.0,False,,,,,,,,,,,,,,,,,,,,,,,,,,True,True,True,True
episode-8ab8c7c8560859cbced7,UNDRR DesInventar Nepal,2009,8,21,Central Region,Dhanusa,Singyahi Madan,RAIN,0,0,0,0,4,0,0,0.0,False,,,,,,,,,,,,,,,,,,,,,,,,,,True,True,True,True
episode-0baf37c5874a2049ab56,UNDRR DesInventar Nepal,2009,8,21,Central Region,Dhanusa,Tulsiyahi Jabdi,RAIN,0,0,0,21,4,0,0,0.0,False,,,,,,,,,,,,,,,,,,,,,,,,,,True,True,True,True
episode-05669707717d93471466,UNDRR DesInventar Nepal,2009,8,21,Central Region,Dhanusa,UNKNOWN,RAIN,0,0,0,0,5,0,0,0.0,False,,,,,,,,,,,,,,,,,,,,,,,,,,True,True,True,True
episode-9f1c31206f13f2638e37,UNDRR DesInventar Nepal,2009,8,21,Western Region,Kapilbastu,HARDUONA,RAIN,1,0,0,0,0,0,0,0.0,False,,,,,,,,,,,,,,,,,,,,,,,,,,True,True,True,True
episode-76f68439c568277acb7c,UNDRR DesInventar Nepal,2009,8,21,Mid-Western Region,Rolpa,MIJHIN,RAIN,1,0,0,0,0,0,0,0.0,False,,,,,,,,,,,,,,,,,,,,,,,,,,True,True,True,True
episode-3f38c70dfb118ed7dce6,UNDRR DesInventar Nepal,2009,8,21,Eastern Region,Siraha,Sarswar,RAIN,3,0,0,0,0,0,0,0.0,False,,,,,,,,,,,,,,,,,,,,,,,,,,True,True,True,True
episode-8386f9d2b38cc5ef688a,UNDRR DesInventar Nepal,2009,8,21,Western Region,Syangja,MAGYAN CHISAPANI,RAIN,1,2,3,0,0,0,0,0.0,False,,,,,,,,,,,,,,,,,,,,,,,,,,True,True,True,True
episode-69f1fb2f0e6e65e3a3a3,UNDRR DesInventar Nepal,2009,8,24,Eastern Region,Sankhuwasabha,Bala,HEAVY RAINS,0,0,0,686,3,0,0,0.0,False,,,,,,,,,,,,,,,,,,,,,,,,,,True,True,True,True
episode-9832ce696b6d16244f8f,UNDRR DesInventar Nepal,2009,8,25,Eastern Region,Jhapa,DAMAK MUN.,HEAVY RAINS,3,0,0,0,0,0,0,0.0,False,,,,,,,,,,,,,,,,,,,,,,,,,,True,True,True,True
episode-da97b9f6f550422a3041,UNDRR DesInventar Nepal,2009,8,25,Eastern Region,Jhapa,GHAILADUWA,HEAVY RAINS,2,0,0,0,0,0,0,0.0,False,,,,,,,,,,,,,,,,,,,,,,,,,,True,True,True,True
episode-d5ae4dd88ce907672d4f,UNDRR DesInventar Nepal,2009,8,25,Eastern Region,Jhapa,KHAJURGANCHHI,HEAVY RAINS,1,0,0,0,0,0,0,0.0,False,,,,,,,,,,,,,,,,,,,,,,,,,,True,True,True,True
episode-00fcdb1765c002101870,UNDRR DesInventar Nepal,2009,8,25,Eastern Region,Jhapa,LAKHANPUR,HEAVY RAINS,1,0,0,0,0,0,0,0.0,False,,,,,,,,,,,,,,,,,,,,,,,,,,True,True,True,True
episode-a21083063887429b3e4f,UNDRR DesInventar Nepal,2009,8,25,Far Western Region,Kailali,DANSINHAPUR,RAIN,2,0,0,0,0,0,0,0.0,False,,,,,,,,,,,,,,,,,,,,,,,,,,True,True,True,True
episode-c69ea162b982779bea26,UNDRR DesInventar Nepal,2009,8,25,Far Western Region,Kailali,UNKNOWN,HEAVY RAINS,1,0,0,0,0,0,0,0.0,False,,,,,,,,,,,,,,,,,,,,,,,,,,True,True,True,True
episode-cb6a1901a9f361929ec4,UNDRR DesInventar Nepal,2009,8,28,Far Western Region,Kanchanpur,MAHENDRA NAGAR N.P.,HEAVY RAINS,0,0,0,70,0,13,0,0.0,False,,,,,,,,,,,,,,,,,,,,,,,,,,True,True,True,True
episode-9e1bca95d5e2cdccff8a,UNDRR DesInventar Nepal,2009,8,30,Central Region,Dolakha,Lamabagar,HEAVY RAINS,0,0,3,35,0,0,0,0.0,False,,,,,,,,,,,,,,,,,,,,,,,,,,True,True,True,True
episode-b925c4dfd4b86fd641ac,UNDRR DesInventar Nepal,2009,9,2,Far Western Region,Bajhang,Luyanta,RAIN,1,0,0,0,0,0,0,0.0,False,,,,,,,,,,,,,,,,,,,,,,,,,,True,True,True,True
episode-8957f4542b57e259286b,UNDRR DesInventar Nepal,2009,9,2,Central Region,Makwanpur,DADAKHARKA,HEAVY RAINS,1,0,0,0,0,0,0,0.0,False,,,,,,,,,,,,,,,,,,,,,,,,,,True,True,True,True
episode-82efc490d23a81dd931a,UNDRR DesInventar Nepal,2009,9,5,Central Region,Ramechhap,Puranagau,HEAVY RAINS,1,0,0,0,0,0,0,0.0,False,,,,,,,,,,,,,,,,,,,,,,,,,,True,True,True,True
episode-1de2325428deb743aa94,UNDRR DesInventar Nepal,2009,9,5,Central Region,Ramechhap,UNKNOWN,HEAVY RAINS,2,0,3,5,1,0,0,0.0,False,,,,,,,,,,,,,,,,,,,,,,,,,,True,True,True,True
episode-013e16352974cf3c95f0,UNDRR DesInventar Nepal,2009,9,7,Central Region,Dolakha,Laduk,HEAVY RAINS,4,0,0,0,0,0,0,0.0,False,,,,,,,,,,,,,,,,,,,,,,,,,,True,True,True,True
episode-3c67f1f4110410be65f7,UNDRR DesInventar Nepal,2009,9,9,Far Western Region,Dadeldhura,ALITAL,HEAVY RAINS,0,0,0,0,0,0,0,0.0,False,,,,,,,,,,,,,,,,,,,,,,,,,,True,True,True,True
episode-e05d3eec780ad1443080,UNDRR DesInventar Nepal,2009,9,9,Far Western Region,Dadeldhura,BHAGESWOR,HEAVY RAINS,0,0,0,0,0,0,0,0.0,False,,,,,,,,,,,,,,,,,,,,,,,,,,True,True,True,True
episode-a6d324cd5799aac7d86d,UNDRR DesInventar Nepal,2009,9,9,Far Western Region,Dadeldhura,JOGBUDA,HEAVY RAINS,0,0,0,0,0,0,0,0.0,False,,,,,,,,,,,,,,,,,,,,,,,,,,True,True,True,True
episode-85245f8b30b2f66a88f2,UNDRR DesInventar Nepal,2009,9,9,Far Western Region,Dadeldhura,RUPAL,HEAVY RAINS,0,0,0,0,0,0,0,0.0,False,,,,,,,,,,,,,,,,,,,,,,,,,,True,True,True,True
episode-182b050172445c7e9a8a,UNDRR DesInventar Nepal,2009,9,9,Far Western Region,Dadeldhura,SIRSHA,HEAVY RAINS,0,0,0,0,0,0,0,0.0,False,,,,,,,,,,,,,,,,,,,,,,,,,,True,True,True,True
episode-8cf4bcea0dbbf30df139,UNDRR DesInventar Nepal,2009,9,9,Western Region,Palpa,DEURALI,OTHER,3,0,0,0,0,0,0,0.0,False,,,,,,,,,,,,,,,,,,,,,,,,,,True,True,True,True
episode-7a1427823f1a11c37b95,UNDRR DesInventar Nepal,2009,10,6,Far Western Region,Achham,BINDHABASINI,HEAVY RAINS,1,0,2,0,1,0,0,0.0,False,,,,,,,,,,,,,,,,,,,,,,,,,,True,True,True,True
episode-239cb497da3fd7fe80c2,UNDRR DesInventar Nepal,2009,10,6,Far Western Region,Achham,SIDDESHWOR,HEAVY RAINS,4,0,0,0,0,0,0,0.0,False,,,,,,,,,,,,,,,,,,,,,,,,,,True,True,True,True
episode-6f18fa68b58f5707f91e,UNDRR DesInventar Nepal,2009,10,6,Far Western Region,Doti,GAJARI,HEAVY RAINS,5,1,12,697,80,0,0,0.0,False,,,,,,,,,,,,,,,,,,,,,,,,,,True,True,True,True
episode-d5d10e1f86744ee4ff3f,UNDRR DesInventar Nepal,2009,10,6,Far Western Region,Kailali,BHAJANI,HEAVY RAINS,1,0,0,0,0,0,0,0.0,False,,,,,,,,,,,,,,,,,,,,,,,,,,True,True,True,True
episode-8907f1dd13cab5a4b252,UNDRR DesInventar Nepal,2009,10,6,Far Western Region,Kanchanpur,DEKHATBHULI,HEAVY RAINS,0,1,0,0,0,0,0,0.0,False,,,,,,,,,,,,,,,,,,,,,,,,,,True,True,True,True
episode-564b6f70c3815110c633,UNDRR DesInventar Nepal,2009,10,7,Western Region,Parbat,SHALIGRAM,HEAVY RAINS,0,0,0,11,2,0,0,0.0,False,,,,,,,,,,,,,,,,,,,,,,,,,,True,True,True,True
episode-9170398222cfc437440f,UNDRR DesInventar Nepal,2009,10,7,Western Region,Syangja,BICHARI CHAUTARA,HEAVY RAINS,1,0,0,0,0,0,0,0.0,False,,,,,,,,,,,,,,,,,,,,,,,,,,True,True,True,True
episode-cc414bbf9c01b7f35f5e,UNDRR DesInventar Nepal,2009,10,7,Western Region,Syangja,PIDIKHOLA,HEAVY RAINS,0,0,0,9,0,0,0,0.0,False,,,,,,,,,,,,,,,,,,,,,,,,,,True,True,True,True
episode-57249a29fcbb442f14c9,UNDRR DesInventar Nepal,2009,10,8,Mid-Western Region,Banke,BAIJAPUR,RAIN,0,0,0,0,0,0,0,0.0,False,,,,,,,,,,,,,,,,,,,,,,,,,,True,True,True,True
episode-1cdbee391e8f9eec560f,UNDRR DesInventar Nepal,2009,10,8,Mid-Western Region,Banke,NEPALGANJ N.P.,HEAVY RAINS,0,1,0,0,0,0,0,0.0,False,,,,,,,,,,,,,,,,,,,,,,,,,,True,True,True,True
episode-6cb06fd07f4cb4473a6c,UNDRR DesInventar Nepal,2009,10,8,Mid-Western Region,Dang,FULABARI,HEAVY RAINS,0,1,0,0,0,0,0,0.0,False,,,,,,,,,,,,,,,,,,,,,,,,,,True,True,True,True
episode-039bbe25f2ec394ba6d4,UNDRR DesInventar Nepal,2009,10,8,Mid-Western Region,Dang,RAJPUR,HEAVY RAINS,0,1,0,0,0,0,0,0.0,False,,,,,,,,,,,,,,,,,,,,,,,,,,True,True,True,True
episode-a901b7e6c04a4dd1f72e,UNDRR DesInventar Nepal,2009,10,8,Far Western Region,Kailali,CHUHA,RAIN,0,1,0,0,0,0,0,0.0,False,,,,,,,,,,,,,,,,,,,,,,,,,,True,True,True,True
episode-4e970c09d2dc213c70d8,UNDRR DesInventar Nepal,2009,10,8,Far Western Region,Kailali,PATHARIYA,UNKNOWN,1,0,0,0,0,0,0,0.0,False,,,,,,,,,,,,,,,,,,,,,,,,,,True,True,True,True
episode-66cb4fdcc8d64c694ad2,UNDRR DesInventar Nepal,2009,10,8,Far Western Region,Kailali,TIKAPUR MUNICIPALITY,HEAVY RAINS,1,0,0,0,0,0,0,0.0,False,,,,,,,,,,,,,,,,,,,,,,,,,,True,True,True,True
episode-f74119d5098aae8a0742,UNDRR DesInventar Nepal,2009,10,8,Western Region,Manang,DHARAPANI,RAIN,0,0,0,0,0,0,0,0.0,True,,,,,,,,,,,,,,,,,,,,,,,,,,True,True,True,True
episode-f1e9a8513dbc70765739,UNDRR DesInventar Nepal,2009,10,9,Far Western Region,Baitadi,BIJAYAPUR,HEAVY RAINS,1,0,0,0,0,0,0,0.0,False,,,,,,,,,,,,,,,,,,,,,,,,,,True,True,True,True
episode-0be8b827e5e13da1a940,UNDRR DesInventar Nepal,2009,10,9,Far Western Region,Baitadi,MALLA DEHI,HEAVY RAINS,1,0,0,0,0,0,0,0.0,False,,,,,,,,,,,,,,,,,,,,,,,,,,True,True,True,True
episode-d5466d4f8ccc38a4764d,UNDRR DesInventar Nepal,2009,10,9,Far Western Region,Baitadi,SHARMALI,HEAVY RAINS,0,1,0,0,0,0,0,0.0,False,,,,,,,,,,,,,,,,,,,,,,,,,,True,True,True,True
episode-35f37545d553d5e0f028,UNDRR DesInventar Nepal,2009,10,9,Far Western Region,Baitadi,UDAYADEB,HEAVY RAINS,1,0,0,0,0,0,0,0.0,False,,,,,,,,,,,,,,,,,,,,,,,,,,True,True,True,True
episode-b7a4e6b47bbd91335294,UNDRR DesInventar Nepal,2009,10,10,Far Western Region,Bajhang,Luyanta,RAIN,1,0,0,0,0,0,0,0.0,False,,,,,,,,,,,,,,,,,,,,,,,,,,True,True,True,True
episode-6090d09cd9aa62843181,UNDRR DesInventar Nepal,2009,10,10,Far Western Region,Bajhang,Syandi,RAIN,1,0,0,0,0,0,0,0.0,False,,,,,,,,,,,,,,,,,,,,,,,,,,True,True,True,True
episode-ab670f6d22efdfa5f767,UNDRR DesInventar Nepal,2009,10,10,Mid-Western Region,Bardiya,DAULATPUR,HEAVY RAINS,0,0,0,0,0,250,0,0.0,False,,,,,,,,,,,,,,,,,,,,,,,,,,True,True,True,True
episode-00c3e2da6b5f00abda2b,UNDRR DesInventar Nepal,2009,10,10,Mid-Western Region,Bardiya,DHODHARI,HEAVY RAINS,0,0,0,0,0,25,0,0.0,False,,,,,,,,,,,,,,,,,,,,,,,,,,True,True,True,True
episode-d80ec9359c684f54772e,UNDRR DesInventar Nepal,2009,10,10,Mid-Western Region,Bardiya,GULARIYA,HEAVY RAINS,1,1,0,0,0,0,0,0.0,False,,,,,,,,,,,,,,,,,,,,,,,,,,True,True,True,True
episode-246ce50c6f2f1a7f5af9,UNDRR DesInventar Nepal,2009,10,10,Mid-Western Region,Bardiya,KHAIRI CHANDANPUR,HEAVY RAINS,0,0,0,0,0,175,0,0.0,False,,,,,,,,,,,,,,,,,,,,,,,,,,True,True,True,True
episode-daa2a3239a75e1dba672,UNDRR DesInventar Nepal,2009,10,10,Mid-Western Region,Bardiya,MANAU,HEAVY RAINS,0,0,0,0,0,200,0,0.0,False,,,,,,,,,,,,,,,,,,,,,,,,,,True,True,True,True
episode-02fb600ee2d705fdea11,UNDRR DesInventar Nepal,2009,10,10,Mid-Western Region,Bardiya,PATABHAR,HEAVY RAINS,0,0,0,0,0,60,0,0.0,False,,,,,,,,,,,,,,,,,,,,,,,,,,True,True,True,True
episode-f2e0d6eb7ebd9a95fb95,UNDRR DesInventar Nepal,2009,10,10,Mid-Western Region,Bardiya,SURYA PATUWA,HEAVY RAINS,0,0,0,0,0,150,0,0.0,False,,,,,,,,,,,,,,,,,,,,,,,,,,True,True,True,True
episode-973b43afa64f8a958871,UNDRR DesInventar Nepal,2009,10,10,Mid-Western Region,Surkhet,KUNATHARI,HEAVY RAINS,0,0,0,0,0,0,0,0.0,False,,,,,,,,,,,,,,,,,,,,,,,,,,True,True,True,True
episode-efd9e8ff25c547699bbe,UNDRR DesInventar Nepal,2009,10,17,Central Region,Sindhupalchoke,Tatopani,HEAVY RAINS,0,0,0,211,6,4,0,0.0,False,,,,,,,,,,,,,,,,,,,,,,,,,,True,True,True,True
episode-582369e62763014033e4,UNDRR DesInventar Nepal,2010,4,15,Mid-Western Region,Jumla,KALIKA KHETU,OTHER,1,0,0,0,0,0,0,0.0,False,,,,,,,,,,,,,,,,,,,,,,,,,,True,True,True,True
episode-80371995b4e267ec9f2b,UNDRR DesInventar Nepal,2010,4,17,Mid-Western Region,Mugu,NATHARPR,HEAVY RAINS,0,0,0,189,35,0,0,0.0,False,,,,,,,,,,,,,,,,,,,,,,,,,,True,True,True,True
episode-d6a0acf26bf9e82a9891,UNDRR DesInventar Nepal,2010,4,18,Western Region,Tanahu,SYAMGHA,OTHER,1,0,0,0,0,0,0,0.0,False,,,,,,,,,,,,,,,,,,,,,,,,,,True,True,True,True
episode-e6e6690922341f21f438,UNDRR DesInventar Nepal,2010,5,8,Western Region,Kapilbastu,UNKNOWN,RAIN,0,0,0,24,0,0,0,0.0,False,,,,,,,,,,,,,,,,,,,,,,,,,,True,True,True,True
episode-c9d85ca100b14af910e1,UNDRR DesInventar Nepal,2010,5,17,Central Region,Sindhuli,Ranichuri,HEAVY RAINS,1,0,1,0,0,0,0,0.0,False,,,,,,,,,,,,,,,,,,,,,,,,,,True,True,True,True
episode-b4374afe84b4491989b3,UNDRR DesInventar Nepal,2010,5,19,Eastern Region,Ilam,AMCHOK,HEAVY RAINS,0,3,0,0,0,0,0,0.0,False,,,,,,,,,,,,,,,,,,,,,,,,,,True,True,True,True
episode-a78db1c8a66ccaacdf39,UNDRR DesInventar Nepal,2010,5,29,Eastern Region,Udayapur,Hadiya,RAIN,0,0,0,270,0,0,0,0.0,False,,,,,,,,,,,,,,,,,,,,,,,,,,True,True,True,True
episode-ffacdfa3984e7b5c3faa,UNDRR DesInventar Nepal,2010,6,3,Far Western Region,Darchula,Sunseta,HEAVY RAINS,1,0,0,0,0,0,0,0.0,False,,,,,,,,,,,,,,,,,,,,,,,,,,True,True,True,True
episode-a05be03e696111353430,UNDRR DesInventar Nepal,2010,6,16,Western Region,Parbat,SHIVALAYA,HEAVY RAINS,0,0,0,65,0,12,0,0.0,False,,,,,,,,,,,,,,,,,,,,,,,,,,True,True,True,True
episode-e65dd84b45fb238ce9bd,UNDRR DesInventar Nepal,2010,6,19,Eastern Region,Saptari,BHARDAHA,RAIN,0,0,0,0,0,0,0,0.0,True,,,,,,,,,,,,,,,,,,,,,,,,,,True,True,True,True
episode-2c4c588464f438884693,UNDRR DesInventar Nepal,2010,6,19,Western Region,Syangja,ARUCHAUR,HEAVY RAINS,2,0,0,0,0,0,0,0.0,False,,,,,,,,,,,,,,,,,,,,,,,,,,True,True,True,True
episode-be655ddaefa11dcb4e53,UNDRR DesInventar Nepal,2010,6,20,Eastern Region,Jhapa,DAMAK MUN.,RAIN,1,0,0,0,0,0,0,0.0,False,,,,,,,,,,,,,,,,,,,,,,,,,,True,True,True,True
episode-5b7d77d995f773c36db3,UNDRR DesInventar Nepal,2010,6,21,Eastern Region,Jhapa,KHAJURGANCHHI,RAIN,1,0,0,0,0,0,0,0.0,False,,,,,,,,,,,,,,,,,,,,,,,,,,True,True,True,True
episode-369d98c0fe33ab3c4c85,UNDRR DesInventar Nepal,2010,6,21,Eastern Region,Udayapur,Katari,HEAVY RAINS,0,0,0,1000,0,0,0,0.0,False,,,,,,,,,,,,,,,,,,,,,,,,,,True,True,True,True
episode-cb29eefee54e1c995ffd,UNDRR DesInventar Nepal,2010,6,21,Eastern Region,Udayapur,Risku,RAIN,0,0,0,1000,0,0,0,0.0,False,,,,,,,,,,,,,,,,,,,,,,,,,,True,True,True,True
episode-8e742e0e8eded3b55c81,UNDRR DesInventar Nepal,2010,6,21,Eastern Region,Udayapur,Tribeni,RAIN,0,0,0,1000,0,0,0,0.0,False,,,,,,,,,,,,,,,,,,,,,,,,,,True,True,True,True
episode-a9930d27a0145ac5ae92,UNDRR DesInventar Nepal,2010,6,22,Eastern Region,Jhapa,ARJUNDHARA,HEAVY RAINS,0,0,0,32,6,0,0,0.0,False,,,,,,,,,,,,,,,,,,,,,,,,,,True,True,True,True
episode-c414b63aa0bad5bbd557,UNDRR DesInventar Nepal,2010,6,22,Eastern Region,Jhapa,BHADRAPUR MUN.,HEAVY RAINS,0,0,0,248,46,0,0,0.0,False,,,,,,,,,,,,,,,,,,,,,,,,,,True,True,True,True
episode-10fb314f0b5b46de3a2b,UNDRR DesInventar Nepal,2010,6,22,Eastern Region,Jhapa,CHANDRAGADHI,HEAVY RAINS,0,0,0,178,33,0,0,0.0,False,,,,,,,,,,,,,,,,,,,,,,,,,,True,True,True,True
episode-3b0ca180fd5742225155,UNDRR DesInventar Nepal,2010,6,22,Eastern Region,Jhapa,DHAIJAN,HEAVY RAINS,0,0,0,65,12,0,0,0.0,False,,,,,,,,,,,,,,,,,,,,,,,,,,True,True,True,True
episode-2bfbd2993489bbad4a13,UNDRR DesInventar Nepal,2010,6,22,Eastern Region,Jhapa,DUHAGADHI,HEAVY RAINS,0,0,0,1312,243,0,0,0.0,False,,,,,,,,,,,,,,,,,,,,,,,,,,True,True,True,True
episode-e10955043e351438e044,UNDRR DesInventar Nepal,2010,6,22,Eastern Region,Jhapa,MAHABHARA,HEAVY RAINS,0,0,0,540,0,0,0,0.0,False,,,,,,,,,,,,,,,,,,,,,,,,,,True,True,True,True
episode-557f5a731a4bc3d7f7e1,UNDRR DesInventar Nepal,2010,6,22,Eastern Region,Jhapa,SHARANMATI,RAIN,2,0,0,400,0,0,0,0.0,False,,,,,,,,,,,,,,,,,,,,,,,,,,True,True,True,True
episode-3bbfd1301f0c0111aede,UNDRR DesInventar Nepal,2010,6,22,Eastern Region,Jhapa,TOPGANCHHI,HEAVY RAINS,0,0,0,810,0,0,0,0.0,False,,,,,,,,,,,,,,,,,,,,,,,,,,True,True,True,True
episode-51e6a5d6fab03be2e541,UNDRR DesInventar Nepal,2010,6,22,Eastern Region,Jhapa,UNKNOWN,HEAVY RAINS,0,0,0,297,55,0,0,0.0,False,,,,,,,,,,,,,,,,,,,,,,,,,,True,True,True,True
episode-5638eebce90d1fbea12f,UNDRR DesInventar Nepal,2010,6,22,Eastern Region,Sunsari,Dharan Municiplality,RAIN,0,0,0,237,15,29,0,0.0,False,,,,,,,,,,,,,,,,,,,,,,,,,,True,True,True,True
episode-d2b70d49ad823281dc54,UNDRR DesInventar Nepal,2010,6,22,Eastern Region,Udayapur,Bhalaya Dada,HEAVY RAINS,0,0,0,0,0,0,0,0.0,False,,,,,,,,,,,,,,,,,,,,,,,,,,True,True,True,True
episode-79b9a63642346272b830,UNDRR DesInventar Nepal,2010,6,22,Eastern Region,Udayapur,UNKNOWN,HEAVY RAINS,0,0,0,0,0,0,0,0.0,False,,,,,,,,,,,,,,,,,,,,,,,,,,True,True,True,True
episode-fd4d23ad842927808bfc,UNDRR DesInventar Nepal,2010,6,23,Central Region,Kathmandu,CHAPALI  BHADRAKALI,HEAVY RAINS,2,0,0,11,0,0,0,0.0,False,,,,,,,,,,,,,,,,,,,,,,,,,,True,True,True,True
episode-898a58a5f723b10d4ba3,UNDRR DesInventar Nepal,2010,6,23,Mid-Western Region,Rukum,MAGMA,HEAVY RAINS,0,0,0,38,7,0,0,0.0,False,,,,,,,,,,,,,,,,,,,,,,,,,,True,True,True,True
episode-2db6cb49a145f5896f99,UNDRR DesInventar Nepal,2010,6,27,Eastern Region,Jhapa,DAMAK MUN.,RAIN,0,0,0,5,0,1,0,0.0,False,,,,,,,,,,,,,,,,,,,,,,,,,,True,True,True,True
episode-c8db14712a1e0c5cee8b,UNDRR DesInventar Nepal,2010,6,27,Eastern Region,Okhaldhunga,BIGUTAR,HEAVY RAINS,0,0,0,216,0,0,0,0.0,False,,,,,,,,,,,,,,,,,,,,,,,,,,True,True,True,True
episode-f5b7a790b8e53cdb3e1a,UNDRR DesInventar Nepal,2010,6,28,Central Region,Mahotari,Kisan Nagar,RAIN,0,0,0,5400,1000,0,0,0.0,True,,,,,,,,,,,,,,,,,,,,,,,,,,True,True,True,True
episode-15c5a74714aa7758d89b,UNDRR DesInventar Nepal,2010,6,28,Central Region,Mahotari,Sigyahi,RAIN,0,0,0,162,0,30,0,0.0,False,,,,,,,,,,,,,,,,,,,,,,,,,,True,True,True,True
episode-6bc673c0b705bc001cb1,UNDRR DesInventar Nepal,2010,6,29,Eastern Region,Jhapa,SURUNGA,RAIN,1,0,0,0,0,0,0,0.0,False,,,,,,,,,,,,,,,,,,,,,,,,,,True,True,True,True
episode-d93999972cdc218f1e36,UNDRR DesInventar Nepal,2010,7,2,Far Western Region,Kanchanpur,MAHENDRA NAGAR N.P.,RAIN,0,0,0,135,0,25,0,0.0,False,,,,,,,,,,,,,,,,,,,,,,,,,,True,True,True,True
episode-69f416ba5a194df13844,UNDRR DesInventar Nepal,2010,7,5,Western Region,Lamjung,GAUN SHAHAR,HEAVY RAINS,0,0,0,64,10,0,0,0.0,True,,,,,,,,,,,,,,,,,,,,,,,,,,True,True,True,True
episode-1baaaf7e1ead6c612a8a,UNDRR DesInventar Nepal,2010,7,5,Central Region,Nuwakot,KHANI GAUN,HEAVY RAINS,0,0,0,0,0,0,0,0.0,False,,,,,,,,,,,,,,,,,,,,,,,,,,True,True,True,True
episode-3ff90546cb39c791b759,UNDRR DesInventar Nepal,2010,7,6,Central Region,Bara,BHARATGANJ,HEAVY RAINS,1,0,0,0,0,0,0,0.0,False,,,,,,,,,,,,,,,,,,,,,,,,,,True,True,True,True
episode-e488c342a324fbf6af0e,UNDRR DesInventar Nepal,2010,7,10,Far Western Region,Bajhang,UNKNOWN,HEAVY RAINS,3,0,0,0,0,0,0,0.0,False,,,,,,,,,,,,,,,,,,,,,,,,,,True,True,True,True
episode-189f625468d84b6a4a85,UNDRR DesInventar Nepal,2010,7,10,Central Region,Mahotari,Bhrampura,HEAVY RAINS,0,0,0,0,0,0,0,0.0,False,,,,,,,,,,,,,,,,,,,,,,,,,,True,True,True,True
episode-8896d341cf6e37ea3b13,UNDRR DesInventar Nepal,2010,7,10,Western Region,Tanahu,POKHARI_BHANJYANG,HEAVY RAINS,0,0,0,119,12,8,0,0.0,False,,,,,,,,,,,,,,,,,,,,,,,,,,True,True,True,True
episode-ac4e2f59450721359b5f,UNDRR DesInventar Nepal,2010,7,11,Eastern Region,Jhapa,MAHABHARA,RAIN,1,0,0,102,10,0,0,0.0,True,,,,,,,,,,,,,,,,,,,,,,,,,,True,True,True,True
episode-2aa836b72865e14d0600,UNDRR DesInventar Nepal,2010,7,11,Western Region,Kaski,HEMJA,HEAVY RAINS,0,0,0,27,5,0,0,0.0,False,,,,,,,,,,,,,,,,,,,,,,,,,,True,True,True,True
episode-678e24002766ca79bfcf,UNDRR DesInventar Nepal,2010,7,11,Eastern Region,Morang,Urlabari,RAIN,0,0,0,540,0,100,0,0.0,False,,,,,,,,,,,,,,,,,,,,,,,,,,True,True,True,True
episode-bc156680969c17efb28c,UNDRR DesInventar Nepal,2010,7,11,Western Region,Nawalparasi,DIBYAPURI,HEAVY RAINS,0,0,0,0,0,0,0,0.0,True,,,,,,,,,,,,,,,,,,,,,,,,,,True,True,True,True
episode-1a573d8b50ff29a9ebe9,UNDRR DesInventar Nepal,2010,7,11,Mid-Western Region,Pyuthan,BANGESAL,RAIN,0,2,0,0,0,0,0,0.0,False,,,,,,,,,,,,,,,,,,,,,,,,,,True,True,True,True
episode-127704f177f8860c33cc,UNDRR DesInventar Nepal,2010,7,11,Central Region,Rautahat,KARKACH KARMAHIV,RAIN,0,0,0,1000,0,25,0,0.0,False,,,,,,,,,,,,,,,,,,,,,,,,,,True,True,True,True
episode-ee53e538e80c9d51523c,UNDRR DesInventar Nepal,2010,7,11,Mid-Western Region,Rolpa,UNKNOWN,HEAVY RAINS,2,0,0,5,0,0,0,0.0,False,,,,,,,,,,,,,,,,,,,,,,,,,,True,True,True,True
episode-1e65567b642e3621cfd1,UNDRR DesInventar Nepal,2010,7,11,Eastern Region,Udayapur,Beltar,HEAVY RAINS,1,0,0,16,0,0,0,0.0,False,,,,,,,,,,,,,,,,,,,,,,,,,,True,True,True,True
episode-85196c1fc6f0c04a2b46,UNDRR DesInventar Nepal,2010,7,13,Eastern Region,Jhapa,DANGIBARI,UNKNOWN,0,0,0,108,0,0,0,0.0,False,,,,,,,,,,,,,,,,,,,,,,,,,,True,True,True,True
episode-1e3e5264ee57b34c7f5c,UNDRR DesInventar Nepal,2010,7,13,Central Region,Mahotari,Kisan Nagar,RAIN,0,0,0,32,0,6,0,0.0,True,,,,,,,,,,,,,,,,,,,,,,,,,,True,True,True,True
episode-c86396eca994097911cf,UNDRR DesInventar Nepal,2010,7,16,Central Region,Dhading,MARPAK,RAIN,3,0,0,312,1,0,0,0.0,False,,,,,,,,,,,,,,,,,,,,,,,,,,True,True,True,True
episode-42849fc85d1624d11f80,UNDRR DesInventar Nepal,2010,7,16,Eastern Region,Jhapa,DAMAK MUN.,RAIN,0,0,0,1820,2,0,0,0.0,False,,,,,,,,,,,,,,,,,,,,,,,,,,True,True,True,True
episode-46ccbea8a69483ac0ca8,UNDRR DesInventar Nepal,2010,7,16,Eastern Region,Udayapur,Hadiya,RAIN,0,0,0,11,2,0,0,0.0,False,,,,,,,,,,,,,,,,,,,,,,,,,,True,True,True,True
episode-7e7598e99d5bb50567c7,UNDRR DesInventar Nepal,2010,7,17,Eastern Region,Jhapa,LAKHANPUR,HEAVY RAINS,0,0,0,1620,0,300,0,0.0,False,,,,,,,,,,,,,,,,,,,,,,,,,,True,True,True,True
episode-4ad207715c628e7294e7,UNDRR DesInventar Nepal,2010,7,17,Central Region,Rautahat,UNKNOWN,HEAVY RAINS,3,0,0,0,0,0,0,0.0,False,,,,,,,,,,,,,,,,,,,,,,,,,,True,True,True,True
episode-09d43cc36c4050b89ae7,UNDRR DesInventar Nepal,2010,7,17,Eastern Region,Saptari,ODRAHA,HEAVY RAINS,0,0,0,216,0,40,0,0.0,False,,,,,,,,,,,,,,,,,,,,,,,,,,True,True,True,True
episode-13bf597859706836d26c,UNDRR DesInventar Nepal,2010,7,17,Eastern Region,Sunsari,Barahachhatra,HEAVY RAINS,0,0,0,0,0,0,0,0.0,False,,,,,,,,,,,,,,,,,,,,,,,,,,True,True,True,True
episode-ab9268bad8d25d52f4d5,UNDRR DesInventar Nepal,2010,7,17,Eastern Region,Sunsari,Dharan Municiplality,RAIN,0,0,0,187,36,0,0,0.0,False,,,,,,,,,,,,,,,,,,,,,,,,,,True,True,True,True
episode-7ee2e2d22d74ea574cef,UNDRR DesInventar Nepal,2010,7,17,Eastern Region,Udayapur,Hadiya,RAIN,0,0,0,0,0,0,0,0.0,True,,,,,,,,,,,,,,,,,,,,,,,,,,True,True,True,True
episode-a64f87e69a76ae68c421,UNDRR DesInventar Nepal,2010,7,18,Eastern Region,Jhapa,DANGIBARI,RAIN,0,0,0,81,3,12,0,0.0,False,,,,,,,,,,,,,,,,,,,,,,,,,,True,True,True,True
episode-ba9451d17534e274e3d5,UNDRR DesInventar Nepal,2010,7,18,Eastern Region,Jhapa,GHAILADUWA,RAIN,0,0,0,0,0,0,0,0.0,False,,,,,,,,,,,,,,,,,,,,,,,,,,True,True,True,True
episode-2829f3423a25f0f3164d,UNDRR DesInventar Nepal,2010,7,18,Eastern Region,Jhapa,SHARANMATI,RAIN,0,0,0,38,0,7,0,0.0,False,,,,,,,,,,,,,,,,,,,,,,,,,,True,True,True,True
episode-9123cfdeaed5d063dbe4,UNDRR DesInventar Nepal,2010,7,18,Eastern Region,Jhapa,SURUNGA,HEAVY RAINS,0,0,0,540,0,100,0,0.0,False,,,,,,,,,,,,,,,,,,,,,,,,,,True,True,True,True
episode-81d9362a6f3844a00768,UNDRR DesInventar Nepal,2010,7,18,Far Western Region,Kailali,PAHALMANPUR,RAIN,0,0,0,54,0,10,0,0.0,False,,,,,,,,,,,,,,,,,,,,,,,,,,True,True,True,True
episode-a6c2604e2233bdbcf78b,UNDRR DesInventar Nepal,2010,7,18,Far Western Region,Kanchanpur,MAHENDRA NAGAR N.P.,RAIN,0,0,0,103,0,19,0,0.0,False,,,,,,,,,,,,,,,,,,,,,,,,,,True,True,True,True
episode-694429da80a1076b11fe,UNDRR DesInventar Nepal,2010,7,18,Mid-Western Region,Rukum,BAPHIKOT,HEAVY RAINS,0,0,0,10,1,0,0,0.0,False,,,,,,,,,,,,,,,,,,,,,,,,,,True,True,True,True
episode-9dc3d0986a1b09c0a843,UNDRR DesInventar Nepal,2010,7,19,Mid-Western Region,Dolpa,LAHA,HEAVY RAINS,10,8,0,81,15,0,0,0.0,False,,,,,,,,,,,,,,,,,,,,,,,,,,True,True,True,True
episode-6495151d1f02ef7af371,UNDRR DesInventar Nepal,2010,7,19,Eastern Region,Jhapa,DAMAK MUN.,HEAVY RAINS,0,0,0,1890,2,0,0,0.0,False,,,,,,,,,,,,,,,,,,,,,,,,,,True,True,True,True
episode-720c292938458298df8f,UNDRR DesInventar Nepal,2010,7,19,Eastern Region,Jhapa,JALTHAL,HEAVY RAINS,0,1,0,0,0,0,0,0.0,False,,,,,,,,,,,,,,,,,,,,,,,,,,True,True,True,True
episode-330af118b51c163c73e5,UNDRR DesInventar Nepal,2010,7,19,Eastern Region,Jhapa,SHIVAGANJ,HEAVY RAINS,2,0,0,12,0,0,0,0.0,False,,,,,,,,,,,,,,,,,,,,,,,,,,True,True,True,True
episode-9de30b1233bd206ccb38,UNDRR DesInventar Nepal,2010,7,19,Far Western Region,Kailali,BHAJANI,HEAVY RAINS,0,0,0,378,0,70,0,0.0,False,,,,,,,,,,,,,,,,,,,,,,,,,,True,True,True,True
episode-6865bd611ff42a7fd793,UNDRR DesInventar Nepal,2010,7,19,Far Western Region,Kailali,PAHALMANPUR,HEAVY RAINS,0,0,0,291,0,54,0,0.0,False,,,,,,,,,,,,,,,,,,,,,,,,,,True,True,True,True
episode-08ffa73e7d4dd5815608,UNDRR DesInventar Nepal,2010,7,19,Far Western Region,Kailali,RAMSIKHAR JHALA,HEAVY RAINS,0,0,0,1705,1,240,0,0.0,False,,,,,,,,,,,,,,,,,,,,,,,,,,True,True,True,True
episode-b82de7a96b94bdc10e43,UNDRR DesInventar Nepal,2010,7,19,Far Western Region,Kailali,TIKAPUR MUNICIPALITY,UNKNOWN,0,0,0,76,0,14,0,0.0,False,,,,,,,,,,,,,,,,,,,,,,,,,,True,True,True,True
episode-6c99a9f78512e7a0861b,UNDRR DesInventar Nepal,2010,7,19,Mid-Western Region,Rukum,BAPHIKOT,RAIN,1,0,0,7,1,0,0,0.0,False,,,,,,,,,,,,,,,,,,,,,,,,,,True,True,True,True
episode-5450ca7c4dfb2f8123f5,UNDRR DesInventar Nepal,2010,7,19,Mid-Western Region,Rukum,PIPAL,HEAVY RAINS,0,1,0,0,0,0,1,0.0,False,,,,,,,,,,,,,,,,,,,,,,,,,,True,True,True,True
episode-e28897b1c0f0d91bba89,UNDRR DesInventar Nepal,2010,7,19,Mid-Western Region,Rukum,UNKNOWN,HEAVY RAINS,0,0,0,562,0,0,0,0.0,False,,,,,,,,,,,,,,,,,,,,,,,,,,True,True,True,True
episode-19d1ef3e5c29303421f8,UNDRR DesInventar Nepal,2010,7,19,Western Region,Rupandehi,BUTAWAL_NP,HEAVY RAINS,0,0,0,2700,0,0,0,0.0,False,,,,,,,,,,,,,,,,,,,,,,,,,,True,True,True,True
episode-99ce6a181859bfe265db,UNDRR DesInventar Nepal,2010,7,19,Eastern Region,Sunsari,Narshinhatappu,RAIN,0,0,0,405,15,60,0,0.0,False,,,,,,,,,,,,,,,,,,,,,,,,,,True,True,True,True
episode-cdefae30ac0107b306d1,UNDRR DesInventar Nepal,2010,7,19,Eastern Region,Taplejung,TELLOK,HEAVY RAINS,0,0,0,5,1,0,0,0.0,False,,,,,,,,,,,,,,,,,,,,,,,,,,True,True,True,True
episode-69530417fe563b30e885,UNDRR DesInventar Nepal,2010,7,20,Far Western Region,Achham,UNKNOWN,HEAVY RAINS,0,0,2,119,15,0,0,0.0,False,,,,,,,,,,,,,,,,,,,,,,,,,,True,True,True,True
episode-74873ab7319fbd132a1e,UNDRR DesInventar Nepal,2010,7,20,Western Region,Gorkha,CHHEKAMPAR,RAIN,0,0,0,16,3,0,0,0.0,False,,,,,,,,,,,,,,,,,,,,,,,,,,True,True,True,True
episode-06a608d445f1d8671cf8,UNDRR DesInventar Nepal,2010,7,20,Eastern Region,Ilam,CHULACHULI,HEAVY RAINS,0,0,0,52,10,0,0,0.0,False,,,,,,,,,,,,,,,,,,,,,,,,,,True,True,True,True
episode-44d03ed1a1200fd6549b,UNDRR DesInventar Nepal,2010,7,20,Eastern Region,Ilam,DANABARI,HEAVY RAINS,0,0,0,21,0,4,0,0.0,False,,,,,,,,,,,,,,,,,,,,,,,,,,True,True,True,True
episode-77dacdd3e675e59444d6,UNDRR DesInventar Nepal,2010,7,20,Eastern Region,Ilam,SAMALBUN,HEAVY RAINS,0,0,0,5,1,0,0,0.0,False,,,,,,,,,,,,,,,,,,,,,,,,,,True,True,True,True
episode-b7ab8db4654430654b8c,UNDRR DesInventar Nepal,2010,7,20,Eastern Region,Jhapa,GHERABARI,RAIN,0,1,0,0,0,0,0,0.0,False,,,,,,,,,,,,,,,,,,,,,,,,,,True,True,True,True
episode-bd97ba584abfe0c6832b,UNDRR DesInventar Nepal,2010,7,20,Eastern Region,Jhapa,LAKHANPUR,RAIN,0,1,0,0,0,0,0,0.0,False,,,,,,,,,,,,,,,,,,,,,,,,,,True,True,True,True
episode-74790044c171a1e47842,UNDRR DesInventar Nepal,2010,7,20,Far Western Region,Kailali,UNKNOWN,HEAVY RAINS,1,0,0,918,0,0,0,0.0,False,,,,,,,,,,,,,,,,,,,,,,,,,,True,True,True,True
episode-a635e993e57790bc4c72,UNDRR DesInventar Nepal,2010,7,20,Far Western Region,Kanchanpur,KRISHNAPUR,HEAVY RAINS,0,0,0,281,0,52,0,0.0,False,,,,,,,,,,,,,,,,,,,,,,,,,,True,True,True,True
episode-c7d9952c42b0b29e1cae,UNDRR DesInventar Nepal,2010,7,20,Far Western Region,Kanchanpur,MAHENDRA NAGAR N.P.,RAIN,0,0,0,32,4,0,0,0.0,False,,,,,,,,,,,,,,,,,,,,,,,,,,True,True,True,True
episode-5ecd3c30ae1fde134abc,UNDRR DesInventar Nepal,2010,7,20,Far Western Region,Kanchanpur,TRIBHUWANBAST,HEAVY RAINS,0,0,0,108,10,0,0,0.0,False,,,,,,,,,,,,,,,,,,,,,,,,,,True,True,True,True
episode-3079be5bd3852b665fe4,UNDRR DesInventar Nepal,2010,7,20,Far Western Region,Kanchanpur,UNKNOWN,HEAVY RAINS,0,0,0,102,0,19,0,0.0,False,,,,,,,,,,,,,,,,,,,,,,,,,,True,True,True,True
episode-c57e7dbb1f764f035b00,UNDRR DesInventar Nepal,2010,7,20,Western Region,Mustang,TUKUCHE,HEAVY RAINS,0,0,0,0,0,0,0,0.0,False,,,,,,,,,,,,,,,,,,,,,,,,,,True,True,True,True
episode-8a80e5f0639edc379992,UNDRR DesInventar Nepal,2010,7,20,Western Region,Nawalparasi,TRIBENI_SUSTA,HEAVY RAINS,0,0,0,0,0,0,0,0.0,False,,,,,,,,,,,,,,,,,,,,,,,,,,True,True,True,True
episode-4d8bc8a60f727a22b213,UNDRR DesInventar Nepal,2010,7,20,Central Region,Rasuwa,Shyaphru,RAIN,0,0,0,0,0,0,0,0.0,True,,,,,,,,,,,,,,,,,,,,,,,,,,True,True,True,True
episode-b00fcce8f05ef0555f2c,UNDRR DesInventar Nepal,2010,7,21,Far Western Region,Bajura,UNKNOWN,HEAVY RAINS,0,0,0,1263,5,0,0,0.0,False,,,,,,,,,,,,,,,,,,,,,,,,,,True,True,True,True
episode-1465ea7ca609e35c75d3,UNDRR DesInventar Nepal,2010,7,21,Central Region,Bara,HARAIYA,RAIN,1,0,0,0,0,0,0,0.0,False,,,,,,,,,,,,,,,,,,,,,,,,,,True,True,True,True
episode-28fdf3a152e1eb78d9df,UNDRR DesInventar Nepal,2010,7,21,Central Region,Bara,JHITKAIYA (UTTAR),RAIN,1,0,0,0,0,0,0,0.0,False,,,,,,,,,,,,,,,,,,,,,,,,,,True,True,True,True
episode-4b59d588165a488ce1cf,UNDRR DesInventar Nepal,2010,7,21,Mid-Western Region,Dang,TARIGAUN,OTHER,1,0,0,0,0,0,0,0.0,False,,,,,,,,,,,,,,,,,,,,,,,,,,True,True,True,True
episode-4db1b31726129ad31aec,UNDRR DesInventar Nepal,2010,7,21,Western Region,Gorkha,UNKNOWN,HEAVY RAINS,0,0,0,16,6,0,0,0.0,False,,,,,,,,,,,,,,,,,,,,,,,,,,True,True,True,True
episode-c27905a987b7757e9653,UNDRR DesInventar Nepal,2010,7,21,Far Western Region,Kanchanpur,MAHENDRA NAGAR N.P.,HEAVY RAINS,1,0,0,2160,30,400,0,0.0,False,,,,,,,,,,,,,,,,,,,,,,,,,,True,True,True,True
episode-fa4633c2d8b094305531,UNDRR DesInventar Nepal,2010,7,21,Eastern Region,Morang,Babiya Birta,HEAVY RAINS,0,0,0,540,0,0,0,0.0,False,,,,,,,,,,,,,,,,,,,,,,,,,,True,True,True,True
episode-5b15328e72633242b565,UNDRR DesInventar Nepal,2010,7,21,Eastern Region,Morang,Katari,RAIN,0,0,0,2030,0,376,0,0.0,False,,,,,,,,,,,,,,,,,,,,,,,,,,True,True,True,True
episode-2bd9b9ee54c5303260ce,UNDRR DesInventar Nepal,2010,7,21,Eastern Region,Morang,Letang,RAIN,0,0,0,3500,0,0,0,0.0,False,,,,,,,,,,,,,,,,,,,,,,,,,,True,True,True,True
episode-8875ee62056ee416c305,UNDRR DesInventar Nepal,2010,7,21,Western Region,Nawalparasi,TRIBENI_SUSTA,HEAVY RAINS,0,0,0,3780,0,0,0,0.0,False,,,,,,,,,,,,,,,,,,,,,,,,,,True,True,True,True
episode-0cfd406ef1580faca147,UNDRR DesInventar Nepal,2010,7,21,Western Region,Nawalparasi,UNKNOWN,RAIN,0,0,0,4115,0,762,0,0.0,False,,,,,,,,,,,,,,,,,,,,,,,,,,True,True,True,True
episode-a5749036a7f93a27c07a,UNDRR DesInventar Nepal,2010,7,21,Central Region,Rasuwa,UNKNOWN,HEAVY RAINS,0,0,0,0,0,0,0,0.0,False,,,,,,,,,,,,,,,,,,,,,,,,,,True,True,True,True
episode-30472ba2d35234e7b214,UNDRR DesInventar Nepal,2010,7,21,Eastern Region,Sunsari,Babiya,RAIN,0,0,0,504,19,0,0,0.0,False,,,,,,,,,,,,,,,,,,,,,,,,,,True,True,True,True
episode-d521401a74cea73c15fa,UNDRR DesInventar Nepal,2010,7,21,Eastern Region,Sunsari,Basantapur,RAIN,0,0,0,540,0,100,0,0.0,False,,,,,,,,,,,,,,,,,,,,,,,,,,True,True,True,True
episode-99241a907fa92fa79d7c,UNDRR DesInventar Nepal,2010,7,21,Eastern Region,Sunsari,Bhokraha,RAIN,0,0,0,577,22,0,0,0.0,False,,,,,,,,,,,,,,,,,,,,,,,,,,True,True,True,True
episode-201c5bd86a1d41cfe6de,UNDRR DesInventar Nepal,2010,7,21,Eastern Region,Sunsari,Inaruwa Municipality,HEAVY RAINS,1,0,0,2542,38,0,0,0.0,True,,,,,,,,,,,,,,,,,,,,,,,,,,True,True,True,True
episode-b8c08b094485feb842ba,UNDRR DesInventar Nepal,2010,7,21,Eastern Region,Sunsari,Narshinhatappu,HEAVY RAINS,0,0,0,1331,25,0,0,0.0,False,,,,,,,,,,,,,,,,,,,,,,,,,,True,True,True,True
episode-6730ce9b941c828df4c9,UNDRR DesInventar Nepal,2010,7,21,Eastern Region,Udayapur,Beltar,HEAVY RAINS,1,0,0,194,0,0,0,0.0,False,,,,,,,,,,,,,,,,,,,,,,,,,,True,True,True,True
episode-c06a32fb2dc7a8023682,UNDRR DesInventar Nepal,2010,7,22,Far Western Region,Kanchanpur,MAHENDRA NAGAR N.P.,HEAVY RAINS,0,0,0,27,0,4,0,0.0,False,,,,,,,,,,,,,,,,,,,,,,,,,,True,True,True,True
episode-acea19c3e2f9e511293a,UNDRR DesInventar Nepal,2010,7,22,Eastern Region,Morang,Biratnagar Municipality,HEAVY RAINS,0,0,0,6480,0,0,0,0.0,False,,,,,,,,,,,,,,,,,,,,,,,,,,True,True,True,True
episode-b51ee1d539ee72069b8a,UNDRR DesInventar Nepal,2010,7,23,Eastern Region,Jhapa,SHANTINAGAR,OTHER,1,0,0,5,0,0,0,0.0,False,,,,,,,,,,,,,,,,,,,,,,,,,,True,True,True,True
episode-a25a399d3f8597b1afd0,UNDRR DesInventar Nepal,2010,7,24,Eastern Region,Ilam,PANCHAKANYA,OTHER,1,0,0,5,0,0,0,0.0,False,,,,,,,,,,,,,,,,,,,,,,,,,,True,True,True,True
episode-1142882a85e7088a72c7,UNDRR DesInventar Nepal,2010,7,24,Western Region,Rupandehi,MANMATERIYA,OTHER,2,0,0,5,0,0,0,0.0,False,,,,,,,,,,,,,,,,,,,,,,,,,,True,True,True,True
episode-6f10d77c80949be96cd8,UNDRR DesInventar Nepal,2010,7,24,Eastern Region,Sunsari,Madhesa,OTHER,2,0,0,10,0,0,0,0.0,False,,,,,,,,,,,,,,,,,,,,,,,,,,True,True,True,True
episode-03e4a860eec05664ef17,UNDRR DesInventar Nepal,2010,7,24,Eastern Region,Sunsari,Narshinhatappu,OTHER,3,0,0,15,0,0,0,0.0,False,,,,,,,,,,,,,,,,,,,,,,,,,,True,True,True,True
episode-30a8f2b891e299633d28,UNDRR DesInventar Nepal,2010,7,25,Mid-Western Region,Banke,UNKNOWN,RAIN,0,0,0,1620,0,0,0,0.0,False,,,,,,,,,,,,,,,,,,,,,,,,,,True,True,True,True
episode-936e6f88963de0bf9c20,UNDRR DesInventar Nepal,2010,7,25,Mid-Western Region,Mugu,UNKNOWN,HEAVY RAINS,0,0,0,0,0,0,0,0.0,False,,,,,,,,,,,,,,,,,,,,,,,,,,True,True,True,True
episode-d36226963235a34fb60f,UNDRR DesInventar Nepal,2010,7,28,Mid-Western Region,Rolpa,MIJHIN,HEAVY RAINS,1,0,0,5,0,0,0,0.0,False,,,,,,,,,,,,,,,,,,,,,,,,,,True,True,True,True
episode-380c650709df80718d9e,UNDRR DesInventar Nepal,2010,7,29,Mid-Western Region,Rukum,ATHABISH_KOT,RAIN,0,0,0,194,0,36,0,0.0,False,,,,,,,,,,,,,,,,,,,,,,,,,,True,True,True,True
episode-e22213feb2b39d054fdf,UNDRR DesInventar Nepal,2010,7,29,Mid-Western Region,Rukum,CHHIBANG,RAIN,0,0,0,129,0,24,0,0.0,False,,,,,,,,,,,,,,,,,,,,,,,,,,True,True,True,True
episode-f06e87b4aafebce4a82a,UNDRR DesInventar Nepal,2010,7,29,Eastern Region,Sunsari,Babiya,RAIN,0,0,0,0,0,0,0,0.0,False,,,,,,,,,,,,,,,,,,,,,,,,,,True,True,True,True
episode-f79529cd301fc50834fb,UNDRR DesInventar Nepal,2010,7,29,Eastern Region,Sunsari,Inaruwa Municipality,HEAVY RAINS,0,0,0,0,0,0,0,0.0,False,,,,,,,,,,,,,,,,,,,,,,,,,,True,True,True,True
episode-e79d6b2cd7cac96846a0,UNDRR DesInventar Nepal,2010,7,30,Mid-Western Region,Dang,DURUWA,OTHER,1,0,0,5,0,0,0,0.0,False,,,,,,,,,,,,,,,,,,,,,,,,,,True,True,True,True
episode-a80520bcf4e0358d16a2,UNDRR DesInventar Nepal,2010,7,30,Western Region,Gulmi,UNKNOWN,HEAVY RAINS,0,0,0,0,0,0,0,0.0,False,,,,,,,,,,,,,,,,,,,,,,,,,,True,True,True,True
episode-9655946c5ff035f6b046,UNDRR DesInventar Nepal,2010,7,30,Far Western Region,Kailali,CHAUMALA,HEAVY RAINS,0,0,0,405,0,75,0,0.0,False,,,,,,,,,,,,,,,,,,,,,,,,,,True,True,True,True
episode-a5a3f66b2e17bc3bcb38,UNDRR DesInventar Nepal,2010,7,30,Far Western Region,Kailali,KHAILAD,HEAVY RAINS,0,0,0,216,0,40,0,0.0,False,,,,,,,,,,,,,,,,,,,,,,,,,,True,True,True,True
episode-29c50d86ccb555cc8aa6,UNDRR DesInventar Nepal,2010,7,30,Far Western Region,Kailali,LALBOJHI,HEAVY RAINS,0,0,0,345,0,64,0,0.0,False,,,,,,,,,,,,,,,,,,,,,,,,,,True,True,True,True
episode-fe2e71f30fee75931249,UNDRR DesInventar Nepal,2010,7,30,Far Western Region,Kailali,PAHALMANPUR,HEAVY RAINS,0,0,0,405,0,75,0,0.0,False,,,,,,,,,,,,,,,,,,,,,,,,,,True,True,True,True
episode-3b97da8d23c57386c0ca,UNDRR DesInventar Nepal,2010,7,30,Far Western Region,Kailali,RAMSIKHAR JHALA,HEAVY RAINS,0,0,0,405,0,75,0,0.0,False,,,,,,,,,,,,,,,,,,,,,,,,,,True,True,True,True
episode-d8a8a5421f5094c372f5,UNDRR DesInventar Nepal,2010,8,1,Mid-Western Region,Bardiya,PATABHAR,HEAVY RAINS,4,0,0,21,0,0,25,0.0,False,,,,,,,,,,,,,,,,,,,,,,,,,,True,True,True,True
episode-d8a458d3ff4f0b59603b,UNDRR DesInventar Nepal,2010,8,2,Far Western Region,Bajura,Kuldevmandau,HEAVY RAINS,0,0,0,119,0,0,0,0.0,False,,,,,,,,,,,,,,,,,,,,,,,,,,True,True,True,True
episode-e963e286ffbc8b96040f,UNDRR DesInventar Nepal,2010,8,2,Mid-Western Region,Jajarkot,Dasera,HEAVY RAINS,8,0,1,54,9,0,0,0.0,False,,,,,,,,,,,,,,,,,,,,,,,,,,True,True,True,True
episode-e4199d9446037505be61,UNDRR DesInventar Nepal,2010,8,2,Mid-Western Region,Rukum,GOTAME_KOT,HEAVY RAINS,0,0,2,5,0,0,0,0.0,False,,,,,,,,,,,,,,,,,,,,,,,,,,True,True,True,True
episode-adbca69873e0f433d375,UNDRR DesInventar Nepal,2010,8,3,Central Region,Sindhupalchoke,Nawalpur,HEAVY RAINS,0,0,0,5,1,0,0,0.0,False,,,,,,,,,,,,,,,,,,,,,,,,,,True,True,True,True
episode-77d383c723c18e83048d,UNDRR DesInventar Nepal,2010,8,4,Eastern Region,Khotang,Badahare,HEAVY RAINS,0,0,0,43,8,0,0,0.0,False,,,,,,,,,,,,,,,,,,,,,,,,,,True,True,True,True
episode-eff9d360567479576800,UNDRR DesInventar Nepal,2010,8,4,Eastern Region,Khotang,Batase,HEAVY RAINS,0,0,0,43,0,8,0,0.0,False,,,,,,,,,,,,,,,,,,,,,,,,,,True,True,True,True
episode-413c9bde9bbd20ca337e,UNDRR DesInventar Nepal,2010,8,4,Eastern Region,Khotang,Chyasmitar,HEAVY RAINS,0,0,0,16,0,3,0,0.0,False,,,,,,,,,,,,,,,,,,,,,,,,,,True,True,True,True
episode-e8690db3d0fd59988ba7,UNDRR DesInventar Nepal,2010,8,4,Eastern Region,Khotang,Durchim,HEAVY RAINS,0,0,0,65,12,0,0,0.0,False,,,,,,,,,,,,,,,,,,,,,,,,,,True,True,True,True
episode-5cee28544a75df5cc754,UNDRR DesInventar Nepal,2010,8,4,Eastern Region,Khotang,Nirmali Danda,HEAVY RAINS,0,0,0,0,0,0,0,0.0,False,,,,,,,,,,,,,,,,,,,,,,,,,,True,True,True,True
episode-72e457c38de233c641de,UNDRR DesInventar Nepal,2010,8,4,Eastern Region,Khotang,Rajpani,HEAVY RAINS,1,0,0,70,0,12,0,0.0,False,,,,,,,,,,,,,,,,,,,,,,,,,,True,True,True,True
episode-6be3c587ec8a5f5d1afc,UNDRR DesInventar Nepal,2010,8,4,Central Region,Sindhupalchoke,Mahankal,HEAVY RAINS,1,0,0,0,0,0,0,0.0,False,,,,,,,,,,,,,,,,,,,,,,,,,,True,True,True,True
episode-3f13882169710fe2d7e2,UNDRR DesInventar Nepal,2010,8,7,Mid-Western Region,Mugu,SUKHADHIK,HEAVY RAINS,1,0,0,5,0,0,0,0.0,False,,,,,,,,,,,,,,,,,,,,,,,,,,True,True,True,True
episode-7982dbb8daaad4b85a7e,UNDRR DesInventar Nepal,2010,8,9,Central Region,Dhading,LAPA,RAIN,0,0,0,551,0,0,0,0.0,False,,,,,,,,,,,,,,,,,,,,,,,,,,True,True,True,True
episode-42962d6683cdec92a722,UNDRR DesInventar Nepal,2010,8,9,Western Region,Gulmi,DOHALI,OTHER,1,0,0,5,0,0,0,0.0,False,,,,,,,,,,,,,,,,,,,,,,,,,,True,True,True,True
episode-fd746d5ae084681a1768,UNDRR DesInventar Nepal,2010,8,9,Eastern Region,Panchthar,PHIDIM,OTHER,2,0,0,10,0,0,0,0.0,False,,,,,,,,,,,,,,,,,,,,,,,,,,True,True,True,True
episode-5d09e2b2cc0d9c6d03fd,UNDRR DesInventar Nepal,2010,8,11,Far Western Region,Kanchanpur,PIPALADI,RAIN,0,0,0,0,0,0,0,0.0,False,,,,,,,,,,,,,,,,,,,,,,,,,,True,True,True,True
episode-5242a5ee6c5c0a27997a,UNDRR DesInventar Nepal,2010,8,11,Mid-Western Region,Pyuthan,PUJA,HEAVY RAINS,0,0,0,113,10,0,0,0.0,False,,,,,,,,,,,,,,,,,,,,,,,,,,True,True,True,True
episode-da20916b548c883225b1,UNDRR DesInventar Nepal,2010,8,11,Central Region,Sindhuli,Amale,HEAVY RAINS,0,0,0,5,1,0,0,0.0,False,,,,,,,,,,,,,,,,,,,,,,,,,,True,True,True,True
episode-aca1c7ad9de7f8920c87,UNDRR DesInventar Nepal,2010,8,11,Western Region,Syangja,PHARPARTHUM,HEAVY RAINS,0,0,0,11,2,0,0,0.0,False,,,,,,,,,,,,,,,,,,,,,,,,,,True,True,True,True
episode-56bf0355f2b0b88987f8,UNDRR DesInventar Nepal,2010,8,14,Eastern Region,Udayapur,Trijuga Municipality,HEAVY RAINS,1,0,0,0,0,0,0,0.0,False,,,,,,,,,,,,,,,,,,,,,,,,,,True,True,True,True
episode-87d35fac7ced893afed3,UNDRR DesInventar Nepal,2010,8,15,Eastern Region,Saptari,RAYPUR,RAIN,0,0,0,70,0,13,0,0.0,False,,,,,,,,,,,,,,,,,,,,,,,,,,True,True,True,True
episode-6ae3f057b29598b2ff50,UNDRR DesInventar Nepal,2010,8,17,Far Western Region,Kanchanpur,DAIJEE,RAIN,0,0,0,11,2,0,0,0.0,False,,,,,,,,,,,,,,,,,,,,,,,,,,True,True,True,True
episode-b4916d4368c212de6e62,UNDRR DesInventar Nepal,2010,8,17,Far Western Region,Kanchanpur,KRISHNAPUR,RAIN,0,0,0,43,2,6,0,0.0,False,,,,,,,,,,,,,,,,,,,,,,,,,,True,True,True,True
episode-7b613c3a3cc2cf3ded4d,UNDRR DesInventar Nepal,2010,8,17,Mid-Western Region,Rukum,UNKNOWN,HEAVY RAINS,0,0,0,81,0,0,0,0.0,False,,,,,,,,,,,,,,,,,,,,,,,,,,True,True,True,True
episode-9478d328457c6ac584ed,UNDRR DesInventar Nepal,2010,8,19,Western Region,Baglung,ADHIKARICHAUR,HEAVY RAINS,1,0,0,0,0,0,0,0.0,False,,,,,,,,,,,,,,,,,,,,,,,,,,True,True,True,True
episode-8b7512fdaf0912be06d5,UNDRR DesInventar Nepal,2010,8,19,Eastern Region,Jhapa,PANCHGANCHI,RAIN,0,0,0,54,0,10,0,0.0,False,,,,,,,,,,,,,,,,,,,,,,,,,,True,True,True,True
episode-eec6fafbd923bddb343b,UNDRR DesInventar Nepal,2010,8,19,Far Western Region,Kanchanpur,UNKNOWN,HEAVY RAINS,0,0,0,119,0,22,0,0.0,False,,,,,,,,,,,,,,,,,,,,,,,,,,True,True,True,True
episode-9147f59aeec3a02d3b68,UNDRR DesInventar Nepal,2010,8,19,Eastern Region,Okhaldhunga,DIYALE,HEAVY RAINS,0,0,0,0,0,0,0,0.0,False,,,,,,,,,,,,,,,,,,,,,,,,,,True,True,True,True
episode-de95a63d171684744572,UNDRR DesInventar Nepal,2010,8,19,Mid-Western Region,Rukum,GOTAME_KOT,HEAVY RAINS,0,0,0,32,0,6,0,0.0,False,,,,,,,,,,,,,,,,,,,,,,,,,,True,True,True,True
episode-59b552f149e315fbc3c0,UNDRR DesInventar Nepal,2010,8,20,Eastern Region,Jhapa,PANCHGANCHI,RAIN,0,0,0,43,0,8,0,0.0,False,,,,,,,,,,,,,,,,,,,,,,,,,,True,True,True,True
episode-5f70bf7f42afedad13b2,UNDRR DesInventar Nepal,2010,8,20,Central Region,Kavre,PANUTI  MUNICIPALITY,HEAVY RAINS,0,1,0,0,0,0,0,0.0,False,,,,,,,,,,,,,,,,,,,,,,,,,,True,True,True,True
episode-e11794c2ff5067b85b72,UNDRR DesInventar Nepal,2010,8,21,Mid-Western Region,Dang,MANPUR,RAIN,1,0,0,0,0,0,0,0.0,False,,,,,,,,,,,,,,,,,,,,,,,,,,True,True,True,True
episode-bc30464652d6c1597100,UNDRR DesInventar Nepal,2010,8,21,Mid-Western Region,Dang,TULSIPUR_MUNICIPALIT,RAIN,2,0,0,22,4,0,0,0.0,False,,,,,,,,,,,,,,,,,,,,,,,,,,True,True,True,True
episode-475d52d892feaa254523,UNDRR DesInventar Nepal,2010,8,21,Mid-Western Region,Rukum,GOTAME_KOT,HEAVY RAINS,0,0,0,92,0,17,0,0.0,False,,,,,,,,,,,,,,,,,,,,,,,,,,True,True,True,True
episode-6638a25f353061fd1626,UNDRR DesInventar Nepal,2010,8,22,Far Western Region,Kanchanpur,DEKHATBHULI,RAIN,0,0,0,686,0,127,0,0.0,False,,,,,,,,,,,,,,,,,,,,,,,,,,True,True,True,True
episode-a4ae5231ff6303c5bf93,UNDRR DesInventar Nepal,2010,8,22,Far Western Region,Kanchanpur,MAHENDRA NAGAR N.P.,RAIN,0,0,0,119,0,22,0,0.0,False,,,,,,,,,,,,,,,,,,,,,,,,,,True,True,True,True
episode-4275112f64776bebdd7f,UNDRR DesInventar Nepal,2010,8,22,Western Region,Nawalparasi,RAMPUR_KHADAUNA,HEAVY RAINS,0,0,0,216,0,0,0,0.0,False,,,,,,,,,,,,,,,,,,,,,,,,,,True,True,True,True
episode-a8e71914d3eb8aedbd7a,UNDRR DesInventar Nepal,2010,8,22,Central Region,Parsa,Birgunj Municipality,HEAVY RAINS,0,0,0,432,0,0,0,0.0,False,,,,,,,,,,,,,,,,,,,,,,,,,,True,True,True,True
episode-a3e9866d71b9105b37cc,UNDRR DesInventar Nepal,2010,8,22,Central Region,Rautahat,UNKNOWN,HEAVY RAINS,0,0,0,108,14,0,0,0.0,False,,,,,,,,,,,,,,,,,,,,,,,,,,True,True,True,True
episode-79af137a4f55a03ba492,UNDRR DesInventar Nepal,2010,8,22,Mid-Western Region,Surkhet,LAGAM,HEAVY RAINS,0,2,0,0,0,0,0,0.0,False,,,,,,,,,,,,,,,,,,,,,,,,,,True,True,True,True
episode-c7bde71a3e50428486be,UNDRR DesInventar Nepal,2010,8,23,Mid-Western Region,Bardiya,RAJAPUR,RAIN,0,0,0,171,0,500,0,0.0,False,,,,,,,,,,,,,,,,,,,,,,,,,,True,True,True,True
episode-fc08933dcce745597600,UNDRR DesInventar Nepal,2010,8,23,Eastern Region,Ilam,DANABARI,RAIN,2,0,0,436,0,0,0,0.0,False,,,,,,,,,,,,,,,,,,,,,,,,,,True,True,True,True
episode-b0441eb86ad3ef3e0169,UNDRR DesInventar Nepal,2010,8,23,Eastern Region,Jhapa,DANGIBARI,OTHER,0,0,0,130,0,24,0,0.0,False,,,,,,,,,,,,,,,,,,,,,,,,,,True,True,True,True
episode-d2b620195e215bd9b810,UNDRR DesInventar Nepal,2010,8,23,Far Western Region,Kailali,BHAJANI,RAIN,0,0,0,524,0,97,0,0.0,False,,,,,,,,,,,,,,,,,,,,,,,,,,True,True,True,True
episode-e68465ed600dc30e979f,UNDRR DesInventar Nepal,2010,8,23,Far Western Region,Kailali,LALBOJHI,RAIN,0,0,0,162,0,30,0,0.0,False,,,,,,,,,,,,,,,,,,,,,,,,,,True,True,True,True
episode-e99c583e116da739c538,UNDRR DesInventar Nepal,2010,8,23,Western Region,Nawalparasi,SHIVAMANDIR,RAIN,0,0,0,30000,0,0,0,0.0,False,,,,,,,,,,,,,,,,,,,,,,,,,,True,True,True,True
episode-db3c11d86ff83f5827ab,UNDRR DesInventar Nepal,2010,8,23,Mid-Western Region,Pyuthan,PAKALA,UNKNOWN,0,0,0,59,11,0,0,0.0,False,,,,,,,,,,,,,,,,,,,,,,,,,,True,True,True,True
episode-62ca641c9326e78b701a,UNDRR DesInventar Nepal,2010,8,23,Central Region,Sindhuli,Dudhauli,HEAVY RAINS,3,0,0,10,0,0,0,0.0,False,,,,,,,,,,,,,,,,,,,,,,,,,,True,True,True,True
episode-6a5b6317bf083e80be48,UNDRR DesInventar Nepal,2010,8,23,Central Region,Sindhuli,Jarayotar,HEAVY RAINS,1,0,0,0,0,0,0,0.0,False,,,,,,,,,,,,,,,,,,,,,,,,,,True,True,True,True
episode-4f96420343f566522cbb,UNDRR DesInventar Nepal,2010,8,23,Eastern Region,Siraha,Badaharamal,RAIN,0,0,0,1134,0,210,0,0.0,False,,,,,,,,,,,,,,,,,,,,,,,,,,True,True,True,True
episode-5653a97b97f3f8ea4291,UNDRR DesInventar Nepal,2010,8,23,Eastern Region,Sunsari,Mahendranagar,RAIN,0,0,0,0,0,0,0,0.0,False,,,,,,,,,,,,,,,,,,,,,,,,,,True,True,True,True
episode-76d4454106266644f7d8,UNDRR DesInventar Nepal,2010,8,23,Eastern Region,Udayapur,Rampur,RAIN,0,0,0,0,0,0,0,0.0,False,,,,,,,,,,,,,,,,,,,,,,,,,,True,True,True,True
episode-571190cd0b9cf1d95af7,UNDRR DesInventar Nepal,2010,8,23,Eastern Region,Udayapur,Tapeshwari,RAIN,0,0,0,945,0,175,0,0.0,False,,,,,,,,,,,,,,,,,,,,,,,,,,True,True,True,True
episode-3428eb198d5e5506a809,UNDRR DesInventar Nepal,2010,8,24,Far Western Region,Bajhang,Surma,HEAVY RAINS,1,0,0,0,0,0,0,0.0,False,,,,,,,,,,,,,,,,,,,,,,,,,,True,True,True,True
episode-eeff6aebe7ea034dad67,UNDRR DesInventar Nepal,2010,8,24,Central Region,Bara,UNKNOWN,HEAVY RAINS,0,0,0,162,0,30,0,0.0,False,,,,,,,,,,,,,,,,,,,,,,,,,,True,True,True,True
episode-f4e746483537eb8c4c3d,UNDRR DesInventar Nepal,2010,8,24,Central Region,Chitawan,AYODHYAPUR,RAIN,1,0,0,0,0,0,0,0.0,False,,,,,,,,,,,,,,,,,,,,,,,,,,True,True,True,True
episode-5e6ca2d7afc14c3acf19,UNDRR DesInventar Nepal,2010,8,24,Far Western Region,Dadeldhura,BAGARKOT,OTHER,2,0,0,452,0,0,0,0.0,False,,,,,,,,,,,,,,,,,,,,,,,,,,True,True,True,True
episode-ff02d691b04ca3794a32,UNDRR DesInventar Nepal,2010,8,24,Eastern Region,Dhankuta,MURTIDHUNGA,HEAVY RAINS,0,0,0,43,1,0,0,0.0,False,,,,,,,,,,,,,,,,,,,,,,,,,,True,True,True,True
episode-6d1ad0dbd49a1e9dbea4,UNDRR DesInventar Nepal,2010,8,24,Mid-Western Region,Jajarkot,UNKNOWN,HEAVY RAINS,0,0,0,0,0,0,0,0.0,False,,,,,,,,,,,,,,,,,,,,,,,,,,True,True,True,True
episode-3947a2a099df63bcf0b5,UNDRR DesInventar Nepal,2010,8,24,Central Region,Kathmandu,UNKNOWN,HEAVY RAINS,0,0,2,0,0,0,0,0.0,False,,,,,,,,,,,,,,,,,,,,,,,,,,True,True,True,True
episode-3344a2cbcbb2274ef9f4,UNDRR DesInventar Nepal,2010,8,24,Central Region,Kavre,PANUTI  MUNICIPALITY,RAIN,0,0,0,0,0,0,0,0.0,False,,,,,,,,,,,,,,,,,,,,,,,,,,True,True,True,True
episode-c2cafafb6cd21fc6b1f9,UNDRR DesInventar Nepal,2010,8,24,Central Region,Mahotari,UNKNOWN,RAIN,0,0,0,0,0,0,0,0.0,False,,,,,,,,,,,,,,,,,,,,,,,,,,True,True,True,True
episode-3e35b5c92eefa537de27,UNDRR DesInventar Nepal,2010,8,24,Central Region,Makwanpur,HETAUDA MUNICIPALITY,RAIN,0,0,0,103,0,19,0,0.0,False,,,,,,,,,,,,,,,,,,,,,,,,,,True,True,True,True
episode-45cc6560ba6316989310,UNDRR DesInventar Nepal,2010,8,24,Central Region,Makwanpur,PADAM POKHARI,HEAVY RAINS,1,0,1,0,0,0,0,0.0,False,,,,,,,,,,,,,,,,,,,,,,,,,,True,True,True,True
episode-d30d5bd9872f9e1cbb79,UNDRR DesInventar Nepal,2010,8,24,Eastern Region,Morang,UNKNOWN,OTHER,0,0,0,486,40,0,0,0.0,False,,,,,,,,,,,,,,,,,,,,,,,,,,True,True,True,True
episode-a275254613c503a88a58,UNDRR DesInventar Nepal,2010,8,24,Western Region,Nawalparasi,DEDGAUN,RAIN,0,0,0,0,0,0,0,0.0,False,,,,,,,,,,,,,,,,,,,,,,,,,,True,True,True,True
episode-0615c433be9c2fa2b23d,UNDRR DesInventar Nepal,2010,8,24,Western Region,Nawalparasi,RAKUWA,HEAVY RAINS,0,0,0,0,0,0,0,0.0,False,,,,,,,,,,,,,,,,,,,,,,,,,,True,True,True,True
episode-6e2b38f19a651fc303aa,UNDRR DesInventar Nepal,2010,8,24,Central Region,Parsa,Thori,HEAVY RAINS,0,0,0,119,22,0,0,0.0,False,,,,,,,,,,,,,,,,,,,,,,,,,,True,True,True,True
episode-7e6e7a23d41768b46012,UNDRR DesInventar Nepal,2010,8,24,Central Region,Sindhuli,Kalpabriksha,HEAVY RAINS,2,0,0,0,0,0,0,0.0,False,,,,,,,,,,,,,,,,,,,,,,,,,,True,True,True,True
episode-e3b630b85d782637e13d,UNDRR DesInventar Nepal,2010,8,24,Central Region,Sindhuli,Mahadevsthan,HEAVY RAINS,4,0,0,0,0,0,0,0.0,False,,,,,,,,,,,,,,,,,,,,,,,,,,True,True,True,True
episode-d8f5e4860ba8f1149e7a,UNDRR DesInventar Nepal,2010,8,24,Eastern Region,Udayapur,Trijuga Municipality,RAIN,3,0,0,1200,17,0,0,0.0,False,,,,,,,,,,,,,,,,,,,,,,,,,,True,True,True,True
episode-6173b13dc23cc0ea14a5,UNDRR DesInventar Nepal,2010,8,25,Far Western Region,Achham,KUIKA,OTHER,2,0,0,5,0,0,0,0.0,False,,,,,,,,,,,,,,,,,,,,,,,,,,True,True,True,True
episode-f7cbe22c94786284920b,UNDRR DesInventar Nepal,2010,8,25,Eastern Region,Ilam,CHULACHULI,HEAVY RAINS,0,0,0,142,27,14,0,0.0,False,,,,,,,,,,,,,,,,,,,,,,,,,,True,True,True,True
episode-a4b86088bb1127efacf1,UNDRR DesInventar Nepal,2010,8,25,Western Region,Mustang,KOBANG,RAIN,0,0,0,81,0,0,0,0.0,True,,,,,,,,,,,,,,,,,,,,,,,,,,True,True,True,True
episode-2af0d05f34683ff8ad81,UNDRR DesInventar Nepal,2010,8,25,Central Region,Rautahat,BADHARWA,HEAVY RAINS,0,0,0,11,0,2,0,0.0,False,,,,,,,,,,,,,,,,,,,,,,,,,,True,True,True,True
episode-f3e45e1244947a6a8b38,UNDRR DesInventar Nepal,2010,8,25,Central Region,Rautahat,HARSAHA PHATUHA (B),HEAVY RAINS,0,0,0,0,0,0,0,0.0,False,,,,,,,,,,,,,,,,,,,,,,,,,,True,True,True,True
episode-7e280a94d3418b0627c9,UNDRR DesInventar Nepal,2010,8,25,Central Region,Rautahat,KARKACH KARMAHIV,HEAVY RAINS,0,0,0,43,0,8,0,0.0,False,,,,,,,,,,,,,,,,,,,,,,,,,,True,True,True,True
episode-fbba0ef02095773194a0,UNDRR DesInventar Nepal,2010,8,25,Central Region,Rautahat,KARUNIVA,HEAVY RAINS,0,0,0,27,0,5,0,0.0,False,,,,,,,,,,,,,,,,,,,,,,,,,,True,True,True,True
episode-eff4069d55a3264b8fea,UNDRR DesInventar Nepal,2010,8,25,Central Region,Rautahat,KATAHARIYA (B),HEAVY RAINS,1,0,0,83,0,0,32,0.0,False,,,,,,,,,,,,,,,,,,,,,,,,,,True,True,True,True
episode-399710c2e02374991134,UNDRR DesInventar Nepal,2010,8,25,Central Region,Rautahat,MARYADPUR,HEAVY RAINS,0,0,0,11,0,2,0,0.0,False,,,,,,,,,,,,,,,,,,,,,,,,,,True,True,True,True
episode-8844732bfe995c6554cc,UNDRR DesInventar Nepal,2010,8,25,Central Region,Rautahat,RAGHUNATHPUR,HEAVY RAINS,0,0,0,5,0,1,0,0.0,False,,,,,,,,,,,,,,,,,,,,,,,,,,True,True,True,True
episode-653ac8156e19d8b22ec7,UNDRR DesInventar Nepal,2010,8,25,Central Region,Rautahat,UNKNOWN,HEAVY RAINS,0,0,0,102,14,0,0,0.0,False,,,,,,,,,,,,,,,,,,,,,,,,,,True,True,True,True
episode-b23ee52be87f080aa424,UNDRR DesInventar Nepal,2010,8,25,Mid-Western Region,Rukum,BHALAWACHA,OTHER,1,0,0,5,0,0,0,0.0,False,,,,,,,,,,,,,,,,,,,,,,,,,,True,True,True,True
episode-6416a3bf326744bd4a4a,UNDRR DesInventar Nepal,2010,8,26,Far Western Region,Baitadi,DASHARATHCHAND N.P,OTHER,1,0,3,5,1,0,0,0.0,False,,,,,,,,,,,,,,,,,,,,,,,,,,True,True,True,True
episode-da2f633936f85b69d37c,UNDRR DesInventar Nepal,2010,8,26,Central Region,Chitawan,BAGHAUDA,RAIN,1,0,0,1358,0,25,270,0.0,False,,,,,,,,,,,,,,,,,,,,,,,,,,True,True,True,True
episode-3202d86c2e968b511ed5,UNDRR DesInventar Nepal,2010,8,26,Central Region,Chitawan,GARDI,RAIN,1,0,0,1358,0,25,270,0.0,False,,,,,,,,,,,,,,,,,,,,,,,,,,True,True,True,True
episode-fcee0abf77a46b91a84f,UNDRR DesInventar Nepal,2010,8,26,Eastern Region,Jhapa,ARJUNDHARA,RAIN,2,0,0,4267,101,106,0,0.0,False,,,,,,,,,,,,,,,,,,,,,,,,,,True,True,True,True
episode-a9084e3da58667df46eb,UNDRR DesInventar Nepal,2010,8,26,Eastern Region,Jhapa,BAHUNADANGI,RAIN,2,0,0,4267,101,101,0,0.0,False,,,,,,,,,,,,,,,,,,,,,,,,,,True,True,True,True
episode-9f8b9e3b8a72ba01c65d,UNDRR DesInventar Nepal,2010,8,26,Eastern Region,Jhapa,KUMARKHOD,RAIN,4,0,0,4267,101,106,0,0.0,False,,,,,,,,,,,,,,,,,,,,,,,,,,True,True,True,True
episode-c37369b40f02f80b6229,UNDRR DesInventar Nepal,2010,8,26,Far Western Region,Kanchanpur,BAISI BICHAWA,HEAVY RAINS,0,0,0,5,0,1,0,0.0,False,,,,,,,,,,,,,,,,,,,,,,,,,,True,True,True,True
episode-4ca3931809a453c694d8,UNDRR DesInventar Nepal,2010,8,26,Far Western Region,Kanchanpur,CHANDANI,HEAVY RAINS,0,0,0,65,0,12,0,0.0,False,,,,,,,,,,,,,,,,,,,,,,,,,,True,True,True,True
episode-6fbfbfc7ea5d91c455c0,UNDRR DesInventar Nepal,2010,8,26,Far Western Region,Kanchanpur,DAIJEE,HEAVY RAINS,0,0,0,5,0,1,0,0.0,False,,,,,,,,,,,,,,,,,,,,,,,,,,True,True,True,True
episode-4a787ab766f288a34ad9,UNDRR DesInventar Nepal,2010,8,26,Far Western Region,Kanchanpur,DODHAR,HEAVY RAINS,0,0,0,16,0,3,0,0.0,False,,,,,,,,,,,,,,,,,,,,,,,,,,True,True,True,True
episode-428b6a4be40bfffcf985,UNDRR DesInventar Nepal,2010,8,26,Far Western Region,Kanchanpur,JHALARI,HEAVY RAINS,0,0,0,59,0,11,0,0.0,False,,,,,,,,,,,,,,,,,,,,,,,,,,True,True,True,True
episode-b062dab99988ae364212,UNDRR DesInventar Nepal,2010,8,26,Far Western Region,Kanchanpur,KRISHNAPUR,HEAVY RAINS,0,0,0,146,0,27,0,0.0,False,,,,,,,,,,,,,,,,,,,,,,,,,,True,True,True,True
episode-1f380ea150104e742cdd,UNDRR DesInventar Nepal,2010,8,26,Far Western Region,Kanchanpur,MAHENDRA NAGAR N.P.,HEAVY RAINS,2,0,0,327,46,32,0,0.0,False,,,,,,,,,,,,,,,,,,,,,,,,,,True,True,True,True
episode-86ae95fa69e97cb916d2,UNDRR DesInventar Nepal,2010,8,26,Far Western Region,Kanchanpur,PIPALADI,HEAVY RAINS,0,0,0,119,0,22,0,0.0,False,,,,,,,,,,,,,,,,,,,,,,,,,,True,True,True,True
episode-e8d6e61d6bc94ec0c83d,UNDRR DesInventar Nepal,2010,8,26,Far Western Region,Kanchanpur,SANKARPUR,HEAVY RAINS,0,0,0,70,0,13,0,0.0,False,,,,,,,,,,,,,,,,,,,,,,,,,,True,True,True,True
episode-8fd316f361ff06937de3,UNDRR DesInventar Nepal,2010,8,26,Far Western Region,Kanchanpur,TRIBHUWANBAST,HEAVY RAINS,0,0,0,48,0,9,0,0.0,False,,,,,,,,,,,,,,,,,,,,,,,,,,True,True,True,True
episode-9809dfb995e38f5372c5,UNDRR DesInventar Nepal,2010,8,26,Central Region,Sindhuli,UNKNOWN,RAIN,0,0,0,0,0,0,0,0.0,False,,,,,,,,,,,,,,,,,,,,,,,,,,True,True,True,True
episode-afc61e39a92e792e9f10,UNDRR DesInventar Nepal,2010,8,26,Eastern Region,Sunsari,Mahendranagar,HEAVY RAINS,0,0,0,45,2,4,0,0.0,False,,,,,,,,,,,,,,,,,,,,,,,,,,True,True,True,True
episode-2638eafe3e4dbe6d0120,UNDRR DesInventar Nepal,2010,8,27,Central Region,Bara,BHALUHI BHARWALIYA,RAIN,0,1,0,0,0,0,0,0.0,False,,,,,,,,,,,,,,,,,,,,,,,,,,True,True,True,True
episode-e72e3fd63557ea6ee275,UNDRR DesInventar Nepal,2010,8,27,Central Region,Bara,MANAHARWA,RAIN,0,0,0,162,0,30,0,0.0,False,,,,,,,,,,,,,,,,,,,,,,,,,,True,True,True,True
episode-7da5fccef30c13fc0fbe,UNDRR DesInventar Nepal,2010,8,27,Central Region,Bara,RATNAPURI,RAIN,0,0,0,135,0,25,0,0.0,False,,,,,,,,,,,,,,,,,,,,,,,,,,True,True,True,True
episode-9bbd92e45c234e13974f,UNDRR DesInventar Nepal,2010,8,27,Eastern Region,Jhapa,MECHI MUN.,RAIN,0,0,0,810,0,150,0,0.0,True,,,,,,,,,,,,,,,,,,,,,,,,,,True,True,True,True
episode-00394821553dfc108efa,UNDRR DesInventar Nepal,2010,8,27,Eastern Region,Jhapa,UNKNOWN,RAIN,0,0,0,788,102,0,0,0.0,False,,,,,,,,,,,,,,,,,,,,,,,,,,True,True,True,True
episode-6db0066953ea0c3456de,UNDRR DesInventar Nepal,2010,8,27,Far Western Region,Kailali,UNKNOWN,OTHER,0,0,0,0,0,0,0,0.0,False,,,,,,,,,,,,,,,,,,,,,,,,,,True,True,True,True
episode-82a44e4b27fbbdd5cc79,UNDRR DesInventar Nepal,2010,8,27,Eastern Region,Khotang,Chyasmitar,RAIN,1,0,1,59,14,0,0,0.0,False,,,,,,,,,,,,,,,,,,,,,,,,,,True,True,True,True
episode-f6553c61569cb547ebe5,UNDRR DesInventar Nepal,2010,8,27,Eastern Region,Morang,Belbari,RAIN,0,0,0,43,0,8,43,0.0,False,,,,,,,,,,,,,,,,,,,,,,,,,,True,True,True,True
episode-37e6e18dd14a6ee4d64b,UNDRR DesInventar Nepal,2010,8,27,Eastern Region,Morang,Itahara,RAIN,1,0,0,1890,0,50,0,0.0,False,,,,,,,,,,,,,,,,,,,,,,,,,,True,True,True,True
episode-d31f1d23113e4a06fc9b,UNDRR DesInventar Nepal,2010,8,27,Eastern Region,Morang,Madhumalla,RAIN,0,0,0,324,0,60,0,0.0,False,,,,,,,,,,,,,,,,,,,,,,,,,,True,True,True,True
episode-a946637cd1ecdda94ca8,UNDRR DesInventar Nepal,2010,8,27,Eastern Region,Morang,Urlabari,RAIN,0,0,0,11,2,0,0,0.0,True,,,,,,,,,,,,,,,,,,,,,,,,,,True,True,True,True
episode-e3cc68b1bad3a9fda3e4,UNDRR DesInventar Nepal,2010,8,27,Eastern Region,Sunsari,Mahendranagar,HEAVY RAINS,0,0,0,92,17,0,0,0.0,False,,,,,,,,,,,,,,,,,,,,,,,,,,True,True,True,True
episode-9ae52c80c4403eb9a0e0,UNDRR DesInventar Nepal,2010,8,28,Central Region,Dolakha,Orang,HEAVY RAINS,0,0,0,86,0,0,0,0.0,False,,,,,,,,,,,,,,,,,,,,,,,,,,True,True,True,True
episode-28d4c32dd2fa92cba652,UNDRR DesInventar Nepal,2010,8,28,Western Region,Nawalparasi,UNKNOWN,OTHER,1,0,0,729,20,0,0,0.0,False,,,,,,,,,,,,,,,,,,,,,,,,,,True,True,True,True
episode-8f4425d9cdd18d2ad7aa,UNDRR DesInventar Nepal,2010,8,28,Central Region,Rautahat,UNKNOWN,HEAVY RAINS,0,0,0,27,5,0,0,0.0,False,,,,,,,,,,,,,,,,,,,,,,,,,,True,True,True,True
episode-c070ae82b27872c8ba7a,UNDRR DesInventar Nepal,2010,8,28,Eastern Region,Sunsari,Mahendranagar,HEAVY RAINS,0,0,0,27,5,0,0,0.0,False,,,,,,,,,,,,,,,,,,,,,,,,,,True,True,True,True
episode-bfd3c24177261c411a3a,UNDRR DesInventar Nepal,2010,8,31,Central Region,Dhading,JHARLANG,HEAVY RAINS,0,0,0,5000,0,0,0,0.0,True,,,,,,,,,,,,,,,,,,,,,,,,,,True,True,True,True
episode-018ab6ac82ccefd86314,UNDRR DesInventar Nepal,2010,8,31,Central Region,Makwanpur,PADAM POKHARI,HEAVY RAINS,2,0,2,227,11,0,0,0.0,False,,,,,,,,,,,,,,,,,,,,,,,,,,True,True,True,True
episode-06c8d41ea1475ddec955,UNDRR DesInventar Nepal,2010,8,31,Mid-Western Region,Rukum,GOTAME_KOT,RAIN,0,0,0,335,0,62,0,0.0,False,,,,,,,,,,,,,,,,,,,,,,,,,,True,True,True,True
episode-29a4851301958d134961,UNDRR DesInventar Nepal,2010,9,1,Central Region,Ramechhap,Tokarpur,RAIN,0,0,0,5,1,0,0,0.0,False,,,,,,,,,,,,,,,,,,,,,,,,,,True,True,True,True
episode-11acc197aaab6489d716,UNDRR DesInventar Nepal,2010,9,3,Western Region,Kapilbastu,BANGANGA,RAIN,0,0,0,0,0,0,0,0.0,False,,,,,,,,,,,,,,,,,,,,,,,,,,True,True,True,True
episode-5f3d210df1462ab5540e,UNDRR DesInventar Nepal,2010,9,4,Far Western Region,Dadeldhura,JOGBUDA,RAIN,0,0,0,189,0,0,0,0.0,False,,,,,,,,,,,,,,,,,,,,,,,,,,True,True,True,True
episode-7ed400b2e38f3995bfed,UNDRR DesInventar Nepal,2010,9,4,Mid-Western Region,Dailekh,TALIJAISI,HEAVY RAINS,0,0,1,0,0,0,0,0.0,False,,,,,,,,,,,,,,,,,,,,,,,,,,True,True,True,True
episode-3a7b3ab71a240594a9b7,UNDRR DesInventar Nepal,2010,9,6,Mid-Western Region,Humla,SIMIKOT,HEAVY RAINS,0,0,0,0,0,0,0,0.0,False,,,,,,,,,,,,,,,,,,,,,,,,,,True,True,True,True
episode-0ceb4734f60a973eb2fb,UNDRR DesInventar Nepal,2010,9,6,Central Region,Sindhuli,Ranibas,OTHER,3,2,0,10,0,0,0,0.0,False,,,,,,,,,,,,,,,,,,,,,,,,,,True,True,True,True
episode-4fdc8ee96a27f01fa5f6,UNDRR DesInventar Nepal,2010,9,7,Western Region,Nawalparasi,SUKRAULI,HEAVY RAINS,0,0,0,0,0,0,0,0.0,False,,,,,,,,,,,,,,,,,,,,,,,,,,True,True,True,True
episode-fdc69f7d0a75b196928c,UNDRR DesInventar Nepal,2010,9,8,Far Western Region,Dadeldhura,MASHTAMANDAU,HEAVY RAINS,4,0,0,0,0,0,0,0.0,False,,,,,,,,,,,,,,,,,,,,,,,,,,True,True,True,True
episode-7c3df57468d8a688ebf4,UNDRR DesInventar Nepal,2010,9,10,Far Western Region,Kanchanpur,CHANDANI,HEAVY RAINS,0,0,20,1965,0,0,0,0.0,False,,,,,,,,,,,,,,,,,,,,,,,,,,True,True,True,True
episode-91254a4bad7a2de64749,UNDRR DesInventar Nepal,2010,9,10,Western Region,Myagdi,RAKHU_PIPLE,OTHER,0,2,0,0,0,0,0,300.0,True,,,,,,,,,,,,,,,,,,,,,,,,,,True,True,True,True
episode-9507814317c9b0ec3974,UNDRR DesInventar Nepal,2010,9,12,Western Region,Mustang,UNKNOWN,HEAVY RAINS,0,0,0,11,0,0,0,0.0,False,,,,,,,,,,,,,,,,,,,,,,,,,,True,True,True,True
episode-98f37caad91be90a9a21,UNDRR DesInventar Nepal,2010,9,12,Western Region,Myagdi,RAKHU_PIPLE,HEAVY RAINS,2,0,0,81,0,0,0,0.0,False,,,,,,,,,,,,,,,,,,,,,,,,,,True,True,True,True
episode-2ad38426e6d4a14993c0,UNDRR DesInventar Nepal,2010,9,14,Central Region,Dhading,GUMDI,HEAVY RAINS,1,0,0,5,0,0,0,0.0,False,,,,,,,,,,,,,,,,,,,,,,,,,,True,True,True,True
episode-91b987ccca0e1cbb095a,UNDRR DesInventar Nepal,2010,9,14,Eastern Region,Sankhuwasabha,Nundhaki,RAIN,0,0,0,16,3,0,0,0.0,False,,,,,,,,,,,,,,,,,,,,,,,,,,True,True,True,True
episode-85f11edbef336808f52a,UNDRR DesInventar Nepal,2010,9,15,Far Western Region,Dadeldhura,MASHTAMANDAU,HEAVY RAINS,0,0,0,0,0,0,0,0.0,True,,,,,,,,,,,,,,,,,,,,,,,,,,True,True,True,True
episode-60163485ecd144bb7adb,UNDRR DesInventar Nepal,2010,9,16,Eastern Region,Khotang,Chisapani,HEAVY RAINS,1,0,0,21,2,0,0,0.0,False,,,,,,,,,,,,,,,,,,,,,,,,,,True,True,True,True
episode-5a6c27ddb148e6516715,UNDRR DesInventar Nepal,2010,9,18,Western Region,Tanahu,UNKNOWN,OTHER,0,0,0,5,1,0,0,0.0,False,,,,,,,,,,,,,,,,,,,,,,,,,,True,True,True,True
episode-2634bfdbe5910cfcb7fb,UNDRR DesInventar Nepal,2010,9,19,Far Western Region,Kanchanpur,MAHENDRA NAGAR N.P.,HEAVY RAINS,0,0,0,664,0,123,0,0.0,False,,,,,,,,,,,,,,,,,,,,,,,,,,True,True,True,True
episode-6e1e30653da55cf180a8,UNDRR DesInventar Nepal,2010,9,19,Western Region,Palpa,KOLDADA,HEAVY RAINS,0,0,0,59,0,0,0,0.0,False,,,,,,,,,,,,,,,,,,,,,,,,,,True,True,True,True
episode-2b1f42552ee71685fd57,UNDRR DesInventar Nepal,2010,9,19,Mid-Western Region,Rukum,ATHABISH_KOT,RAIN,0,0,0,54,0,10,0,0.0,False,,,,,,,,,,,,,,,,,,,,,,,,,,True,True,True,True
episode-47241fda41bec487920a,UNDRR DesInventar Nepal,2010,9,19,Central Region,Sindhupalchoke,Badegau,HEAVY RAINS,0,0,0,97,0,0,0,0.0,False,,,,,,,,,,,,,,,,,,,,,,,,,,True,True,True,True
episode-e28609c7b021ad68e9cb,UNDRR DesInventar Nepal,2010,9,21,Eastern Region,Udayapur,Katari,RAIN,2,0,0,5,0,0,0,0.0,False,,,,,,,,,,,,,,,,,,,,,,,,,,True,True,True,True
episode-abaa9585b8d85a2e6ffa,UNDRR DesInventar Nepal,2010,9,21,Eastern Region,Udayapur,Tapeshwari,RAIN,0,0,0,0,0,0,0,0.0,False,,,,,,,,,,,,,,,,,,,,,,,,,,True,True,True,True
episode-9995b1d76d9e6dfafb74,UNDRR DesInventar Nepal,2010,9,22,Eastern Region,Udayapur,Trijuga Municipality,HEAVY RAINS,0,0,0,540,24,76,0,0.0,True,,,,,,,,,,,,,,,,,,,,,,,,,,True,True,True,True
episode-2c22889614037e1c3fa5,UNDRR DesInventar Nepal,2011,2,12,Western Region,Baglung,NARETHANTI,HEAVY RAINS,0,1,0,0,0,0,0,0.0,False,,,,,,,,,,,,,,,,,,,,,,,,,,True,True,True,True
episode-56a40bb3c8c69dbf497f,UNDRR DesInventar Nepal,2011,5,3,Central Region,Ramechhap,Manthali,RAIN,0,0,0,0,0,0,0,500.0,True,,,,,,,,,,,,,,,,,,,,,,,,,,True,True,True,True
episode-df63ad31904be13ac90f,UNDRR DesInventar Nepal,2011,5,8,Mid-Western Region,Salyan,UNKNOWN,RAIN,0,0,0,32,6,0,0,0.0,True,,,,,,,,,,,,,,,,,,,,,,,,,,True,True,True,True
episode-ef79c32d6c45995071bc,UNDRR DesInventar Nepal,2011,5,14,Western Region,Baglung,TANGRAM,OTHER,1,0,0,0,0,0,0,0.0,False,,,,,,,,,,,,,,,,,,,,,,,,,,True,True,True,True
episode-4c36a66b67631ae2b43e,UNDRR DesInventar Nepal,2011,6,11,Central Region,Nuwakot,TARUKA,HEAVY RAINS,0,1,0,0,0,0,0,0.0,False,,,,,,,,,,,,,,,,,,,,,,,,,,True,True,True,True
episode-7668066926acaa4d1ac6,UNDRR DesInventar Nepal,2011,6,14,Western Region,Gorkha,UNKNOWN,HEAVY RAINS,1,0,0,0,0,0,0,0.0,False,,,,,,,,,,,,,,,,,,,,,,,,,,True,True,True,True
episode-a3e831b7d26552bf341d,UNDRR DesInventar Nepal,2011,6,19,Western Region,Arghakanchi,THADA,OTHER,1,0,1,0,0,0,0,0.0,False,,,,,,,,,,,,,,,,,,,,,,,,,,True,True,True,True
episode-0681279676b1e45b4eda,UNDRR DesInventar Nepal,2011,6,19,Western Region,Myagdi,MUNA,HEAVY RAINS,0,0,0,0,0,0,0,0.0,True,,,,,,,,,,,,,,,,,,,,,,,,,,True,True,True,True
episode-f33b9b0408ced2914fd9,UNDRR DesInventar Nepal,2011,6,22,Eastern Region,Taplejung,LELEP,OTHER,0,0,0,15,0,0,0,0.0,True,,,,,,,,,,,,,,,,,,,,,,,,,,True,True,True,True
episode-38509529fc84b84559d2,UNDRR DesInventar Nepal,2011,6,23,Eastern Region,Khotang,Bakchola,HEAVY RAINS,0,0,0,0,0,0,0,0.0,False,,,,,,,,,,,,,,,,,,,,,,,,,,True,True,True,True
episode-bfc0f544226a6bebbbc7,UNDRR DesInventar Nepal,2011,6,24,Mid-Western Region,Jajarkot,Junga Thapachaur,RAIN,1,0,0,0,0,0,0,0.0,False,,,,,,,,,,,,,,,,,,,,,,,,,,True,True,True,True
episode-dff72130f7f25ca0422d,UNDRR DesInventar Nepal,2011,6,25,Central Region,Rasuwa,Haku,HEAVY RAINS,0,0,0,0,0,0,0,0.0,True,,,,,,,,,,,,,,,,,,,,,,,,,,True,True,True,True
episode-a5f46da5a8b005bd0886,UNDRR DesInventar Nepal,2011,6,26,Eastern Region,Sunsari,Duhabi,HEAVY RAINS,0,0,0,0,0,0,0,0.0,False,,,,,,,,,,,,,,,,,,,,,,,,,,True,True,True,True
episode-524d022dc27f2bfc8cf6,UNDRR DesInventar Nepal,2011,6,26,Eastern Region,Udayapur,Tribeni,HEAVY RAINS,0,0,0,0,0,0,0,0.0,False,,,,,,,,,,,,,,,,,,,,,,,,,,True,True,True,True
episode-be01583722432fcf3c02,UNDRR DesInventar Nepal,2011,6,29,Central Region,Mahotari,Gauribas,RAIN,0,0,0,0,0,0,0,0.0,False,,,,,,,,,,,,,,,,,,,,,,,,,,True,True,True,True
episode-37ddade6be4a46aad612,UNDRR DesInventar Nepal,2011,6,29,Western Region,Mustang,TUKUCHE,RAIN,0,0,0,0,0,0,0,0.0,False,,,,,,,,,,,,,,,,,,,,,,,,,,True,True,True,True
episode-2007ff7d3980d5f7942f,UNDRR DesInventar Nepal,2011,6,30,Western Region,Nawalparasi,TRIBENI_SUSTA,RAIN,0,0,0,0,0,0,0,0.0,False,,,,,,,,,,,,,,,,,,,,,,,,,,True,True,True,True
episode-ae86f1faf6234649fdca,UNDRR DesInventar Nepal,2011,7,1,Western Region,Baglung,HUGDISHEER,HEAVY RAINS,0,0,0,5,0,2,0,0.0,False,,,,,,,,,,,,,,,,,,,,,,,,,,True,True,True,True
episode-85070eb966ba9a857e10,UNDRR DesInventar Nepal,2011,7,1,Central Region,Bhaktapur,BHAKTAPUR NP,HEAVY RAINS,0,0,1,0,0,0,0,0.0,False,,,,,,,,,,,,,,,,,,,,,,,,,,True,True,True,True
episode-a2b9ffabab9e07530cf2,UNDRR DesInventar Nepal,2011,7,1,Central Region,Chitawan,MANGALUR,HEAVY RAINS,0,0,0,378,0,0,0,0.0,False,,,,,,,,,,,,,,,,,,,,,,,,,,True,True,True,True
episode-0db17d29d34f98c656bf,UNDRR DesInventar Nepal,2011,7,1,Central Region,Chitawan,MEGHAULI,HEAVY RAINS,0,0,0,1375,0,0,0,0.0,False,,,,,,,,,,,,,,,,,,,,,,,,,,True,True,True,True
episode-84346c2630edf6fe8589,UNDRR DesInventar Nepal,2011,7,1,Central Region,Lalitpur,Saibu,HEAVY RAINS,0,0,1,0,0,0,0,0.0,False,,,,,,,,,,,,,,,,,,,,,,,,,,True,True,True,True
episode-904517fe2ec61120ea55,UNDRR DesInventar Nepal,2011,7,1,Central Region,Mahotari,UNKNOWN,HEAVY RAINS,2,0,0,0,0,0,0,0.0,False,,,,,,,,,,,,,,,,,,,,,,,,,,True,True,True,True
episode-358cf96993d3e71ad2a0,UNDRR DesInventar Nepal,2011,7,1,Western Region,Palpa,TANSEN  N.P.,RAIN,1,0,0,0,0,0,0,0.0,False,,,,,,,,,,,,,,,,,,,,,,,,,,True,True,True,True
episode-685106e0738bf892e59f,UNDRR DesInventar Nepal,2011,7,1,Western Region,Parbat,KHAULALAKURI,RAIN,1,0,0,0,0,0,0,0.0,False,,,,,,,,,,,,,,,,,,,,,,,,,,True,True,True,True
episode-805bbc00aac93715ad28,UNDRR DesInventar Nepal,2011,7,1,Mid-Western Region,Pyuthan,KHAWANG,HEAVY RAINS,0,1,0,0,0,0,0,0.0,False,,,,,,,,,,,,,,,,,,,,,,,,,,True,True,True,True
episode-df0cfd351e84408a3fc7,UNDRR DesInventar Nepal,2011,7,1,Western Region,Rupandehi,BUTAWAL_NP,HEAVY RAINS,0,0,0,16,3,0,0,0.0,False,,,,,,,,,,,,,,,,,,,,,,,,,,True,True,True,True
episode-035ba5fae13c3df38c9f,UNDRR DesInventar Nepal,2011,7,1,Western Region,Rupandehi,SHANKAR_NAGAR,HEAVY RAINS,1,0,0,0,0,0,0,0.0,False,,,,,,,,,,,,,,,,,,,,,,,,,,True,True,True,True
episode-3652aa9868d3b00774a4,UNDRR DesInventar Nepal,2011,7,1,Eastern Region,Saptari,BHARDAHA,RAIN,0,0,0,2700,0,500,0,0.0,False,,,,,,,,,,,,,,,,,,,,,,,,,,True,True,True,True
episode-16a33b8e45a64099f29e,UNDRR DesInventar Nepal,2011,7,1,Eastern Region,Saptari,GOBARGADHA,RAIN,0,0,0,5400,0,1000,0,0.0,False,,,,,,,,,,,,,,,,,,,,,,,,,,True,True,True,True
episode-ff27be7d1ced15fe9c8d,UNDRR DesInventar Nepal,2011,7,1,Eastern Region,Saptari,PORTAHA,RAIN,0,0,0,2700,0,500,0,0.0,False,,,,,,,,,,,,,,,,,,,,,,,,,,True,True,True,True
episode-95c09a445107cb9e2801,UNDRR DesInventar Nepal,2011,7,1,Eastern Region,Sunsari,Bhokraha,HEAVY RAINS,0,0,0,135,0,0,0,0.0,False,,,,,,,,,,,,,,,,,,,,,,,,,,True,True,True,True
episode-e803a93eb25ac8626490,UNDRR DesInventar Nepal,2011,7,1,Eastern Region,Sunsari,Duhabi,HEAVY RAINS,0,0,0,270,0,50,0,0.0,False,,,,,,,,,,,,,,,,,,,,,,,,,,True,True,True,True
episode-8f8eb57fe66e63dde8fa,UNDRR DesInventar Nepal,2011,7,1,Eastern Region,Sunsari,Inaruwa Municipality,HEAVY RAINS,0,0,0,675,0,125,0,0.0,False,,,,,,,,,,,,,,,,,,,,,,,,,,True,True,True,True
episode-2d12e03d69a02d8877a2,UNDRR DesInventar Nepal,2011,7,1,Western Region,Syangja,DHAPUK SIMAL BHANJYANG,RAIN,0,1,0,0,0,0,0,0.0,False,,,,,,,,,,,,,,,,,,,,,,,,,,True,True,True,True
episode-53581b436169b387e7d4,UNDRR DesInventar Nepal,2011,7,1,Western Region,Tanahu,RISING_RANIPOKHARI,HEAVY RAINS,3,0,0,0,0,0,0,0.0,False,,,,,,,,,,,,,,,,,,,,,,,,,,True,True,True,True
episode-1febba8d1d3ce93a7b60,UNDRR DesInventar Nepal,2011,7,1,Western Region,Tanahu,UNKNOWN,HEAVY RAINS,0,3,0,0,0,0,0,0.0,False,,,,,,,,,,,,,,,,,,,,,,,,,,True,True,True,True
episode-bfaa01d8ce52229ca033,UNDRR DesInventar Nepal,2011,7,2,Central Region,Mahotari,Bijalapura,RAIN,0,0,0,0,0,0,0,0.0,False,,,,,,,,,,,,,,,,,,,,,,,,,,True,True,True,True
episode-c4d2ba41ab9d6cb3d31b,UNDRR DesInventar Nepal,2011,7,2,Western Region,Palpa,MADANPOKHARA,RAIN,1,0,0,0,0,0,0,0.0,False,,,,,,,,,,,,,,,,,,,,,,,,,,True,True,True,True
episode-5d9160e8582313aa9a1d,UNDRR DesInventar Nepal,2011,7,2,Central Region,Rautahat,KARUNIVA,RAIN,0,1,0,0,0,0,1,0.0,False,,,,,,,,,,,,,,,,,,,,,,,,,,True,True,True,True
episode-1321891404ca05af46da,UNDRR DesInventar Nepal,2011,7,3,Mid-Western Region,Bardiya,JAMUNT,RAIN,0,1,0,0,0,0,0,0.0,False,,,,,,,,,,,,,,,,,,,,,,,,,,True,True,True,True
episode-a4e2645e6068626c85d7,UNDRR DesInventar Nepal,2011,7,3,Mid-Western Region,Bardiya,PADNAHA,RAIN,0,1,0,0,0,0,0,0.0,False,,,,,,,,,,,,,,,,,,,,,,,,,,True,True,True,True
episode-e5dfadb47d1a6e8e048b,UNDRR DesInventar Nepal,2011,7,3,Central Region,Makwanpur,HETAUDA MUNICIPALITY,RAIN,2,0,0,2000,0,0,0,0.0,False,,,,,,,,,,,,,,,,,,,,,,,,,,True,True,True,True
episode-bcb0088534569cc8f74e,UNDRR DesInventar Nepal,2011,7,3,Central Region,Sarlahi,NOKAILWA,HEAVY RAINS,1,0,0,0,0,0,0,0.0,False,,,,,,,,,,,,,,,,,,,,,,,,,,True,True,True,True
episode-433f3fc3208136b1f731,UNDRR DesInventar Nepal,2011,7,4,Mid-Western Region,Bardiya,UNKNOWN,HEAVY RAINS,0,1,0,0,0,0,0,0.0,False,,,,,,,,,,,,,,,,,,,,,,,,,,True,True,True,True
episode-eabbd40cb0a7e2eb0c22,UNDRR DesInventar Nepal,2011,7,5,Mid-Western Region,Bardiya,BHIMMAPUR,RAIN,0,0,0,0,0,0,0,0.0,False,,,,,,,,,,,,,,,,,,,,,,,,,,True,True,True,True
episode-7f0ec7b1585c483ebdc0,UNDRR DesInventar Nepal,2011,7,5,Far Western Region,Kailali,BASAUTI,RAIN,0,0,0,135,0,25,0,0.0,False,,,,,,,,,,,,,,,,,,,,,,,,,,True,True,True,True
episode-5537b6e99cb1f7dc9fa7,UNDRR DesInventar Nepal,2011,7,5,Far Western Region,Kailali,CHAUMALA,HEAVY RAINS,0,0,0,0,1,0,0,0.0,False,,,,,,,,,,,,,,,,,,,,,,,,,,True,True,True,True
episode-4782fe1b4f86e8ada94d,UNDRR DesInventar Nepal,2011,7,5,Central Region,Rautahat,PIPARA RAJBARA,HEAVY RAINS,1,0,0,0,0,0,0,0.0,False,,,,,,,,,,,,,,,,,,,,,,,,,,True,True,True,True
episode-8cea28bf3e0f971afc40,UNDRR DesInventar Nepal,2011,7,6,Far Western Region,Kailali,GODAWARI,RAIN,1,0,0,0,0,0,0,0.0,False,,,,,,,,,,,,,,,,,,,,,,,,,,True,True,True,True
episode-0d6e78f9143228f40e54,UNDRR DesInventar Nepal,2011,7,6,Far Western Region,Kailali,UNKNOWN,HEAVY RAINS,1,0,0,0,0,0,0,0.0,False,,,,,,,,,,,,,,,,,,,,,,,,,,True,True,True,True
episode-3b7f9f5b8b8b99f2aeb4,UNDRR DesInventar Nepal,2011,7,6,Western Region,Kapilbastu,UNKNOWN,HEAVY RAINS,0,1,0,0,0,0,0,0.0,False,,,,,,,,,,,,,,,,,,,,,,,,,,True,True,True,True
episode-7aa388ba7108b8084316,UNDRR DesInventar Nepal,2011,7,6,Eastern Region,Morang,Biratnagar Municipality,HEAVY RAINS,1,0,0,0,0,0,0,0.0,False,,,,,,,,,,,,,,,,,,,,,,,,,,True,True,True,True
episode-c476ee0e158b9064ae62,UNDRR DesInventar Nepal,2011,7,6,Eastern Region,Morang,Govindapur,HEAVY RAINS,1,0,0,0,0,0,0,0.0,False,,,,,,,,,,,,,,,,,,,,,,,,,,True,True,True,True
episode-c3ec09eeb2aa1de96c92,UNDRR DesInventar Nepal,2011,7,6,Eastern Region,Morang,Letang,HEAVY RAINS,1,0,0,0,0,0,0,0.0,False,,,,,,,,,,,,,,,,,,,,,,,,,,True,True,True,True
episode-3b639d092d75de4fe0af,UNDRR DesInventar Nepal,2011,7,7,Far Western Region,Kailali,BALIYA,HEAVY RAINS,0,1,2,0,0,0,0,0.0,False,,,,,,,,,,,,,,,,,,,,,,,,,,True,True,True,True
episode-b7e3ffb8deb524517c47,UNDRR DesInventar Nepal,2011,7,7,Far Western Region,Kailali,UDASIPUR,HEAVY RAINS,1,0,0,0,0,0,0,0.0,False,,,,,,,,,,,,,,,,,,,,,,,,,,True,True,True,True
episode-8e2d73c9b9d445eecf10,UNDRR DesInventar Nepal,2011,7,7,Central Region,Parsa,Birgunj Municipality,HEAVY RAINS,1,0,1,0,0,0,0,0.0,False,,,,,,,,,,,,,,,,,,,,,,,,,,True,True,True,True
episode-ede28ed19f2976e9e3cc,UNDRR DesInventar Nepal,2011,7,8,Mid-Western Region,Surkhet,RAKAM,HEAVY RAINS,1,0,0,0,0,0,0,0.0,False,,,,,,,,,,,,,,,,,,,,,,,,,,True,True,True,True
episode-5e49aa2a2739c4cf5916,UNDRR DesInventar Nepal,2011,7,9,Mid-Western Region,Banke,TITIHIRIA,HEAVY RAINS,1,0,0,0,0,0,0,0.0,False,,,,,,,,,,,,,,,,,,,,,,,,,,True,True,True,True
episode-0f510df066f34e67f46e,UNDRR DesInventar Nepal,2011,7,10,Eastern Region,Jhapa,KHUDUNABARI,HEAVY RAINS,0,1,0,0,0,0,0,0.0,False,,,,,,,,,,,,,,,,,,,,,,,,,,True,True,True,True
episode-e04bf639c93e9c945e11,UNDRR DesInventar Nepal,2011,7,10,Far Western Region,Kailali,KHAIRALA,HEAVY RAINS,0,1,0,0,0,0,0,0.0,False,,,,,,,,,,,,,,,,,,,,,,,,,,True,True,True,True
episode-8d0bdddd9a33e49351a0,UNDRR DesInventar Nepal,2011,7,10,Central Region,Parsa,Nagardaha,HEAVY RAINS,1,0,0,0,0,0,0,0.0,False,,,,,,,,,,,,,,,,,,,,,,,,,,True,True,True,True
episode-5341b7ff991e4c569a60,UNDRR DesInventar Nepal,2011,7,10,Central Region,Sindhuli,Ladabhir,HEAVY RAINS,1,0,0,0,0,0,0,0.0,False,,,,,,,,,,,,,,,,,,,,,,,,,,True,True,True,True
episode-b1baaa460cbcb1cdb5c6,UNDRR DesInventar Nepal,2011,7,11,Eastern Region,Jhapa,ANARMANI,HEAVY RAINS,1,0,0,0,0,0,0,0.0,False,,,,,,,,,,,,,,,,,,,,,,,,,,True,True,True,True
episode-e7e6e7d986b94e7e5416,UNDRR DesInventar Nepal,2011,7,11,Central Region,Sindhupalchoke,Bhimtar,HEAVY RAINS,0,0,0,0,0,0,0,0.0,False,,,,,,,,,,,,,,,,,,,,,,,,,,True,True,True,True
episode-3f617e384f120ed59b48,UNDRR DesInventar Nepal,2011,7,11,Mid-Western Region,Surkhet,BIRENDRANAGAR NP,HEAVY RAINS,0,1,0,0,0,0,0,0.0,False,,,,,,,,,,,,,,,,,,,,,,,,,,True,True,True,True
episode-d8521ba21be8b6639571,UNDRR DesInventar Nepal,2011,7,11,Western Region,Tanahu,UNKNOWN,HEAVY RAINS,0,1,0,0,0,0,0,0.0,False,,,,,,,,,,,,,,,,,,,,,,,,,,True,True,True,True
episode-fdbbc4c4dbcef948e86b,UNDRR DesInventar Nepal,2011,7,12,Eastern Region,Morang,Letang,HEAVY RAINS,0,0,0,40000,0,0,0,0.0,False,,,,,,,,,,,,,,,,,,,,,,,,,,True,True,True,True
episode-0999453d56dea9e14425,UNDRR DesInventar Nepal,2011,7,12,Eastern Region,Sankhuwasabha,UNKNOWN,HEAVY RAINS,0,1,0,0,0,0,0,0.0,False,,,,,,,,,,,,,,,,,,,,,,,,,,True,True,True,True
episode-ea45b649f524b5d9c084,UNDRR DesInventar Nepal,2011,7,12,Central Region,Sarlahi,HAJARIYA,HEAVY RAINS,1,0,0,0,0,0,0,0.0,False,,,,,,,,,,,,,,,,,,,,,,,,,,True,True,True,True
episode-ac5338963b8b1cd20565,UNDRR DesInventar Nepal,2011,7,14,Eastern Region,Jhapa,SATASIDHAM,HEAVY RAINS,1,0,0,0,0,0,0,0.0,False,,,,,,,,,,,,,,,,,,,,,,,,,,True,True,True,True
episode-73c13a04dd3164ef8c1b,UNDRR DesInventar Nepal,2011,7,14,Western Region,Nawalparasi,HARAPUR,HEAVY RAINS,0,1,0,0,0,0,0,0.0,False,,,,,,,,,,,,,,,,,,,,,,,,,,True,True,True,True
episode-0c79d053a6ef06d6fd2f,UNDRR DesInventar Nepal,2011,7,14,Central Region,Sarlahi,NETRAGANJ,HEAVY RAINS,1,0,0,0,0,0,0,0.0,False,,,,,,,,,,,,,,,,,,,,,,,,,,True,True,True,True
episode-ea610ca5a760effc627e,UNDRR DesInventar Nepal,2011,7,15,Mid-Western Region,Dang,GOBARDIHA,HEAVY RAINS,1,0,0,0,0,0,0,0.0,False,,,,,,,,,,,,,,,,,,,,,,,,,,True,True,True,True
episode-d1269b6854f41d9afcdc,UNDRR DesInventar Nepal,2011,7,15,Central Region,Kavre,PANUTI  MUNICIPALITY,HEAVY RAINS,1,0,0,0,0,0,0,0.0,False,,,,,,,,,,,,,,,,,,,,,,,,,,True,True,True,True
episode-929ea12f8897c420bfac,UNDRR DesInventar Nepal,2011,7,15,Western Region,Mustang,KOBANG,HEAVY RAINS,0,0,0,0,0,0,0,0.0,True,,,,,,,,,,,,,,,,,,,,,,,,,,True,True,True,True
episode-d22a8c9ce17b511c5e97,UNDRR DesInventar Nepal,2011,7,15,Eastern Region,Saptari,PHATTEPUR,HEAVY RAINS,1,0,0,0,0,0,0,0.0,False,,,,,,,,,,,,,,,,,,,,,,,,,,True,True,True,True
episode-606aa6f6ab5def6e0af0,UNDRR DesInventar Nepal,2011,7,16,Central Region,Rasuwa,Haku,RAIN,0,0,0,135,0,0,0,0.0,True,,,,,,,,,,,,,,,,,,,,,,,,,,True,True,True,True
episode-453b0f373d07089dac57,UNDRR DesInventar Nepal,2011,7,17,Far Western Region,Kanchanpur,MAHENDRA NAGAR N.P.,RAIN,0,0,0,38,0,0,0,0.0,False,,,,,,,,,,,,,,,,,,,,,,,,,,True,True,True,True
episode-da95cd94bdd33f42c938,UNDRR DesInventar Nepal,2011,7,17,Western Region,Kaski,LAMACHAUR,HEAVY RAINS,0,1,0,0,0,0,0,0.0,False,,,,,,,,,,,,,,,,,,,,,,,,,,True,True,True,True
episode-97d3a72b6f11024b614d,UNDRR DesInventar Nepal,2011,7,17,Central Region,Sindhuli,UNKNOWN,HEAVY RAINS,1,0,0,0,0,0,0,0.0,False,,,,,,,,,,,,,,,,,,,,,,,,,,True,True,True,True
episode-7d19c8ecf9dc74fce9e2,UNDRR DesInventar Nepal,2011,7,18,Eastern Region,Ilam,CHULACHULI,HEAVY RAINS,1,0,0,0,0,0,0,0.0,False,,,,,,,,,,,,,,,,,,,,,,,,,,True,True,True,True
episode-0bad77a22fc02a5e087d,UNDRR DesInventar Nepal,2011,7,18,Eastern Region,Jhapa,SHIVAGANJ,HEAVY RAINS,0,0,0,0,0,0,0,0.0,False,,,,,,,,,,,,,,,,,,,,,,,,,,True,True,True,True
episode-3279bca7ec8c4e02db0b,UNDRR DesInventar Nepal,2011,7,18,Eastern Region,Morang,UNKNOWN,HEAVY RAINS,0,1,0,0,0,0,0,0.0,False,,,,,,,,,,,,,,,,,,,,,,,,,,True,True,True,True
episode-4c6da75d99d5ec9c3b6b,UNDRR DesInventar Nepal,2011,7,19,Eastern Region,Jhapa,ARJUNDHARA,HEAVY RAINS,0,0,0,0,1,0,0,0.0,False,,,,,,,,,,,,,,,,,,,,,,,,,,True,True,True,True
episode-14d4c110a9e20d47d4d2,UNDRR DesInventar Nepal,2011,7,19,Eastern Region,Morang,Sanischare,HEAVY RAINS,0,0,0,0,0,0,0,0.0,False,,,,,,,,,,,,,,,,,,,,,,,,,,True,True,True,True
episode-2866ee7a9158e86c1253,UNDRR DesInventar Nepal,2011,7,19,Mid-Western Region,Surkhet,GUMI,HEAVY RAINS,1,0,0,0,0,0,0,0.0,False,,,,,,,,,,,,,,,,,,,,,,,,,,True,True,True,True
episode-d40c20f743c5cf829aa4,UNDRR DesInventar Nepal,2011,7,20,Central Region,Bhaktapur,MADHYAPUR THIMI,HEAVY RAINS,0,0,0,756,0,140,0,0.0,False,,,,,,,,,,,,,,,,,,,,,,,,,,True,True,True,True
episode-eb3cfa8a1ec7cebad474,UNDRR DesInventar Nepal,2011,7,20,Eastern Region,Jhapa,GARAMANI,HEAVY RAINS,0,0,0,0,0,0,0,0.0,False,,,,,,,,,,,,,,,,,,,,,,,,,,True,True,True,True
episode-d38a3a4559aa4a7c51c4,UNDRR DesInventar Nepal,2011,7,20,Central Region,Kathmandu,KATHMANDU METROPOLITAN CITY,HEAVY RAINS,0,1,0,0,0,0,0,0.0,False,,,,,,,,,,,,,,,,,,,,,,,,,,True,True,True,True
episode-f92a25fe5703dde6413e,UNDRR DesInventar Nepal,2011,7,20,Central Region,Mahotari,Loharpatti,HEAVY RAINS,1,0,0,0,0,0,0,0.0,False,,,,,,,,,,,,,,,,,,,,,,,,,,True,True,True,True
episode-b10d8c83e364e6bdd12c,UNDRR DesInventar Nepal,2011,7,20,Central Region,Mahotari,Raghunathpur,HEAVY RAINS,1,0,18,18,1,0,0,0.0,False,,,,,,,,,,,,,,,,,,,,,,,,,,True,True,True,True
episode-dbe8175a76c8897e0ff2,UNDRR DesInventar Nepal,2011,7,20,Central Region,Mahotari,Sarpallo,HEAVY RAINS,1,0,0,0,0,0,0,0.0,False,,,,,,,,,,,,,,,,,,,,,,,,,,True,True,True,True
episode-b0ccdc25e43632cbe609,UNDRR DesInventar Nepal,2011,7,20,Central Region,Mahotari,Sarpallo,RAIN,0,1,0,0,0,0,3,0.0,False,,,,,,,,,,,,,,,,,,,,,,,,,,True,True,True,True
episode-8542ea5f61780f392062,UNDRR DesInventar Nepal,2011,7,20,Western Region,Mustang,CHARANG,HEAVY RAINS,0,0,0,0,0,0,0,0.0,False,,,,,,,,,,,,,,,,,,,,,,,,,,True,True,True,True
episode-14d4ea9139236681f18d,UNDRR DesInventar Nepal,2011,7,20,Western Region,Nawalparasi,NARAYANI,HEAVY RAINS,0,1,0,0,0,0,0,0.0,False,,,,,,,,,,,,,,,,,,,,,,,,,,True,True,True,True
episode-9c0b93c3696adc5817bf,UNDRR DesInventar Nepal,2011,7,20,Central Region,Rautahat,UNKNOWN,HEAVY RAINS,0,1,0,0,0,0,0,0.0,False,,,,,,,,,,,,,,,,,,,,,,,,,,True,True,True,True
episode-e837a3e1083a6dbcfa58,UNDRR DesInventar Nepal,2011,7,21,Mid-Western Region,Jumla,MAHABAI PATHASKOT,HEAVY RAINS,0,1,0,0,0,0,0,0.0,False,,,,,,,,,,,,,,,,,,,,,,,,,,True,True,True,True
episode-25fdf756424050b505a6,UNDRR DesInventar Nepal,2011,7,22,Central Region,Sarlahi,UNKNOWN,HEAVY RAINS,1,0,0,0,0,0,0,0.0,False,,,,,,,,,,,,,,,,,,,,,,,,,,True,True,True,True
episode-c1f9ff697f95d86bb81a,UNDRR DesInventar Nepal,2011,7,23,Mid-Western Region,Banke,BANKATAWA,HEAVY RAINS,1,0,0,32,0,0,0,0.0,False,,,,,,,,,,,,,,,,,,,,,,,,,,True,True,True,True
episode-7f2e2d2cd4d837826f35,UNDRR DesInventar Nepal,2011,7,23,Central Region,Bara,PARSAUNI,HEAVY RAINS,1,0,0,0,0,0,0,0.0,False,,,,,,,,,,,,,,,,,,,,,,,,,,True,True,True,True
episode-2804273090424f1e84f6,UNDRR DesInventar Nepal,2011,7,23,Far Western Region,Kanchanpur,SANKARPUR,HEAVY RAINS,0,0,0,97,0,0,0,0.0,False,,,,,,,,,,,,,,,,,,,,,,,,,,True,True,True,True
episode-873b3025d5f0f0e3deb5,UNDRR DesInventar Nepal,2011,7,24,Central Region,Bara,PARSAUNA (A),HEAVY RAINS,1,0,0,0,0,0,0,0.0,False,,,,,,,,,,,,,,,,,,,,,,,,,,True,True,True,True
episode-6e479913302f738d4e24,UNDRR DesInventar Nepal,2011,7,25,Far Western Region,Achham,SIDDESHWOR,HEAVY RAINS,0,1,0,0,0,0,0,0.0,False,,,,,,,,,,,,,,,,,,,,,,,,,,True,True,True,True
episode-d850e4704cd2212ed0ea,UNDRR DesInventar Nepal,2011,7,25,Mid-Western Region,Bardiya,PATABHAR,HEAVY RAINS,1,0,0,0,0,0,0,0.0,False,,,,,,,,,,,,,,,,,,,,,,,,,,True,True,True,True
episode-acdc9a871825c7c6e0e7,UNDRR DesInventar Nepal,2011,7,25,Far Western Region,Kanchanpur,UNKNOWN,RAIN,0,0,0,756,0,140,0,0.0,False,,,,,,,,,,,,,,,,,,,,,,,,,,True,True,True,True
episode-e598a5fce05be0f52e15,UNDRR DesInventar Nepal,2011,7,25,Mid-Western Region,Pyuthan,SARI,HEAVY RAINS,0,1,0,0,0,0,0,0.0,False,,,,,,,,,,,,,,,,,,,,,,,,,,True,True,True,True
episode-c3fe7cba8bffa521de4b,UNDRR DesInventar Nepal,2011,7,26,Eastern Region,Jhapa,KHUDUNABARI,HEAVY RAINS,1,0,0,0,0,0,0,0.0,False,,,,,,,,,,,,,,,,,,,,,,,,,,True,True,True,True
episode-a5b995c330ad71d56e79,UNDRR DesInventar Nepal,2011,7,27,Mid-Western Region,Kalikot,DHAULAGOH,HEAVY RAINS,0,1,0,0,0,0,0,0.0,False,,,,,,,,,,,,,,,,,,,,,,,,,,True,True,True,True
episode-5f27ce35d9fc8b12a2ee,UNDRR DesInventar Nepal,2011,7,28,Eastern Region,Jhapa,ARJUNDHARA,HEAVY RAINS,1,0,0,0,0,0,0,0.0,False,,,,,,,,,,,,,,,,,,,,,,,,,,True,True,True,True
episode-19deeb6663dd43fdbad4,UNDRR DesInventar Nepal,2011,7,28,Central Region,Lalitpur,Saibu,HEAVY RAINS,1,0,0,0,0,0,0,0.0,False,,,,,,,,,,,,,,,,,,,,,,,,,,True,True,True,True
episode-264f291bdd38e8817136,UNDRR DesInventar Nepal,2011,7,28,Central Region,Makwanpur,HADIKHOLA,HEAVY RAINS,1,0,0,0,0,0,0,0.0,False,,,,,,,,,,,,,,,,,,,,,,,,,,True,True,True,True
episode-63da1a2015fcf936c6e4,UNDRR DesInventar Nepal,2011,7,28,Mid-Western Region,Rukum,ATHABISH_KOT,RAIN,0,1,0,0,0,0,0,0.0,False,,,,,,,,,,,,,,,,,,,,,,,,,,True,True,True,True
episode-5f5eb98180f02ad664d0,UNDRR DesInventar Nepal,2011,7,29,Central Region,Rautahat,DHARMAPUR,HEAVY RAINS,1,0,0,0,0,0,0,0.0,False,,,,,,,,,,,,,,,,,,,,,,,,,,True,True,True,True
episode-8726eeb98b27d6bf8cc6,UNDRR DesInventar Nepal,2011,7,29,Western Region,Rupandehi,DAYA_NAGAR,HEAVY RAINS,0,1,0,0,0,0,0,0.0,False,,,,,,,,,,,,,,,,,,,,,,,,,,True,True,True,True
episode-dbdf0c789b9721847d39,UNDRR DesInventar Nepal,2011,7,30,Eastern Region,Jhapa,SATASIDHAM,HEAVY RAINS,0,0,0,0,1,0,0,0.0,False,,,,,,,,,,,,,,,,,,,,,,,,,,True,True,True,True
episode-e145e750fafd19f1a7e2,UNDRR DesInventar Nepal,2011,7,30,Far Western Region,Kailali,UNKNOWN,HEAVY RAINS,0,0,1,0,0,0,0,0.0,False,,,,,,,,,,,,,,,,,,,,,,,,,,True,True,True,True
episode-bc4ceb518f51a3d3e766,UNDRR DesInventar Nepal,2011,7,31,Mid-Western Region,Bardiya,BHIMMAPUR,RAIN,0,0,0,378,0,70,0,0.0,False,,,,,,,,,,,,,,,,,,,,,,,,,,True,True,True,True
episode-daf2649f3f6a326a51e5,UNDRR DesInventar Nepal,2011,7,31,Mid-Western Region,Bardiya,KALIKA,HEAVY RAINS,0,0,0,0,0,0,0,0.0,False,,,,,,,,,,,,,,,,,,,,,,,,,,True,True,True,True
episode-76d86cb9bf37bb164bcd,UNDRR DesInventar Nepal,2011,7,31,Mid-Western Region,Bardiya,RAJAPUR,HEAVY RAINS,0,0,0,270,0,50,0,0.0,False,,,,,,,,,,,,,,,,,,,,,,,,,,True,True,True,True
episode-16024ef4c637583c877d,UNDRR DesInventar Nepal,2011,7,31,Central Region,Mahotari,Raghunathpur,RAIN,0,0,0,1620,0,300,0,0.0,False,,,,,,,,,,,,,,,,,,,,,,,,,,True,True,True,True
episode-85f6e498dc1fa3da81a2,UNDRR DesInventar Nepal,2011,7,31,Central Region,Rautahat,SAKHUAWA,HEAVY RAINS,1,0,0,0,0,0,0,0.0,False,,,,,,,,,,,,,,,,,,,,,,,,,,True,True,True,True
episode-3127633f77c3d1e5db0e,UNDRR DesInventar Nepal,2011,7,31,Central Region,Sindhuli,Hatpate,HEAVY RAINS,0,1,0,0,0,0,0,0.0,False,,,,,,,,,,,,,,,,,,,,,,,,,,True,True,True,True
episode-d975b87bce4593c439a2,UNDRR DesInventar Nepal,2011,7,31,Central Region,Sindhuli,Kalpabriksha,HEAVY RAINS,1,0,0,0,0,0,0,0.0,False,,,,,,,,,,,,,,,,,,,,,,,,,,True,True,True,True
episode-24eec43a99998920b450,UNDRR DesInventar Nepal,2011,8,1,Western Region,Baglung,ADHIKARICHAUR,HEAVY RAINS,0,0,0,0,0,3,0,0.0,False,,,,,,,,,,,,,,,,,,,,,,,,,,True,True,True,True
episode-f9e8ac2debe8e0026fbf,UNDRR DesInventar Nepal,2011,8,1,Far Western Region,Bajhang,Chainpur,HEAVY RAINS,1,0,1,0,0,0,0,0.0,False,,,,,,,,,,,,,,,,,,,,,,,,,,True,True,True,True
episode-5529dccc971afeb313a9,UNDRR DesInventar Nepal,2011,8,1,Far Western Region,Bajhang,Kandel,HEAVY RAINS,1,0,1,0,0,0,0,0.0,False,,,,,,,,,,,,,,,,,,,,,,,,,,True,True,True,True
episode-338f6c35c20d62f1f1ca,UNDRR DesInventar Nepal,2011,8,1,Mid-Western Region,Banke,HOLIA,RAIN,0,0,0,615,0,114,0,0.0,False,,,,,,,,,,,,,,,,,,,,,,,,,,True,True,True,True
episode-542b407df64806815681,UNDRR DesInventar Nepal,2011,8,1,Mid-Western Region,Bardiya,GULARIYA,HEAVY RAINS,0,0,0,5,2,0,0,0.0,False,,,,,,,,,,,,,,,,,,,,,,,,,,True,True,True,True
episode-56a9eddda1a37b653c49,UNDRR DesInventar Nepal,2011,8,1,Eastern Region,Panchthar,RANITAR,HEAVY RAINS,0,1,0,0,0,0,0,0.0,False,,,,,,,,,,,,,,,,,,,,,,,,,,True,True,True,True
episode-7e0836d854b09a97d32e,UNDRR DesInventar Nepal,2011,8,1,Central Region,Rautahat,BASANTAPATTI,HEAVY RAINS,1,0,0,0,0,0,0,0.0,False,,,,,,,,,,,,,,,,,,,,,,,,,,True,True,True,True
episode-3887ee917e5768cfb6a8,UNDRR DesInventar Nepal,2011,8,1,Western Region,Rupandehi,MANMATERIYA,HEAVY RAINS,1,0,0,0,0,0,0,0.0,False,,,,,,,,,,,,,,,,,,,,,,,,,,True,True,True,True
episode-8f0404c31196903c81c5,UNDRR DesInventar Nepal,2011,8,1,Eastern Region,Udayapur,UNKNOWN,HEAVY RAINS,0,2,0,0,0,0,0,0.0,False,,,,,,,,,,,,,,,,,,,,,,,,,,True,True,True,True
episode-0744112ede3514cdb1c0,UNDRR DesInventar Nepal,2011,8,2,Western Region,Kapilbastu,KOPAWA,HEAVY RAINS,0,1,0,0,0,0,0,0.0,False,,,,,,,,,,,,,,,,,,,,,,,,,,True,True,True,True
episode-4deba8eedf9b708d8481,UNDRR DesInventar Nepal,2011,8,2,Eastern Region,Solukhumbu,Waku,HEAVY RAINS,0,0,0,0,1,0,0,0.0,False,,,,,,,,,,,,,,,,,,,,,,,,,,True,True,True,True
episode-ce8ce1c268c3d1fd0575,UNDRR DesInventar Nepal,2011,8,3,Far Western Region,Baitadi,DASHARATHCHAND N.P,HEAVY RAINS,0,1,0,0,0,0,0,0.0,False,,,,,,,,,,,,,,,,,,,,,,,,,,True,True,True,True
episode-79b64d52cd5fc546f8f5,UNDRR DesInventar Nepal,2011,8,3,Eastern Region,Jhapa,GHERABARI,RAIN,0,0,0,59,11,0,0,0.0,False,,,,,,,,,,,,,,,,,,,,,,,,,,True,True,True,True
episode-65ef38c044ee5dbd5b46,UNDRR DesInventar Nepal,2011,8,3,Western Region,Palpa,FEK,HEAVY RAINS,0,2,1,0,0,0,0,0.0,False,,,,,,,,,,,,,,,,,,,,,,,,,,True,True,True,True
episode-3d0806268c0fe3d311a5,UNDRR DesInventar Nepal,2011,8,3,Central Region,Parsa,Supauli,HEAVY RAINS,0,0,0,0,0,0,0,0.0,False,,,,,,,,,,,,,,,,,,,,,,,,,,True,True,True,True
episode-0b072fe53f7770738651,UNDRR DesInventar Nepal,2011,8,3,Mid-Western Region,Rolpa,UNKNOWN,HEAVY RAINS,2,0,0,0,0,0,0,0.0,False,,,,,,,,,,,,,,,,,,,,,,,,,,True,True,True,True
episode-be6ee193c016465f3264,UNDRR DesInventar Nepal,2011,8,5,Mid-Western Region,Dang,TULSIPUR_MUNICIPALIT,HEAVY RAINS,1,0,0,0,0,0,0,0.0,False,,,,,,,,,,,,,,,,,,,,,,,,,,True,True,True,True
episode-c656e279a30fb541336c,UNDRR DesInventar Nepal,2011,8,5,Central Region,Nuwakot,UNKNOWN,HEAVY RAINS,1,0,0,0,0,0,0,0.0,False,,,,,,,,,,,,,,,,,,,,,,,,,,True,True,True,True
episode-ba2d37b8822a6ac876e9,UNDRR DesInventar Nepal,2011,8,5,Mid-Western Region,Rukum,GOTAME_KOT,HEAVY RAINS,0,0,0,162,0,30,0,0.0,True,,,,,,,,,,,,,,,,,,,,,,,,,,True,True,True,True
episode-d6efa7886eef98091c1b,UNDRR DesInventar Nepal,2011,8,6,Far Western Region,Kanchanpur,SANKARPUR,RAIN,0,0,0,0,0,0,0,0.0,False,,,,,,,,,,,,,,,,,,,,,,,,,,True,True,True,True
episode-3ee3247478bdcb46b476,UNDRR DesInventar Nepal,2011,8,6,Central Region,Makwanpur,MANAHARI,HEAVY RAINS,0,0,0,32,0,6,0,0.0,False,,,,,,,,,,,,,,,,,,,,,,,,,,True,True,True,True
episode-5fe27fe3f7a3db7cad5f,UNDRR DesInventar Nepal,2011,8,6,Central Region,Sindhupalchoke,UNKNOWN,HEAVY RAINS,0,1,0,0,0,0,0,0.0,False,,,,,,,,,,,,,,,,,,,,,,,,,,True,True,True,True
episode-82a8a85d11da90ffc98a,UNDRR DesInventar Nepal,2011,8,7,Eastern Region,Siraha,Siraha Municapility,HEAVY RAINS,1,0,0,0,0,0,0,0.0,False,,,,,,,,,,,,,,,,,,,,,,,,,,True,True,True,True
episode-122155cb8b2c3672997e,UNDRR DesInventar Nepal,2011,8,7,Eastern Region,Sunsari,Bharaul,HEAVY RAINS,0,1,1,0,0,0,0,0.0,False,,,,,,,,,,,,,,,,,,,,,,,,,,True,True,True,True
episode-adfe84c9b36c126d38ff,UNDRR DesInventar Nepal,2011,8,8,Eastern Region,Bhojpur,KHATANMA,HEAVY RAINS,0,0,0,0,0,0,0,0.0,False,,,,,,,,,,,,,,,,,,,,,,,,,,True,True,True,True
episode-c0a60a227c53cdd546f3,UNDRR DesInventar Nepal,2011,8,8,Mid-Western Region,Dang,URAHARI,HEAVY RAINS,1,0,0,0,0,0,0,0.0,False,,,,,,,,,,,,,,,,,,,,,,,,,,True,True,True,True
episode-1b92d52d308451d9f6c0,UNDRR DesInventar Nepal,2011,8,9,Far Western Region,Kailali,DANSINHAPUR,HEAVY RAINS,0,1,0,0,0,0,0,0.0,False,,,,,,,,,,,,,,,,,,,,,,,,,,True,True,True,True
episode-f96dd83e26349618db6f,UNDRR DesInventar Nepal,2011,8,9,Far Western Region,Kailali,RAMSIKHAR JHALA,HEAVY RAINS,1,0,0,0,0,0,0,0.0,False,,,,,,,,,,,,,,,,,,,,,,,,,,True,True,True,True
episode-b28e508e430211ca22c2,UNDRR DesInventar Nepal,2011,8,9,Western Region,Nawalparasi,DUMKIBAS,HEAVY RAINS,1,0,0,0,0,0,0,0.0,False,,,,,,,,,,,,,,,,,,,,,,,,,,True,True,True,True
episode-1b81e719e65941132233,UNDRR DesInventar Nepal,2011,8,9,Western Region,Rupandehi,UNKNOWN,HEAVY RAINS,0,1,0,0,0,0,0,0.0,False,,,,,,,,,,,,,,,,,,,,,,,,,,True,True,True,True
episode-b5fb98ed5b9b050329db,UNDRR DesInventar Nepal,2011,8,10,Western Region,Tanahu,BHANU,HEAVY RAINS,3,0,0,0,0,0,0,0.0,False,,,,,,,,,,,,,,,,,,,,,,,,,,True,True,True,True
episode-f760543e07268b262911,UNDRR DesInventar Nepal,2011,8,12,Central Region,Bara,NIJGADH,HEAVY RAINS,1,0,0,0,0,0,0,0.0,False,,,,,,,,,,,,,,,,,,,,,,,,,,True,True,True,True
episode-00f2e65b492fcd71754e,UNDRR DesInventar Nepal,2011,8,12,Central Region,Dhading,UNKNOWN,HEAVY RAINS,0,1,0,0,0,0,0,0.0,False,,,,,,,,,,,,,,,,,,,,,,,,,,True,True,True,True
episode-ab5b45e0a53ccc48238f,UNDRR DesInventar Nepal,2011,8,12,Central Region,Sarlahi,UNKNOWN,HEAVY RAINS,1,0,0,0,0,0,0,0.0,False,,,,,,,,,,,,,,,,,,,,,,,,,,True,True,True,True
episode-b32c872ac30256a86ea4,UNDRR DesInventar Nepal,2011,8,13,Western Region,Arghakanchi,THADA,HEAVY RAINS,0,1,0,0,0,0,0,0.0,False,,,,,,,,,,,,,,,,,,,,,,,,,,True,True,True,True
episode-c830b7b24f562286a1a0,UNDRR DesInventar Nepal,2011,8,13,Central Region,Bara,NIJGADH,HEAVY RAINS,1,0,0,0,0,0,0,0.0,False,,,,,,,,,,,,,,,,,,,,,,,,,,True,True,True,True
episode-bb10656e957201bd9822,UNDRR DesInventar Nepal,2011,8,13,Central Region,Dolakha,Lamabagar,HEAVY RAINS,0,0,0,0,2,0,0,0.0,False,,,,,,,,,,,,,,,,,,,,,,,,,,True,True,True,True
episode-1815eb4ed9e1287c27b9,UNDRR DesInventar Nepal,2011,8,13,Central Region,Mahotari,Luxminiya,HEAVY RAINS,1,0,0,0,0,0,0,0.0,False,,,,,,,,,,,,,,,,,,,,,,,,,,True,True,True,True
episode-3405f851c80f3c744b25,UNDRR DesInventar Nepal,2011,8,13,Central Region,Sarlahi,BRAMHAPURI,HEAVY RAINS,1,0,0,0,0,0,0,0.0,False,,,,,,,,,,,,,,,,,,,,,,,,,,True,True,True,True
episode-fcd9193e1c8bb17d59dc,UNDRR DesInventar Nepal,2011,8,15,Central Region,Bara,AMLEKHGANJ,HEAVY RAINS,1,0,0,0,0,0,0,0.0,False,,,,,,,,,,,,,,,,,,,,,,,,,,True,True,True,True
episode-ba7a829024ffe58ade78,UNDRR DesInventar Nepal,2011,8,15,Eastern Region,Bhojpur,BHOJPUR,HEAVY RAINS,0,0,0,0,0,0,0,0.0,False,,,,,,,,,,,,,,,,,,,,,,,,,,True,True,True,True
episode-4dfe8a9894fd631a906f,UNDRR DesInventar Nepal,2011,8,15,Central Region,Kathmandu,THANKOT,HEAVY RAINS,1,0,0,0,0,0,0,0.0,False,,,,,,,,,,,,,,,,,,,,,,,,,,True,True,True,True
episode-4fffc1e763b8cd569ac2,UNDRR DesInventar Nepal,2011,8,16,Mid-Western Region,Banke,NEPALGANJ N.P.,HEAVY RAINS,1,0,0,0,0,0,0,0.0,False,,,,,,,,,,,,,,,,,,,,,,,,,,True,True,True,True
episode-0d5489bc5b6572bce150,UNDRR DesInventar Nepal,2011,8,16,Eastern Region,Ilam,PASHUPATI NAGAR,HEAVY RAINS,1,0,0,0,0,0,0,0.0,False,,,,,,,,,,,,,,,,,,,,,,,,,,True,True,True,True
episode-d9d3fdad24db5614d172,UNDRR DesInventar Nepal,2011,8,16,Far Western Region,Kanchanpur,MAHENDRA NAGAR N.P.,HEAVY RAINS,0,0,0,405,11,64,0,0.0,False,,,,,,,,,,,,,,,,,,,,,,,,,,True,True,True,True
episode-82934c7ee303c1f2c5dd,UNDRR DesInventar Nepal,2011,8,17,Mid-Western Region,Bardiya,DAULATPUR,HEAVY RAINS,0,0,0,162,0,30,0,0.0,False,,,,,,,,,,,,,,,,,,,,,,,,,,True,True,True,True
episode-456b184990896977363a,UNDRR DesInventar Nepal,2011,8,17,Mid-Western Region,Bardiya,PATABHAR,HEAVY RAINS,0,0,0,43,0,8,0,0.0,False,,,,,,,,,,,,,,,,,,,,,,,,,,True,True,True,True
episode-636bce8807c325bdfd3d,UNDRR DesInventar Nepal,2011,8,17,Mid-Western Region,Bardiya,RAJAPUR,HEAVY RAINS,0,0,0,162,0,30,0,0.0,False,,,,,,,,,,,,,,,,,,,,,,,,,,True,True,True,True
episode-fedfcec57c3b9d227a9c,UNDRR DesInventar Nepal,2011,8,17,Far Western Region,Dadeldhura,JOGBUDA,RAIN,0,0,0,189,12,23,0,0.0,True,,,,,,,,,,,,,,,,,,,,,,,,,,True,True,True,True
episode-406bbee706e1df2841df,UNDRR DesInventar Nepal,2011,8,17,Far Western Region,Kailali,BHAJANI,RAIN,1,0,0,540,0,100,0,0.0,False,,,,,,,,,,,,,,,,,,,,,,,,,,True,True,True,True
episode-9dab305d1deece306141,UNDRR DesInventar Nepal,2011,8,17,Far Western Region,Kailali,DHANGADHI MUNICIPALITY,RAIN,1,0,0,0,0,0,0,0.0,False,,,,,,,,,,,,,,,,,,,,,,,,,,True,True,True,True
episode-afdf903813b819dcd6dd,UNDRR DesInventar Nepal,2011,8,17,Far Western Region,Kailali,LALBOJHI,RAIN,0,0,0,1350,0,250,0,0.0,False,,,,,,,,,,,,,,,,,,,,,,,,,,True,True,True,True
episode-9cf9c3bc3a557594da51,UNDRR DesInventar Nepal,2011,8,17,Far Western Region,Kailali,TIKAPUR MUNICIPALITY,RAIN,0,0,0,32,0,6,0,0.0,False,,,,,,,,,,,,,,,,,,,,,,,,,,True,True,True,True
episode-5868ec5198b2769c7f38,UNDRR DesInventar Nepal,2011,8,17,Far Western Region,Kanchanpur,CHANDANI,RAIN,0,0,0,32,0,6,0,0.0,False,,,,,,,,,,,,,,,,,,,,,,,,,,True,True,True,True
episode-3dc8f8b0a533cbffbba1,UNDRR DesInventar Nepal,2011,8,17,Far Western Region,Kanchanpur,DAIJEE,RAIN,0,0,0,21,0,4,0,0.0,False,,,,,,,,,,,,,,,,,,,,,,,,,,True,True,True,True
episode-db068dfae2e21581bb30,UNDRR DesInventar Nepal,2011,8,17,Far Western Region,Kanchanpur,DEKHATBHULI,RAIN,0,0,0,21,0,4,0,0.0,False,,,,,,,,,,,,,,,,,,,,,,,,,,True,True,True,True
episode-dc4c612c80d3fd1ee2cc,UNDRR DesInventar Nepal,2011,8,17,Far Western Region,Kanchanpur,DODHAR,RAIN,0,0,0,318,0,59,0,0.0,False,,,,,,,,,,,,,,,,,,,,,,,,,,True,True,True,True
episode-b7be2ca498a83bb0c610,UNDRR DesInventar Nepal,2011,8,17,Far Western Region,Kanchanpur,MAHENDRA NAGAR N.P.,RAIN,0,0,0,810,0,150,0,0.0,False,,,,,,,,,,,,,,,,,,,,,,,,,,True,True,True,True
episode-9478b69eda2fe1f59e8d,UNDRR DesInventar Nepal,2011,8,17,Far Western Region,Kanchanpur,SANKARPUR,RAIN,0,0,0,146,0,27,0,0.0,False,,,,,,,,,,,,,,,,,,,,,,,,,,True,True,True,True
episode-6b70ae522ad1269b97ff,UNDRR DesInventar Nepal,2011,8,17,Far Western Region,Kanchanpur,SHREEPUR,RAIN,0,0,0,43,0,8,0,0.0,False,,,,,,,,,,,,,,,,,,,,,,,,,,True,True,True,True
episode-b2eee98bc3cac3da8e01,UNDRR DesInventar Nepal,2011,8,17,Western Region,Mustang,TUKUCHE,HEAVY RAINS,0,0,0,0,0,0,0,0.0,False,,,,,,,,,,,,,,,,,,,,,,,,,,True,True,True,True
episode-9074d6c237a948df0b83,UNDRR DesInventar Nepal,2011,8,18,Eastern Region,Jhapa,GAURADAHA,HEAVY RAINS,1,0,0,65,0,0,0,0.0,False,,,,,,,,,,,,,,,,,,,,,,,,,,True,True,True,True
episode-5ea58e7166d8bc241796,UNDRR DesInventar Nepal,2011,8,18,Eastern Region,Jhapa,JYAMIRGADHI,HEAVY RAINS,0,0,0,21,0,4,0,0.0,False,,,,,,,,,,,,,,,,,,,,,,,,,,True,True,True,True
episode-2494a65289ec5c6fe35e,UNDRR DesInventar Nepal,2011,8,18,Eastern Region,Saptari,BHARDAHA,RAIN,0,0,0,0,0,0,0,0.0,False,,,,,,,,,,,,,,,,,,,,,,,,,,True,True,True,True
episode-59b773ab8d7e3e95127d,UNDRR DesInventar Nepal,2011,8,18,Eastern Region,Saptari,GHOGANPUR,RAIN,0,0,0,59,11,0,0,0.0,False,,,,,,,,,,,,,,,,,,,,,,,,,,True,True,True,True
episode-8c6e59a579f3aba34243,UNDRR DesInventar Nepal,2011,8,18,Eastern Region,Saptari,GOBARGADHA,HEAVY RAINS,0,0,0,270,50,0,0,0.0,False,,,,,,,,,,,,,,,,,,,,,,,,,,True,True,True,True
episode-23b4fce025e3e13bf108,UNDRR DesInventar Nepal,2011,8,18,Eastern Region,Saptari,KOILADI,RAIN,0,0,0,1501,278,0,0,0.0,False,,,,,,,,,,,,,,,,,,,,,,,,,,True,True,True,True
episode-47eb0fad462f1fbbe662,UNDRR DesInventar Nepal,2011,8,18,Eastern Region,Saptari,LAUNIYA,RAIN,0,0,0,1501,278,0,0,0.0,False,,,,,,,,,,,,,,,,,,,,,,,,,,True,True,True,True
episode-8daa9c762b20437f57e3,UNDRR DesInventar Nepal,2011,8,18,Eastern Region,Saptari,MADHEPURA,RAIN,0,0,0,1501,278,0,0,0.0,False,,,,,,,,,,,,,,,,,,,,,,,,,,True,True,True,True
episode-520767da8e7878adefd5,UNDRR DesInventar Nepal,2011,8,18,Eastern Region,Saptari,MALAHANIYA,RAIN,0,0,0,1501,278,0,0,0.0,False,,,,,,,,,,,,,,,,,,,,,,,,,,True,True,True,True
episode-b6b63efbb2e1adf4e3a7,UNDRR DesInventar Nepal,2011,8,18,Eastern Region,Saptari,MANRAYA,RAIN,0,0,0,65,12,0,0,0.0,False,,,,,,,,,,,,,,,,,,,,,,,,,,True,True,True,True
episode-216ec819ba113dd2ef19,UNDRR DesInventar Nepal,2011,8,18,Eastern Region,Saptari,PHAKIRA,HEAVY RAINS,0,0,0,0,13,0,0,0.0,False,,,,,,,,,,,,,,,,,,,,,,,,,,True,True,True,True
episode-e745e56b73f248f9c42e,UNDRR DesInventar Nepal,2011,8,18,Eastern Region,Saptari,RAMPURA MALAHANIYA,RAIN,0,0,0,1501,278,0,0,0.0,False,,,,,,,,,,,,,,,,,,,,,,,,,,True,True,True,True
episode-9ce94b236f06f2a1c10a,UNDRR DesInventar Nepal,2011,8,18,Eastern Region,Saptari,SAKARTPUR,RAIN,0,0,0,1506,279,0,0,0.0,False,,,,,,,,,,,,,,,,,,,,,,,,,,True,True,True,True
episode-ef1ab5741a59ca96698a,UNDRR DesInventar Nepal,2011,8,18,Eastern Region,Saptari,TILATHI,RAIN,0,0,0,1501,278,0,0,0.0,False,,,,,,,,,,,,,,,,,,,,,,,,,,True,True,True,True
episode-1aecd85c3660d6c5b85e,UNDRR DesInventar Nepal,2011,8,18,Central Region,Sindhuli,Dudhauli,HEAVY RAINS,0,0,0,0,0,0,0,0.0,False,,,,,,,,,,,,,,,,,,,,,,,,,,True,True,True,True
episode-f2b8d8e11974bcc5585b,UNDRR DesInventar Nepal,2011,8,18,Western Region,Tanahu,DEVGHAT,HEAVY RAINS,1,0,0,0,0,0,0,0.0,False,,,,,,,,,,,,,,,,,,,,,,,,,,True,True,True,True
episode-82fbda045c982921781b,UNDRR DesInventar Nepal,2011,8,18,Eastern Region,Taplejung,PHUNGLING,HEAVY RAINS,0,0,0,0,0,0,0,0.0,True,,,,,,,,,,,,,,,,,,,,,,,,,,True,True,True,True
episode-cab069787585eeed159b,UNDRR DesInventar Nepal,2011,8,19,Western Region,Lamjung,BAHUNDADA,HEAVY RAINS,0,1,0,0,0,0,0,0.0,False,,,,,,,,,,,,,,,,,,,,,,,,,,True,True,True,True
episode-4ae548cbec8179997c07,UNDRR DesInventar Nepal,2011,8,19,Eastern Region,Okhaldhunga,TOKSEL,HEAVY RAINS,0,1,0,0,0,0,0,0.0,False,,,,,,,,,,,,,,,,,,,,,,,,,,True,True,True,True
episode-2327ea6386d492db6ab3,UNDRR DesInventar Nepal,2011,8,20,Far Western Region,Bajhang,Kalukheti,HEAVY RAINS,0,0,0,0,0,0,0,0.0,True,,,,,,,,,,,,,,,,,,,,,,,,,,True,True,True,True
episode-f9f435c943be31bbb3ce,UNDRR DesInventar Nepal,2011,8,20,Eastern Region,Jhapa,GAURADAHA,HEAVY RAINS,1,0,0,0,0,0,0,0.0,False,,,,,,,,,,,,,,,,,,,,,,,,,,True,True,True,True
episode-4bd8d0937ff0edcc813a,UNDRR DesInventar Nepal,2011,8,20,Western Region,Kaski,POKHARA_SMP,HEAVY RAINS,0,1,0,0,0,0,0,0.0,False,,,,,,,,,,,,,,,,,,,,,,,,,,True,True,True,True
episode-a99549645f423a0a4d03,UNDRR DesInventar Nepal,2011,8,21,Eastern Region,Jhapa,BHUDHABARE,HEAVY RAINS,1,0,0,0,0,0,0,0.0,False,,,,,,,,,,,,,,,,,,,,,,,,,,True,True,True,True
episode-0eb0af88142ce650bbdf,UNDRR DesInventar Nepal,2011,8,21,Eastern Region,Sankhuwasabha,Khadbari Municipali,HEAVY RAINS,0,1,0,0,0,0,0,0.0,False,,,,,,,,,,,,,,,,,,,,,,,,,,True,True,True,True
episode-9c2bd707c3a7bc8a57b4,UNDRR DesInventar Nepal,2011,8,22,Central Region,Bara,GOLGANJ,HEAVY RAINS,1,0,0,0,0,0,0,0.0,False,,,,,,,,,,,,,,,,,,,,,,,,,,True,True,True,True
episode-bcb4795da07f7049e73a,UNDRR DesInventar Nepal,2011,8,22,Mid-Western Region,Dang,PURRUNDHARA,HEAVY RAINS,0,1,0,0,0,0,0,0.0,False,,,,,,,,,,,,,,,,,,,,,,,,,,True,True,True,True
episode-785455e9289fcb38f345,UNDRR DesInventar Nepal,2011,8,22,Central Region,Sindhuli,Bhimsthan,HEAVY RAINS,0,0,0,0,0,0,0,0.0,False,,,,,,,,,,,,,,,,,,,,,,,,,,True,True,True,True
episode-dacbe2df26b28bb01751,UNDRR DesInventar Nepal,2011,8,22,Mid-Western Region,Surkhet,BIRENDRANAGAR NP,HEAVY RAINS,0,0,2,0,0,0,0,0.0,False,,,,,,,,,,,,,,,,,,,,,,,,,,True,True,True,True
episode-ffb1913c831dc8a859e1,UNDRR DesInventar Nepal,2011,8,22,Mid-Western Region,Surkhet,UNKNOWN,HEAVY RAINS,0,1,0,0,0,0,0,0.0,False,,,,,,,,,,,,,,,,,,,,,,,,,,True,True,True,True
episode-eea56229eb6688e9529c,UNDRR DesInventar Nepal,2011,8,23,Eastern Region,Bhojpur,KOT,HEAVY RAINS,1,0,0,0,0,0,0,0.0,False,,,,,,,,,,,,,,,,,,,,,,,,,,True,True,True,True
episode-67d91de9c2ebb977194c,UNDRR DesInventar Nepal,2011,8,24,Eastern Region,Jhapa,KOHABARA,HEAVY RAINS,0,1,0,0,0,0,0,0.0,False,,,,,,,,,,,,,,,,,,,,,,,,,,True,True,True,True
episode-2e4b553a7de0851885f5,UNDRR DesInventar Nepal,2011,8,24,Western Region,Parbat,DEURALI,RAIN,0,0,0,0,0,0,0,0.0,True,,,,,,,,,,,,,,,,,,,,,,,,,,True,True,True,True
episode-e941709fd09aadd1633f,UNDRR DesInventar Nepal,2011,8,24,Western Region,Parbat,KHANIGAUN,HEAVY RAINS,0,0,0,0,0,0,0,0.0,False,,,,,,,,,,,,,,,,,,,,,,,,,,True,True,True,True
episode-0cb268670aaaf19e07b6,UNDRR DesInventar Nepal,2011,8,24,Eastern Region,Udayapur,Rampur,HEAVY RAINS,0,1,0,0,0,0,0,0.0,False,,,,,,,,,,,,,,,,,,,,,,,,,,True,True,True,True
episode-8b3249ab461f8ce48156,UNDRR DesInventar Nepal,2011,8,25,Far Western Region,Kanchanpur,UNKNOWN,HEAVY RAINS,0,1,0,0,0,0,0,0.0,False,,,,,,,,,,,,,,,,,,,,,,,,,,True,True,True,True
episode-eeb2b6967b9830c5c597,UNDRR DesInventar Nepal,2011,8,26,Mid-Western Region,Rukum,PIPAL,HEAVY RAINS,0,1,0,0,0,0,0,0.0,False,,,,,,,,,,,,,,,,,,,,,,,,,,True,True,True,True
episode-716460015f4dda4e949a,UNDRR DesInventar Nepal,2011,8,26,Western Region,Rupandehi,SEMALAR,HEAVY RAINS,1,0,0,0,0,0,0,0.0,False,,,,,,,,,,,,,,,,,,,,,,,,,,True,True,True,True
episode-c37d1fd28b07ef410bad,UNDRR DesInventar Nepal,2011,8,26,Eastern Region,Sunsari,Dharan Municiplality,HEAVY RAINS,2,0,0,0,0,0,0,0.0,False,,,,,,,,,,,,,,,,,,,,,,,,,,True,True,True,True
episode-c09b78f789a6c88a0a55,UNDRR DesInventar Nepal,2011,8,27,Mid-Western Region,Humla,MIMI,RAIN,0,0,0,259,0,0,0,0.0,False,,,,,,,,,,,,,,,,,,,,,,,,,,True,True,True,True
episode-9014f04ec4c6f3ab49f5,UNDRR DesInventar Nepal,2011,8,27,Eastern Region,Jhapa,BHADRAPUR MUN.,HEAVY RAINS,0,1,0,0,0,0,0,0.0,False,,,,,,,,,,,,,,,,,,,,,,,,,,True,True,True,True
episode-ff01d0192e576b3ddd02,UNDRR DesInventar Nepal,2011,8,27,Central Region,Makwanpur,MANAHARI,HEAVY RAINS,1,0,0,0,0,0,0,0.0,False,,,,,,,,,,,,,,,,,,,,,,,,,,True,True,True,True
episode-9dc7967901d591ed2318,UNDRR DesInventar Nepal,2011,8,27,Eastern Region,Morang,Madhumalla,HEAVY RAINS,1,0,0,0,0,0,0,0.0,False,,,,,,,,,,,,,,,,,,,,,,,,,,True,True,True,True
episode-128c4cdd2226d0dfe45f,UNDRR DesInventar Nepal,2011,8,29,Eastern Region,Jhapa,KERABARI,RAIN,0,0,0,65,0,12,0,0.0,False,,,,,,,,,,,,,,,,,,,,,,,,,,True,True,True,True
episode-6c4afac79f7c1379f256,UNDRR DesInventar Nepal,2011,8,29,Eastern Region,Siraha,Badaharamal,HEAVY RAINS,1,0,0,5,0,0,0,0.0,False,,,,,,,,,,,,,,,,,,,,,,,,,,True,True,True,True
episode-4c14d8e0e6e02e22c6be,UNDRR DesInventar Nepal,2011,8,30,Western Region,Nawalparasi,SWATHI,HEAVY RAINS,0,1,0,5,0,0,0,0.0,False,,,,,,,,,,,,,,,,,,,,,,,,,,True,True,True,True
episode-b4fa34d1dbe58c57c883,UNDRR DesInventar Nepal,2011,8,30,Western Region,Palpa,DOBHAN,HEAVY RAINS,0,1,0,5,0,0,0,0.0,False,,,,,,,,,,,,,,,,,,,,,,,,,,True,True,True,True
episode-344cfb431f33de956c58,UNDRR DesInventar Nepal,2011,8,31,Central Region,Nuwakot,NARJAMAND,HEAVY RAINS,0,1,0,5,0,0,0,0.0,False,,,,,,,,,,,,,,,,,,,,,,,,,,True,True,True,True
episode-fee9c8c946fc8298691a,UNDRR DesInventar Nepal,2011,9,3,Central Region,Dolakha,Susmachhemawati,HEAVY RAINS,0,0,3,43,1,7,0,0.0,True,,,,,,,,,,,,,,,,,,,,,,,,,,True,True,True,True
episode-50f180ec3d53765c2159,UNDRR DesInventar Nepal,2011,9,5,Mid-Western Region,Dang,SATBARIYA,HEAVY RAINS,1,0,0,0,0,0,0,0.0,False,,,,,,,,,,,,,,,,,,,,,,,,,,True,True,True,True
episode-758f7de428fc01d76252,UNDRR DesInventar Nepal,2011,9,6,Far Western Region,Doti,LADAGADA,HEAVY RAINS,0,1,0,0,0,0,0,0.0,False,,,,,,,,,,,,,,,,,,,,,,,,,,True,True,True,True
episode-956ace72a3d1a7329560,UNDRR DesInventar Nepal,2011,9,6,Central Region,Mahotari,Khayarmara,HEAVY RAINS,1,0,0,0,0,0,0,0.0,False,,,,,,,,,,,,,,,,,,,,,,,,,,True,True,True,True
episode-07d1abac57f864bd6c54,UNDRR DesInventar Nepal,2011,9,7,Mid-Western Region,Dang,MANPUR,HEAVY RAINS,1,0,0,0,0,0,0,0.0,False,,,,,,,,,,,,,,,,,,,,,,,,,,True,True,True,True
episode-ea4975ac5d50d62f4d15,UNDRR DesInventar Nepal,2011,9,7,Western Region,Lamjung,BHOTE ODAR,HEAVY RAINS,0,1,0,0,0,0,0,0.0,False,,,,,,,,,,,,,,,,,,,,,,,,,,True,True,True,True
episode-d24f8a1f3523cba927b6,UNDRR DesInventar Nepal,2011,9,7,Central Region,Rautahat,PIPARIYA,HEAVY RAINS,1,0,0,0,0,0,0,0.0,False,,,,,,,,,,,,,,,,,,,,,,,,,,True,True,True,True
episode-21e4351ecbacc6d87e1d,UNDRR DesInventar Nepal,2011,9,7,Western Region,Rupandehi,SEMALAR,HEAVY RAINS,0,1,0,0,0,0,0,0.0,False,,,,,,,,,,,,,,,,,,,,,,,,,,True,True,True,True
episode-67a78086c7b40beaae6f,UNDRR DesInventar Nepal,2011,9,8,Mid-Western Region,Dang,LAXMIPUR,HEAVY RAINS,0,1,0,0,0,0,0,0.0,False,,,,,,,,,,,,,,,,,,,,,,,,,,True,True,True,True
episode-979c9357974d388c19d8,UNDRR DesInventar Nepal,2011,9,8,Eastern Region,Jhapa,SHIVAGANJ,HEAVY RAINS,1,0,0,0,0,0,0,0.0,False,,,,,,,,,,,,,,,,,,,,,,,,,,True,True,True,True
episode-526980091984d64e4fdb,UNDRR DesInventar Nepal,2011,9,9,Central Region,Kavre,BANEPA MUNICIPALITY,HEAVY RAINS,1,0,0,0,0,0,0,0.0,False,,,,,,,,,,,,,,,,,,,,,,,,,,True,True,True,True
episode-042e4dadcda09bd07030,UNDRR DesInventar Nepal,2011,9,10,Eastern Region,Ilam,DANABARI,HEAVY RAINS,1,0,0,0,0,0,0,0.0,False,,,,,,,,,,,,,,,,,,,,,,,,,,True,True,True,True
episode-afb8bdecf4682975e56c,UNDRR DesInventar Nepal,2011,9,11,Western Region,Lamjung,ISANESHWAR,HEAVY RAINS,1,0,0,0,0,0,0,0.0,False,,,,,,,,,,,,,,,,,,,,,,,,,,True,True,True,True
episode-48e9feba37bca3b8f44b,UNDRR DesInventar Nepal,2011,9,11,Eastern Region,Morang,Jhurkiya,HEAVY RAINS,1,0,0,0,0,0,0,0.0,False,,,,,,,,,,,,,,,,,,,,,,,,,,True,True,True,True
episode-445669faf8e101ddc6c8,UNDRR DesInventar Nepal,2011,9,11,Central Region,Parsa,Langadi,HEAVY RAINS,1,0,0,0,0,0,0,0.0,False,,,,,,,,,,,,,,,,,,,,,,,,,,True,True,True,True
episode-d672b75bdc8cdd2d4e71,UNDRR DesInventar Nepal,2011,9,13,Mid-Western Region,Banke,KACHANPUR,HEAVY RAINS,1,0,0,0,0,0,0,0.0,False,,,,,,,,,,,,,,,,,,,,,,,,,,True,True,True,True
episode-0a1e7f38770aa9c7ad37,UNDRR DesInventar Nepal,2011,9,13,Eastern Region,Morang,Sorabhang,HEAVY RAINS,1,0,0,0,0,0,0,0.0,False,,,,,,,,,,,,,,,,,,,,,,,,,,True,True,True,True
episode-dcb0c5ec16f68d6b4e09,UNDRR DesInventar Nepal,2011,9,14,Mid-Western Region,Jajarkot,Lahai,HEAVY RAINS,0,0,0,150,1,0,0,0.0,False,,,,,,,,,,,,,,,,,,,,,,,,,,True,True,True,True
episode-a7bb3b743b6935249934,UNDRR DesInventar Nepal,2011,9,17,Far Western Region,Bajhang,UNKNOWN,HEAVY RAINS,0,1,0,0,0,0,0,0.0,False,,,,,,,,,,,,,,,,,,,,,,,,,,True,True,True,True
episode-666674c094e570903f2a,UNDRR DesInventar Nepal,2011,9,17,Far Western Region,Bajura,Jugada,HEAVY RAINS,1,0,0,0,0,0,0,0.0,False,,,,,,,,,,,,,,,,,,,,,,,,,,True,True,True,True
episode-5ada08228f3c3b13b6f6,UNDRR DesInventar Nepal,2011,9,17,Far Western Region,Bajura,Martadi,HEAVY RAINS,0,1,0,0,0,0,0,0.0,False,,,,,,,,,,,,,,,,,,,,,,,,,,True,True,True,True
episode-6e90c1ded1272a360c2a,UNDRR DesInventar Nepal,2011,9,17,Western Region,Rupandehi,CHILHIYA,HEAVY RAINS,1,0,0,0,0,0,0,0.0,False,,,,,,,,,,,,,,,,,,,,,,,,,,True,True,True,True
episode-d26e83d21177ef32819a,UNDRR DesInventar Nepal,2011,9,20,Mid-Western Region,Dailekh,NOMULE,HEAVY RAINS,0,1,0,0,0,0,0,0.0,False,,,,,,,,,,,,,,,,,,,,,,,,,,True,True,True,True
episode-deea1dd920a6cbd4fa02,UNDRR DesInventar Nepal,2011,9,20,Western Region,Nawalparasi,DUMKIBAS,HEAVY RAINS,0,1,0,0,0,0,0,0.0,False,,,,,,,,,,,,,,,,,,,,,,,,,,True,True,True,True
episode-9b9bb7beb2e6e7a98af4,UNDRR DesInventar Nepal,2011,9,21,Mid-Western Region,Humla,GOTHI,HEAVY RAINS,0,1,0,0,0,0,0,0.0,False,,,,,,,,,,,,,,,,,,,,,,,,,,True,True,True,True
episode-eb50522feae6a8f5d5f6,UNDRR DesInventar Nepal,2011,9,22,Eastern Region,Morang,Biratnagar Municipality,HEAVY RAINS,1,0,0,0,0,0,0,0.0,False,,,,,,,,,,,,,,,,,,,,,,,,,,True,True,True,True
episode-2eb0a4c0130ede39f429,UNDRR DesInventar Nepal,2011,9,23,Eastern Region,Udayapur,Rampur,HEAVY RAINS,0,1,0,0,0,0,0,0.0,False,,,,,,,,,,,,,,,,,,,,,,,,,,True,True,True,True
episode-6c3bf7b32e2cc881a56c,UNDRR DesInventar Nepal,2011,9,24,Central Region,Bara,KALAIYA MUNICIPALITY,HEAVY RAINS,1,0,0,0,0,0,0,0.0,False,,,,,,,,,,,,,,,,,,,,,,,,,,True,True,True,True
episode-d596bd09111fecce9f12,UNDRR DesInventar Nepal,2011,9,24,Eastern Region,Ilam,MAHAMAI,HEAVY RAINS,1,0,0,0,0,0,0,0.0,False,,,,,,,,,,,,,,,,,,,,,,,,,,True,True,True,True
episode-33327b0efbd5a20b8ebf,UNDRR DesInventar Nepal,2011,9,26,Central Region,Dhanusa,Baheda Bela,HEAVY RAINS,0,0,0,0,5,0,0,0.0,False,,,,,,,,,,,,,,,,,,,,,,,,,,True,True,True,True
episode-deda0627af6f0a5922a4,UNDRR DesInventar Nepal,2011,9,26,Central Region,Dhanusa,Bindhi,HEAVY RAINS,0,0,0,0,25,0,0,0.0,False,,,,,,,,,,,,,,,,,,,,,,,,,,True,True,True,True
episode-e6d7d8870833a2d69213,UNDRR DesInventar Nepal,2011,9,26,Central Region,Kathmandu,KATHMANDU METROPOLITAN CITY,RAIN,0,1,0,0,0,0,0,0.0,False,,,,,,,,,,,,,,,,,,,,,,,,,,True,True,True,True
episode-83ce54e7a84bcb714d83,UNDRR DesInventar Nepal,2011,9,26,Central Region,Mahotari,Gaidabhetpur,HEAVY RAINS,0,0,0,0,5,0,0,0.0,False,,,,,,,,,,,,,,,,,,,,,,,,,,True,True,True,True
episode-d300f9283846f1bc3cc6,UNDRR DesInventar Nepal,2011,9,26,Central Region,Rautahat,DHARMAPUR,HEAVY RAINS,0,0,0,0,35,0,0,0.0,False,,,,,,,,,,,,,,,,,,,,,,,,,,True,True,True,True
episode-73d77ab3647c8f02a127,UNDRR DesInventar Nepal,2011,9,26,Eastern Region,Siraha,Inarwa,HEAVY RAINS,0,0,0,0,0,40,0,0.0,False,,,,,,,,,,,,,,,,,,,,,,,,,,True,True,True,True
episode-faddbcfae89940b54015,UNDRR DesInventar Nepal,2011,9,26,Eastern Region,Udayapur,Trijuga Municipality,HEAVY RAINS,0,0,6,18,0,0,0,0.0,False,,,,,,,,,,,,,,,,,,,,,,,,,,True,True,True,True
episode-014e5851c99e9b329806,UNDRR DesInventar Nepal,2011,9,27,Far Western Region,Dadeldhura,JOGBUDA,HEAVY RAINS,0,1,0,0,0,0,0,0.0,False,,,,,,,,,,,,,,,,,,,,,,,,,,True,True,True,True
episode-79ceaa515c7d8c61356c,UNDRR DesInventar Nepal,2011,9,27,Central Region,Dhanusa,Nakatjhijha,HEAVY RAINS,0,0,0,0,5,0,0,0.0,False,,,,,,,,,,,,,,,,,,,,,,,,,,True,True,True,True
episode-70044c240a8e52d82f87,UNDRR DesInventar Nepal,2011,9,27,Central Region,Mahotari,Banauta,RAIN,0,0,0,810,150,0,0,0.0,False,,,,,,,,,,,,,,,,,,,,,,,,,,True,True,True,True
episode-3244ec451a182d893750,UNDRR DesInventar Nepal,2011,9,27,Central Region,Mahotari,Dhamaura,RAIN,0,0,0,810,150,0,0,0.0,False,,,,,,,,,,,,,,,,,,,,,,,,,,True,True,True,True
episode-a12593a9b008d5c5c0ef,UNDRR DesInventar Nepal,2011,9,27,Central Region,Mahotari,Jaleswar Municipalit,RAIN,0,0,0,410,76,0,0,0.0,False,,,,,,,,,,,,,,,,,,,,,,,,,,True,True,True,True
episode-4edf2c4a9e6ddd4b8855,UNDRR DesInventar Nepal,2011,9,27,Central Region,Mahotari,Matihani,RAIN,0,0,0,416,77,0,0,0.0,False,,,,,,,,,,,,,,,,,,,,,,,,,,True,True,True,True
episode-794175ec76b2d819ad40,UNDRR DesInventar Nepal,2011,9,27,Central Region,Mahotari,Pokhar Minda,RAIN,0,0,0,378,70,0,0,0.0,False,,,,,,,,,,,,,,,,,,,,,,,,,,True,True,True,True
episode-a9c3025d0ead4de42456,UNDRR DesInventar Nepal,2011,9,27,Central Region,Mahotari,Samsi,RAIN,0,0,0,410,76,0,0,0.0,False,,,,,,,,,,,,,,,,,,,,,,,,,,True,True,True,True
episode-95697742a21af2f9e904,UNDRR DesInventar Nepal,2011,9,27,Central Region,Sarlahi,KABILASI,HEAVY RAINS,0,0,0,0,4,0,0,0.0,False,,,,,,,,,,,,,,,,,,,,,,,,,,True,True,True,True
episode-d22258595b06321165d1,UNDRR DesInventar Nepal,2011,9,27,Central Region,Sarlahi,SANGRAMPUR,HEAVY RAINS,0,0,0,0,1,0,0,0.0,False,,,,,,,,,,,,,,,,,,,,,,,,,,True,True,True,True
episode-d28515650cede2143739,UNDRR DesInventar Nepal,2011,9,27,Central Region,Sarlahi,SIMARA,HEAVY RAINS,0,0,0,0,4,0,0,0.0,False,,,,,,,,,,,,,,,,,,,,,,,,,,True,True,True,True
episode-f295ebb2fbbf1fc867da,UNDRR DesInventar Nepal,2011,9,27,Central Region,Sarlahi,SUNDARPUR,HEAVY RAINS,0,0,0,0,0,6,0,0.0,False,,,,,,,,,,,,,,,,,,,,,,,,,,True,True,True,True
episode-500e6501a4331d16d3fa,UNDRR DesInventar Nepal,2011,9,27,Central Region,Sindhuli,Dudhauli,RAIN,0,0,0,0,0,0,0,0.0,False,,,,,,,,,,,,,,,,,,,,,,,,,,True,True,True,True
episode-b14801ca2c625c5ee648,UNDRR DesInventar Nepal,2011,9,27,Eastern Region,Siraha,Majhaira,HEAVY RAINS,0,0,0,0,6,0,0,0.0,False,,,,,,,,,,,,,,,,,,,,,,,,,,True,True,True,True
episode-859f05a06eb17b12332f,UNDRR DesInventar Nepal,2011,9,27,Eastern Region,Siraha,Nawarajpur,HEAVY RAINS,0,0,0,0,0,6,0,0.0,False,,,,,,,,,,,,,,,,,,,,,,,,,,True,True,True,True
episode-dd3e7b8a97516a64f5ac,UNDRR DesInventar Nepal,2011,9,27,Eastern Region,Siraha,Sarswar,HEAVY RAINS,0,0,0,0,0,10,0,0.0,False,,,,,,,,,,,,,,,,,,,,,,,,,,True,True,True,True
episode-4eda8d06238d7a26b6cb,UNDRR DesInventar Nepal,2011,9,27,Eastern Region,Taplejung,LIWANG,HEAVY RAINS,0,0,1,0,1,0,0,0.0,False,,,,,,,,,,,,,,,,,,,,,,,,,,True,True,True,True
episode-2c9dbf98f566cffeb775,UNDRR DesInventar Nepal,2011,9,28,Central Region,Mahotari,UNKNOWN,HEAVY RAINS,0,0,0,200000,0,0,0,0.0,False,,,,,,,,,,,,,,,,,,,,,,,,,,True,True,True,True
episode-2af740c5c6655c8c49c8,UNDRR DesInventar Nepal,2011,9,28,Western Region,Nawalparasi,NARASAHI,HEAVY RAINS,0,1,0,0,0,0,0,0.0,False,,,,,,,,,,,,,,,,,,,,,,,,,,True,True,True,True
episode-0dfb06f1f9f58b58d512,UNDRR DesInventar Nepal,2011,10,1,Mid-Western Region,Mugu,PINA,HEAVY RAINS,0,1,0,0,0,0,0,0.0,False,,,,,,,,,,,,,,,,,,,,,,,,,,True,True,True,True
episode-7f1af735ed506676df7d,UNDRR DesInventar Nepal,2011,10,3,Central Region,Kavre,BHUMLUTAR,HEAVY RAINS,0,1,0,0,0,0,0,0.0,False,,,,,,,,,,,,,,,,,,,,,,,,,,True,True,True,True
episode-23d2ac852fa79653f6ce,UNDRR DesInventar Nepal,2011,10,6,Central Region,Dhading,PIDA,HEAVY RAINS,0,1,0,0,0,0,0,0.0,False,,,,,,,,,,,,,,,,,,,,,,,,,,True,True,True,True
episode-47ff3e8927dd7b0aac56,UNDRR DesInventar Nepal,2011,10,7,Mid-Western Region,Rukum,CHAUKHABANG,HEAVY RAINS,0,1,1,0,0,0,0,0.0,False,,,,,,,,,,,,,,,,,,,,,,,,,,True,True,True,True
episode-83fb5704b2e58ed92040,UNDRR DesInventar Nepal,2011,10,9,Mid-Western Region,Bardiya,GULARIYA,HEAVY RAINS,1,0,0,0,0,0,0,0.0,False,,,,,,,,,,,,,,,,,,,,,,,,,,True,True,True,True
episode-eda48cbcb1c41d8c492c,UNDRR DesInventar Nepal,2011,10,13,Western Region,Rupandehi,SAKRAUNPAKADI,HEAVY RAINS,1,0,0,0,0,0,0,0.0,False,,,,,,,,,,,,,,,,,,,,,,,,,,True,True,True,True
episode-34befdbe3b3797d088e5,UNDRR DesInventar Nepal,2011,10,13,Western Region,Syangja,DHAPUK SIMAL BHANJYANG,HEAVY RAINS,2,0,0,0,0,0,0,0.0,False,,,,,,,,,,,,,,,,,,,,,,,,,,True,True,True,True
episode-0120951c074e6cd23af7,UNDRR DesInventar Nepal,2011,11,19,Western Region,Palpa,KHALIBAN,HEAVY RAINS,1,0,0,0,0,0,0,0.0,False,,,,,,,,,,,,,,,,,,,,,,,,,,True,True,True,True
episode-65afc6e187f6d45b6ab5,UNDRR DesInventar Nepal,2011,12,10,Western Region,Lamjung,TAGHRIN,HEAVY RAINS,1,0,0,0,0,0,0,0.0,False,,,,,,,,,,,,,,,,,,,,,,,,,,True,True,True,True
episode-3b8c352d670cc50c8f24,UNDRR DesInventar Nepal,2012,4,2,Far Western Region,Doti,GAGUDA,HEAVY RAINS,2,0,0,0,0,0,0,0.0,False,,,,,,,,,,,,,,,,,,,,,,,,,,True,True,True,True
episode-374e3ebaf6f36c006b62,UNDRR DesInventar Nepal,2012,5,5,Western Region,Kaski,MACHHAPUCHHRE,RAIN,72,0,0,16,3,0,0,0.0,True,,,,,,,,,,,,,,,,,,,,,,,,,,True,True,True,True
episode-cf05d56e7043a956b9c7,UNDRR DesInventar Nepal,2012,5,8,Western Region,Myagdi,DARWANG,RAIN,0,0,0,0,0,0,0,0.0,True,,,,,,,,,,,,,,,,,,,,,,,,,,True,True,True,True
episode-9ef96c826ee1279da497,UNDRR DesInventar Nepal,2012,5,10,Mid-Western Region,Dailekh,SANTALLA,RAIN,0,0,0,146,0,27,0,0.0,False,,,,,,,,,,,,,,,,,,,,,,,,,,True,True,True,True
episode-227061b38eed864c3c08,UNDRR DesInventar Nepal,2012,5,19,Eastern Region,Sankhuwasabha,Sidhakali,RAIN,1,0,0,0,0,0,0,0.0,False,,,,,,,,,,,,,,,,,,,,,,,,,,True,True,True,True
episode-28b288477afc48c10729,UNDRR DesInventar Nepal,2012,5,21,Mid-Western Region,Jajarkot,Ragda,HEAVY RAINS,0,0,0,16,3,0,0,0.0,False,,,,,,,,,,,,,,,,,,,,,,,,,,True,True,True,True
episode-fe998055a23fec76725a,UNDRR DesInventar Nepal,2012,5,21,Western Region,Myagdi,TATOPANI,HEAVY RAINS,0,0,0,129,0,24,0,0.0,True,,,,,,,,,,,,,,,,,,,,,,,,,,True,True,True,True
episode-27faf6e6dbdd3047350c,UNDRR DesInventar Nepal,2012,5,31,Far Western Region,Bajura,Baddhu,RAIN,5,0,3,200,37,0,0,0.0,False,,,,,,,,,,,,,,,,,,,,,,,,,,True,True,True,True
episode-41bc8f09ab1ae8d6dfae,UNDRR DesInventar Nepal,2012,5,31,Far Western Region,Bajura,Kolti,HEAVY RAINS,0,0,0,0,0,0,0,0.0,False,,,,,,,,,,,,,,,,,,,,,,,,,,True,True,True,True
episode-3cc7b2bf030a9b5779f2,UNDRR DesInventar Nepal,2012,6,16,Eastern Region,Sankhuwasabha,Khadbari Municipali,RAIN,0,0,0,135,0,25,0,0.0,False,,,,,,,,,,,,,,,,,,,,,,,,,,True,True,True,True
episode-24aab4effa6dc1e51ba3,UNDRR DesInventar Nepal,2012,6,17,Mid-Western Region,Pyuthan,LIWANG,RAIN,3,0,0,0,0,0,0,0.0,False,,,,,,,,,,,,,,,,,,,,,,,,,,True,True,True,True
episode-6b983caf1a0e7880fa14,UNDRR DesInventar Nepal,2012,6,18,Western Region,Kaski,POKHARA_SMP,RAIN,0,0,1,49,0,9,0,0.0,False,,,,,,,,,,,,,,,,,,,,,,,,,,True,True,True,True
episode-04b8700416cd184b72d6,UNDRR DesInventar Nepal,2012,6,22,Central Region,Dolakha,Lapilang,RAIN,0,0,0,0,0,0,0,0.0,False,,,,,,,,,,,,,,,,,,,,,,,,,,True,True,True,True
episode-e64e420728c3d7c28dcb,UNDRR DesInventar Nepal,2012,6,22,Western Region,Gulmi,CHHAPHILE,RAIN,0,0,0,594,0,0,0,0.0,False,,,,,,,,,,,,,,,,,,,,,,,,,,True,True,True,True
episode-614d30d6e2e9d2a2db70,UNDRR DesInventar Nepal,2012,6,23,Far Western Region,Bajhang,Rithapata,RAIN,0,0,0,86,16,0,0,0.0,False,,,,,,,,,,,,,,,,,,,,,,,,,,True,True,True,True
episode-523e25a95a4b24cd0e90,UNDRR DesInventar Nepal,2012,6,23,Far Western Region,Bajura,Barabise,OTHER,1,0,0,0,0,0,0,0.0,False,,,,,,,,,,,,,,,,,,,,,,,,,,True,True,True,True
episode-aaaebd50c5d7fe06c3ca,UNDRR DesInventar Nepal,2012,6,23,Eastern Region,Taplejung,SAWADIN,RAIN,0,3,0,0,0,0,0,0.0,False,,,,,,,,,,,,,,,,,,,,,,,,,,True,True,True,True
episode-d8110549a53c85966d0f,UNDRR DesInventar Nepal,2012,6,24,Eastern Region,Sunsari,Itahari Municipality,RAIN,2,0,0,0,0,0,0,0.0,False,,,,,,,,,,,,,,,,,,,,,,,,,,True,True,True,True
episode-aa282dc2f6172b6b6bd5,UNDRR DesInventar Nepal,2012,6,25,Western Region,Gorkha,DHUWAKOT,UNKNOWN,0,1,0,0,0,0,0,0.0,False,,,,,,,,,,,,,,,,,,,,,,,,,,True,True,True,True
episode-763415409dcfd8da7c92,UNDRR DesInventar Nepal,2012,6,25,Western Region,Gorkha,NARESHWAR,RAIN,1,0,0,0,0,0,0,0.0,False,,,,,,,,,,,,,,,,,,,,,,,,,,True,True,True,True
episode-2e0dc0fdd6bfedfd07ba,UNDRR DesInventar Nepal,2012,6,26,Western Region,Gorkha,THUMI,RAIN,0,1,0,100,23,0,0,0.0,False,,,,,,,,,,,,,,,,,,,,,,,,,,True,True,True,True
episode-b1d7f22dc39a67d81d67,UNDRR DesInventar Nepal,2012,6,26,Western Region,Kaski,HEMJA,RAIN,0,0,0,0,0,0,0,0.0,False,,,,,,,,,,,,,,,,,,,,,,,,,,True,True,True,True
episode-614d27ae7f9bdf4b18f9,UNDRR DesInventar Nepal,2012,7,1,Eastern Region,Taplejung,LELEP,RAIN,0,0,0,0,0,0,0,0.0,True,,,,,,,,,,,,,,,,,,,,,,,,,,True,True,True,True
episode-96e7f1d9d6e04abe1004,UNDRR DesInventar Nepal,2012,7,2,Mid-Western Region,Salyan,JHIMPE,RAIN,0,0,0,21,4,0,0,0.0,True,,,,,,,,,,,,,,,,,,,,,,,,,,True,True,True,True
episode-405b0964468411049f90,UNDRR DesInventar Nepal,2012,7,3,Western Region,Kaski,HEMJA,RAIN,0,0,0,5,1,0,0,0.0,False,,,,,,,,,,,,,,,,,,,,,,,,,,True,True,True,True
episode-05dc6c0298bd24b3d2a8,UNDRR DesInventar Nepal,2012,7,6,Eastern Region,Jhapa,MECHI MUN.,RAIN,0,0,0,65,0,12,0,0.0,False,,,,,,,,,,,,,,,,,,,,,,,,,,True,True,True,True
episode-34e983014171f3443ede,UNDRR DesInventar Nepal,2012,7,9,Western Region,Myagdi,MUDHI,RAIN,0,0,0,0,0,0,0,0.0,True,,,,,,,,,,,,,,,,,,,,,,,,,,True,True,True,True
episode-e3f19635102c3f372e54,UNDRR DesInventar Nepal,2012,7,11,Western Region,Kaski,POKHARA_SMP,RAIN,0,0,0,97,0,18,0,0.0,False,,,,,,,,,,,,,,,,,,,,,,,,,,True,True,True,True
episode-f8d641af7db0a8681f7c,UNDRR DesInventar Nepal,2012,7,12,Eastern Region,Sankhuwasabha,Diding,RAIN,0,0,0,0,0,0,0,0.0,True,,,,,,,,,,,,,,,,,,,,,,,,,,True,True,True,True
episode-a08f30acf030e358ced9,UNDRR DesInventar Nepal,2012,7,13,Western Region,Gulmi,GHAMIR,RAIN,0,0,0,54,0,0,0,0.0,False,,,,,,,,,,,,,,,,,,,,,,,,,,True,True,True,True
episode-290374de58770fe0823d,UNDRR DesInventar Nepal,2012,7,13,Western Region,Kaski,POKHARA_SMP,RAIN,0,0,0,400108,0,20,16,24.0,True,,,,,,,,,,,,,,,,,,,,,,,,,,True,True,True,True
episode-82d6d986d739c0320d4b,UNDRR DesInventar Nepal,2012,7,15,Central Region,Bara,BHARATGANJ,HEAVY RAINS,0,0,0,16,0,3,0,200.0,True,,,,,,,,,,,,,,,,,,,,,,,,,,True,True,True,True
episode-e02334063bd346194081,UNDRR DesInventar Nepal,2012,7,16,Eastern Region,Ilam,CHULACHULI,RAIN,0,0,0,0,2,0,0,0.0,False,,,,,,,,,,,,,,,,,,,,,,,,,,True,True,True,True
episode-9b1007d8364dee417caa,UNDRR DesInventar Nepal,2012,7,16,Eastern Region,Ilam,DANABARI,RAIN,1,0,0,0,0,0,0,0.0,False,,,,,,,,,,,,,,,,,,,,,,,,,,True,True,True,True
episode-a278d5e0e830a829fd51,UNDRR DesInventar Nepal,2012,7,16,Eastern Region,Jhapa,GHERABARI,RAIN,0,0,0,54,0,10,0,0.0,False,,,,,,,,,,,,,,,,,,,,,,,,,,True,True,True,True
episode-c225c6770e0805dc926a,UNDRR DesInventar Nepal,2012,7,16,Central Region,Mahotari,Khayarmara,RAIN,0,0,0,2700,0,0,0,0.0,False,,,,,,,,,,,,,,,,,,,,,,,,,,True,True,True,True
episode-895f31f161bb4358069a,UNDRR DesInventar Nepal,2012,7,16,Central Region,Sarlahi,SASAPUR,RAIN,0,0,0,486,0,90,0,0.0,False,,,,,,,,,,,,,,,,,,,,,,,,,,True,True,True,True
episode-e9027e2080aa60c9d4f3,UNDRR DesInventar Nepal,2012,7,19,Mid-Western Region,Dang,LALMATIYA,RAIN,0,0,0,2700,0,500,0,0.0,False,,,,,,,,,,,,,,,,,,,,,,,,,,True,True,True,True
episode-d8b2daf7ca039584e175,UNDRR DesInventar Nepal,2012,7,19,Mid-Western Region,Dang,SISAHNIYA,RAIN,0,0,0,10800,25,2000,11,0.0,False,,,,,,,,,,,,,,,,,,,,,,,,,,True,True,True,True
episode-09c4b713381f90548617,UNDRR DesInventar Nepal,2012,7,19,Mid-Western Region,Dang,SONPUR,RAIN,1,0,0,2700,0,500,0,0.0,False,,,,,,,,,,,,,,,,,,,,,,,,,,True,True,True,True
episode-6954d19297f5a390ecc1,UNDRR DesInventar Nepal,2012,7,19,Western Region,Nawalparasi,DAWAUNNE_DEVI,RAIN,0,0,0,27,0,5,0,0.0,False,,,,,,,,,,,,,,,,,,,,,,,,,,True,True,True,True
episode-e6ba8385a0c07209295f,UNDRR DesInventar Nepal,2012,7,19,Western Region,Nawalparasi,TILAKPUR,RAIN,1,0,0,0,0,0,0,0.0,False,,,,,,,,,,,,,,,,,,,,,,,,,,True,True,True,True
episode-cdb57501bc9f91047601,UNDRR DesInventar Nepal,2012,7,20,Mid-Western Region,Dailekh,CHAMUNDA,RAIN,0,0,0,5,0,1,0,0.0,False,,,,,,,,,,,,,,,,,,,,,,,,,,True,True,True,True
episode-f253e948cf9b88a1c262,UNDRR DesInventar Nepal,2012,7,21,Eastern Region,Saptari,GOBARGADHA,RAIN,0,0,0,81,0,15,0,0.0,False,,,,,,,,,,,,,,,,,,,,,,,,,,True,True,True,True
episode-b0c6a93eacd6437c4bd6,UNDRR DesInventar Nepal,2012,7,22,Central Region,Dolakha,Lamabagar,RAIN,0,0,0,0,0,0,0,0.0,True,,,,,,,,,,,,,,,,,,,,,,,,,,True,True,True,True
episode-ffe6d18094d7ff5bd09b,UNDRR DesInventar Nepal,2012,7,23,Central Region,Rautahat,SAMANPUR,OTHER,0,1,0,0,0,0,0,0.0,False,,,,,,,,,,,,,,,,,,,,,,,,,,True,True,True,True
episode-61a6fb2171ffbe6918ae,UNDRR DesInventar Nepal,2012,7,25,Mid-Western Region,Dailekh,CHAMUNDA,RAIN,0,0,0,65,0,12,0,0.0,False,,,,,,,,,,,,,,,,,,,,,,,,,,True,True,True,True
episode-2d343ce72ec7e85afbb6,UNDRR DesInventar Nepal,2012,7,25,Mid-Western Region,Dailekh,KUSAPANI,RAIN,0,0,0,27,0,5,0,0.0,False,,,,,,,,,,,,,,,,,,,,,,,,,,True,True,True,True
episode-d8e5a77dfbd38b036eb7,UNDRR DesInventar Nepal,2012,7,27,Eastern Region,Khotang,Chisapani,RAIN,0,0,0,1080,0,0,0,0.0,False,,,,,,,,,,,,,,,,,,,,,,,,,,True,True,True,True
episode-e2b9ac3a1c10b170423c,UNDRR DesInventar Nepal,2012,7,28,Central Region,Dhading,BUDHATHUM,LANDSLIDE,0,0,0,10800,0,0,0,0.0,False,,,,,,,,,,,,,,,,,,,,,,,,,,True,True,True,True
episode-ebc7fe9fd47ad459ea09,UNDRR DesInventar Nepal,2012,7,30,Eastern Region,Taplejung,OLANCHUNGGOLA,HEAVY RAINS,0,0,0,0,0,0,0,0.0,True,,,,,,,,,,,,,,,,,,,,,,,,,,True,True,True,True
episode-ebb72785d82a51afbaeb,UNDRR DesInventar Nepal,2012,8,3,Western Region,Baglung,BAGLUNG N. P.,RAIN,1,0,1,0,0,0,0,0.0,False,,,,,,,,,,,,,,,,,,,,,,,,,,True,True,True,True
episode-b41614fa2d29cfd51828,UNDRR DesInventar Nepal,2012,8,3,Western Region,Baglung,BHAKUNDE,RAIN,0,2,0,0,0,0,0,0.0,False,,,,,,,,,,,,,,,,,,,,,,,,,,True,True,True,True
episode-9f4431d288e4ff8b78e1,UNDRR DesInventar Nepal,2012,8,3,Far Western Region,Bajura,Kolti,RAIN,2,1,0,0,0,0,0,0.0,False,,,,,,,,,,,,,,,,,,,,,,,,,,True,True,True,True
episode-c1c785bf3d8e4fdc23a1,UNDRR DesInventar Nepal,2012,8,3,Mid-Western Region,Bardiya,RAJAPUR,RAIN,0,0,0,1080,0,200,0,0.0,False,,,,,,,,,,,,,,,,,,,,,,,,,,True,True,True,True
episode-bdf6000f988314249730,UNDRR DesInventar Nepal,2012,8,3,Mid-Western Region,Dang,GADHAWA,RAIN,0,0,0,540,0,100,0,0.0,False,,,,,,,,,,,,,,,,,,,,,,,,,,True,True,True,True
episode-8352a11d9e737922ac70,UNDRR DesInventar Nepal,2012,8,3,Mid-Western Region,Dang,GOBARDIHA,OTHER,1,0,0,0,0,0,1,0.0,False,,,,,,,,,,,,,,,,,,,,,,,,,,True,True,True,True
episode-74daaa80d1eac556a636,UNDRR DesInventar Nepal,2012,8,3,Mid-Western Region,Dang,SISAHNIYA,RAIN,1,0,0,0,0,0,0,0.0,False,,,,,,,,,,,,,,,,,,,,,,,,,,True,True,True,True
episode-458528a68403b62785ba,UNDRR DesInventar Nepal,2012,8,3,Mid-Western Region,Dang,SONPUR,HEAVY RAINS,2,1,0,0,0,0,0,0.0,False,,,,,,,,,,,,,,,,,,,,,,,,,,True,True,True,True
episode-feed16a2bdfd6271dac6,UNDRR DesInventar Nepal,2012,8,3,Far Western Region,Kailali,CHAUMALA,RAIN,1,0,0,0,0,0,0,0.0,False,,,,,,,,,,,,,,,,,,,,,,,,,,True,True,True,True
episode-bf2ad442e0f8351a2246,UNDRR DesInventar Nepal,2012,8,3,Far Western Region,Kailali,CHUHA,RAIN,1,0,2,0,0,0,0,0.0,False,,,,,,,,,,,,,,,,,,,,,,,,,,True,True,True,True
episode-ab8dbc44371e268e5da3,UNDRR DesInventar Nepal,2012,8,3,Western Region,Kapilbastu,HARDUONA,RAIN,0,0,0,540,0,100,0,0.0,False,,,,,,,,,,,,,,,,,,,,,,,,,,True,True,True,True
episode-795599cc3722a953cc88,UNDRR DesInventar Nepal,2012,8,3,Western Region,Kapilbastu,HARIHARPUR,RAIN,0,0,0,1620,0,300,0,0.0,False,,,,,,,,,,,,,,,,,,,,,,,,,,True,True,True,True
episode-812c0ceb080f92b4bd8b,UNDRR DesInventar Nepal,2012,8,3,Western Region,Lamjung,BHORLETAR,RAIN,1,0,0,0,0,0,0,0.0,False,,,,,,,,,,,,,,,,,,,,,,,,,,True,True,True,True
episode-bafa678cfa16fb07cc29,UNDRR DesInventar Nepal,2012,8,3,Central Region,Makwanpur,PADAM POKHARI,RAIN,0,0,0,2000,0,0,0,0.0,False,,,,,,,,,,,,,,,,,,,,,,,,,,True,True,True,True
episode-628c37284d43ff8a407a,UNDRR DesInventar Nepal,2012,8,3,Central Region,Makwanpur,PHAPARBARI,RAIN,1,0,0,0,0,0,0,0.0,False,,,,,,,,,,,,,,,,,,,,,,,,,,True,True,True,True
episode-e17b5e5fa41109a99672,UNDRR DesInventar Nepal,2012,8,3,Western Region,Parbat,DEVISTHAN,RAIN,1,0,0,0,0,0,0,0.0,False,,,,,,,,,,,,,,,,,,,,,,,,,,True,True,True,True
episode-66b88a58586071d08579,UNDRR DesInventar Nepal,2012,8,3,Central Region,Rautahat,BHASERWA,RAIN,0,0,0,194,0,36,0,0.0,False,,,,,,,,,,,,,,,,,,,,,,,,,,True,True,True,True
episode-574e4876cd80dc7feb28,UNDRR DesInventar Nepal,2012,8,3,Central Region,Rautahat,KATAHARIYA (B),RAIN,0,0,0,108,0,20,0,0.0,False,,,,,,,,,,,,,,,,,,,,,,,,,,True,True,True,True
episode-d6c14f0931e37f3cf4e4,UNDRR DesInventar Nepal,2012,8,4,Western Region,Baglung,BIHUKOT,RAIN,1,0,0,0,0,0,0,0.0,False,,,,,,,,,,,,,,,,,,,,,,,,,,True,True,True,True
episode-d80716b364f826235d6c,UNDRR DesInventar Nepal,2012,8,4,Far Western Region,Bajhang,Matela,RAIN,1,0,0,0,0,0,0,0.0,False,,,,,,,,,,,,,,,,,,,,,,,,,,True,True,True,True
episode-1a2edfb60c9ea7d03de8,UNDRR DesInventar Nepal,2012,8,4,Mid-Western Region,Banke,BETAHANI,HEAVY RAINS,1,0,0,1350,0,250,0,0.0,False,,,,,,,,,,,,,,,,,,,,,,,,,,True,True,True,True
episode-1a278f2166d31d89aebf,UNDRR DesInventar Nepal,2012,8,4,Mid-Western Region,Banke,HOLIA,RAIN,0,0,0,1620,0,300,0,0.0,False,,,,,,,,,,,,,,,,,,,,,,,,,,True,True,True,True
episode-198bb15f09c608dd3085,UNDRR DesInventar Nepal,2012,8,4,Mid-Western Region,Dang,SISAHNIYA,RAIN,1,0,0,0,0,0,0,0.0,False,,,,,,,,,,,,,,,,,,,,,,,,,,True,True,True,True
episode-11c8d7fd4d9714450644,UNDRR DesInventar Nepal,2012,8,4,Far Western Region,Kanchanpur,JHALARI,RAIN,1,0,0,0,0,0,0,0.0,False,,,,,,,,,,,,,,,,,,,,,,,,,,True,True,True,True
episode-692602fab4314c4a175e,UNDRR DesInventar Nepal,2012,8,5,Eastern Region,Ilam,MAHAMAI,RAIN,1,0,0,0,0,0,0,0.0,False,,,,,,,,,,,,,,,,,,,,,,,,,,True,True,True,True
episode-f3e36a910889b601ba42,UNDRR DesInventar Nepal,2012,8,6,Central Region,Dolakha,Jhape,RAIN,0,0,0,32,0,6,0,0.0,False,,,,,,,,,,,,,,,,,,,,,,,,,,True,True,True,True
episode-b686e613f575e3c98741,UNDRR DesInventar Nepal,2012,8,9,Western Region,Nawalparasi,NAYA_BELHANI,RAIN,0,0,0,162,0,30,0,0.0,False,,,,,,,,,,,,,,,,,,,,,,,,,,True,True,True,True
episode-6912236aa02df3f37ab4,UNDRR DesInventar Nepal,2012,8,10,Western Region,Myagdi,UNKNOWN,HEAVY RAINS,0,0,0,297,0,55,0,0.0,False,,,,,,,,,,,,,,,,,,,,,,,,,,True,True,True,True
episode-e5bc493fc117705df443,UNDRR DesInventar Nepal,2012,8,29,Eastern Region,Saptari,JAGATPUR,RAIN,1,0,0,0,0,0,0,0.0,False,,,,,,,,,,,,,,,,,,,,,,,,,,True,True,True,True
episode-30c239864631a4fc6d51,UNDRR DesInventar Nepal,2012,8,30,Eastern Region,Solukhumbu,Goli,RAIN,0,0,0,0,0,0,0,0.0,True,,,,,,,,,,,,,,,,,,,,,,,,,,True,True,True,True
episode-532b6f82ca9904e9c2de,UNDRR DesInventar Nepal,2012,9,1,Western Region,Parbat,DHAIRING,RAIN,0,0,0,11,2,0,0,0.0,True,,,,,,,,,,,,,,,,,,,,,,,,,,True,True,True,True
episode-1d18e025208fbe3231d6,UNDRR DesInventar Nepal,2012,9,2,Mid-Western Region,Bardiya,NEULAPUR,RAIN,0,0,0,810,0,150,0,0.0,False,,,,,,,,,,,,,,,,,,,,,,,,,,True,True,True,True
episode-e126319d6a2e4f9d8f64,UNDRR DesInventar Nepal,2012,9,2,Central Region,Kathmandu,THANKOT,RAIN,0,0,0,0,0,0,0,0.0,False,,,,,,,,,,,,,,,,,,,,,,,,,,True,True,True,True
episode-9397be5e0d6468b395c3,UNDRR DesInventar Nepal,2012,9,2,Eastern Region,Morang,Kerabari,RAIN,0,0,0,65,0,12,0,0.0,False,,,,,,,,,,,,,,,,,,,,,,,,,,True,True,True,True
episode-6fe05a04f2c9aef8893f,UNDRR DesInventar Nepal,2012,9,2,Eastern Region,Saptari,ODRAHA,RAIN,0,0,0,1080,0,200,0,0.0,False,,,,,,,,,,,,,,,,,,,,,,,,,,True,True,True,True
episode-637132babeee8623e98f,UNDRR DesInventar Nepal,2012,9,4,Mid-Western Region,Rukum,ATHABISH_KOT,RAIN,0,0,0,5,1,0,0,0.0,False,,,,,,,,,,,,,,,,,,,,,,,,,,True,True,True,True
episode-c856680768376716d6d4,UNDRR DesInventar Nepal,2012,9,15,Far Western Region,Kailali,BASAUTI,RAIN,0,0,0,0,0,0,0,0.0,False,,,,,,,,,,,,,,,,,,,,,,,,,,True,True,True,True
episode-aa77813688f2d6432ab7,UNDRR DesInventar Nepal,2012,9,15,Far Western Region,Kailali,CHAUMALA,RAIN,0,0,0,518,6,90,0,0.0,False,,,,,,,,,,,,,,,,,,,,,,,,,,True,True,True,True
episode-92337b98a97a0d4a09af,UNDRR DesInventar Nepal,2012,9,15,Far Western Region,Kailali,DHANGADHI MUNICIPALITY,RAIN,0,0,0,27,0,5,0,0.0,False,,,,,,,,,,,,,,,,,,,,,,,,,,True,True,True,True
episode-09b10d96f14c812ccb6d,UNDRR DesInventar Nepal,2012,9,15,Far Western Region,Kailali,GETA,RAIN,0,0,0,38,0,7,0,0.0,False,,,,,,,,,,,,,,,,,,,,,,,,,,True,True,True,True
episode-c5eea37f019f032a0187,UNDRR DesInventar Nepal,2012,9,15,Far Western Region,Kailali,HASULIYA,RAIN,0,0,0,432,0,80,0,0.0,False,,,,,,,,,,,,,,,,,,,,,,,,,,True,True,True,True
episode-1324ea2304d74bddfa49,UNDRR DesInventar Nepal,2012,9,15,Far Western Region,Kailali,PAWERA,RAIN,0,0,0,38,0,7,0,0.0,False,,,,,,,,,,,,,,,,,,,,,,,,,,True,True,True,True
episode-4bbbdcf0366ee35ffd3f,UNDRR DesInventar Nepal,2012,9,15,Far Western Region,Kailali,RATANPUR,RAIN,0,0,0,837,0,155,0,0.0,False,,,,,,,,,,,,,,,,,,,,,,,,,,True,True,True,True
episode-90dd74e1bbbf41393dfd,UNDRR DesInventar Nepal,2012,9,15,Far Western Region,Kailali,UDASIPUR,RAIN,0,0,0,0,0,0,0,0.0,False,,,,,,,,,,,,,,,,,,,,,,,,,,True,True,True,True
episode-5adb7bc4a9946bd27c92,UNDRR DesInventar Nepal,2012,9,15,Far Western Region,Kailali,URMA,RAIN,0,0,0,270,0,50,0,0.0,False,,,,,,,,,,,,,,,,,,,,,,,,,,True,True,True,True
episode-c3d38e12f4a64cfd4d33,UNDRR DesInventar Nepal,2012,9,17,Mid-Western Region,Banke,HOLIA,RAIN,0,0,0,615,0,0,0,0.0,False,,,,,,,,,,,,,,,,,,,,,,,,,,True,True,True,True
episode-6cdc85dcb1f1372ac68a,UNDRR DesInventar Nepal,2012,9,19,Eastern Region,Jhapa,KERABARI,RAIN,0,0,0,227,0,42,0,0.0,False,,,,,,,,,,,,,,,,,,,,,,,,,,True,True,True,True
episode-8ddfda46349fa402374d,UNDRR DesInventar Nepal,2012,9,19,Eastern Region,Jhapa,SURUNGA,RAIN,1,0,0,0,0,0,0,0.0,False,,,,,,,,,,,,,,,,,,,,,,,,,,True,True,True,True
episode-2df200b5e4cdd859b8dd,UNDRR DesInventar Nepal,2012,9,19,Far Western Region,Kanchanpur,RAIKAWAR BICHAWA,RAIN,0,0,0,740,0,137,0,0.0,False,,,,,,,,,,,,,,,,,,,,,,,,,,True,True,True,True
episode-afa42016a82796ca27c6,UNDRR DesInventar Nepal,2012,9,19,Far Western Region,Kanchanpur,RAUTELI BICHAWA,RAIN,0,0,0,135,0,25,0,0.0,False,,,,,,,,,,,,,,,,,,,,,,,,,,True,True,True,True
episode-bc9d0c17c70f7b3a76d4,UNDRR DesInventar Nepal,2012,9,19,Far Western Region,Kanchanpur,TRIBHUWANBAST,RAIN,0,0,0,1350,0,250,0,0.0,False,,,,,,,,,,,,,,,,,,,,,,,,,,True,True,True,True
episode-8948a5c125a311504fc7,UNDRR DesInventar Nepal,2012,9,19,Central Region,Sindhuli,Belghari,RAIN,0,5,0,540,0,100,0,0.0,False,,,,,,,,,,,,,,,,,,,,,,,,,,True,True,True,True
episode-051a0b6a960b5050ffeb,UNDRR DesInventar Nepal,2012,10,1,Eastern Region,Sankhuwasabha,Bahrabise,RAIN,1,0,0,0,0,0,0,0.0,False,,,,,,,,,,,,,,,,,,,,,,,,,,True,True,True,True
episode-b05f7634bbec9213f67d,UNDRR DesInventar Nepal,2013,4,20,Central Region,Sarlahi,PARWANIPUR,RAIN,0,1,0,54,0,0,0,0.0,False,,,,,,,,,,,,,,,,,,,,,,,,,,True,True,True,True
episode-df78a9db4aadcf08c4b7,UNDRR DesInventar Nepal,2013,4,24,Mid-Western Region,Dang,KOILABAS,RAIN,0,0,0,0,0,0,0,0.0,True,,,,,,,,,,,,,,,,,,,,,,,,,,True,True,True,True
episode-f70bb0ea2e11917a0544,UNDRR DesInventar Nepal,2013,4,26,Eastern Region,Khotang,Devisthan,HEAVY RAINS,0,0,0,0,0,0,0,0.0,False,,,,,,,,,,,,,,,,,,,,,,,,,,True,True,True,True
episode-109c47525822171dbf0c,UNDRR DesInventar Nepal,2013,5,26,Eastern Region,Bhojpur,KHARTAMCHHA,LANDSLIDE,0,0,0,1620,0,0,0,0.0,True,,,,,,,,,,,,,,,,,,,,,,,,,,True,True,True,True
episode-2476c698948d2aa3dc51,UNDRR DesInventar Nepal,2013,5,26,Eastern Region,Bhojpur,KUDAK KAULE,LANDSLIDE,1,0,0,5,1,0,0,0.0,True,,,,,,,,,,,,,,,,,,,,,,,,,,True,True,True,True
episode-7614bee217911951b052,UNDRR DesInventar Nepal,2013,5,26,Mid-Western Region,Pyuthan,TARWNG,HEAVY RAINS,2,0,0,0,0,0,0,0.0,False,,,,,,,,,,,,,,,,,,,,,,,,,,True,True,True,True
episode-eef3f56f98810a691697,UNDRR DesInventar Nepal,2013,6,6,Eastern Region,Bhojpur,WASINTHARPU,RAIN,0,1,0,0,0,0,0,0.0,False,,,,,,,,,,,,,,,,,,,,,,,,,,True,True,True,True
episode-0d2bf475db2537c06f8c,UNDRR DesInventar Nepal,2013,6,6,Eastern Region,Morang,Govindapur,RAIN,1,1,0,0,0,0,0,0.0,False,,,,,,,,,,,,,,,,,,,,,,,,,,True,True,True,True
episode-7ecb7c1d07abc52600b9,UNDRR DesInventar Nepal,2013,6,6,Central Region,Sindhuli,Jhangajholi Ratomato,HEAVY RAINS,1,2,0,0,0,0,0,0.0,False,,,,,,,,,,,,,,,,,,,,,,,,,,True,True,True,True
episode-9905c29ca4ba0b31bf5a,UNDRR DesInventar Nepal,2013,6,7,Central Region,Mahotari,Maisthan,RAIN,2,1,0,0,0,0,0,0.0,False,,,,,,,,,,,,,,,,,,,,,,,,,,True,True,True,True
episode-61630e84d5e259d6c75b,UNDRR DesInventar Nepal,2013,6,11,Far Western Region,Kailali,DHANGADHI MUNICIPALITY,RAIN,1,0,0,0,0,0,0,0.0,False,,,,,,,,,,,,,,,,,,,,,,,,,,True,True,True,True
episode-397915806634bf3fdf73,UNDRR DesInventar Nepal,2013,6,11,Far Western Region,Kailali,MASURIYA,RAIN,1,0,0,0,0,0,0,0.0,False,,,,,,,,,,,,,,,,,,,,,,,,,,True,True,True,True
episode-49897e5150477cf07f7a,UNDRR DesInventar Nepal,2013,6,11,Western Region,Parbat,NANGKIWANG,RAIN,0,0,0,0,0,0,0,0.0,True,,,,,,,,,,,,,,,,,,,,,,,,,,True,True,True,True
episode-36780e9516bdacd27a33,UNDRR DesInventar Nepal,2013,6,12,Eastern Region,Saptari,RAJBIRAJ MUNICIPALITY,RAIN,0,0,0,0,0,0,0,1000.0,True,,,,,,,,,,,,,,,,,,,,,,,,,,True,True,True,True
episode-f0d824d9af1647128bbd,UNDRR DesInventar Nepal,2013,6,16,Far Western Region,Darchula,Khalanga,HEAVY RAINS,0,1,0,2500,72,0,0,0.0,True,,,,,,,,,,,,,,,,,,,,,,,,,,True,True,True,True
episode-b422e2b54638a0060e83,UNDRR DesInventar Nepal,2013,6,17,Mid-Western Region,Banke,NEPALGANJ N.P.,RAIN,0,1,0,0,0,0,0,0.0,False,,,,,,,,,,,,,,,,,,,,,,,,,,True,True,True,True
episode-e503cebb23d3720d223d,UNDRR DesInventar Nepal,2013,6,17,Far Western Region,Dadeldhura,JOGBUDA,RAIN,1,0,0,0,0,0,0,0.0,False,,,,,,,,,,,,,,,,,,,,,,,,,,True,True,True,True
episode-8ab94a229d5b2a030d93,UNDRR DesInventar Nepal,2013,6,17,Far Western Region,Kanchanpur,CHANDANI,HEAVY RAINS,1,0,0,0,0,0,23,0.0,False,,,,,,,,,,,,,,,,,,,,,,,,,,True,True,True,True
episode-d7adcb3eed24f9d325e4,UNDRR DesInventar Nepal,2013,6,17,Far Western Region,Kanchanpur,DODHAR,HEAVY RAINS,0,2,0,10,2,0,0,0.0,False,,,,,,,,,,,,,,,,,,,,,,,,,,True,True,True,True
episode-e877dc711bcfca20c22f,UNDRR DesInventar Nepal,2013,6,17,Western Region,Kapilbastu,SHIVAPUR,HEAVY RAINS,1,0,0,0,0,0,0,0.0,False,,,,,,,,,,,,,,,,,,,,,,,,,,True,True,True,True
episode-23288a1f102643d3d535,UNDRR DesInventar Nepal,2013,6,17,Western Region,Mustang,KAGBENI,RAIN,0,1,0,83,8,26,0,0.0,False,,,,,,,,,,,,,,,,,,,,,,,,,,True,True,True,True
episode-95287e192afc30bfef62,UNDRR DesInventar Nepal,2013,6,17,Western Region,Mustang,MARPHA,RAIN,0,0,0,10,2,0,0,0.0,False,,,,,,,,,,,,,,,,,,,,,,,,,,True,True,True,True
episode-11061e939f6849a6a363,UNDRR DesInventar Nepal,2013,6,17,Western Region,Rupandehi,BUTAWAL_NP,HEAVY RAINS,0,1,0,0,0,0,0,0.0,False,,,,,,,,,,,,,,,,,,,,,,,,,,True,True,True,True
episode-f7445fc8adb3efecf56a,UNDRR DesInventar Nepal,2013,6,18,Far Western Region,Bajhang,Lakgaon,RAIN,0,2,0,50,10,0,0,0.0,False,,,,,,,,,,,,,,,,,,,,,,,,,,True,True,True,True
episode-20c1e381cea342572cfb,UNDRR DesInventar Nepal,2013,6,18,Mid-Western Region,Bardiya,DAULATPUR,RAIN,0,0,0,5000,0,1000,0,0.0,False,,,,,,,,,,,,,,,,,,,,,,,,,,True,True,True,True
episode-4b54b6df302163225f19,UNDRR DesInventar Nepal,2013,6,18,Mid-Western Region,Bardiya,KHAIRI CHANDANPUR,RAIN,0,0,0,2500,0,500,0,0.0,False,,,,,,,,,,,,,,,,,,,,,,,,,,True,True,True,True
episode-ead21c37970f9e9d8398,UNDRR DesInventar Nepal,2013,6,18,Mid-Western Region,Bardiya,RAJAPUR,RAIN,0,0,0,3000,0,600,0,0.0,False,,,,,,,,,,,,,,,,,,,,,,,,,,True,True,True,True
episode-51476fc370a30185ccaa,UNDRR DesInventar Nepal,2013,6,18,Western Region,Gulmi,HANSARA,RAIN,0,2,0,0,0,0,0,0.0,False,,,,,,,,,,,,,,,,,,,,,,,,,,True,True,True,True
episode-79982a2efbb5b7913a5d,UNDRR DesInventar Nepal,2013,6,18,Far Western Region,Kailali,CHUHA,RAIN,1,0,0,0,0,0,0,0.0,False,,,,,,,,,,,,,,,,,,,,,,,,,,True,True,True,True
episode-e373863910f7a240a284,UNDRR DesInventar Nepal,2013,6,18,Central Region,Rautahat,BHASERWA,RAIN,1,0,0,0,0,0,0,0.0,False,,,,,,,,,,,,,,,,,,,,,,,,,,True,True,True,True
episode-d38a1cd4d9fabc06ee63,UNDRR DesInventar Nepal,2013,6,18,Mid-Western Region,Rukum,ATHABISH_KOT,RAIN,1,0,0,0,0,0,0,0.0,False,,,,,,,,,,,,,,,,,,,,,,,,,,True,True,True,True
episode-40dc9442bcec18da9b31,UNDRR DesInventar Nepal,2013,6,19,Far Western Region,Bajhang,Kailash,RAIN,1,0,0,0,0,0,0,0.0,False,,,,,,,,,,,,,,,,,,,,,,,,,,True,True,True,True
episode-c03dbcd043a262fda8b9,UNDRR DesInventar Nepal,2013,6,19,Western Region,Kapilbastu,BIRPUR,RAIN,2,0,0,0,0,0,0,0.0,False,,,,,,,,,,,,,,,,,,,,,,,,,,True,True,True,True
episode-a07eae8a2618da9b70d6,UNDRR DesInventar Nepal,2013,6,20,Western Region,Gulmi,BAMGHA,RAIN,1,0,0,0,2,0,0,0.0,True,,,,,,,,,,,,,,,,,,,,,,,,,,True,True,True,True
episode-27fab1d3bc0d5340ec35,UNDRR DesInventar Nepal,2013,6,20,Western Region,Kaski,ARBA_VIJAYA,RAIN,0,0,0,5,1,0,0,0.0,False,,,,,,,,,,,,,,,,,,,,,,,,,,True,True,True,True
episode-06b6441c57b84c8cb0d6,UNDRR DesInventar Nepal,2013,6,20,Mid-Western Region,Rukum,ATHABISH_KOT,RAIN,2,1,0,0,0,0,0,0.0,False,,,,,,,,,,,,,,,,,,,,,,,,,,True,True,True,True
episode-1d9221b948cc91c38331,UNDRR DesInventar Nepal,2013,6,21,Mid-Western Region,Dang,RAJPUR,RAIN,0,0,0,317,0,0,0,0.0,False,,,,,,,,,,,,,,,,,,,,,,,,,,True,True,True,True
episode-0f1a777c08c30bd79a14,UNDRR DesInventar Nepal,2013,6,23,Mid-Western Region,Jajarkot,Rokayagaun,RAIN,0,0,0,293,0,0,0,0.0,True,,,,,,,,,,,,,,,,,,,,,,,,,,True,True,True,True
episode-de36216de868383bc095,UNDRR DesInventar Nepal,2013,6,24,Central Region,Kathmandu,MAHANKAL,RAIN,0,0,0,0,0,0,0,0.0,False,,,,,,,,,,,,,,,,,,,,,,,,,,True,True,True,True
episode-3cb15793f7d33ce7b266,UNDRR DesInventar Nepal,2013,6,27,Mid-Western Region,Bardiya,DAULATPUR,HEAVY RAINS,0,0,0,0,0,0,0,0.0,False,,,,,,,,,,,,,,,,,,,,,,,,,,True,True,True,True
episode-3b6915c2935690aaff90,UNDRR DesInventar Nepal,2013,6,27,Mid-Western Region,Rolpa,JUGAR,RAIN,0,0,0,30,6,0,0,0.0,False,,,,,,,,,,,,,,,,,,,,,,,,,,True,True,True,True
episode-892fa85574a65e4020fa,UNDRR DesInventar Nepal,2013,7,4,Western Region,Lamjung,SHRI MANJAN,RAIN,0,0,0,5,0,0,0,0.0,False,,,,,,,,,,,,,,,,,,,,,,,,,,True,True,True,True
episode-a116a1830298d779491a,UNDRR DesInventar Nepal,2013,7,5,Far Western Region,Doti,DAHAKALIKASTHAN,HEAVY RAINS,1,0,0,0,0,0,0,0.0,False,,,,,,,,,,,,,,,,,,,,,,,,,,True,True,True,True
episode-08c7573d212e31d7ccd0,UNDRR DesInventar Nepal,2013,7,5,Western Region,Rupandehi,BUTAWAL_NP,RAIN,1,0,0,0,0,0,0,0.0,False,,,,,,,,,,,,,,,,,,,,,,,,,,True,True,True,True
episode-f45372ed50ebda888f4e,UNDRR DesInventar Nepal,2013,7,5,Eastern Region,Saptari,BARMAJHIYA,RAIN,0,0,0,251,0,136,0,0.0,False,,,,,,,,,,,,,,,,,,,,,,,,,,True,True,True,True
episode-61f66676c518ea1f4f75,UNDRR DesInventar Nepal,2013,7,8,Central Region,Bara,NIJGADH,RAIN,1,0,0,0,0,0,0,0.0,False,,,,,,,,,,,,,,,,,,,,,,,,,,True,True,True,True
episode-4aa2e0882e61f1e8b8e3,UNDRR DesInventar Nepal,2013,7,8,Western Region,Nawalparasi,SHIVAMANDIR,RAIN,0,0,0,68,0,14,0,0.0,False,,,,,,,,,,,,,,,,,,,,,,,,,,True,True,True,True
episode-113acba9a017c06d3599,UNDRR DesInventar Nepal,2013,7,9,Mid-Western Region,Dang,CHAILAHI,RAIN,0,0,1,20,4,0,0,0.0,False,,,,,,,,,,,,,,,,,,,,,,,,,,True,True,True,True
episode-9a0f7b6f57c0d7afd6ee,UNDRR DesInventar Nepal,2013,7,9,Eastern Region,Jhapa,BHADRAPUR MUN.,RAIN,0,0,0,244,0,50,0,0.0,False,,,,,,,,,,,,,,,,,,,,,,,,,,True,True,True,True
episode-196786e4f05862eabddb,UNDRR DesInventar Nepal,2013,7,9,Eastern Region,Jhapa,DAMAK MUN.,RAIN,0,2,0,0,0,0,0,0.0,False,,,,,,,,,,,,,,,,,,,,,,,,,,True,True,True,True
episode-6b914226d9dfedc63027,UNDRR DesInventar Nepal,2013,7,9,Eastern Region,Jhapa,PANCHGANCHI,HEAVY RAINS,1,0,0,219,0,45,0,0.0,False,,,,,,,,,,,,,,,,,,,,,,,,,,True,True,True,True
episode-90d5edb800b582422fa6,UNDRR DesInventar Nepal,2013,7,9,Eastern Region,Jhapa,SHARANMATI,RAIN,0,0,0,937,0,192,0,0.0,False,,,,,,,,,,,,,,,,,,,,,,,,,,True,True,True,True
episode-f76d2f0c75a896c52a11,UNDRR DesInventar Nepal,2013,7,9,Eastern Region,Morang,Biratnagar Municipality,RAIN,0,1,0,1464,0,0,0,0.0,False,,,,,,,,,,,,,,,,,,,,,,,,,,True,True,True,True
episode-6092cc5cb70865a31674,UNDRR DesInventar Nepal,2013,7,9,Eastern Region,Morang,Hatimuda,RAIN,0,0,0,195,0,40,0,0.0,False,,,,,,,,,,,,,,,,,,,,,,,,,,True,True,True,True
episode-8795039bf97ace59e6e1,UNDRR DesInventar Nepal,2013,7,9,Eastern Region,Morang,Itahara,HEAVY RAINS,0,0,0,146,0,30,0,0.0,False,,,,,,,,,,,,,,,,,,,,,,,,,,True,True,True,True
episode-c896e46be8ac94757119,UNDRR DesInventar Nepal,2013,7,9,Eastern Region,Morang,Kadamaha,HEAVY RAINS,0,0,0,4880,0,100,0,0.0,False,,,,,,,,,,,,,,,,,,,,,,,,,,True,True,True,True
episode-618ea87419b220ad27cb,UNDRR DesInventar Nepal,2013,7,9,Eastern Region,Morang,Tankisinuwari,RAIN,0,0,0,4880,0,100,0,0.0,False,,,,,,,,,,,,,,,,,,,,,,,,,,True,True,True,True
episode-b944b347e14e1e234c4c,UNDRR DesInventar Nepal,2013,7,9,Western Region,Rupandehi,BUTAWAL_NP,HEAVY RAINS,1,0,0,0,0,0,0,0.0,False,,,,,,,,,,,,,,,,,,,,,,,,,,True,True,True,True
episode-1a40a18223045e8ee28e,UNDRR DesInventar Nepal,2013,7,9,Eastern Region,Saptari,GHOGANPUR,RAIN,0,0,0,366,0,75,0,0.0,False,,,,,,,,,,,,,,,,,,,,,,,,,,True,True,True,True
episode-cd8c3f9e649f30cb002d,UNDRR DesInventar Nepal,2013,7,9,Eastern Region,Saptari,PORTAHA,HEAVY RAINS,0,0,0,4880,0,1000,0,0.0,False,,,,,,,,,,,,,,,,,,,,,,,,,,True,True,True,True
episode-6af885cee3d295ba99ed,UNDRR DesInventar Nepal,2013,7,9,Eastern Region,Sunsari,Itahari Municipality,HEAVY RAINS,0,0,0,9760,0,2000,0,0.0,False,,,,,,,,,,,,,,,,,,,,,,,,,,True,True,True,True
episode-79ca26942d65fb663aab,UNDRR DesInventar Nepal,2013,7,9,Eastern Region,Udayapur,Trijuga Municipality,RAIN,1,0,0,0,0,0,0,0.0,False,,,,,,,,,,,,,,,,,,,,,,,,,,True,True,True,True
episode-c58d138daf42f43ea509,UNDRR DesInventar Nepal,2013,7,10,Central Region,Bara,PIPARA SIMARA,HEAVY RAINS,0,0,0,0,0,0,0,0.0,True,,,,,,,,,,,,,,,,,,,,,,,,,,True,True,True,True
episode-bede40192d058ceb8788,UNDRR DesInventar Nepal,2013,7,10,Far Western Region,Dadeldhura,JOGBUDA,RAIN,0,0,0,171,0,35,0,0.0,False,,,,,,,,,,,,,,,,,,,,,,,,,,True,True,True,True
episode-9d13829b88fe0b9bb2b8,UNDRR DesInventar Nepal,2013,7,10,Central Region,Makwanpur,PHAPARBARI,RAIN,0,0,0,5,2,0,0,0.0,False,,,,,,,,,,,,,,,,,,,,,,,,,,True,True,True,True
episode-11c59022b342738bcd0a,UNDRR DesInventar Nepal,2013,7,10,Central Region,Sindhuli,Shanteswari,HEAVY RAINS,1,0,0,0,0,0,0,0.0,True,,,,,,,,,,,,,,,,,,,,,,,,,,True,True,True,True
episode-b57ed20140c8ec9a6f1d,UNDRR DesInventar Nepal,2013,7,11,Western Region,Kaski,POKHARA_SMP,RAIN,0,1,0,0,0,0,0,0.0,False,,,,,,,,,,,,,,,,,,,,,,,,,,True,True,True,True
episode-6fcb318c331e738931e5,UNDRR DesInventar Nepal,2013,7,11,Western Region,Nawalparasi,NARAYANI,RAIN,3,0,0,0,0,0,0,0.0,False,,,,,,,,,,,,,,,,,,,,,,,,,,True,True,True,True
episode-2b857d0feca8809e8d62,UNDRR DesInventar Nepal,2013,7,11,Central Region,Rautahat,DHARMAPUR,RAIN,0,1,0,0,0,0,0,0.0,False,,,,,,,,,,,,,,,,,,,,,,,,,,True,True,True,True
episode-61b488f96ec4a69aca6f,UNDRR DesInventar Nepal,2013,7,11,Eastern Region,Sunsari,Tanmuna,OTHER,1,0,0,0,0,0,0,0.0,False,,,,,,,,,,,,,,,,,,,,,,,,,,True,True,True,True
episode-49ef2719d8c856e97e13,UNDRR DesInventar Nepal,2013,7,13,Eastern Region,Morang,Rangeli,RAIN,1,0,0,0,0,0,0,0.0,False,,,,,,,,,,,,,,,,,,,,,,,,,,True,True,True,True
episode-8897d341e23d7c6d98ce,UNDRR DesInventar Nepal,2013,7,13,Eastern Region,Sunsari,UNKNOWN,RAIN,1,0,0,0,0,0,0,0.0,False,,,,,,,,,,,,,,,,,,,,,,,,,,True,True,True,True
episode-83c91788f61ce356ad90,UNDRR DesInventar Nepal,2013,7,15,Mid-Western Region,Banke,HOLIA,RAIN,0,0,0,0,0,0,0,0.0,False,,,,,,,,,,,,,,,,,,,,,,,,,,True,True,True,True
episode-6eb5081a8e93cc31bd45,UNDRR DesInventar Nepal,2013,7,16,Mid-Western Region,Dang,BIJAURI,RAIN,1,0,0,0,0,0,0,0.0,False,,,,,,,,,,,,,,,,,,,,,,,,,,True,True,True,True
episode-5017a6a0775a68bd290f,UNDRR DesInventar Nepal,2013,7,19,Far Western Region,Kailali,BHAJANI,RAIN,0,0,0,195,0,40,0,0.0,False,,,,,,,,,,,,,,,,,,,,,,,,,,True,True,True,True
episode-d0bc9ab4919c4aa0e5a5,UNDRR DesInventar Nepal,2013,7,19,Far Western Region,Kailali,CHAUMALA,RAIN,0,0,0,40,0,8,0,0.0,False,,,,,,,,,,,,,,,,,,,,,,,,,,True,True,True,True
episode-dcc172eff8306b34ac51,UNDRR DesInventar Nepal,2013,7,19,Far Western Region,Kailali,DANSINHAPUR,RAIN,0,0,0,195,0,40,0,0.0,False,,,,,,,,,,,,,,,,,,,,,,,,,,True,True,True,True
episode-fa034a1fc033b4e96cd2,UNDRR DesInventar Nepal,2013,7,19,Far Western Region,Kailali,DHANGADHI MUNICIPALITY,RAIN,0,0,0,1273,0,261,0,0.0,False,,,,,,,,,,,,,,,,,,,,,,,,,,True,True,True,True
episode-6a197b687ac11da4c000,UNDRR DesInventar Nepal,2013,7,19,Far Western Region,Kailali,KHAILAD,RAIN,0,0,0,146,0,30,0,0.0,False,,,,,,,,,,,,,,,,,,,,,,,,,,True,True,True,True
episode-40669782a543a5571f20,UNDRR DesInventar Nepal,2013,7,19,Far Western Region,Kailali,LALBOJHI,RAIN,0,0,0,1464,0,300,0,0.0,False,,,,,,,,,,,,,,,,,,,,,,,,,,True,True,True,True
episode-da6944a101b25af71d1f,UNDRR DesInventar Nepal,2013,7,19,Far Western Region,Kailali,MALAKHET,RAIN,0,1,0,0,0,0,0,0.0,False,,,,,,,,,,,,,,,,,,,,,,,,,,True,True,True,True
episode-14786c9100212f11c65a,UNDRR DesInventar Nepal,2013,7,19,Far Western Region,Kailali,PAHALMANPUR,RAIN,0,0,0,488,0,100,0,0.0,False,,,,,,,,,,,,,,,,,,,,,,,,,,True,True,True,True
episode-6572c9d42c54ce0c4455,UNDRR DesInventar Nepal,2013,7,19,Far Western Region,Kailali,PHULWARI,RAIN,0,0,0,171,0,35,0,0.0,False,,,,,,,,,,,,,,,,,,,,,,,,,,True,True,True,True
episode-866f3df3ea5716e3c55e,UNDRR DesInventar Nepal,2013,7,19,Far Western Region,Kailali,RAMSIKHAR JHALA,RAIN,0,0,0,244,0,50,0,0.0,False,,,,,,,,,,,,,,,,,,,,,,,,,,True,True,True,True
episode-38cfb3345562c2d911c2,UNDRR DesInventar Nepal,2013,7,19,Far Western Region,Kailali,THAPAPUR,RAIN,0,0,0,244,0,50,0,0.0,False,,,,,,,,,,,,,,,,,,,,,,,,,,True,True,True,True
episode-b35331499ec6daa68c81,UNDRR DesInventar Nepal,2013,7,21,Eastern Region,Saptari,GOBARGADHA,RAIN,0,0,0,244,0,50,0,0.0,False,,,,,,,,,,,,,,,,,,,,,,,,,,True,True,True,True
episode-eff373a1f285ca1b5718,UNDRR DesInventar Nepal,2013,7,22,Mid-Western Region,Banke,PHATTEPUR,RAIN,0,1,0,0,0,0,0,0.0,False,,,,,,,,,,,,,,,,,,,,,,,,,,True,True,True,True
episode-46ef4423cad0ecebf79a,UNDRR DesInventar Nepal,2013,7,22,Mid-Western Region,Dang,GOBARDIHA,RAIN,0,0,0,14,0,3,0,0.0,False,,,,,,,,,,,,,,,,,,,,,,,,,,True,True,True,True
episode-9ec920737b325fba8a75,UNDRR DesInventar Nepal,2013,7,22,Mid-Western Region,Dang,LALMATIYA,RAIN,0,0,0,68,0,14,0,0.0,False,,,,,,,,,,,,,,,,,,,,,,,,,,True,True,True,True
episode-2c2460e03a5d41bde904,UNDRR DesInventar Nepal,2013,7,22,Mid-Western Region,Dang,SATBARIYA,RAIN,0,0,0,132,0,27,0,0.0,False,,,,,,,,,,,,,,,,,,,,,,,,,,True,True,True,True
episode-3472fbdafaa97587c3af,UNDRR DesInventar Nepal,2013,7,22,Mid-Western Region,Dang,SISAHNIYA,RAIN,0,0,0,220,0,45,0,0.0,False,,,,,,,,,,,,,,,,,,,,,,,,,,True,True,True,True
episode-5bf114ce39f218288a0f,UNDRR DesInventar Nepal,2013,7,22,Mid-Western Region,Dang,SONPUR,RAIN,0,0,0,59,0,12,0,0.0,False,,,,,,,,,,,,,,,,,,,,,,,,,,True,True,True,True
episode-e9e8a84ef3dc7e71f6a7,UNDRR DesInventar Nepal,2013,7,22,Western Region,Nawalparasi,GAINDAKOT,RAIN,0,3,0,488,0,100,0,0.0,False,,,,,,,,,,,,,,,,,,,,,,,,,,True,True,True,True
episode-c81da6ebe81ae86446e0,UNDRR DesInventar Nepal,2013,7,22,Western Region,Nawalparasi,NAYA_BELHANI,RAIN,0,0,0,229,0,47,0,0.0,False,,,,,,,,,,,,,,,,,,,,,,,,,,True,True,True,True
episode-d962ffc1440babbeb439,UNDRR DesInventar Nepal,2013,7,22,Mid-Western Region,Pyuthan,BHINGRI,RAIN,0,0,0,15,3,0,0,0.0,False,,,,,,,,,,,,,,,,,,,,,,,,,,True,True,True,True
episode-4d3cbd047ec074dfc03b,UNDRR DesInventar Nepal,2013,7,25,Central Region,Sindhupalchoke,Bhimtar,RAIN,0,0,0,2196,0,0,0,0.0,False,,,,,,,,,,,,,,,,,,,,,,,,,,True,True,True,True
episode-873b609937d072921f50,UNDRR DesInventar Nepal,2013,7,26,Mid-Western Region,Banke,GANGAPUR,RAIN,0,0,0,146,0,30,0,0.0,False,,,,,,,,,,,,,,,,,,,,,,,,,,True,True,True,True
episode-3ec48bddcdd776e55991,UNDRR DesInventar Nepal,2013,7,26,Mid-Western Region,Banke,MATEHIYA,RAIN,0,0,0,244,0,50,0,0.0,False,,,,,,,,,,,,,,,,,,,,,,,,,,True,True,True,True
episode-34e7e61349b38ad5b8b8,UNDRR DesInventar Nepal,2013,7,27,Eastern Region,Khotang,Baspani,RAIN,1,0,0,0,0,0,0,0.0,False,,,,,,,,,,,,,,,,,,,,,,,,,,True,True,True,True
episode-511e15e861773186d7b9,UNDRR DesInventar Nepal,2013,7,30,Central Region,Dhading,TIPLING,RAIN,0,0,0,0,0,0,0,0.0,True,,,,,,,,,,,,,,,,,,,,,,,,,,True,True,True,True
episode-0e01d1fee797c690c4ed,UNDRR DesInventar Nepal,2013,8,5,Central Region,Sindhuli,Hatpate,RAIN,6,3,0,0,0,0,1,0.0,False,,,,,,,,,,,,,,,,,,,,,,,,,,True,True,True,True
episode-70159a4bcd70339426b7,UNDRR DesInventar Nepal,2013,8,8,Far Western Region,Achham,MALATIKOT,RAIN,1,0,0,0,0,0,0,0.0,False,,,,,,,,,,,,,,,,,,,,,,,,,,True,True,True,True
episode-c9bdceb2ad3d5b074641,UNDRR DesInventar Nepal,2013,8,12,Far Western Region,Darchula,Dhuligada,RAIN,0,0,0,68,11,3,0,0.0,True,,,,,,,,,,,,,,,,,,,,,,,,,,True,True,True,True
episode-8d4095007cb905f2da28,UNDRR DesInventar Nepal,2013,8,12,Far Western Region,Darchula,Hikila,RAIN,1,0,0,5,1,0,0,0.0,False,,,,,,,,,,,,,,,,,,,,,,,,,,True,True,True,True
episode-f5f3822fe743c8361a5d,UNDRR DesInventar Nepal,2013,8,12,Western Region,Rupandehi,MARYADPUR,RAIN,2,0,0,0,0,0,0,0.0,False,,,,,,,,,,,,,,,,,,,,,,,,,,True,True,True,True
episode-5de0bb1e005ff20f3746,UNDRR DesInventar Nepal,2013,8,13,Eastern Region,Jhapa,RAJGADH,RAIN,1,0,0,0,0,0,0,0.0,False,,,,,,,,,,,,,,,,,,,,,,,,,,True,True,True,True
episode-1dfc876bf32650135520,UNDRR DesInventar Nepal,2013,8,17,Far Western Region,Achham,BATULASEN,RAIN,2,0,0,0,0,0,0,0.0,False,,,,,,,,,,,,,,,,,,,,,,,,,,True,True,True,True
episode-0b990f1a5fbe9746a9a2,UNDRR DesInventar Nepal,2013,9,2,Central Region,Bara,HARAIYA,RAIN,0,0,0,48,0,10,0,0.0,True,,,,,,,,,,,,,,,,,,,,,,,,,,True,True,True,True
episode-409a0ed3a3518a7cea39,UNDRR DesInventar Nepal,2013,9,2,Eastern Region,Udayapur,Hadiya,RAIN,0,0,0,92,0,20,0,0.0,False,,,,,,,,,,,,,,,,,,,,,,,,,,True,True,True,True
episode-5dad9a0518041ba71ef1,UNDRR DesInventar Nepal,2013,9,2,Eastern Region,Udayapur,Rampur,HEAVY RAINS,0,0,0,42,0,9,0,0.0,False,,,,,,,,,,,,,,,,,,,,,,,,,,True,True,True,True
episode-c55dac8955de112d23e8,UNDRR DesInventar Nepal,2013,9,2,Eastern Region,Udayapur,Trijuga Municipality,HEAVY RAINS,2,0,0,0,0,0,0,0.0,False,,,,,,,,,,,,,,,,,,,,,,,,,,True,True,True,True
episode-369ed5d4fdcce7733233,UNDRR DesInventar Nepal,2013,9,3,Eastern Region,Siraha,Lahan Municipality,RAIN,1,0,0,0,0,0,0,0.0,False,,,,,,,,,,,,,,,,,,,,,,,,,,True,True,True,True
episode-12a47229ce3af0b32948,UNDRR DesInventar Nepal,2013,9,5,Eastern Region,Morang,Govindapur,RAIN,0,0,0,14,0,3,0,0.0,False,,,,,,,,,,,,,,,,,,,,,,,,,,True,True,True,True
episode-e82edd494e0531370481,UNDRR DesInventar Nepal,2013,9,7,Eastern Region,Sunsari,Panchakanya,RAIN,0,4,0,30,3,5,0,0.0,True,,,,,,,,,,,,,,,,,,,,,,,,,,True,True,True,True
episode-8a7f6d57a3691e392945,UNDRR DesInventar Nepal,2013,9,12,Eastern Region,Jhapa,TOPGANCHHI,RAIN,0,0,0,97,2,18,0,0.0,False,,,,,,,,,,,,,,,,,,,,,,,,,,True,True,True,True
