event_id,source,year,month,day,region,district,municipality,cause,deaths,missing,injured,people_affected,houses_destroyed,houses_affected,evacuated,roads_damaged_km,transport_affected,latitude,longitude,district_area_sq_km,elevation_m,terrain_relief_m,households_2011,population_2011,population_density_2011,rainfall_1d_mm,rainfall_3d_mm,rainfall_7d_mm,rainfall_30d_mm,rainy_days_7d,rainfall_7d_anomaly,casualty_label_known,housing_label_known,transport_label_known,severe_label_known
desinventar-f27c1a26-c98a-4268-a63d-469015332a64,UNDRR DesInventar Nepal,1997,7,0,Eastern Region,Ilam,UNKNOWN,HEAVY RAINS,7,0,0,356,94,75,0,0.0,False,,,,,,,,,,,,,,,True,True,True,True
desinventar-cdc9ccff-6bcf-4424-9527-c5eb3e8ab1a8,UNDRR DesInventar Nepal,2009,9,5,Central Region,Ramechhap,UNKNOWN,HEAVY RAINS,2,0,3,5,1,0,0,0.0,False,,,,,,,,,,,,,,,True,True,True,True
desinventar-554cb305-96fa-4b9a-ba89-9228c124b044,UNDRR DesInventar Nepal,1997,8,2,Far Western Region,Bajura,UNKNOWN,HEAVY RAINS,0,0,0,0,0,0,0,0.0,False,,,,,,,,,,,,,,,True,True,True,True
desinventar-a0f066ca-0f52-47a1-8d0b-64d80c4cd94d,UNDRR DesInventar Nepal,1993,7,19,Central Region,Makwanpur,PALUNG,HEAVY RAINS,60,0,0,3321,45,25,0,0.0,False,,,,,,,,,,,,,,,True,True,True,True
desinventar-0b47bbfb-388c-443e-9ea5-e00ba440a9c0,UNDRR DesInventar Nepal,1993,8,22,Eastern Region,Saptari,UNKNOWN,HEAVY RAINS,0,0,0,2025,0,0,0,0.0,False,,,,,,,,,,,,,,,True,True,True,True
desinventar-a18b8dab-16ec-4662-aed9-d92e336542de,UNDRR DesInventar Nepal,1974,9,2,Central Region,Kathmandu,KATHMANDU METROPOLITAN CITY,HEAVY RAINS,0,0,0,0,0,0,0,0.0,False,,,,,,,,,,,,,,,True,True,True,True
desinventar-9ea4c382-896b-4a7f-a3e2-6a582f43e99c,UNDRR DesInventar Nepal,1997,8,19,Central Region,Sarlahi,UNKNOWN,HEAVY RAINS,0,0,0,0,0,0,0,0.0,False,,,,,,,,,,,,,,,True,True,True,True
desinventar-4aa1d848-7941-4978-9c6e-cbda550dfdb9,UNDRR DesInventar Nepal,1971,4,21,Western Region,Tanahu,VYAS_NP_(DAMAULI),OTHER,0,0,0,0,0,0,0,0.0,False,,,,,,,,,,,,,,,True,True,True,True
desinventar-264f9b47-6e8e-4d25-9a37-8e0841517f91,UNDRR DesInventar Nepal,1971,5,24,Western Region,Myagdi,RATNE_CHAUR,OTHER,0,0,0,0,0,0,0,0.0,False,,,,,,,,,,,,,,,True,True,True,True
desinventar-3fd030e7-a07a-415e-abcb-54b9b30d7718,UNDRR DesInventar Nepal,1971,6,14,Central Region,Makwanpur,BHIMPHEDI,OTHER,0,0,0,0,0,0,0,0.0,True,,,,,,,,,,,,,,,True,True,True,True
desinventar-9fc7be76-2f44-4c89-b136-07e65e8ee350,UNDRR DesInventar Nepal,1971,6,16,Central Region,Chitawan,KHAIRAHANI,OTHER,0,0,0,0,0,0,0,0.0,True,,,,,,,,,,,,,,,True,True,True,True
desinventar-5c223846-2563-437a-8ec7-fc7508bae93e,UNDRR DesInventar Nepal,1971,6,16,Central Region,Chitawan,JAGATPUR,OTHER,0,0,0,0,20,0,0,0.0,False,,,,,,,,,,,,,,,True,True,True,True
desinventar-d1c10535-99c5-4680-9cb5-96827ccdbf61,UNDRR DesInventar Nepal,1971,6,17,Eastern Region,Sunsari,Duhabi,OTHER,0,0,0,675,0,0,0,0.0,False,,,,,,,,,,,,,,,True,True,True,True
desinventar-6bd9e914-aa85-46f4-a016-4de3e735e98e,UNDRR DesInventar Nepal,1971,6,17,Central Region,Bhaktapur,SUDAL,OTHER,0,0,0,0,0,3,0,0.0,False,,,,,,,,,,,,,,,True,True,True,True
desinventar-d2099c55-db7c-46b9-a747-311ec7c99cec,UNDRR DesInventar Nepal,1971,6,18,Central Region,Lalitpur,Chandanpur,OTHER,4,0,1,0,1,0,0,0.0,False,,,,,,,,,,,,,,,True,True,True,True
desinventar-425063a3-368b-4c25-8ea6-868dd3690a4b,UNDRR DesInventar Nepal,1971,6,18,Central Region,Kavre,DEBITAR,OTHER,0,0,0,0,0,0,0,0.0,False,,,,,,,,,,,,,,,True,True,True,True
desinventar-d1be6b35-cca1-43ee-800c-13a8ca523744,UNDRR DesInventar Nepal,1971,6,22,Central Region,Sindhuli,Kakurthakur,OTHER,0,0,0,0,0,0,0,0.0,False,,,,,,,,,,,,,,,True,True,True,True
desinventar-2d299729-8875-4e71-96a6-10f26376ba27,UNDRR DesInventar Nepal,1971,6,22,Central Region,Sarlahi,JABDI,OTHER,0,0,0,0,10,0,0,0.0,False,,,,,,,,,,,,,,,True,True,True,True
desinventar-6d3561ad-2cbf-4f70-aefb-847f02fe1cbc,UNDRR DesInventar Nepal,1971,6,25,Far Western Region,Doti,UNKNOWN,OTHER,5,0,0,0,0,0,0,0.0,False,,,,,,,,,,,,,,,True,True,True,True
desinventar-4f50d440-f2cc-456e-949b-bafd1790e7ac,UNDRR DesInventar Nepal,1971,7,2,Central Region,Rautahat,BAIRIYA,OTHER,0,0,0,0,0,0,0,0.0,False,,,,,,,,,,,,,,,True,True,True,True
desinventar-3d6ad7cc-7d9d-4dd3-9b0a-46d82c77ef0c,UNDRR DesInventar Nepal,1971,7,3,Central Region,Sindhuli,Bhimsthan,OTHER,22,0,0,0,0,0,0,0.0,False,,,,,,,,,,,,,,,True,True,True,True
desinventar-b263e0c8-0801-4980-8a7f-ba4076f1f6eb,UNDRR DesInventar Nepal,1971,7,18,Eastern Region,Dhankuta,PAREWADIN,OTHER,3,0,0,0,0,0,0,0.0,False,,,,,,,,,,,,,,,True,True,True,True
desinventar-d801f1be-ccea-479b-8763-b6e1c5ffa60e,UNDRR DesInventar Nepal,1971,7,31,Eastern Region,Jhapa,SANISCHARE,OTHER,0,0,0,0,0,0,0,0.0,False,,,,,,,,,,,,,,,True,True,True,True
desinventar-4a2fedc8-5779-41a2-a0ca-4491f9c2448d,UNDRR DesInventar Nepal,1971,7,31,Eastern Region,Morang,Biratnagar Municipality,OTHER,0,0,0,135,0,0,0,0.0,False,,,,,,,,,,,,,,,True,True,True,True
desinventar-657c302f-553f-45a3-8665-6267479b1e67,UNDRR DesInventar Nepal,1971,8,12,Eastern Region,Morang,Urlabari,OTHER,0,0,0,0,0,14,0,0.0,False,,,,,,,,,,,,,,,True,True,True,True
desinventar-5c887932-2460-4aa8-8dd4-048008913a3e,UNDRR DesInventar Nepal,1971,8,13,Central Region,Sindhupalchoke,Chautara,OTHER,0,0,0,0,0,2,0,0.0,True,,,,,,,,,,,,,,,True,True,True,True
desinventar-03e4f488-f4e2-44f5-a6da-053a3ccd4c39,UNDRR DesInventar Nepal,1972,7,30,Central Region,Bhaktapur,BALKOT,OTHER,0,0,0,0,0,0,0,0.0,False,,,,,,,,,,,,,,,True,True,True,True
desinventar-aeef2c0c-ee96-4e00-9610-e59e0b450789,UNDRR DesInventar Nepal,1974,8,13,Western Region,Kaski,DHITAL,HEAVY RAINS,0,0,0,0,0,0,0,0.0,False,,,,,,,,,,,,,,,True,True,True,True
desinventar-db7915ba-eeba-41fe-9000-2ea811a957b5,UNDRR DesInventar Nepal,1972,6,19,Western Region,Lamjung,UNKNOWN,OTHER,0,0,0,0,0,0,0,0.0,False,,,,,,,,,,,,,,,True,True,True,True
desinventar-d165ef5a-d206-49a5-a4a1-d7dfa1f02adb,UNDRR DesInventar Nepal,1972,6,27,Western Region,Tanahu,UNKNOWN,OTHER,2,0,0,0,0,0,0,0.0,False,,,,,,,,,,,,,,,True,True,True,True
desinventar-cb3e65e7-e668-4c25-a60d-85d813aa7f8c,UNDRR DesInventar Nepal,1972,7,5,Far Western Region,Bajhang,UNKNOWN,OTHER,0,0,0,0,0,0,0,0.0,True,,,,,,,,,,,,,,,True,True,True,True
desinventar-0efab475-09ac-48dd-973a-8ba7514dbcd8,UNDRR DesInventar Nepal,1972,7,30,Central Region,Bhaktapur,SIPADOL,OTHER,0,0,0,0,0,0,0,0.0,True,,,,,,,,,,,,,,,True,True,True,True
desinventar-1cf0aeb8-71d0-41b2-ab9c-8f07edf89382,UNDRR DesInventar Nepal,1972,7,30,Central Region,Nuwakot,UNKNOWN,OTHER,0,0,0,0,0,0,0,0.0,True,,,,,,,,,,,,,,,True,True,True,True
desinventar-bd4becda-19b4-4af3-999c-0a5dbce54fb4,UNDRR DesInventar Nepal,1972,7,30,Central Region,Dhading,SALANG,OTHER,0,0,0,0,0,0,0,0.0,True,,,,,,,,,,,,,,,True,True,True,True
desinventar-dc12c5f7-e394-43f3-a423-6e9f5b6b255a,UNDRR DesInventar Nepal,1972,7,30,Central Region,Dhading,NAUBISE,OTHER,2,0,0,0,0,0,0,0.0,False,,,,,,,,,,,,,,,True,True,True,True
desinventar-6018536a-6291-4d6c-8a7b-f1b8ec29f560,UNDRR DesInventar Nepal,1972,7,30,Central Region,Dhading,UNKNOWN,OTHER,1,0,0,0,0,0,0,0.0,False,,,,,,,,,,,,,,,True,True,True,True
desinventar-ad0622c7-03ee-4448-8217-d92394a2c5c0,UNDRR DesInventar Nepal,1972,7,30,Central Region,Kathmandu,BISHUNU BUDHANILKANTHA,HEAVY RAINS,0,0,0,0,0,0,0,0.0,False,,,,,,,,,,,,,,,True,True,True,True
desinventar-5378ebec-3edc-41da-becc-b42ae124f4ba,UNDRR DesInventar Nepal,1972,7,30,Central Region,Dhading,KHATTE,HEAVY RAINS,0,0,0,0,0,0,0,0.0,False,,,,,,,,,,,,,,,True,True,True,True
desinventar-ce29a8db-6a9e-4b67-a2f2-14ed62775df8,UNDRR DesInventar Nepal,1972,7,30,Central Region,Kathmandu,KATHMANDU METROPOLITAN CITY,HEAVY RAINS,0,0,0,0,0,0,0,0.0,True,,,,,,,,,,,,,,,True,True,True,True
desinventar-9d7cec1c-1a9f-4060-b7eb-bb38924538c3,UNDRR DesInventar Nepal,1972,7,30,Central Region,Kathmandu,UNKNOWN,HEAVY RAINS,0,0,0,0,0,0,0,0.0,False,,,,,,,,,,,,,,,True,True,True,True
desinventar-feff2c9a-65bb-4e68-bd76-c334665b06cd,UNDRR DesInventar Nepal,1972,8,1,Eastern Region,Sunsari,Duhabi,HEAVY RAINS,0,0,0,0,0,0,0,0.0,False,,,,,,,,,,,,,,,True,True,True,True
desinventar-b9dac4d2-a30a-40f0-8b8c-13538e186858,UNDRR DesInventar Nepal,1972,7,28,Central Region,Kathmandu,KIRTIPUR MUNICIPALITY,HEAVY RAINS,0,0,0,0,3,0,0,0.0,False,,,,,,,,,,,,,,,True,True,True,True
desinventar-fd8f9869-1c71-420f-bc1d-0e577f713e02,UNDRR DesInventar Nepal,1972,8,1,Central Region,Rautahat,BASANTAPATTI,HEAVY RAINS,0,0,0,250,0,0,250,0.0,False,,,,,,,,,,,,,,,True,True,True,True
desinventar-8dd04bae-ad8a-4a66-86e2-d4003a09f03d,UNDRR DesInventar Nepal,1972,7,30,Western Region,Tanahu,CHHANG,HEAVY RAINS,0,0,0,0,0,0,0,0.0,False,,,,,,,,,,,,,,,True,True,True,True
desinventar-20e432eb-aeeb-46bf-a55f-5729049982bc,UNDRR DesInventar Nepal,1972,8,13,Western Region,Kaski,UNKNOWN,HEAVY RAINS,0,0,0,0,0,0,0,0.0,False,,,,,,,,,,,,,,,True,True,True,True
desinventar-1686c1f6-8384-4e00-bcf7-ae5fd79eaf3b,UNDRR DesInventar Nepal,1972,8,13,Western Region,Kaski,REEVAN,HEAVY RAINS,0,0,0,0,0,0,0,0.0,False,,,,,,,,,,,,,,,True,True,True,True
desinventar-6e9a7d32-493e-48f2-b450-aee2987659df,UNDRR DesInventar Nepal,1972,8,13,Western Region,Kaski,DHITAL,HEAVY RAINS,0,0,0,0,0,0,0,0.0,False,,,,,,,,,,,,,,,True,True,True,True
desinventar-7feb3926-0b3f-4b5b-90d6-545ab6d22ac7,UNDRR DesInventar Nepal,1972,8,13,Western Region,Kaski,DHAMPUS,HEAVY RAINS,0,0,0,0,0,0,0,0.0,False,,,,,,,,,,,,,,,True,True,True,True
desinventar-b802d657-e336-486a-9182-2752d3c7cb28,UNDRR DesInventar Nepal,1972,8,15,Western Region,Kaski,POKHARA_SMP,HEAVY RAINS,0,0,0,0,0,0,0,0.0,False,,,,,,,,,,,,,,,True,True,True,True
desinventar-46ce632a-e993-4157-a314-e2d698469377,UNDRR DesInventar Nepal,1972,9,16,Far Western Region,Kanchanpur,MAHENDRA NAGAR N.P.,HEAVY RAINS,0,0,0,0,2,0,0,0.0,False,,,,,,,,,,,,,,,True,True,True,True
desinventar-317f0ffc-066f-42f3-803f-d4608fc8bd6f,UNDRR DesInventar Nepal,1972,10,7,Western Region,Kaski,UNKNOWN,HEAVY RAINS,0,0,0,0,7,0,0,0.0,False,,,,,,,,,,,,,,,True,True,True,True
desinventar-b350b31e-4a2a-4e73-8997-fbb690734127,UNDRR DesInventar Nepal,1974,1,23,Far Western Region,Kanchanpur,MAHENDRA NAGAR N.P.,OTHER,0,0,0,0,0,0,0,0.0,False,,,,,,,,,,,,,,,True,True,True,True
desinventar-f05657b6-26a3-4f7b-a3b3-305fc289081a,UNDRR DesInventar Nepal,1974,9,10,Central Region,Chitawan,UNKNOWN,HEAVY RAINS,9,0,0,0,0,0,0,0.0,False,,,,,,,,,,,,,,,True,True,True,True
desinventar-000fbb0e-4094-431b-ae79-43ed2f72dec5,UNDRR DesInventar Nepal,1974,6,9,Central Region,Dhading,DARKHA,OTHER,2,0,1,0,0,0,0,0.0,False,,,,,,,,,,,,,,,True,True,True,True
desinventar-a49e5fd2-78aa-4070-97a4-f1627acfab81,UNDRR DesInventar Nepal,1974,7,3,Western Region,Gulmi,BAJKATERI,HEAVY RAINS,0,0,0,0,6,0,0,0.0,False,,,,,,,,,,,,,,,True,True,True,True
desinventar-33acd822-14ac-41ea-9312-9d42ab571bc9,UNDRR DesInventar Nepal,1974,6,27,Western Region,Kaski,HEMJA,HEAVY RAINS,0,0,0,0,0,0,0,0.0,False,,,,,,,,,,,,,,,True,True,True,True
desinventar-dd201acf-988d-425b-a301-8cb0b1d144e6,UNDRR DesInventar Nepal,1974,7,28,Central Region,Dhanusa,Janakpur Municipality,OTHER,0,0,0,0,60,0,0,0.0,False,,,,,,,,,,,,,,,True,True,True,True
desinventar-d9735e6c-1fa2-4761-930a-f1f7472d491b,UNDRR DesInventar Nepal,1974,7,29,Western Region,Baglung,DUDILABHATI,HEAVY RAINS,1,0,0,0,1,0,0,0.0,False,,,,,,,,,,,,,,,True,True,True,True
desinventar-0eb5e6c8-7a18-45a6-9790-9ee0634907a4,UNDRR DesInventar Nepal,1974,7,29,Western Region,Baglung,NARETHANTI,HEAVY RAINS,0,0,0,0,0,0,90,0.0,True,,,,,,,,,,,,,,,True,True,True,True
desinventar-9bdbb218-4bf6-4ada-b6e9-600b2f6f6061,UNDRR DesInventar Nepal,1974,8,1,Eastern Region,Jhapa,MECHI MUN.,HEAVY RAINS,0,0,0,0,0,0,0,0.0,False,,,,,,,,,,,,,,,True,True,True,True
desinventar-48fd53a4-9af7-48fa-b9f3-8a8f7d108b5b,UNDRR DesInventar Nepal,1974,8,1,Eastern Region,Morang,Dainiya,HEAVY RAINS,2,0,0,0,0,0,0,0.0,False,,,,,,,,,,,,,,,True,True,True,True
desinventar-2c7ee3b7-ae05-4c59-b09a-137d856f30e2,UNDRR DesInventar Nepal,1974,8,1,Eastern Region,Sunsari,Duhabi,HEAVY RAINS,0,0,0,124,7,0,0,0.0,False,,,,,,,,,,,,,,,True,True,True,True
desinventar-ca25b20d-a6bd-4772-803f-8a1997c8211f,UNDRR DesInventar Nepal,1974,8,3,Eastern Region,Morang,Rajghat,HEAVY RAINS,0,0,0,0,0,80,0,0.0,False,,,,,,,,,,,,,,,True,True,True,True
desinventar-ee163f51-bcd3-4c9c-ad76-c0a682718ca6,UNDRR DesInventar Nepal,1974,8,3,Eastern Region,Morang,Rajghat,HEAVY RAINS,0,0,0,0,6,0,0,0.0,False,,,,,,,,,,,,,,,True,True,True,True
desinventar-be0e1ff1-f2b8-4c46-a8d3-03ec644e8014,UNDRR DesInventar Nepal,1974,8,3,Eastern Region,Dhankuta,UNKNOWN,HEAVY RAINS,0,0,0,0,3,0,0,0.0,False,,,,,,,,,,,,,,,True,True,True,True
desinventar-36e78a6f-ba3b-449f-8b73-f0e42284bbed,UNDRR DesInventar Nepal,1974,8,4,Eastern Region,Jhapa,PRITHIVINAGAR,HEAVY RAINS,3,0,0,0,0,0,0,0.0,False,,,,,,,,,,,,,,,True,True,True,True
desinventar-a05a8a70-13df-48fe-83fd-c951b204166e,UNDRR DesInventar Nepal,1974,8,2,Eastern Region,Jhapa,BHUDHABARE,HEAVY RAINS,3,0,0,0,0,0,0,0.0,False,,,,,,,,,,,,,,,True,True,True,True
desinventar-bec13ac1-0588-4bc2-9729-5fad2c2a9c21,UNDRR DesInventar Nepal,1974,8,4,Central Region,Mahotari,UNKNOWN,HEAVY RAINS,0,0,0,0,0,0,0,0.0,False,,,,,,,,,,,,,,,True,True,True,True
desinventar-872d2dfe-a593-4639-a2c7-12d092715730,UNDRR DesInventar Nepal,1974,8,4,Central Region,Dhanusa,Janakpur Municipality,HEAVY RAINS,0,0,0,1200,0,0,0,0.0,True,,,,,,,,,,,,,,,True,True,True,True
desinventar-b9cb5ef5-a1bb-4d4f-8ecf-54755594f625,UNDRR DesInventar Nepal,1974,8,4,Central Region,Mahotari,Jaleswar Municipalit,HEAVY RAINS,0,0,0,0,200,0,0,0.0,False,,,,,,,,,,,,,,,True,True,True,True
desinventar-5a5d06a7-a6ec-45fa-b0ff-0a88a1c24f66,UNDRR DesInventar Nepal,1974,7,20,Central Region,Mahotari,UNKNOWN,HEAVY RAINS,1,0,0,0,0,0,0,0.0,False,,,,,,,,,,,,,,,True,True,True,True
desinventar-c432ad94-0088-4c24-8f2b-62f3bda8b12f,UNDRR DesInventar Nepal,1974,8,12,Eastern Region,Jhapa,PRITHIVINAGAR,HEAVY RAINS,0,0,0,0,6,0,0,0.0,False,,,,,,,,,,,,,,,True,True,True,True
desinventar-446c9658-a6ef-4858-9ed0-9bd7efb8ee5e,UNDRR DesInventar Nepal,1974,8,13,Central Region,Parsa,Udayapur Ghurmi,HEAVY RAINS,3,0,0,0,0,0,0,0.0,False,,,,,,,,,,,,,,,True,True,True,True
desinventar-3e62f1fc-4b5e-4fd2-aa5f-b7138bb12a2a,UNDRR DesInventar Nepal,1974,8,13,Western Region,Kaski,GHACHOK,HEAVY RAINS,0,0,0,0,0,0,0,0.0,False,,,,,,,,,,,,,,,True,True,True,True
desinventar-c4f40ddb-9a5a-4a71-a272-0f56646e6d32,UNDRR DesInventar Nepal,1974,8,16,Central Region,Sarlahi,HATHIAUL,OTHER,0,0,0,0,9,0,0,0.0,False,,,,,,,,,,,,,,,True,True,True,True
desinventar-63a110b6-6300-4b51-addc-9ff2bb8ead62,UNDRR DesInventar Nepal,1974,8,17,Eastern Region,Jhapa,KERABARI,HEAVY RAINS,0,0,0,0,30,0,0,0.0,False,,,,,,,,,,,,,,,True,True,True,True
desinventar-71b42dd7-187a-42ca-995f-d428d267f9eb,UNDRR DesInventar Nepal,1974,8,20,Central Region,Sarlahi,PHARAHADAWA,HEAVY RAINS,0,0,0,0,0,0,0,0.0,True,,,,,,,,,,,,,,,True,True,True,True
desinventar-e3ad74bd-35ba-4253-8372-88c35ed10298,UNDRR DesInventar Nepal,1974,8,20,Central Region,Sarlahi,UNKNOWN,HEAVY RAINS,0,0,0,0,0,0,0,0.0,False,,,,,,,,,,,,,,,True,True,True,True
desinventar-524d4225-9632-472e-b64f-c724879843d5,UNDRR DesInventar Nepal,1974,8,20,Central Region,Ramechhap,UNKNOWN,HEAVY RAINS,0,0,0,0,0,0,0,0.0,True,,,,,,,,,,,,,,,True,True,True,True
desinventar-6220d0b2-cf3e-4cea-b004-aa5b3365eafa,UNDRR DesInventar Nepal,1974,8,20,Central Region,Sindhupalchoke,UNKNOWN,HEAVY RAINS,0,0,3,0,0,0,0,0.0,True,,,,,,,,,,,,,,,True,True,True,True
desinventar-a81f039d-81ed-48d5-b0ae-7440d27d6d83,UNDRR DesInventar Nepal,1974,8,20,Central Region,Rautahat,UNKNOWN,OTHER,0,0,0,0,0,0,0,0.0,False,,,,,,,,,,,,,,,True,True,True,True
desinventar-9a59ebce-156b-4df6-a92e-15982542ea87,UNDRR DesInventar Nepal,1974,8,27,Western Region,Baglung,UNKNOWN,OTHER,0,0,0,2500,12,0,0,0.0,False,,,,,,,,,,,,,,,True,True,True,True
desinventar-56bfdd6b-2e00-4aa7-bf73-f47431af0ee4,UNDRR DesInventar Nepal,1974,8,4,Central Region,Chitawan,JAGATPUR,HEAVY RAINS,0,0,0,420,2,0,0,0.0,False,,,,,,,,,,,,,,,True,True,True,True
desinventar-503532d8-c48a-458f-a2ce-e7bb349a0865,UNDRR DesInventar Nepal,1975,7,1,Western Region,Syangja,PUTALIDHET NP,HEAVY RAINS,0,1,0,0,4,0,0,0.0,False,,,,,,,,,,,,,,,True,True,True,True
desinventar-1d2bb1b0-5dd6-4f1f-a863-2dfb962c6510,UNDRR DesInventar Nepal,1974,9,2,Eastern Region,Morang,UNKNOWN,HEAVY RAINS,0,0,0,5701,20,0,84,0.0,False,,,,,,,,,,,,,,,True,True,True,True
desinventar-b8277bef-01df-4838-82bb-3aea6bda543e,UNDRR DesInventar Nepal,1974,9,7,Eastern Region,Dhankuta,UNKNOWN,HEAVY RAINS,0,0,0,0,0,0,0,0.0,True,,,,,,,,,,,,,,,True,True,True,True
desinventar-2113306a-edf7-4bdd-ad82-13c8e8811412,UNDRR DesInventar Nepal,1974,9,8,Western Region,Nawalparasi,UNKNOWN,HEAVY RAINS,0,0,0,3000,0,0,0,0.0,False,,,,,,,,,,,,,,,True,True,True,True
desinventar-df950000-aa6e-4d9b-ad7d-1b071fb01227,UNDRR DesInventar Nepal,1974,8,28,Eastern Region,Jhapa,UNKNOWN,HEAVY RAINS,0,0,0,0,118,0,0,0.0,False,,,,,,,,,,,,,,,True,True,True,True
desinventar-281423ae-44a0-4feb-8b8a-b3e6e6ca0ee4,UNDRR DesInventar Nepal,1974,9,12,Western Region,Gorkha,UNKNOWN,RAIN,0,0,0,0,0,0,0,0.0,True,,,,,,,,,,,,,,,True,True,True,True
desinventar-6793bde5-400f-4116-bf08-8719e5e3fbb7,UNDRR DesInventar Nepal,1974,9,13,Central Region,Chitawan,UNKNOWN,HEAVY RAINS,0,0,0,0,0,0,0,0.0,False,,,,,,,,,,,,,,,True,True,True,True
desinventar-55bd533c-ec56-4979-8806-c86ab793fad3,UNDRR DesInventar Nepal,1974,9,13,Central Region,Kavre,UNKNOWN,HEAVY RAINS,5,0,4,0,0,0,0,0.0,False,,,,,,,,,,,,,,,True,True,True,True
desinventar-2bcba585-d963-4b03-80dc-ff9e6c5b14ae,UNDRR DesInventar Nepal,1974,9,13,Central Region,Rasuwa,Thulogaon,HEAVY RAINS,0,0,0,0,0,0,0,0.0,False,,,,,,,,,,,,,,,True,True,True,True
desinventar-26bd5868-f209-4160-96b9-e1ce504dedbc,UNDRR DesInventar Nepal,1974,9,13,Central Region,Chitawan,PIPLE,HEAVY RAINS,0,0,0,0,25,0,0,1000.0,True,,,,,,,,,,,,,,,True,True,True,True
desinventar-0577078f-d9d4-4c60-ae28-ea8798c3cc41,UNDRR DesInventar Nepal,1974,9,13,Central Region,Lalitpur,UNKNOWN,HEAVY RAINS,0,0,0,260,45,0,0,0.0,False,,,,,,,,,,,,,,,True,True,True,True
desinventar-c7015f4b-9c5e-46c9-8488-841f6bd8ad84,UNDRR DesInventar Nepal,1974,9,16,Eastern Region,Solukhumbu,Juving,HEAVY RAINS,0,0,0,0,0,0,0,0.0,True,,,,,,,,,,,,,,,True,True,True,True
desinventar-ed359fb1-e39b-4fa3-9ee6-e59f3f4bea78,UNDRR DesInventar Nepal,1974,9,18,Eastern Region,Sunsari,UNKNOWN,HEAVY RAINS,0,0,0,0,15,0,0,0.0,False,,,,,,,,,,,,,,,True,True,True,True
desinventar-73f5d069-9e9f-4262-a1e5-4d0e4897efb5,UNDRR DesInventar Nepal,1974,9,19,Central Region,Chitawan,UNKNOWN,HEAVY RAINS,11,0,0,0,0,0,0,0.0,False,,,,,,,,,,,,,,,True,True,True,True
desinventar-d82f4548-ff8e-4a3e-b3d1-ea7ff3277d4a,UNDRR DesInventar Nepal,1974,9,19,Central Region,Chitawan,KAULE,HEAVY RAINS,8,0,0,0,0,0,0,0.0,False,,,,,,,,,,,,,,,True,True,True,True
desinventar-3df8e433-d9e2-47fc-96dd-ecd2e7e7132c,UNDRR DesInventar Nepal,1974,9,10,Central Region,Chitawan,UNKNOWN,HEAVY RAINS,7,0,0,0,0,0,0,0.0,False,,,,,,,,,,,,,,,True,True,True,True
desinventar-879e81f5-9c95-4e70-a946-de3c9f933081,UNDRR DesInventar Nepal,1975,6,30,Central Region,Mahotari,Jaleswar Municipalit,HEAVY RAINS,0,0,0,0,0,0,0,0.0,False,,,,,,,,,,,,,,,True,True,True,True
desinventar-b6643da3-d86a-4a2d-99c9-7e27bd08245e,UNDRR DesInventar Nepal,1975,7,26,Far Western Region,Kanchanpur,CHANDANI,HEAVY RAINS,0,0,0,127,0,0,0,0.0,False,,,,,,,,,,,,,,,True,True,True,True
desinventar-4bbded9d-219e-4296-8428-504653c65663,UNDRR DesInventar Nepal,1974,8,31,Eastern Region,Saptari,UNKNOWN,HEAVY RAINS,0,0,0,180,10,0,0,0.0,False,,,,,,,,,,,,,,,True,True,True,True
desinventar-ebaab774-a44f-46b4-8247-69dd58742c31,UNDRR DesInventar Nepal,1975,7,28,Central Region,Dhanusa,Janakpur Municipality,HEAVY RAINS,0,0,0,0,12,0,0,0.0,False,,,,,,,,,,,,,,,True,True,True,True
desinventar-df0d6acf-87d2-4df6-8783-9dc9bee9c571,UNDRR DesInventar Nepal,1974,9,28,Central Region,Kavre,BANEPA MUNICIPALITY,HEAVY RAINS,0,0,0,0,0,0,0,0.0,False,,,,,,,,,,,,,,,True,True,True,True
desinventar-7a9a74c5-ee3a-458b-830a-4f7ca7e14c3c,UNDRR DesInventar Nepal,1975,8,1,Eastern Region,Jhapa,UNKNOWN,HEAVY RAINS,1,0,0,0,0,0,0,0.0,False,,,,,,,,,,,,,,,True,True,True,True
desinventar-9073a51e-9909-4d02-8c56-c3b28b3a29d6,UNDRR DesInventar Nepal,1975,7,5,Central Region,Kathmandu,KATHMANDU METROPOLITAN CITY,HEAVY RAINS,0,0,0,0,0,0,72,0.0,False,,,,,,,,,,,,,,,True,True,True,True
desinventar-a0cefbcf-2e20-4395-b731-a91be461e0b2,UNDRR DesInventar Nepal,1975,8,13,Western Region,Syangja,PUTALIDHET NP,HEAVY RAINS,0,0,0,5000,0,3,0,0.0,False,,,,,,,,,,,,,,,True,True,True,True
desinventar-f8e47d2f-2902-4365-b9e3-5b7406e0f237,UNDRR DesInventar Nepal,1975,8,25,Mid-Western Region,Banke,HOLIA,HEAVY RAINS,0,0,0,1230,0,0,0,0.0,False,,,,,,,,,,,,,,,True,True,True,True
desinventar-2e5371dc-4fcf-4f54-812a-cc8dcf2abd9a,UNDRR DesInventar Nepal,1975,8,25,Western Region,Gulmi,UNKNOWN,HEAVY RAINS,9,8,0,0,25,0,0,0.0,False,,,,,,,,,,,,,,,True,True,True,True
desinventar-f36b7a7e-b648-47be-822b-039aff145997,UNDRR DesInventar Nepal,1975,8,28,Western Region,Rupandehi,BUTAWAL_NP,HEAVY RAINS,0,0,0,0,10,0,0,0.0,False,,,,,,,,,,,,,,,True,True,True,True
desinventar-b164cf17-1d06-41c9-8d55-6b29499695dc,UNDRR DesInventar Nepal,1975,8,26,Mid-Western Region,Bardiya,BHIMMAPUR,HEAVY RAINS,0,0,0,234,18,0,0,0.0,False,,,,,,,,,,,,,,,True,True,True,True
desinventar-17015749-b819-4845-ab5d-2f0aec934e59,UNDRR DesInventar Nepal,1975,8,25,Western Region,Arghakanchi,CHHATRAGANJ,HEAVY RAINS,2,0,0,0,0,0,0,0.0,False,,,,,,,,,,,,,,,True,True,True,True
desinventar-f72cdf05-15da-468d-8646-31412260e8ac,UNDRR DesInventar Nepal,1974,9,30,Central Region,Kathmandu,UNKNOWN,OTHER,6,1,0,0,0,0,0,0.0,False,,,,,,,,,,,,,,,True,True,True,True
desinventar-249e1838-edb0-41da-91f1-b905876f845d,UNDRR DesInventar Nepal,1974,10,2,Far Western Region,Kanchanpur,PARASAN,HEAVY RAINS,0,0,0,1200,0,0,0,0.0,False,,,,,,,,,,,,,,,True,True,True,True
desinventar-375d7a48-01d8-4293-8029-8f7096611cae,UNDRR DesInventar Nepal,1974,10,4,Far Western Region,Kanchanpur,PARASAN,HEAVY RAINS,0,0,0,1200,0,0,0,0.0,False,,,,,,,,,,,,,,,True,True,True,True
desinventar-058cf6b4-73e3-4bca-92bb-a14a7095f2a3,UNDRR DesInventar Nepal,1974,10,4,Central Region,Dhanusa,Janakpur Municipality,HEAVY RAINS,0,0,0,0,0,0,0,0.0,True,,,,,,,,,,,,,,,True,True,True,True
desinventar-f7f61cda-7e67-4454-b436-96547c21a0af,UNDRR DesInventar Nepal,1974,10,6,Eastern Region,Okhaldhunga,UNKNOWN,HEAVY RAINS,0,0,0,6,1,86,0,0.0,False,,,,,,,,,,,,,,,True,True,True,True
desinventar-ca7d4758-c7fe-43da-ae6b-a116c0ab7712,UNDRR DesInventar Nepal,1974,10,8,Central Region,Kavre,UNKNOWN,OTHER,0,0,0,0,105,0,0,0.0,False,,,,,,,,,,,,,,,True,True,True,True
desinventar-bccf97fd-505f-405e-8b7d-23878ac04349,UNDRR DesInventar Nepal,1973,7,2,Eastern Region,Morang,Drabesha,HEAVY RAINS,3,0,0,0,0,0,0,0.0,False,,,,,,,,,,,,,,,True,True,True,True
desinventar-8db40253-3e54-4cb1-bacd-53b02697d2f0,UNDRR DesInventar Nepal,1973,7,7,Central Region,Mahotari,Bardibas,HEAVY RAINS,0,0,0,7200,40,0,0,0.0,False,,,,,,,,,,,,,,,True,True,True,True
desinventar-c324f44b-f17c-4347-bc9a-b3b4a01a909c,UNDRR DesInventar Nepal,1973,7,8,Western Region,Lamjung,BHUJUNG,HEAVY RAINS,10,0,0,0,0,0,0,0.0,False,,,,,,,,,,,,,,,True,True,True,True
desinventar-173fa9b3-aefe-4b17-9c7d-fb4327d4af90,UNDRR DesInventar Nepal,1974,10,4,Central Region,Makwanpur,UNKNOWN,HEAVY RAINS,10,0,0,0,934,540,0,0.0,True,,,,,,,,,,,,,,,True,True,True,True
desinventar-ab9658e3-cb90-4cd3-8c58-312a31f2f31b,UNDRR DesInventar Nepal,1974,10,9,Central Region,Makwanpur,HETAUDA MUNICIPALITY,OTHER,0,0,0,0,0,0,0,0.0,False,,,,,,,,,,,,,,,True,True,True,True
desinventar-17521a3a-c29a-4894-823a-30044c5b1917,UNDRR DesInventar Nepal,1973,7,25,Central Region,Kathmandu,KATHMANDU METROPOLITAN CITY,HEAVY RAINS,0,0,0,0,0,5,0,0.0,False,,,,,,,,,,,,,,,True,True,True,True
desinventar-a957e6cc-0e60-48b1-81c6-cd1e4cc5f4f0,UNDRR DesInventar Nepal,1973,8,1,Central Region,Rautahat,BISHRAMPUR,HEAVY RAINS,0,0,0,0,15,0,0,0.0,False,,,,,,,,,,,,,,,True,True,True,True
desinventar-db0caae5-5df9-4b10-88da-13bfa6211214,UNDRR DesInventar Nepal,1973,8,11,Central Region,Mahotari,Jaleswar Municipalit,HEAVY RAINS,0,0,0,0,70,25,0,0.0,False,,,,,,,,,,,,,,,True,True,True,True
desinventar-3dcfa836-91fd-442f-a905-ec337390c652,UNDRR DesInventar Nepal,1973,5,20,Eastern Region,Saptari,RAJBIRAJ MUNICIPALITY,HEAVY RAINS,0,0,0,0,0,35,0,0.0,False,,,,,,,,,,,,,,,True,True,True,True
desinventar-233cf30b-b0a8-43f5-93a1-af2690329f49,UNDRR DesInventar Nepal,1973,5,21,Mid-Western Region,Dang,UNKNOWN,HEAVY RAINS,2,0,0,0,0,0,0,0.0,False,,,,,,,,,,,,,,,True,True,True,True
desinventar-54225eae-cf78-40ed-8103-4c7ef5f24b91,UNDRR DesInventar Nepal,1973,6,24,Central Region,Sindhuli,UNKNOWN,HEAVY RAINS,0,0,0,0,0,0,0,0.0,True,,,,,,,,,,,,,,,True,True,True,True
desinventar-422342ff-c238-4bf7-a145-56cb004a374d,UNDRR DesInventar Nepal,1973,6,25,Central Region,Nuwakot,UNKNOWN,RAIN,0,0,0,0,0,0,0,0.0,False,,,,,,,,,,,,,,,True,True,True,True
desinventar-31e1a58b-46e0-40e6-97a4-ff1ebc995d5d,UNDRR DesInventar Nepal,1973,6,25,Central Region,Nuwakot,UNKNOWN,HEAVY RAINS,0,0,0,0,0,0,0,0.0,False,,,,,,,,,,,,,,,True,True,True,True
desinventar-333e3c3c-6d57-434b-be88-f29728ee4660,UNDRR DesInventar Nepal,1973,6,25,Central Region,Nuwakot,UNKNOWN,HEAVY RAINS,0,0,0,0,0,1,0,0.0,False,,,,,,,,,,,,,,,True,True,True,True
desinventar-2413e86c-15b4-409b-b4d9-7016c4eabb00,UNDRR DesInventar Nepal,1974,6,28,Eastern Region,Jhapa,CHANDRAGADHI,HEAVY RAINS,0,0,0,0,0,0,0,0.0,False,,,,,,,,,,,,,,,True,True,True,True
desinventar-d82420af-8c72-4525-93a7-55aac7d068b0,UNDRR DesInventar Nepal,1973,9,19,Central Region,Sarlahi,LAUKATH,HEAVY RAINS,0,0,0,0,100,0,0,0.0,False,,,,,,,,,,,,,,,True,True,True,True
desinventar-f405f818-1145-4b54-a888-573d0d962517,UNDRR DesInventar Nepal,1973,6,29,Central Region,Dhanusa,UNKNOWN,HEAVY RAINS,0,0,0,0,0,0,0,0.0,True,,,,,,,,,,,,,,,True,True,True,True
desinventar-927eff27-b92e-4bb1-a676-9a73196f8497,UNDRR DesInventar Nepal,1973,10,4,Western Region,Rupandehi,MOTIPUR,HEAVY RAINS,3,0,0,0,0,0,0,0.0,False,,,,,,,,,,,,,,,True,True,True,True
desinventar-f7fff558-e8cd-42fc-b089-37c7dacd1032,UNDRR DesInventar Nepal,1973,10,16,Central Region,Chitawan,UNKNOWN,HEAVY RAINS,4,0,0,0,35,0,0,0.0,False,,,,,,,,,,,,,,,True,True,True,True
desinventar-be4e4a02-2284-4876-b497-db473c613c88,UNDRR DesInventar Nepal,1973,10,16,Central Region,Chitawan,AYODHYAPUR,HEAVY RAINS,0,0,0,0,25,0,0,0.0,False,,,,,,,,,,,,,,,True,True,True,True
desinventar-8d5f9911-365c-4f2a-b68c-067943f0cf71,UNDRR DesInventar Nepal,1975,6,12,Eastern Region,Bhojpur,UNKNOWN,HEAVY RAINS,0,0,0,0,0,0,0,0.0,True,,,,,,,,,,,,,,,True,True,True,True
desinventar-a14385c1-e7d1-400d-bc36-2a2ad869fbc8,UNDRR DesInventar Nepal,1975,6,18,Eastern Region,Jhapa,CHANDRAGADHI,HEAVY RAINS,3,0,0,0,0,0,0,0.0,False,,,,,,,,,,,,,,,True,True,True,True
desinventar-192778ae-0e43-4ca6-8a3c-0bfb7b55c20e,UNDRR DesInventar Nepal,1973,11,7,Central Region,Nuwakot,BIDUR MUNICIPALITY,OTHER,1,0,0,0,0,0,0,0.0,False,,,,,,,,,,,,,,,True,True,True,True
desinventar-07bc579d-2483-40ef-a76b-a8e0e2331bb7,UNDRR DesInventar Nepal,1976,7,28,Central Region,Rautahat,MAHAMADPUR,OTHER,0,0,0,900,22,0,0,0.0,False,,,,,,,,,,,,,,,True,True,True,True
desinventar-bc29fc9b-4aed-4ef3-a5cf-27015d81571e,UNDRR DesInventar Nepal,1976,9,18,Central Region,Dhanusa,Janakpur Municipality,HEAVY RAINS,0,0,0,0,0,400,0,0.0,False,,,,,,,,,,,,,,,True,True,True,True
desinventar-2a7f7b72-75c9-4f6f-894d-eaf16ede94ff,UNDRR DesInventar Nepal,1976,8,30,Central Region,Sindhupalchoke,UNKNOWN,HEAVY RAINS,0,0,0,0,0,0,0,0.0,False,,,,,,,,,,,,,,,True,True,True,True
desinventar-4d0a1f65-f42f-46c7-ae59-44b54a997ce9,UNDRR DesInventar Nepal,1976,8,22,Western Region,Nawalparasi,UNKNOWN,UNKNOWN,0,0,0,0,0,0,0,0.0,False,,,,,,,,,,,,,,,True,True,True,True
desinventar-ca8a102c-d1a0-44d8-a967-72883f104ab5,UNDRR DesInventar Nepal,1976,9,12,Western Region,Kaski,UNKNOWN,HEAVY RAINS,0,0,0,0,0,0,0,0.0,False,,,,,,,,,,,,,,,True,True,True,True
desinventar-1a1d3f98-e483-4ce7-895f-4529e1ad1fc5,UNDRR DesInventar Nepal,1976,9,11,Eastern Region,Taplejung,LELEP,HEAVY RAINS,0,0,0,0,0,0,0,0.0,False,,,,,,,,,,,,,,,True,True,True,True
desinventar-ad810b49-bc4f-4772-8e16-3eb34bbe6526,UNDRR DesInventar Nepal,1976,9,16,Eastern Region,Saptari,UNKNOWN,HEAVY RAINS,0,0,0,0,0,0,0,0.0,False,,,,,,,,,,,,,,,True,True,True,True
desinventar-8297d96b-ea81-4d59-9ec0-3f2f1614e47a,UNDRR DesInventar Nepal,1976,9,21,Eastern Region,Saptari,RAJBIRAJ MUNICIPALITY,HEAVY RAINS,0,0,0,0,20,33,0,0.0,False,,,,,,,,,,,,,,,True,True,True,True
desinventar-0a874a57-9a70-4f8c-ad71-5bf810e468d5,UNDRR DesInventar Nepal,1977,7,15,Mid-Western Region,Dang,HALWAR,OTHER,2,0,0,0,0,0,0,0.0,False,,,,,,,,,,,,,,,True,True,True,True
desinventar-f79880e2-a5fb-4631-b6e2-352a207f7278,UNDRR DesInventar Nepal,1977,7,8,Eastern Region,Jhapa,CHANDRAGADHI,OTHER,0,0,0,0,0,0,0,0.0,False,,,,,,,,,,,,,,,True,True,True,True
desinventar-0ed9a1dd-d811-4510-8d21-8aea8f5c4e11,UNDRR DesInventar Nepal,1977,4,22,Mid-Western Region,Surkhet,SALKOF,HEAVY RAINS,0,0,0,0,0,0,0,0.0,False,,,,,,,,,,,,,,,True,True,True,True
desinventar-e0151a16-0ef4-4fde-8a3b-51d2d11a60a9,UNDRR DesInventar Nepal,1977,8,12,Mid-Western Region,Rolpa,KARETI,UNKNOWN,11,0,0,0,0,0,0,0.0,False,,,,,,,,,,,,,,,True,True,True,True
desinventar-a30225a5-2d48-4d5b-8e7f-d8976af926e9,UNDRR DesInventar Nepal,1977,8,12,Eastern Region,Udayapur,Tapeshwari,HEAVY RAINS,0,0,0,480,0,80,0,0.0,False,,,,,,,,,,,,,,,True,True,True,True
desinventar-ba407262-abab-49e4-931e-22735de19a96,UNDRR DesInventar Nepal,1977,8,19,Eastern Region,Saptari,RAJBIRAJ MUNICIPALITY,UNKNOWN,0,0,0,54,2,15,0,0.0,True,,,,,,,,,,,,,,,True,True,True,True
desinventar-06c005f4-db90-4238-bdbe-f3e96da0d863,UNDRR DesInventar Nepal,1977,8,19,Eastern Region,Saptari,BISHARIYA,HEAVY RAINS,0,0,0,0,0,0,0,0.0,False,,,,,,,,,,,,,,,True,True,True,True
desinventar-3e762efc-84c0-4ca9-847b-ead37139a820,UNDRR DesInventar Nepal,1977,8,19,Central Region,Rautahat,INARWARI,HEAVY RAINS,0,0,0,294,49,0,0,0.0,False,,,,,,,,,,,,,,,True,True,True,True
desinventar-5b848e27-e47b-410d-ba0a-74839e12fccd,UNDRR DesInventar Nepal,1977,7,19,Eastern Region,Udayapur,Sundarpur,OTHER,0,0,0,0,0,0,0,0.0,False,,,,,,,,,,,,,,,True,True,True,True
desinventar-7859abea-aee8-44f6-a3cf-54b00ec6469b,UNDRR DesInventar Nepal,1977,9,2,Eastern Region,Solukhumbu,UNKNOWN,OTHER,4,0,0,0,3,0,0,0.0,False,,,,,,,,,,,,,,,True,True,True,True
desinventar-33420b3e-3212-49e0-b72c-6f1a96d5093d,UNDRR DesInventar Nepal,1977,9,12,Mid-Western Region,Dang,DURUWA,OTHER,0,0,0,0,1,0,0,0.0,False,,,,,,,,,,,,,,,True,True,True,True
desinventar-9e3fb657-99ef-4150-9186-0416cbf461d8,UNDRR DesInventar Nepal,1977,8,12,Central Region,Sindhupalchoke,UNKNOWN,UNKNOWN,0,0,0,0,0,0,0,0.0,False,,,,,,,,,,,,,,,True,True,True,True
desinventar-b161fd8d-9127-45dd-943a-1ef8a40fd169,UNDRR DesInventar Nepal,1977,9,21,Mid-Western Region,Dang,UNKNOWN,HEAVY RAINS,0,0,0,180,0,180,0,0.0,False,,,,,,,,,,,,,,,True,True,True,True
desinventar-3440ca47-0409-4591-bb59-e03b581b15aa,UNDRR DesInventar Nepal,1976,5,27,Central Region,Nuwakot,UNKNOWN,OTHER,0,3,0,0,0,0,0,0.0,False,,,,,,,,,,,,,,,True,True,True,True
desinventar-ca1124cf-7659-4eb2-9047-9615854a1aa9,UNDRR DesInventar Nepal,1976,6,13,Western Region,Kaski,MAJHTHANA,OTHER,0,0,0,0,5,0,0,0.0,False,,,,,,,,,,,,,,,True,True,True,True
desinventar-f58ee0b5-3799-4c9f-b3ec-9f2b193ede91,UNDRR DesInventar Nepal,1976,6,13,Central Region,Sindhupalchoke,Nawalpur,OTHER,0,0,0,0,0,0,0,0.0,False,,,,,,,,,,,,,,,True,True,True,True
desinventar-112e50e6-56c8-4724-9c2b-5f4c95750ed5,UNDRR DesInventar Nepal,1978,4,27,Western Region,Palpa,GADAKOT,HEAVY RAINS,1,0,2,0,0,0,0,0.0,False,,,,,,,,,,,,,,,True,True,True,True
desinventar-c60c7885-7ba0-49bf-bba3-b98b62fbdf31,UNDRR DesInventar Nepal,1978,6,13,Western Region,Gulmi,UNKNOWN,RAIN,0,0,0,0,0,0,0,0.0,False,,,,,,,,,,,,,,,True,True,True,True
desinventar-f3a7861e-e758-4bba-bf24-49870b8e1d70,UNDRR DesInventar Nepal,1978,6,28,Western Region,Nawalparasi,UNKNOWN,HEAVY RAINS,0,0,0,140,0,0,0,0.0,False,,,,,,,,,,,,,,,True,True,True,True
desinventar-65ca6569-e6db-4660-bf3f-8b1de1cbadef,UNDRR DesInventar Nepal,1978,7,3,Western Region,Gulmi,UNKNOWN,RAIN,0,0,0,0,0,0,0,0.0,False,,,,,,,,,,,,,,,True,True,True,True
desinventar-61a79cdb-5a82-4534-930f-ce0f7c762a2a,UNDRR DesInventar Nepal,1978,7,11,Central Region,Rautahat,INERWA,HEAVY RAINS,0,0,0,406,0,0,0,0.0,False,,,,,,,,,,,,,,,True,True,True,True
desinventar-d368dda3-23b8-400c-bd74-b7fd77f0171c,UNDRR DesInventar Nepal,1978,7,16,Central Region,Rautahat,GAUR NP,HEAVY RAINS,0,0,0,4500,800,0,0,0.0,False,,,,,,,,,,,,,,,True,True,True,True
desinventar-11c8e3ef-bee7-4951-8f86-2e8069db8206,UNDRR DesInventar Nepal,1978,7,18,Western Region,Nawalparasi,UNKNOWN,HEAVY RAINS,0,0,0,0,0,0,0,0.0,False,,,,,,,,,,,,,,,True,True,True,True
desinventar-e7574db0-e14a-4b3a-8000-d30590a3e09a,UNDRR DesInventar Nepal,1978,7,17,Western Region,Parbat,UNKNOWN,HEAVY RAINS,0,0,0,0,0,0,0,0.0,False,,,,,,,,,,,,,,,True,True,True,True
desinventar-98d64959-96cd-4c87-9f32-95cf303156af,UNDRR DesInventar Nepal,1978,7,17,Western Region,Parbat,UNKNOWN,HEAVY RAINS,0,0,0,0,0,0,0,0.0,False,,,,,,,,,,,,,,,True,True,True,True
desinventar-f23b606e-5057-4219-9cda-53b965d12b32,UNDRR DesInventar Nepal,1978,7,22,Central Region,Chitawan,PADMPUR,HEAVY RAINS,2,0,0,0,0,0,0,0.0,False,,,,,,,,,,,,,,,True,True,True,True
desinventar-a9f0e300-5357-4db8-8c34-cef6ebb306b0,UNDRR DesInventar Nepal,1978,7,22,Central Region,Chitawan,UNKNOWN,HEAVY RAINS,1,0,0,0,0,0,0,0.0,False,,,,,,,,,,,,,,,True,True,True,True
desinventar-31f420f3-ad1a-40e7-a1ca-c07577856475,UNDRR DesInventar Nepal,1977,6,20,Eastern Region,Taplejung,SADEWA,UNKNOWN,0,0,0,0,0,0,0,0.0,True,,,,,,,,,,,,,,,True,True,True,True
desinventar-2b7f4033-4138-4f2d-814a-a7b172bbce0e,UNDRR DesInventar Nepal,1978,7,22,Central Region,Chitawan,UNKNOWN,HEAVY RAINS,0,0,0,0,0,0,0,0.0,False,,,,,,,,,,,,,,,True,True,True,True
desinventar-edb3b6ca-98e4-40d0-a1ec-2730f97beb52,UNDRR DesInventar Nepal,1978,7,22,Central Region,Sarlahi,HATHIAUL,HEAVY RAINS,1,0,0,0,0,0,0,0.0,False,,,,,,,,,,,,,,,True,True,True,True
desinventar-532379a5-8e71-4300-9eae-1f68c5c531a6,UNDRR DesInventar Nepal,1978,7,22,Central Region,Sarlahi,BALARA,HEAVY RAINS,1,0,0,0,0,0,0,0.0,False,,,,,,,,,,,,,,,True,True,True,True
desinventar-a2d1ed09-d7ae-4b70-9235-e3391f76b616,UNDRR DesInventar Nepal,1978,7,22,Mid-Western Region,Banke,PHATTEPUR,HEAVY RAINS,0,0,0,4060,0,0,0,0.0,False,,,,,,,,,,,,,,,True,True,True,True
desinventar-910798bb-aa20-4a7d-95dc-6e9758de860b,UNDRR DesInventar Nepal,1978,7,22,Mid-Western Region,Bardiya,UNKNOWN,HEAVY RAINS,0,0,0,0,0,0,0,0.0,False,,,,,,,,,,,,,,,True,True,True,True
desinventar-8cd86103-61ce-41cf-8049-bc74d2f22e46,UNDRR DesInventar Nepal,1978,7,23,Central Region,Chitawan,JAGATPUR,HEAVY RAINS,0,0,0,0,0,0,0,0.0,False,,,,,,,,,,,,,,,True,True,True,True
desinventar-2d683665-75cf-4957-a0d4-23c672e72f7e,UNDRR DesInventar Nepal,1980,7,1,Far Western Region,Kanchanpur,CHANDANI,UNKNOWN,0,1,0,588,0,0,0,0.0,False,,,,,,,,,,,,,,,True,True,True,True
desinventar-33ecb5c7-a66f-401b-aba1-67ec2c0d9af8,UNDRR DesInventar Nepal,1978,7,17,Mid-Western Region,Dang,UNKNOWN,RAIN,0,0,0,0,10,5,0,0.0,False,,,,,,,,,,,,,,,True,True,True,True
desinventar-e0ae3920-dec6-4e6d-b642-7c85d99028de,UNDRR DesInventar Nepal,1978,7,17,Mid-Western Region,Dang,UNKNOWN,HEAVY RAINS,0,0,0,8,1,0,0,0.0,False,,,,,,,,,,,,,,,True,True,True,True
desinventar-b4e64aa9-389b-46c9-915c-8bbd774e7f13,UNDRR DesInventar Nepal,1978,7,25,Central Region,Sarlahi,UNKNOWN,HEAVY RAINS,0,0,0,0,0,0,0,0.0,False,,,,,,,,,,,,,,,True,True,True,True
desinventar-003f5c5c-1451-4b7f-b6b4-d472d9eb4870,UNDRR DesInventar Nepal,1978,7,23,Mid-Western Region,Dang,HAPUR,HEAVY RAINS,1,0,0,0,0,0,0,0.0,False,,,,,,,,,,,,,,,True,True,True,True
desinventar-cc179ff7-790b-4073-bf3a-257d440724ec,UNDRR DesInventar Nepal,1978,7,27,Mid-Western Region,Banke,UNKNOWN,HEAVY RAINS,0,0,0,168,0,0,0,0.0,False,,,,,,,,,,,,,,,True,True,True,True
desinventar-63824bf1-e647-4450-a28f-7aebac27c8e2,UNDRR DesInventar Nepal,1978,7,29,Eastern Region,Jhapa,SURUNGA,OTHER,0,0,0,11,0,0,0,0.0,False,,,,,,,,,,,,,,,True,True,True,True
desinventar-c77196de-981c-4661-bc9d-3775a905182d,UNDRR DesInventar Nepal,1978,7,29,Eastern Region,Jhapa,BHUDHABARE,HEAVY RAINS,0,0,0,0,0,0,0,0.0,False,,,,,,,,,,,,,,,True,True,True,True
desinventar-5713e4fb-a8e0-4cd7-8978-a557cb00931d,UNDRR DesInventar Nepal,1978,7,16,Central Region,Chitawan,PADMPUR,HEAVY RAINS,2,0,0,0,0,0,0,0.0,False,,,,,,,,,,,,,,,True,True,True,True
desinventar-db67ed4c-f303-457e-9809-09c491b43f8c,UNDRR DesInventar Nepal,1978,7,16,Central Region,Chitawan,BACHHEULI,HEAVY RAINS,1,0,0,0,0,0,0,0.0,False,,,,,,,,,,,,,,,True,True,True,True
desinventar-3e72f8fe-8e46-4fe8-aacd-920fa36d1643,UNDRR DesInventar Nepal,1978,7,16,Central Region,Chitawan,MEGHAULI,HEAVY RAINS,0,0,0,0,0,0,170,0.0,False,,,,,,,,,,,,,,,True,True,True,True
desinventar-87f00e6e-eee8-41d9-be60-a30db4695267,UNDRR DesInventar Nepal,1978,7,16,Central Region,Chitawan,UNKNOWN,HEAVY RAINS,0,0,0,0,0,0,0,0.0,False,,,,,,,,,,,,,,,True,True,True,True
desinventar-d5ac52ff-ce4d-4520-a973-d14497b47834,UNDRR DesInventar Nepal,1978,7,29,Mid-Western Region,Banke,UNKNOWN,HEAVY RAINS,0,0,0,306,0,0,0,0.0,False,,,,,,,,,,,,,,,True,True,True,True
desinventar-80afb2f8-9e33-4a72-a14e-6fe4bb8de502,UNDRR DesInventar Nepal,1978,7,30,Central Region,Nuwakot,UNKNOWN,HEAVY RAINS,0,0,0,0,0,0,0,0.0,False,,,,,,,,,,,,,,,True,True,True,True
desinventar-91c7f471-f30a-453c-a7f6-00cc6390dd51,UNDRR DesInventar Nepal,1978,8,9,Western Region,Kaski,DANGSING,HEAVY RAINS,0,0,0,143,3,0,0,0.0,False,,,,,,,,,,,,,,,True,True,True,True
desinventar-c4015161-8297-4ba4-952a-6455369f4c83,UNDRR DesInventar Nepal,1978,8,7,Western Region,Kapilbastu,UNKNOWN,HEAVY RAINS,0,0,0,0,35,0,0,0.0,False,,,,,,,,,,,,,,,True,True,True,True
desinventar-9f3fa1bc-bf9d-4066-8652-e31156f7ef3b,UNDRR DesInventar Nepal,1978,8,8,Central Region,Sarlahi,HATHIAUL,HEAVY RAINS,0,0,0,0,50,0,0,0.0,False,,,,,,,,,,,,,,,True,True,True,True
desinventar-e4cf1647-a252-4d9a-8add-d1990598a836,UNDRR DesInventar Nepal,1978,8,8,Central Region,Sarlahi,UNKNOWN,HEAVY RAINS,0,0,0,0,40,0,0,0.0,False,,,,,,,,,,,,,,,True,True,True,True
desinventar-18b06455-3b04-407b-9d98-77d506275210,UNDRR DesInventar Nepal,1978,8,8,Central Region,Sarlahi,CHHATAUNA,HEAVY RAINS,0,0,0,0,35,0,0,0.0,False,,,,,,,,,,,,,,,True,True,True,True
desinventar-051afb2a-cc69-49bb-8f59-f5457eb421c7,UNDRR DesInventar Nepal,1978,8,8,Central Region,Sarlahi,LAKSMIPUR (KO),HEAVY RAINS,0,0,0,0,35,0,0,0.0,False,,,,,,,,,,,,,,,True,True,True,True
desinventar-b004c6f7-a804-48f7-a017-47ecc131b673,UNDRR DesInventar Nepal,1978,8,8,Central Region,Sarlahi,SUNDARPUR,HEAVY RAINS,0,0,0,0,12,0,0,0.0,False,,,,,,,,,,,,,,,True,True,True,True
desinventar-c8899cf2-70c3-498b-8de7-79d65d80dc00,UNDRR DesInventar Nepal,1978,8,8,Central Region,Sarlahi,JAMUNIYA,HEAVY RAINS,0,0,0,0,4,0,0,0.0,False,,,,,,,,,,,,,,,True,True,True,True
desinventar-527fef36-f1dc-496a-afe7-592519516035,UNDRR DesInventar Nepal,1978,8,23,Mid-Western Region,Dang,CHAILAHI,HEAVY RAINS,0,0,0,0,25,0,0,0.0,False,,,,,,,,,,,,,,,True,True,True,True
desinventar-278b6378-ded8-4296-be88-39b7a9950bf6,UNDRR DesInventar Nepal,1983,7,18,Central Region,Kathmandu,KATHMANDU METROPOLITAN CITY,HEAVY RAINS,0,0,0,0,1,0,0,0.0,False,,,,,,,,,,,,,,,True,True,True,True
desinventar-833d101b-590c-4e6a-a5f7-f0079712e441,UNDRR DesInventar Nepal,1982,7,28,Central Region,Parsa,Janakitola,HEAVY RAINS,0,0,0,0,20,0,0,0.0,False,,,,,,,,,,,,,,,True,True,True,True
desinventar-abb62d5a-cc73-4175-bd60-b8c4bc2a943b,UNDRR DesInventar Nepal,1982,7,28,Eastern Region,Saptari,UNKNOWN,RAIN,0,0,0,0,0,0,0,0.0,False,,,,,,,,,,,,,,,True,True,True,True
desinventar-74a2524c-87c4-4d34-a2ca-4412f8b9d819,UNDRR DesInventar Nepal,1982,7,9,Central Region,Dolakha,Lapilang,HEAVY RAINS,0,0,0,0,0,0,0,0.0,False,,,,,,,,,,,,,,,True,True,True,True
desinventar-9494d393-33cb-4b83-ae06-9c9f509d0fde,UNDRR DesInventar Nepal,1982,7,9,Central Region,Sarlahi,SISAUT,RAIN,0,0,0,0,9,0,0,0.0,False,,,,,,,,,,,,,,,True,True,True,True
desinventar-a2ba1705-aec0-434e-b45c-071a8caece40,UNDRR DesInventar Nepal,1983,7,20,Western Region,Kaski,UNKNOWN,HEAVY RAINS,0,0,0,0,0,0,0,0.0,False,,,,,,,,,,,,,,,True,True,True,True
desinventar-b3b7e266-99e9-462c-8159-090f1fa01a27,UNDRR DesInventar Nepal,1982,7,9,Central Region,Sarlahi,SUNDARPUR,RAIN,0,0,0,0,0,0,0,0.0,False,,,,,,,,,,,,,,,True,True,True,True
desinventar-6d6877ea-bda6-493e-b51f-119a4eba9158,UNDRR DesInventar Nepal,1982,7,29,Eastern Region,Sankhuwasabha,Sabhapokhari,RAIN,1,0,0,534,0,0,0,0.0,False,,,,,,,,,,,,,,,True,True,True,True
desinventar-c7009a00-9f7a-4b48-b84b-8b498af4fb48,UNDRR DesInventar Nepal,1983,7,23,Eastern Region,Jhapa,UNKNOWN,HEAVY RAINS,0,0,0,0,0,0,0,0.0,False,,,,,,,,,,,,,,,True,True,True,True
desinventar-51d34860-977a-486b-a3d3-c88f791e0b37,UNDRR DesInventar Nepal,1983,7,24,Western Region,Syangja,UNKNOWN,HEAVY RAINS,0,0,0,0,0,0,0,0.0,False,,,,,,,,,,,,,,,True,True,True,True
desinventar-8b011599-3ea5-4674-a22c-9b9f88f65d1c,UNDRR DesInventar Nepal,1983,7,27,Eastern Region,Jhapa,SATASIDHAM,UNKNOWN,0,0,0,0,9,0,0,0.0,False,,,,,,,,,,,,,,,True,True,True,True
desinventar-46c9d507-1a0a-4965-b6bd-e2dc47f73e45,UNDRR DesInventar Nepal,1982,8,7,Eastern Region,Saptari,UNKNOWN,RAIN,0,0,0,0,1,0,0,0.0,False,,,,,,,,,,,,,,,True,True,True,True
desinventar-6baffcf7-34ba-41b2-8581-a29d3b1afec3,UNDRR DesInventar Nepal,1983,7,27,Eastern Region,Jhapa,GHAILADUWA,HEAVY RAINS,0,0,0,0,0,21,67,0.0,False,,,,,,,,,,,,,,,True,True,True,True
desinventar-dfeb2a2e-876f-4614-9619-46f380f53cd7,UNDRR DesInventar Nepal,1983,7,27,Eastern Region,Jhapa,DANGIBARI,HEAVY RAINS,0,0,0,0,0,5,0,0.0,False,,,,,,,,,,,,,,,True,True,True,True
desinventar-086fa075-b9fb-4bf8-80a5-72721446c50e,UNDRR DesInventar Nepal,1983,7,27,Eastern Region,Morang,Urlabari,UNKNOWN,0,0,0,95,0,0,0,0.0,False,,,,,,,,,,,,,,,True,True,True,True
desinventar-6c802194-bcc4-4423-aaf8-1759bafc1747,UNDRR DesInventar Nepal,1982,8,15,Western Region,Kaski,DHITAL,HEAVY RAINS,1,0,0,30,0,0,0,0.0,False,,,,,,,,,,,,,,,True,True,True,True
desinventar-5ccb8272-df4b-4463-8205-238ea7694e3a,UNDRR DesInventar Nepal,1983,8,1,Central Region,Kathmandu,KATHMANDU METROPOLITAN CITY,HEAVY RAINS,0,0,0,0,0,0,0,0.0,True,,,,,,,,,,,,,,,True,True,True,True
desinventar-048af712-66d7-4c51-bf43-144340e80626,UNDRR DesInventar Nepal,1982,8,15,Western Region,Kaski,LUMLE,HEAVY RAINS,0,0,0,0,0,0,0,0.0,False,,,,,,,,,,,,,,,True,True,True,True
desinventar-8e3d2900-6719-4f0d-933f-18b7aa68c97b,UNDRR DesInventar Nepal,1983,8,2,Central Region,Kathmandu,UNKNOWN,HEAVY RAINS,0,0,0,0,0,0,0,0.0,False,,,,,,,,,,,,,,,True,True,True,True
desinventar-66b6c085-07d2-4bc5-83ef-9478bd7ee9e3,UNDRR DesInventar Nepal,1982,8,17,Western Region,Rupandehi,BUTAWAL_NP,RAIN,0,0,0,0,1,0,0,0.0,False,,,,,,,,,,,,,,,True,True,True,True
desinventar-b21fe242-e969-4d1a-acb8-af9c0a8fa4ab,UNDRR DesInventar Nepal,1983,7,31,Western Region,Baglung,BHIMPOKHARA,UNKNOWN,25,0,0,0,0,0,0,0.0,False,,,,,,,,,,,,,,,True,True,True,True
desinventar-91b99861-bedc-4ff6-95e6-063c3fb85b06,UNDRR DesInventar Nepal,1982,8,17,Western Region,Rupandehi,SALJHANDI,RAIN,0,0,0,0,0,0,0,0.0,False,,,,,,,,,,,,,,,True,True,True,True
desinventar-d284d0e0-2c0e-4e0c-bd48-3a844736c911,UNDRR DesInventar Nepal,1983,8,2,Central Region,Kathmandu,KATHMANDU METROPOLITAN CITY,HEAVY RAINS,2,0,1,0,0,0,0,0.0,False,,,,,,,,,,,,,,,True,True,True,True
desinventar-ad278522-4e2a-4dcf-9609-9dde22f6cd37,UNDRR DesInventar Nepal,1982,8,17,Western Region,Nawalparasi,PRASAUNI,RAIN,0,0,0,0,0,0,0,0.0,False,,,,,,,,,,,,,,,True,True,True,True
desinventar-8f04c18c-f29a-427e-b43a-4b9392b14e1d,UNDRR DesInventar Nepal,1983,7,31,Western Region,Baglung,MALIKA,HEAVY RAINS,0,0,0,0,5,0,0,0.0,True,,,,,,,,,,,,,,,True,True,True,True
desinventar-80112fc4-2561-4a85-9dae-eb33896b1454,UNDRR DesInventar Nepal,1983,7,31,Western Region,Myagdi,UNKNOWN,HEAVY RAINS,0,0,0,0,0,0,0,0.0,False,,,,,,,,,,,,,,,True,True,True,True
desinventar-15682ae9-39dc-4515-b39b-9fe86f746abb,UNDRR DesInventar Nepal,1982,8,17,Central Region,Ramechhap,Khimti,HEAVY RAINS,1,2,0,0,0,21,0,0.0,False,,,,,,,,,,,,,,,True,True,True,True
desinventar-7b528cf0-d10c-471d-b653-6ad1f2759315,UNDRR DesInventar Nepal,1983,8,7,Western Region,Baglung,PANDAVKHANI,HEAVY RAINS,10,0,0,0,10,0,0,0.0,True,,,,,,,,,,,,,,,True,True,True,True
desinventar-6d38f850-3fb2-4f67-b08d-ba131b935eb2,UNDRR DesInventar Nepal,1983,7,4,Eastern Region,Udayapur,Sundarpur,HEAVY RAINS,0,0,0,0,0,0,0,0.0,False,,,,,,,,,,,,,,,True,True,True,True
desinventar-248e6bbd-1e0f-4541-aaba-79f9c8d0e6e8,UNDRR DesInventar Nepal,1982,9,5,Central Region,Sindhupalchoke,Chautara,HEAVY RAINS,0,0,0,0,0,0,0,0.0,False,,,,,,,,,,,,,,,True,True,True,True
desinventar-d057452e-b799-44e2-94ea-f03712fe3852,UNDRR DesInventar Nepal,1983,7,19,Eastern Region,Udayapur,Sundarpur,HEAVY RAINS,0,0,0,0,7,0,0,0.0,False,,,,,,,,,,,,,,,True,True,True,True
desinventar-52a313cd-77ab-4985-9954-cd024ab35cbc,UNDRR DesInventar Nepal,1982,9,16,Mid-Western Region,Banke,UNKNOWN,RAIN,0,0,0,0,0,0,0,0.0,False,,,,,,,,,,,,,,,True,True,True,True
desinventar-1c7923ff-d116-457c-b284-628dab1a2c9a,UNDRR DesInventar Nepal,1982,9,16,Eastern Region,Udayapur,Rupatar,RAIN,0,0,0,0,15,0,0,0.0,False,,,,,,,,,,,,,,,True,True,True,True
desinventar-7f8d672a-0743-4abc-9f7e-8ec184ab8cc5,UNDRR DesInventar Nepal,1983,8,15,Far Western Region,Doti,UNKNOWN,HEAVY RAINS,2,0,0,0,0,0,0,0.0,False,,,,,,,,,,,,,,,True,True,True,True
desinventar-e0230ad5-3847-43bb-9fc4-465b7b2ba686,UNDRR DesInventar Nepal,1983,8,20,Eastern Region,Sunsari,Parkashpur,HEAVY RAINS,0,0,0,157,3,0,0,0.0,False,,,,,,,,,,,,,,,True,True,True,True
desinventar-34921b6f-1d10-4a36-9f1d-add489849ec8,UNDRR DesInventar Nepal,1982,9,22,Mid-Western Region,Banke,BANKATAWA,HEAVY RAINS,0,0,0,0,0,0,0,0.0,False,,,,,,,,,,,,,,,True,True,True,True
desinventar-5246f02c-f4ac-43d2-9147-ed38213176b7,UNDRR DesInventar Nepal,1983,8,25,Far Western Region,Darchula,Guljar,HEAVY RAINS,0,0,0,500,8,55,0,0.0,False,,,,,,,,,,,,,,,True,True,True,True
desinventar-a39cc5e3-9cf5-4ab8-97df-60d5a39bb85b,UNDRR DesInventar Nepal,1983,8,28,Eastern Region,Siraha,UNKNOWN,HEAVY RAINS,0,0,0,0,0,1000,0,560.0,True,,,,,,,,,,,,,,,True,True,True,True
desinventar-88df6919-49f5-4d01-a462-6f60c37e2de6,UNDRR DesInventar Nepal,1983,5,9,Central Region,Nuwakot,OKHARPAUWA,HEAVY RAINS,2,1,0,0,0,0,0,0.0,False,,,,,,,,,,,,,,,True,True,True,True
desinventar-5946658c-c08c-4fd0-b595-d5d1a2b978ee,UNDRR DesInventar Nepal,1983,5,15,Central Region,Bhaktapur,BALKOT,HEAVY RAINS,1,0,0,0,0,0,0,0.0,False,,,,,,,,,,,,,,,True,True,True,True
desinventar-4c8af2ac-d77b-45ec-8623-ea4c02c3cd55,UNDRR DesInventar Nepal,1983,6,17,Eastern Region,Khotang,Sungdel,HEAVY RAINS,0,0,0,0,0,1,0,0.0,False,,,,,,,,,,,,,,,True,True,True,True
desinventar-7c44251a-3d59-4d5a-8225-125690ac5cf5,UNDRR DesInventar Nepal,1983,6,22,Mid-Western Region,Jumla,TALIUM,HEAVY RAINS,0,0,0,0,0,0,0,0.0,False,,,,,,,,,,,,,,,True,True,True,True
desinventar-e876869e-0f21-43af-a924-f3cb22773377,UNDRR DesInventar Nepal,1983,10,18,Far Western Region,Kanchanpur,CHANDANI,HEAVY RAINS,0,0,0,0,20,0,0,0.0,False,,,,,,,,,,,,,,,True,True,True,True
desinventar-e81c5549-0a2b-4fc6-8877-a67ba5015315,UNDRR DesInventar Nepal,1984,7,14,Eastern Region,Jhapa,LAKHANPUR,HEAVY RAINS,0,0,0,0,0,1,0,0.0,False,,,,,,,,,,,,,,,True,True,True,True
desinventar-d704dd8d-b8b6-492d-8476-b069d150ff0e,UNDRR DesInventar Nepal,1983,9,13,Eastern Region,Sunsari,Barahachhatra,HEAVY RAINS,0,0,0,0,0,0,0,0.0,False,,,,,,,,,,,,,,,True,True,True,True
desinventar-9b8b5176-849d-4cab-9d83-cdc6a54e3879,UNDRR DesInventar Nepal,1984,7,15,Eastern Region,Saptari,RAJBIRAJ MUNICIPALITY,HEAVY RAINS,0,0,0,0,0,0,0,3000.0,True,,,,,,,,,,,,,,,True,True,True,True
desinventar-38f56626-99c1-4dfe-98e0-88faf3547ec8,UNDRR DesInventar Nepal,1983,9,4,Eastern Region,Sankhuwasabha,Kharang,UNKNOWN,0,1,0,0,0,0,0,0.0,False,,,,,,,,,,,,,,,True,True,True,True
desinventar-3885c2b7-6f50-4583-bcd8-150cfe1d2e92,UNDRR DesInventar Nepal,1984,7,23,Mid-Western Region,Banke,NEPALGANJ N.P.,HEAVY RAINS,0,0,0,0,0,0,0,0.0,False,,,,,,,,,,,,,,,True,True,True,True
desinventar-9a341635-25b5-4237-88ea-1736b426f03f,UNDRR DesInventar Nepal,1984,7,20,Central Region,Sindhupalchoke,UNKNOWN,HEAVY RAINS,0,0,0,0,8,0,0,0.0,False,,,,,,,,,,,,,,,True,True,True,True
desinventar-d67007ad-94d1-463f-a3a2-e6f928d0cf00,UNDRR DesInventar Nepal,1984,7,20,Eastern Region,Terhathum,Jirikhimti,HEAVY RAINS,0,0,2,0,0,5,0,0.0,False,,,,,,,,,,,,,,,True,True,True,True
desinventar-55b5af50-ba54-48d8-8e53-ca4dd29aaa80,UNDRR DesInventar Nepal,1984,7,20,Mid-Western Region,Dang,PANCHAKULE,HEAVY RAINS,0,0,0,0,8,0,0,0.0,False,,,,,,,,,,,,,,,True,True,True,True
desinventar-71032743-c321-492a-8056-2f92c72c5289,UNDRR DesInventar Nepal,1984,7,20,Far Western Region,Achham,BUDHAKOT,HEAVY RAINS,0,0,0,722,0,0,0,0.0,False,,,,,,,,,,,,,,,True,True,True,True
desinventar-8544aa9e-e1e8-4ef3-b9f4-9e030e01da40,UNDRR DesInventar Nepal,1984,7,21,Far Western Region,Achham,DHAMALI,HEAVY RAINS,0,0,0,20,1,0,0,0.0,False,,,,,,,,,,,,,,,True,True,True,True
desinventar-38df3c45-0fd4-40fa-ba9e-877beb890191,UNDRR DesInventar Nepal,1984,7,26,Mid-Western Region,Banke,UNKNOWN,HEAVY RAINS,0,0,0,0,0,0,0,0.0,True,,,,,,,,,,,,,,,True,True,True,True
desinventar-4b85bcbc-2372-4ad7-a590-b56b065b21ef,UNDRR DesInventar Nepal,1984,7,22,Eastern Region,Ilam,SIDDHITHUMKA,HEAVY RAINS,1,3,0,0,0,0,0,0.0,False,,,,,,,,,,,,,,,True,True,True,True
desinventar-9fa3b3f6-98cd-4c39-b67c-564014a786cf,UNDRR DesInventar Nepal,1984,7,27,Eastern Region,Udayapur,UNKNOWN,HEAVY RAINS,0,0,0,0,0,0,0,0.0,True,,,,,,,,,,,,,,,True,True,True,True
desinventar-5e221e42-fae6-4243-bd7a-a5b1f1917e71,UNDRR DesInventar Nepal,1984,7,25,Central Region,Mahotari,UNKNOWN,HEAVY RAINS,0,0,0,0,175,0,0,0.0,False,,,,,,,,,,,,,,,True,True,True,True
desinventar-e2863f48-bcab-415f-8a47-8c9fae2a7ee7,UNDRR DesInventar Nepal,1984,7,23,Central Region,Dhanusa,Janakpur Municipality,HEAVY RAINS,0,0,0,0,0,0,0,0.0,False,,,,,,,,,,,,,,,True,True,True,True
desinventar-51c97df6-a64b-4f49-b97b-d64fe42e355a,UNDRR DesInventar Nepal,1984,7,25,Central Region,Dhanusa,Lagamayadha Guthi,HEAVY RAINS,0,0,0,0,0,0,0,0.0,True,,,,,,,,,,,,,,,True,True,True,True
desinventar-c908458a-6f0b-4c5b-bced-8bf550348073,UNDRR DesInventar Nepal,1984,7,23,Western Region,Gulmi,UNKNOWN,HEAVY RAINS,7,0,0,0,0,0,0,0.0,False,,,,,,,,,,,,,,,True,True,True,True
desinventar-5f25e50b-dbf6-4377-b535-3bcb6cf1d3e8,UNDRR DesInventar Nepal,1984,7,17,Mid-Western Region,Rukum,GOTAME_KOT,HEAVY RAINS,2,0,0,0,50,0,0,0.0,False,,,,,,,,,,,,,,,True,True,True,True
desinventar-68b18aba-858b-40be-a62d-f427b7bbc86d,UNDRR DesInventar Nepal,1984,7,23,Mid-Western Region,Banke,BAGESHWORI,HEAVY RAINS,0,0,0,0,0,0,0,0.0,False,,,,,,,,,,,,,,,True,True,True,True
desinventar-78f58787-9209-4b04-9609-c428878fcb68,UNDRR DesInventar Nepal,1984,7,23,Mid-Western Region,Banke,NEPALGANJ N.P.,HEAVY RAINS,0,0,0,0,0,0,0,0.0,False,,,,,,,,,,,,,,,True,True,True,True
desinventar-d41efbb0-68e0-4014-bb43-de1f3c78faba,UNDRR DesInventar Nepal,1984,7,30,Mid-Western Region,Bardiya,PASHUPATI MAGAR,HEAVY RAINS,0,0,0,0,0,0,0,0.0,False,,,,,,,,,,,,,,,True,True,True,True
desinventar-faa84da3-64e6-438b-ac3e-7ebbe4c372b4,UNDRR DesInventar Nepal,1984,7,27,Far Western Region,Kailali,DHANGADHI MUNICIPALITY,HEAVY RAINS,0,0,0,900,0,0,0,10.0,True,,,,,,,,,,,,,,,True,True,True,True
desinventar-02e298a3-3916-4e45-92ab-c905caf0f8c7,UNDRR DesInventar Nepal,1984,7,25,Mid-Western Region,Rukum,RUNGHA,HEAVY RAINS,0,0,0,134,0,0,0,0.0,False,,,,,,,,,,,,,,,True,True,True,True
desinventar-4d12768c-3d6e-48fb-9a6a-2f0e18a6c71d,UNDRR DesInventar Nepal,1984,7,25,Mid-Western Region,Rukum,KHARA,HEAVY RAINS,4,0,0,0,0,0,0,0.0,False,,,,,,,,,,,,,,,True,True,True,True
desinventar-564316e0-8080-4c25-a499-fb1adbf67602,UNDRR DesInventar Nepal,1983,9,16,Central Region,Dolakha,UNKNOWN,HEAVY RAINS,5,0,0,0,0,10,0,0.0,False,,,,,,,,,,,,,,,True,True,True,True
desinventar-27f57d79-4637-45ef-a637-1101a128929d,UNDRR DesInventar Nepal,1984,7,25,Mid-Western Region,Rukum,RANSI,HEAVY RAINS,4,0,0,0,1,0,0,0.0,False,,,,,,,,,,,,,,,True,True,True,True
desinventar-a3ae832e-3423-419e-b6c8-064b2ac3e6da,UNDRR DesInventar Nepal,1983,9,20,Mid-Western Region,Banke,NARAINAPUR,UNKNOWN,0,0,0,0,0,0,0,0.0,False,,,,,,,,,,,,,,,True,True,True,True
desinventar-8373aa0d-c4a3-4548-9cf3-674a0d7c3a13,UNDRR DesInventar Nepal,1984,8,1,Eastern Region,Morang,Belbari,HEAVY RAINS,0,0,0,84,0,0,0,0.0,False,,,,,,,,,,,,,,,True,True,True,True
desinventar-5609918f-ef9c-425c-8440-a949c53a09cf,UNDRR DesInventar Nepal,1984,8,1,Eastern Region,Morang,Dangighat,HEAVY RAINS,0,0,0,90,0,0,0,0.0,False,,,,,,,,,,,,,,,True,True,True,True
desinventar-b0b82aaa-5c88-403a-9c66-cdc9362b647d,UNDRR DesInventar Nepal,1984,8,1,Eastern Region,Jhapa,DAMAK MUN.,HEAVY RAINS,0,0,0,0,0,0,0,0.0,False,,,,,,,,,,,,,,,True,True,True,True
desinventar-e164ae45-8b54-40e7-b8e8-3a4fc2daaa12,UNDRR DesInventar Nepal,1984,8,1,Eastern Region,Jhapa,LAKHANPUR,HEAVY RAINS,0,0,0,73,0,0,0,0.0,True,,,,,,,,,,,,,,,True,True,True,True
desinventar-f9148b94-def0-4581-aca9-62778f78a1c4,UNDRR DesInventar Nepal,1984,8,1,Eastern Region,Siraha,Bastipur,HEAVY RAINS,0,0,0,0,0,0,0,0.0,False,,,,,,,,,,,,,,,True,True,True,True
desinventar-d116cb55-b5c7-4b51-8b51-65ed7820cff6,UNDRR DesInventar Nepal,1989,8,3,Mid-Western Region,Pyuthan,AKHRA,HEAVY RAINS,0,0,0,0,16,0,0,0.0,False,,,,,,,,,,,,,,,True,True,True,True
desinventar-7a31a15b-fb56-4022-81d0-a14dc16f7fbe,UNDRR DesInventar Nepal,1984,8,4,Mid-Western Region,Banke,BAGESHWORI,HEAVY RAINS,0,0,0,0,0,0,0,0.0,False,,,,,,,,,,,,,,,True,True,True,True
desinventar-668a5551-af1c-40e3-b392-c9e4b2a2846f,UNDRR DesInventar Nepal,1984,8,4,Mid-Western Region,Banke,UNKNOWN,HEAVY RAINS,0,0,0,0,35,0,0,0.0,False,,,,,,,,,,,,,,,True,True,True,True
desinventar-bb83e736-a256-434d-bb12-9a18ecb50cbc,UNDRR DesInventar Nepal,1984,8,4,Mid-Western Region,Bardiya,GOLA,HEAVY RAINS,0,0,0,39,0,0,0,0.0,False,,,,,,,,,,,,,,,True,True,True,True
desinventar-1a838a2a-a09d-4d23-91cc-480b6b278a2b,UNDRR DesInventar Nepal,1984,8,8,Eastern Region,Saptari,UNKNOWN,HEAVY RAINS,0,0,0,0,0,0,0,0.0,False,,,,,,,,,,,,,,,True,True,True,True
desinventar-4d54bdf3-c11e-4eb7-b30a-05e0557b1367,UNDRR DesInventar Nepal,1984,8,8,Eastern Region,Udayapur,Beltar,HEAVY RAINS,0,0,0,0,0,0,0,0.0,False,,,,,,,,,,,,,,,True,True,True,True
desinventar-63c24386-dbef-40ab-9721-e6fdb24c61cd,UNDRR DesInventar Nepal,1984,8,29,Western Region,Syangja,PUTALIDHET NP,HEAVY RAINS,0,0,0,0,0,0,0,13000.0,True,,,,,,,,,,,,,,,True,True,True,True
desinventar-e8a33fad-56c8-4f11-8343-464ca1d6f87c,UNDRR DesInventar Nepal,1984,8,27,Far Western Region,Kailali,MALAKHET,HEAVY RAINS,0,0,0,0,5,0,0,0.0,False,,,,,,,,,,,,,,,True,True,True,True
desinventar-d7d8f0d1-dda6-4784-8676-921c371703cf,UNDRR DesInventar Nepal,1984,8,11,Far Western Region,Kailali,MALAKHET,HEAVY RAINS,0,0,0,0,0,0,0,0.0,True,,,,,,,,,,,,,,,True,True,True,True
desinventar-34d7a869-7540-4f5e-9427-6aeb09f1988d,UNDRR DesInventar Nepal,1984,7,27,Far Western Region,Kailali,DHANGADHI MUNICIPALITY,HEAVY RAINS,1,0,0,0,36,0,0,0.0,True,,,,,,,,,,,,,,,True,True,True,True
desinventar-a7d6aee4-bb0c-4a95-80c7-7a64c6516177,UNDRR DesInventar Nepal,1984,8,7,Western Region,Syangja,ARUKHARKA,HEAVY RAINS,0,0,0,0,2,0,0,0.0,False,,,,,,,,,,,,,,,True,True,True,True
desinventar-73896df7-0203-4c42-9644-6eee20ddda14,UNDRR DesInventar Nepal,1986,7,26,Central Region,Dolakha,Suri,HEAVY RAINS,0,0,0,0,0,0,0,0.0,True,,,,,,,,,,,,,,,True,True,True,True
desinventar-81d49972-7c30-4327-8109-ed05d9021831,UNDRR DesInventar Nepal,1984,8,22,Central Region,Sindhupalchoke,Maneswara,HEAVY RAINS,0,0,0,0,0,0,0,0.0,True,,,,,,,,,,,,,,,True,True,True,True
desinventar-932a2228-5ce4-443c-9a59-a26f9edd2aaf,UNDRR DesInventar Nepal,1986,8,22,Central Region,Chitawan,UNKNOWN,HEAVY RAINS,1,0,0,0,0,0,0,0.0,False,,,,,,,,,,,,,,,True,True,True,True
desinventar-73973f09-70be-47c9-b501-265bc585bb05,UNDRR DesInventar Nepal,1986,8,24,Central Region,Chitawan,KATHAR,OTHER,0,0,0,0,0,0,0,0.0,False,,,,,,,,,,,,,,,True,True,True,True
desinventar-1defce44-d56d-4fa4-bf03-eb600a604d59,UNDRR DesInventar Nepal,1986,8,24,Central Region,Chitawan,GARDI,HEAVY RAINS,0,0,0,0,0,0,0,0.0,False,,,,,,,,,,,,,,,True,True,True,True
desinventar-0b20b570-8787-475e-ae36-203e32332829,UNDRR DesInventar Nepal,1986,8,24,Central Region,Chitawan,MEGHAULI,HEAVY RAINS,0,0,0,0,0,0,0,0.0,False,,,,,,,,,,,,,,,True,True,True,True
desinventar-073fd3f9-adaf-43e9-bbfc-5db01aa1fff7,UNDRR DesInventar Nepal,1986,9,7,Central Region,Sarlahi,DHUNGREKHOLA,HEAVY RAINS,0,0,0,0,5,0,0,0.0,False,,,,,,,,,,,,,,,True,True,True,True
desinventar-e4edd12f-935e-41d2-bb31-2b3a7d6c5662,UNDRR DesInventar Nepal,1986,9,16,Eastern Region,Jhapa,DAMAK MUN.,HEAVY RAINS,0,0,0,0,1,0,0,0.0,False,,,,,,,,,,,,,,,True,True,True,True
desinventar-e0e292b5-41cc-4970-89f7-9483beaa55f9,UNDRR DesInventar Nepal,1986,9,16,Eastern Region,Sunsari,Mahendranagar,HEAVY RAINS,0,0,0,0,0,0,0,0.0,False,,,,,,,,,,,,,,,True,True,True,True
desinventar-a4efcc97-8783-4b56-8d40-d7d0d3f19f69,UNDRR DesInventar Nepal,1986,9,13,Central Region,Parsa,Laharthakari,HEAVY RAINS,5,0,0,0,0,0,0,0.0,True,,,,,,,,,,,,,,,True,True,True,True
desinventar-f4a01943-3300-4c7e-b5ed-86ac8df159ef,UNDRR DesInventar Nepal,1986,10,10,Eastern Region,Jhapa,SURUNGA,HEAVY RAINS,2,0,0,0,0,0,0,0.0,False,,,,,,,,,,,,,,,True,True,True,True
desinventar-f42bcfd2-44e4-4152-bcee-8c1d333beadd,UNDRR DesInventar Nepal,1984,9,9,Central Region,Chitawan,MANGALUR,HEAVY RAINS,0,0,0,0,0,0,0,0.0,True,,,,,,,,,,,,,,,True,True,True,True
desinventar-978f24ae-6a16-46f4-b067-af6ef8e69eb0,UNDRR DesInventar Nepal,1984,9,17,Central Region,Rautahat,GAUR NP,HEAVY RAINS,0,0,0,0,0,0,0,0.0,True,,,,,,,,,,,,,,,True,True,True,True
desinventar-6d900c16-d092-4e59-9795-f564a95d441d,UNDRR DesInventar Nepal,1984,9,18,Central Region,Dhanusa,Tulsi,HEAVY RAINS,1,0,1,0,1,0,0,0.0,False,,,,,,,,,,,,,,,True,True,True,True
desinventar-d77de2aa-ebd6-4fdd-baf4-7004c124d0eb,UNDRR DesInventar Nepal,1984,9,18,Central Region,Dhanusa,Tulsi,HEAVY RAINS,0,0,0,0,0,0,0,30.0,True,,,,,,,,,,,,,,,True,True,True,True
desinventar-4c08a6ac-f4ed-4109-a1c6-1863a4a118bc,UNDRR DesInventar Nepal,1984,9,17,Central Region,Dhanusa,Tulsi,HEAVY RAINS,1,0,0,0,0,0,0,0.0,False,,,,,,,,,,,,,,,True,True,True,True
desinventar-663f3c49-3bf3-4702-bdf0-9391e88f5c0a,UNDRR DesInventar Nepal,1984,9,20,Central Region,Sindhuli,Bhuwaneswari,HEAVY RAINS,0,21,0,0,0,0,0,0.0,False,,,,,,,,,,,,,,,True,True,True,True
desinventar-caae8913-da4c-4941-9913-43751f426991,UNDRR DesInventar Nepal,1984,9,20,Central Region,Sindhuli,Hariharpur Gadhi,HEAVY RAINS,0,0,0,0,50,0,0,0.0,False,,,,,,,,,,,,,,,True,True,True,True
desinventar-e4f2d528-df09-419f-8cba-af60e1c032b8,UNDRR DesInventar Nepal,1984,9,22,Central Region,Nuwakot,KUMARI,HEAVY RAINS,0,0,0,0,0,0,0,0.0,False,,,,,,,,,,,,,,,True,True,True,True
desinventar-be342875-620a-451f-ac89-3ec0c3a32a93,UNDRR DesInventar Nepal,1984,9,24,Central Region,Sindhupalchoke,Karthali,HEAVY RAINS,0,0,0,40,1,0,0,0.0,True,,,,,,,,,,,,,,,True,True,True,True
desinventar-8f32f382-629c-4e09-a321-b7de5c6cfee8,UNDRR DesInventar Nepal,1984,9,19,Eastern Region,Khotang,Dikuwa,HEAVY RAINS,0,0,0,0,0,0,0,0.0,True,,,,,,,,,,,,,,,True,True,True,True
desinventar-c31aba2e-a4a7-492d-8ce8-5e56a55ebaee,UNDRR DesInventar Nepal,1984,9,25,Central Region,Sindhuli,Bhadrakali,HEAVY RAINS,22,0,0,0,0,0,0,0.0,False,,,,,,,,,,,,,,,True,True,True,True
desinventar-dc90d9a0-3f29-4ab7-8d7c-c42fef877a67,UNDRR DesInventar Nepal,1984,9,25,Central Region,Sindhuli,Dandi Gurase,HEAVY RAINS,4,0,0,0,0,0,0,0.0,False,,,,,,,,,,,,,,,True,True,True,True
desinventar-856f6f2b-8451-4e62-a05f-dfffba8058d1,UNDRR DesInventar Nepal,1984,9,25,Central Region,Sindhuli,Jalkanya,HEAVY RAINS,9,0,0,0,0,0,0,0.0,False,,,,,,,,,,,,,,,True,True,True,True
desinventar-ee5112c4-3708-41bb-a606-d484e86b9a2a,UNDRR DesInventar Nepal,1984,9,25,Central Region,Sindhuli,Bhimeshwar Khurkot,HEAVY RAINS,8,0,0,0,0,0,0,0.0,False,,,,,,,,,,,,,,,True,True,True,True
desinventar-aa9cddea-4ed3-413f-953e-86e6761dda31,UNDRR DesInventar Nepal,1984,9,25,Central Region,Sindhuli,Jhangajholi Ratomato,HEAVY RAINS,18,0,0,0,0,0,0,0.0,False,,,,,,,,,,,,,,,True,True,True,True
desinventar-82a722bf-ae38-438f-ab7b-779cbb44b23f,UNDRR DesInventar Nepal,1984,9,25,Central Region,Sindhuli,Harshahi,HEAVY RAINS,14,0,0,0,0,0,0,0.0,False,,,,,,,,,,,,,,,True,True,True,True
desinventar-1844e65b-48e9-4b91-a8dd-d78f29a38ac2,UNDRR DesInventar Nepal,1980,7,19,Central Region,Sindhupalchoke,Selan,RAIN,0,0,0,220,0,0,0,0.0,False,,,,,,,,,,,,,,,True,True,True,True
desinventar-7f144024-3ded-40a8-8cec-b9e8ac02376c,UNDRR DesInventar Nepal,1980,7,25,Central Region,Kathmandu,KATHMANDU METROPOLITAN CITY,UNKNOWN,0,0,0,0,2,1,0,0.0,False,,,,,,,,,,,,,,,True,True,True,True
desinventar-811c33d8-6537-48b2-89b6-ea87d03be915,UNDRR DesInventar Nepal,1981,5,28,Central Region,Kavre,UNKNOWN,OTHER,4,0,1,0,0,0,0,0.0,False,,,,,,,,,,,,,,,True,True,True,True
desinventar-4b07fbfb-7822-4e45-a46b-952887953cbf,UNDRR DesInventar Nepal,1980,8,9,Central Region,Rautahat,BASATPUR,TECHNICAL FAILU,0,0,0,165,30,0,0,0.0,False,,,,,,,,,,,,,,,True,True,True,True
desinventar-920b7330-8c0f-4851-bbb2-fb9d40a79cbe,UNDRR DesInventar Nepal,1980,8,9,Central Region,Rautahat,UNKNOWN,UNKNOWN,0,0,0,110,20,0,0,0.0,False,,,,,,,,,,,,,,,True,True,True,True
desinventar-92b7d5e2-5cf8-4be1-969d-4d2f6a634401,UNDRR DesInventar Nepal,1980,8,14,Far Western Region,Kanchanpur,RAUTELI BICHAWA,UNKNOWN,0,0,0,682,22,121,0,0.0,False,,,,,,,,,,,,,,,True,True,True,True
desinventar-edd04fd4-dbef-433a-8d13-1fa4102af83d,UNDRR DesInventar Nepal,1980,8,13,Eastern Region,Sunsari,Mahendranagar,UNKNOWN,0,0,0,0,50,0,0,0.0,False,,,,,,,,,,,,,,,True,True,True,True
desinventar-a9d84cd2-276c-4b2a-a925-f9c7306f1fc3,UNDRR DesInventar Nepal,1981,6,29,Eastern Region,Morang,Biratnagar Municipality,OTHER,0,0,0,0,0,30,0,0.0,True,,,,,,,,,,,,,,,True,True,True,True
desinventar-5da7fc1f-dbf7-407a-b0e0-1d069176c5df,UNDRR DesInventar Nepal,1980,8,13,Eastern Region,Sunsari,Mahendranagar,UNKNOWN,0,0,0,0,473,0,0,0.0,False,,,,,,,,,,,,,,,True,True,True,True
desinventar-a55e31fa-342c-4a92-b583-b7472e43197e,UNDRR DesInventar Nepal,1981,7,10,Central Region,Sindhupalchoke,UNKNOWN,OTHER,0,0,0,0,0,0,0,0.0,True,,,,,,,,,,,,,,,True,True,True,True
desinventar-dbf94d65-5982-4961-b345-2906218956af,UNDRR DesInventar Nepal,1981,7,13,Western Region,Rupandehi,ANANDABAN,OTHER,0,0,0,0,0,0,0,0.0,False,,,,,,,,,,,,,,,True,True,True,True
desinventar-3b0e20e1-fae7-4e95-bfed-b4e92265ea03,UNDRR DesInventar Nepal,1981,7,14,Eastern Region,Jhapa,TOPGANCHHI,OTHER,0,0,0,0,7,0,0,0.0,False,,,,,,,,,,,,,,,True,True,True,True
desinventar-1d5eb8a8-7196-4754-adaa-00c910caf3a0,UNDRR DesInventar Nepal,1981,7,14,Eastern Region,Jhapa,UNKNOWN,OTHER,0,0,0,0,20,0,0,0.0,False,,,,,,,,,,,,,,,True,True,True,True
desinventar-c6123aa1-d0aa-4b82-adb9-899da4b17459,UNDRR DesInventar Nepal,1981,7,10,Central Region,Sindhupalchoke,Tatopani,OTHER,0,1,0,0,33,0,0,0.0,True,,,,,,,,,,,,,,,True,True,True,True
desinventar-cecb007f-20ce-4283-a487-55789c1be193,UNDRR DesInventar Nepal,1980,9,7,Eastern Region,Jhapa,TOPGANCHHI,UNKNOWN,0,0,0,0,15,0,0,0.0,False,,,,,,,,,,,,,,,True,True,True,True
desinventar-edbd07fc-c893-4955-98c1-8608aa37f5fd,UNDRR DesInventar Nepal,1979,2,20,Western Region,Rupandehi,ANANDABAN,OTHER,0,0,0,0,0,0,0,0.0,False,,,,,,,,,,,,,,,True,True,True,True
desinventar-f2ba148e-d038-4196-9dfc-af9e7d996f92,UNDRR DesInventar Nepal,1980,6,23,Eastern Region,Taplejung,UNKNOWN,UNKNOWN,8,0,0,15,10,0,0,0.0,False,,,,,,,,,,,,,,,True,True,True,True
desinventar-ec1c2b8c-bc3a-4354-81b1-afde4cd74f5c,UNDRR DesInventar Nepal,1978,9,5,Central Region,Chitawan,UNKNOWN,HEAVY RAINS,0,0,0,0,49,0,0,0.0,False,,,,,,,,,,,,,,,True,True,True,True
desinventar-9d5e1190-fb75-423e-a336-8fbca767e3a2,UNDRR DesInventar Nepal,1978,9,9,Western Region,Nawalparasi,RAMPURVA,OTHER,0,0,0,0,12,0,0,0.0,False,,,,,,,,,,,,,,,True,True,True,True
desinventar-4465bdf8-b379-4ce9-8d52-1924a3ee50ec,UNDRR DesInventar Nepal,1978,9,9,Western Region,Nawalparasi,UNKNOWN,OTHER,0,0,0,0,150,0,0,3000.0,True,,,,,,,,,,,,,,,True,True,True,True
desinventar-2d5ee6b8-d9d7-4b2c-9896-58e0b22fb30d,UNDRR DesInventar Nepal,1978,9,9,Western Region,Nawalparasi,UNKNOWN,OTHER,0,0,0,0,0,0,0,0.0,False,,,,,,,,,,,,,,,True,True,True,True
desinventar-992728b9-d254-45db-99e1-6f0a3225f078,UNDRR DesInventar Nepal,1978,9,9,Western Region,Nawalparasi,NARASAHI,OTHER,0,0,0,0,0,0,0,0.0,False,,,,,,,,,,,,,,,True,True,True,True
desinventar-b829eea5-e445-4c06-9374-c4fbc6b3a0a2,UNDRR DesInventar Nepal,1978,9,9,Western Region,Nawalparasi,BHUJAHAWA,OTHER,0,0,0,0,26,0,0,0.0,False,,,,,,,,,,,,,,,True,True,True,True
desinventar-c184964e-1d5b-4595-a0c1-6eef0eee6028,UNDRR DesInventar Nepal,1978,9,9,Western Region,Nawalparasi,UNKNOWN,OTHER,0,0,0,0,0,0,0,0.0,False,,,,,,,,,,,,,,,True,True,True,True
desinventar-5a9de0a4-6570-40d3-be26-90cb9d781083,UNDRR DesInventar Nepal,1978,9,9,Western Region,Nawalparasi,BADAHARA_DUBBAUL,OTHER,0,0,0,0,0,0,0,0.0,False,,,,,,,,,,,,,,,True,True,True,True
desinventar-d9086a41-9827-4fac-a096-2f722b789787,UNDRR DesInventar Nepal,1978,9,10,Western Region,Rupandehi,UNKNOWN,UNKNOWN,0,0,0,301,52,0,0,0.0,False,,,,,,,,,,,,,,,True,True,True,True
desinventar-4a5a77c1-1405-49e4-9d7c-d90a8e5db9fb,UNDRR DesInventar Nepal,1978,9,18,Central Region,Kavre,BHUMLUTAR,HEAVY RAINS,0,0,0,0,0,0,0,0.0,False,,,,,,,,,,,,,,,True,True,True,True
desinventar-1f936291-af2e-449e-a80e-c13ef5b8ac05,UNDRR DesInventar Nepal,1978,10,1,Eastern Region,Sunsari,UNKNOWN,UNKNOWN,0,0,0,0,4,0,0,0.0,False,,,,,,,,,,,,,,,True,True,True,True
desinventar-0e0575d4-6148-47bf-b5aa-1695f0c1110a,UNDRR DesInventar Nepal,1981,7,10,Central Region,Sindhupalchoke,UNKNOWN,OTHER,0,1,0,0,5,0,0,0.0,False,,,,,,,,,,,,,,,True,True,True,True
desinventar-888c175b-040f-4f6e-bd5f-dcd5146a0c5d,UNDRR DesInventar Nepal,1981,7,17,Mid-Western Region,Banke,UNKNOWN,OTHER,0,2,0,0,0,0,0,0.0,False,,,,,,,,,,,,,,,True,True,True,True
desinventar-8a72391f-7b86-4a07-b12b-a93bad4e7d38,UNDRR DesInventar Nepal,1981,7,17,Far Western Region,Kanchanpur,RAUTELI BICHAWA,HEAVY RAINS,0,0,0,0,72,0,0,0.0,False,,,,,,,,,,,,,,,True,True,True,True
desinventar-5f27f2b3-b5fb-409e-a9c9-cb718d78e302,UNDRR DesInventar Nepal,1981,7,17,Far Western Region,Kanchanpur,UNKNOWN,HEAVY RAINS,0,0,0,0,0,0,0,0.0,False,,,,,,,,,,,,,,,True,True,True,True
desinventar-08b6e1f7-3fde-4e95-b95d-517ab6ab8054,UNDRR DesInventar Nepal,1981,7,18,Eastern Region,Saptari,UNKNOWN,OTHER,0,0,0,0,0,0,0,0.0,False,,,,,,,,,,,,,,,True,True,True,True
desinventar-db085812-b4f1-4edb-8ac6-63924bb3f113,UNDRR DesInventar Nepal,1981,7,2,Western Region,Baglung,DUDILABHATI,HEAVY RAINS,0,0,0,0,6,0,0,0.0,False,,,,,,,,,,,,,,,True,True,True,True
desinventar-4f8a3e19-ecc6-48d4-a2e3-34bd41cbec01,UNDRR DesInventar Nepal,1981,7,7,Western Region,Baglung,MALIKA,HEAVY RAINS,1,1,0,0,2,0,0,0.0,False,,,,,,,,,,,,,,,True,True,True,True
desinventar-19ce88bc-64a7-4685-be0f-060743ef25a8,UNDRR DesInventar Nepal,1981,7,7,Western Region,Myagdi,JYMARUKOT,HEAVY RAINS,0,0,0,0,0,0,0,0.0,False,,,,,,,,,,,,,,,True,True,True,True
desinventar-7a2ddc01-a456-460f-91be-916d80061fca,UNDRR DesInventar Nepal,1981,7,13,Far Western Region,Bajura,Budhiganga,OTHER,0,3,0,0,0,0,0,0.0,False,,,,,,,,,,,,,,,True,True,True,True
desinventar-a7907515-6741-4777-a1c2-60b163c87004,UNDRR DesInventar Nepal,1981,7,30,Eastern Region,Siraha,Kalyanpur,OTHER,0,0,0,0,0,0,0,0.0,False,,,,,,,,,,,,,,,True,True,True,True
desinventar-68412c4f-8a30-407f-93d5-1febf11aed17,UNDRR DesInventar Nepal,1981,8,4,Far Western Region,Kanchanpur,MAHENDRA NAGAR N.P.,LANDSLIDE,0,0,0,974,0,0,0,0.0,False,,,,,,,,,,,,,,,True,True,True,True
desinventar-19e81932-331a-4096-a2ae-fec1e67ee9a0,UNDRR DesInventar Nepal,1981,8,8,Western Region,Rupandehi,MAINAHIYA,HEAVY RAINS,0,0,0,0,57,0,0,0.0,False,,,,,,,,,,,,,,,True,True,True,True
desinventar-37c6c108-aa54-4061-b3fb-b3e2df454227,UNDRR DesInventar Nepal,1981,8,8,Western Region,Rupandehi,SIDDHARTHANAGAR_NP,UNKNOWN,0,0,0,154,55,0,0,0.0,False,,,,,,,,,,,,,,,True,True,True,True
desinventar-f062afc5-c632-4c6a-a6ba-83de70ce78db,UNDRR DesInventar Nepal,1981,8,10,Eastern Region,Sunsari,UNKNOWN,OTHER,0,0,0,1740,0,0,0,0.0,False,,,,,,,,,,,,,,,True,True,True,True
desinventar-29c6ada7-8f45-40b9-b229-de639dab62fb,UNDRR DesInventar Nepal,1981,8,5,Eastern Region,Morang,Govindapur,OTHER,0,0,0,46,0,0,0,0.0,False,,,,,,,,,,,,,,,True,True,True,True
desinventar-955c5f5a-a556-4da7-bc65-494ab65f7c6d,UNDRR DesInventar Nepal,1981,8,22,Central Region,Sindhupalchoke,Phulpinkatti,OTHER,0,13,0,0,1,0,0,0.0,False,,,,,,,,,,,,,,,True,True,True,True
desinventar-e4ed2e93-04dd-455b-8b5b-7f1a3f21785b,UNDRR DesInventar Nepal,1981,9,10,Western Region,Rupandehi,BUTAWAL_NP,OTHER,35,83,0,14500,0,2,0,0.0,False,,,,,,,,,,,,,,,True,True,True,True
desinventar-79d2cdab-414f-482a-90ba-e019d3500532,UNDRR DesInventar Nepal,1981,9,10,Western Region,Nawalparasi,UNKNOWN,OTHER,3,5,0,0,36,0,0,0.0,False,,,,,,,,,,,,,,,True,True,True,True
desinventar-977989c6-0180-4247-8c7d-b3d94fcfdb29,UNDRR DesInventar Nepal,1981,9,10,Western Region,Arghakanchi,UNKNOWN,UNKNOWN,1,6,0,0,0,0,0,0.0,False,,,,,,,,,,,,,,,True,True,True,True
desinventar-163e2bad-aa9b-467c-857e-9162a823088e,UNDRR DesInventar Nepal,1981,9,26,Mid-Western Region,Pyuthan,UNKNOWN,LANDSLIDE,4,0,0,0,0,0,0,0.0,False,,,,,,,,,,,,,,,True,True,True,True
desinventar-68c55c06-8123-4895-b17d-7a65d7ca6c23,UNDRR DesInventar Nepal,1985,7,27,Eastern Region,Jhapa,DAMAK MUN.,HEAVY RAINS,0,0,0,0,0,0,0,0.0,False,,,,,,,,,,,,,,,True,True,True,True
desinventar-93cba0db-38c4-4ae8-8229-24b0e1f82285,UNDRR DesInventar Nepal,1981,9,28,Central Region,Lalitpur,Lele,HEAVY RAINS,8,8,0,0,13,0,0,0.0,False,,,,,,,,,,,,,,,True,True,True,True
desinventar-17473188-6752-4d73-91f0-46aff7441f0d,UNDRR DesInventar Nepal,1981,9,30,Central Region,Lalitpur,Chapagaon,OTHER,7,0,0,0,25,0,0,0.0,False,,,,,,,,,,,,,,,True,True,True,True
desinventar-8fbdbd8e-19c5-4b00-bf2a-4e19644143e1,UNDRR DesInventar Nepal,1981,9,28,Central Region,Lalitpur,Lele,OTHER,8,8,0,0,13,0,0,0.0,False,,,,,,,,,,,,,,,True,True,True,True
desinventar-22eaa5d0-0025-4c86-8063-f49ebcb7f59b,UNDRR DesInventar Nepal,1981,9,29,Western Region,Palpa,UNKNOWN,OTHER,5,22,0,25000,125,0,0,0.0,False,,,,,,,,,,,,,,,True,True,True,True
desinventar-91361a0f-dc12-46f9-84d6-58609f54451c,UNDRR DesInventar Nepal,1981,9,29,Central Region,Kathmandu,DAKSINKALI,OTHER,0,0,0,0,0,0,0,0.0,False,,,,,,,,,,,,,,,True,True,True,True
desinventar-9297a37a-2e0b-43e7-b6a0-e07f1a5a66e7,UNDRR DesInventar Nepal,1981,9,30,Central Region,Lalitpur,UNKNOWN,OTHER,0,7,0,0,7,0,0,0.0,False,,,,,,,,,,,,,,,True,True,True,True
desinventar-5d3ac3cb-3515-4f13-9346-16ec1f8aec61,UNDRR DesInventar Nepal,1981,9,30,Central Region,Lalitpur,UNKNOWN,OTHER,0,3,0,0,3,0,0,0.0,False,,,,,,,,,,,,,,,True,True,True,True
desinventar-fc01eddb-77cc-4924-bc9c-81e4c6bba486,UNDRR DesInventar Nepal,1981,9,30,Central Region,Lalitpur,UNKNOWN,HEAVY RAINS,18,0,0,0,0,70,0,0.0,False,,,,,,,,,,,,,,,True,True,True,True
desinventar-e323a1cf-426b-41b1-ab17-f367937ed69c,UNDRR DesInventar Nepal,1981,9,30,Central Region,Lalitpur,UNKNOWN,HEAVY RAINS,0,0,0,0,5,0,0,0.0,False,,,,,,,,,,,,,,,True,True,True,True
desinventar-ab5305d3-8afa-4990-9505-3541b75930e7,UNDRR DesInventar Nepal,1981,9,30,Central Region,Lalitpur,UNKNOWN,HEAVY RAINS,0,0,0,0,3,0,0,0.0,False,,,,,,,,,,,,,,,True,True,True,True
desinventar-6f6c5e8f-43f1-453c-9c78-8f933064cd47,UNDRR DesInventar Nepal,1981,9,30,Western Region,Nawalparasi,UNKNOWN,OTHER,0,0,0,4,0,694,0,0.0,False,,,,,,,,,,,,,,,True,True,True,True
desinventar-b2ed24e3-a6c5-46e5-a706-6902764295ec,UNDRR DesInventar Nepal,1981,9,30,Western Region,Nawalparasi,TAMSARIYA,OTHER,5,0,0,0,0,0,0,0.0,False,,,,,,,,,,,,,,,True,True,True,True
desinventar-f4454440-ab6a-47d1-9c4a-bec4b1f9b99d,UNDRR DesInventar Nepal,1981,9,30,Western Region,Tanahu,UNKNOWN,HEAVY RAINS,23,7,4,0,0,0,0,0.0,False,,,,,,,,,,,,,,,True,True,True,True
desinventar-71502878-e936-4817-9658-066072278c36,UNDRR DesInventar Nepal,1981,9,30,Western Region,Arghakanchi,UNKNOWN,OTHER,3,3,0,0,0,0,0,0.0,False,,,,,,,,,,,,,,,True,True,True,True
desinventar-989e0418-96d0-4a5e-bd7a-e10f3dc481e6,UNDRR DesInventar Nepal,1981,9,30,Western Region,Nawalparasi,UNKNOWN,OTHER,0,0,0,0,0,0,0,0.0,False,,,,,,,,,,,,,,,True,True,True,True
desinventar-5b9c1655-cdf0-4bae-8c64-f330fc0a3782,UNDRR DesInventar Nepal,1981,9,31,Western Region,Rupandehi,UNKNOWN,OTHER,1,0,0,0,144,0,0,0.0,False,,,,,,,,,,,,,,,True,True,True,True
desinventar-ec52658b-f585-48d3-9ba2-0e136495c56d,UNDRR DesInventar Nepal,1981,10,10,Western Region,Palpa,UNKNOWN,HEAVY RAINS,4,27,0,0,0,0,0,0.0,False,,,,,,,,,,,,,,,True,True,True,True
desinventar-f323649c-a376-49aa-b009-00759a2a1f19,UNDRR DesInventar Nepal,1984,6,23,Central Region,Bara,UNKNOWN,HEAVY RAINS,0,0,0,246,0,0,0,0.0,False,,,,,,,,,,,,,,,True,True,True,True
desinventar-742a575c-9a7e-42c9-b41d-a2f9f463e8ba,UNDRR DesInventar Nepal,1984,9,25,Central Region,Sindhuli,UNKNOWN,HEAVY RAINS,2,0,0,0,0,0,0,0.0,False,,,,,,,,,,,,,,,True,True,True,True
desinventar-e9bf2c9b-b688-4a05-a109-353fda1454ff,UNDRR DesInventar Nepal,1984,9,25,Central Region,Sindhuli,UNKNOWN,HEAVY RAINS,5,0,0,0,0,0,0,0.0,False,,,,,,,,,,,,,,,True,True,True,True
desinventar-616d883b-dbec-4421-99dd-3a0d1e4d24ae,UNDRR DesInventar Nepal,1984,9,25,Central Region,Sindhuli,UNKNOWN,HEAVY RAINS,6,0,0,0,0,0,0,0.0,False,,,,,,,,,,,,,,,True,True,True,True
desinventar-4576d145-2203-4e2d-8baa-9c5189f52ebb,UNDRR DesInventar Nepal,1984,9,25,Central Region,Sindhuli,UNKNOWN,HEAVY RAINS,23,0,0,0,0,0,0,0.0,False,,,,,,,,,,,,,,,True,True,True,True
desinventar-017536ec-0b4c-41f9-9cc3-aada982a0b75,UNDRR DesInventar Nepal,1984,9,25,Central Region,Sindhuli,Bahun Tilpung,HEAVY RAINS,2,0,0,0,0,0,0,0.0,False,,,,,,,,,,,,,,,True,True,True,True
desinventar-94be90c4-bbd5-4755-8b70-e013dff85aec,UNDRR DesInventar Nepal,1984,9,25,Central Region,Sindhuli,UNKNOWN,HEAVY RAINS,7,0,0,0,0,0,0,0.0,False,,,,,,,,,,,,,,,True,True,True,True
desinventar-48180f42-06e8-4604-9eb6-f7cd07c620e8,UNDRR DesInventar Nepal,1984,9,25,Central Region,Sindhuli,Ratanchura,HEAVY RAINS,11,0,0,0,0,0,0,0.0,False,,,,,,,,,,,,,,,True,True,True,True
desinventar-ed4b3d78-9ed1-4f83-9166-e86cbd55a9a9,UNDRR DesInventar Nepal,1984,9,25,Central Region,Sindhuli,UNKNOWN,HEAVY RAINS,2,0,0,100,0,0,0,0.0,False,,,,,,,,,,,,,,,True,True,True,True
desinventar-be3d4fde-7d6f-44a4-bde3-3f32b063cf02,UNDRR DesInventar Nepal,1984,10,9,Eastern Region,Jhapa,DHARMPUR,HEAVY RAINS,0,0,0,0,0,0,0,0.0,False,,,,,,,,,,,,,,,True,True,True,True
desinventar-9e70b7bb-4cf2-4cd4-ba5c-da947515480f,UNDRR DesInventar Nepal,1984,10,9,Eastern Region,Jhapa,KECHANA,HEAVY RAINS,0,0,0,0,0,0,0,0.0,False,,,,,,,,,,,,,,,True,True,True,True
desinventar-3aeef504-0402-471b-b630-e6798fd5e8d6,UNDRR DesInventar Nepal,1984,10,9,Eastern Region,Jhapa,TOPGANCHHI,HEAVY RAINS,0,0,0,73,0,0,0,0.0,False,,,,,,,,,,,,,,,True,True,True,True
desinventar-faad7d83-a1d0-4bf6-8c91-58344f9a4f7d,UNDRR DesInventar Nepal,1984,10,9,Eastern Region,Jhapa,DAMAK MUN.,HEAVY RAINS,0,0,0,0,5,0,0,0.0,False,,,,,,,,,,,,,,,True,True,True,True
desinventar-a7d6108e-c6e1-4979-ab66-fdac6f0e8de2,UNDRR DesInventar Nepal,1984,10,9,Eastern Region,Jhapa,UNKNOWN,HEAVY RAINS,0,0,0,0,0,0,0,0.0,False,,,,,,,,,,,,,,,True,True,True,True
desinventar-8020d05c-8400-4f44-8181-a498ddf3c180,UNDRR DesInventar Nepal,1984,10,10,Central Region,Chitawan,KORAK,HEAVY RAINS,9,0,0,0,3,0,0,0.0,False,,,,,,,,,,,,,,,True,True,True,True
desinventar-f95311ce-ac6e-41d4-8e6a-02bb277b0d8c,UNDRR DesInventar Nepal,1984,10,10,Eastern Region,Siraha,Chatari,HEAVY RAINS,4,0,0,0,0,0,0,0.0,False,,,,,,,,,,,,,,,True,True,True,True
desinventar-951f80a8-99fa-4d93-8861-ea14861c24f3,UNDRR DesInventar Nepal,1984,10,16,Central Region,Sindhuli,UNKNOWN,RAIN,0,0,0,0,0,0,0,0.0,False,,,,,,,,,,,,,,,True,True,True,True
desinventar-cf942c1b-f270-4739-b670-0e10ba912cc5,UNDRR DesInventar Nepal,1984,10,30,Central Region,Sarlahi,UNKNOWN,HEAVY RAINS,0,0,0,0,265,0,0,0.0,False,,,,,,,,,,,,,,,True,True,True,True
desinventar-ec92f567-2223-4389-bdca-c88630b4a1f2,UNDRR DesInventar Nepal,1985,5,17,Eastern Region,Sankhuwasabha,Chainpur,HEAVY RAINS,1,0,0,0,0,0,0,0.0,False,,,,,,,,,,,,,,,True,True,True,True
desinventar-1bbfaf77-bc12-4b61-9c69-164bbf4eeed1,UNDRR DesInventar Nepal,1985,7,3,Western Region,Kaski,CHAPAKOT,HEAVY RAINS,1,0,0,0,0,0,0,0.0,False,,,,,,,,,,,,,,,True,True,True,True
desinventar-d1ce9e02-1d63-4285-99cd-d8dbd7a83517,UNDRR DesInventar Nepal,1985,7,4,Far Western Region,Bajhang,Rayal,HEAVY RAINS,0,0,0,0,2,0,0,0.0,False,,,,,,,,,,,,,,,True,True,True,True
desinventar-c8b58862-149b-49a0-9c7d-dbdacfb9b96f,UNDRR DesInventar Nepal,1985,7,4,Far Western Region,Bajhang,Chaudhari,HEAVY RAINS,1,0,0,0,0,0,0,0.0,False,,,,,,,,,,,,,,,True,True,True,True
desinventar-a3dc7141-37e9-46ad-a1c6-ccfb901e48be,UNDRR DesInventar Nepal,1985,7,15,Far Western Region,Bajhang,UNKNOWN,HEAVY RAINS,0,0,0,0,0,0,0,0.0,False,,,,,,,,,,,,,,,True,True,True,True
desinventar-d066097b-da39-4bbc-a06b-a2b8dc3a1d99,UNDRR DesInventar Nepal,1985,7,27,Eastern Region,Jhapa,ARJUNDHARA,HEAVY RAINS,0,0,0,0,0,0,0,0.0,False,,,,,,,,,,,,,,,True,True,True,True
desinventar-5d0afc23-6a40-462d-957a-0bb74be2fc8e,UNDRR DesInventar Nepal,1985,8,1,Western Region,Kaski,BHADAURE,HEAVY RAINS,0,0,0,280,0,0,0,0.0,True,,,,,,,,,,,,,,,True,True,True,True
desinventar-be673024-5496-4eb6-86fc-102b9ad27cc9,UNDRR DesInventar Nepal,1985,7,28,Eastern Region,Morang,Govindapur,HEAVY RAINS,0,0,0,45,8,0,0,0.0,False,,,,,,,,,,,,,,,True,True,True,True
desinventar-e4a6963e-1c26-41f0-a09e-937cac1e026d,UNDRR DesInventar Nepal,1985,7,28,Eastern Region,Morang,Belbari,HEAVY RAINS,0,0,0,22,4,0,0,0.0,False,,,,,,,,,,,,,,,True,True,True,True
desinventar-22e78e65-fcd3-475e-8d96-8bc3dee3b91a,UNDRR DesInventar Nepal,1985,7,28,Eastern Region,Morang,Sundarpur,HEAVY RAINS,0,0,0,17,0,0,0,0.0,False,,,,,,,,,,,,,,,True,True,True,True
desinventar-3f0e9e81-be1c-453e-a310-a31350cb25b3,UNDRR DesInventar Nepal,1985,7,28,Eastern Region,Morang,Bahuni,HEAVY RAINS,0,0,0,17,3,0,0,0.0,False,,,,,,,,,,,,,,,True,True,True,True
desinventar-ac828a0f-586e-4ceb-a0d1-97538b1ab799,UNDRR DesInventar Nepal,1985,8,4,Eastern Region,Solukhumbu,Namche,HEAVY RAINS,3,0,0,0,29,0,0,0.0,True,,,,,,,,,,,,,,,True,True,True,True
desinventar-27703473-a5a2-454c-9e1b-bc1cc7ecbd24,UNDRR DesInventar Nepal,1985,8,4,Eastern Region,Solukhumbu,Chaurikharka,HEAVY RAINS,0,0,0,28,6,5,0,0.0,False,,,,,,,,,,,,,,,True,True,True,True
desinventar-4b27e15d-d401-4f64-8aed-c5682c9a6dc5,UNDRR DesInventar Nepal,1985,8,14,Central Region,Sindhupalchoke,Dhuskun,HEAVY RAINS,2,5,0,0,0,0,0,0.0,False,,,,,,,,,,,,,,,True,True,True,True
desinventar-71abc98c-eef2-4b8f-a59b-51939da01664,UNDRR DesInventar Nepal,1985,8,14,Central Region,Sindhupalchoke,Piskar,HEAVY RAINS,0,0,0,0,0,0,0,0.0,True,,,,,,,,,,,,,,,True,True,True,True
desinventar-917bea0b-5dbc-4ced-9922-d7d8940321fc,UNDRR DesInventar Nepal,1985,8,14,Central Region,Sindhupalchoke,Lisankhu,HEAVY RAINS,0,0,0,39,7,0,0,0.0,False,,,,,,,,,,,,,,,True,True,True,True
desinventar-aa778c44-14d3-4246-82a2-3b0a6c0f6bee,UNDRR DesInventar Nepal,1985,9,6,Central Region,Rautahat,GAUR NP,HEAVY RAINS,0,0,0,0,0,0,0,0.0,True,,,,,,,,,,,,,,,True,True,True,True
desinventar-44a63aea-d5d8-4e96-8030-77d4ce9bc311,UNDRR DesInventar Nepal,1985,9,4,Central Region,Parsa,Bashantapur,HEAVY RAINS,0,0,0,0,15,0,0,0.0,False,,,,,,,,,,,,,,,True,True,True,True
desinventar-c246ce61-29d2-4a6b-ae41-eabd5f9fe53f,UNDRR DesInventar Nepal,1985,9,5,Central Region,Makwanpur,HADIKHOLA,HEAVY RAINS,11,2,0,0,53,0,0,0.0,False,,,,,,,,,,,,,,,True,True,True,True
desinventar-7bc57071-7200-4e09-a210-8240eaa4daac,UNDRR DesInventar Nepal,1985,9,8,Central Region,Sarlahi,GHURKAULI,HEAVY RAINS,0,0,0,67,21,0,0,0.0,False,,,,,,,,,,,,,,,True,True,True,True
desinventar-07511ca5-6b93-478c-b158-3323698b9ce3,UNDRR DesInventar Nepal,1985,9,10,Central Region,Makwanpur,MANAHARI,HEAVY RAINS,0,0,0,230,0,0,0,0.0,False,,,,,,,,,,,,,,,True,True,True,True
desinventar-dd05f7c9-13e6-4739-9d41-4b6bae942fda,UNDRR DesInventar Nepal,1985,9,12,Far Western Region,Kanchanpur,CHANDANI,HEAVY RAINS,0,0,0,0,0,0,0,0.0,False,,,,,,,,,,,,,,,True,True,True,True
desinventar-3df608ed-f91c-45ae-a222-7daf20b3f1a2,UNDRR DesInventar Nepal,1985,9,12,Far Western Region,Kanchanpur,DODHAR,HEAVY RAINS,0,0,0,0,2,0,0,0.0,False,,,,,,,,,,,,,,,True,True,True,True
desinventar-86e8928c-23e3-440b-9f22-c02eabfca8b3,UNDRR DesInventar Nepal,1985,9,15,Central Region,Dolakha,Boch,HEAVY RAINS,16,0,7,0,7,0,0,0.0,False,,,,,,,,,,,,,,,True,True,True,True
desinventar-bb8c9e2f-8402-4a5f-a39b-c8b57fd22c43,UNDRR DesInventar Nepal,1985,9,17,Central Region,Parsa,Sugauli Birta,HEAVY RAINS,0,0,0,0,0,0,0,0.0,False,,,,,,,,,,,,,,,True,True,True,True
desinventar-4f292316-0073-46a6-ab2f-1f4253f452ba,UNDRR DesInventar Nepal,1985,9,14,Central Region,Sindhupalchoke,Panrgretar,HEAVY RAINS,0,0,0,0,0,0,0,0.0,False,,,,,,,,,,,,,,,True,True,True,True
desinventar-46f2993a-db0c-41c8-869e-2df42b1ab8ea,UNDRR DesInventar Nepal,1985,10,11,Eastern Region,Sankhuwasabha,Pathibhara,RAIN,0,0,0,0,0,0,0,0.0,False,,,,,,,,,,,,,,,True,True,True,True
desinventar-d73625b7-8773-44eb-acd8-1b5c3ea233eb,UNDRR DesInventar Nepal,1988,6,27,Western Region,Baglung,KHUNGKHANI,HEAVY RAINS,7,0,0,0,32,0,0,0.0,False,,,,,,,,,,,,,,,True,True,True,True
desinventar-47549e22-8417-4ce9-83e3-9aa3b7168bbf,UNDRR DesInventar Nepal,1991,9,28,Eastern Region,Panchthar,CHYANTHAPU,HEAVY RAINS,0,0,0,1635,0,0,0,0.0,False,,,,,,,,,,,,,,,True,True,True,True
desinventar-b5242e62-9e40-48ea-9658-a9eee4df6ff5,UNDRR DesInventar Nepal,1991,9,12,Eastern Region,Udayapur,Beltar,HEAVY RAINS,0,0,0,184,0,0,0,0.0,False,,,,,,,,,,,,,,,True,True,True,True
desinventar-2ab12965-4035-4b45-8784-af02fd505d4b,UNDRR DesInventar Nepal,1987,6,29,Central Region,Nuwakot,DEURALI,HEAVY RAINS,17,0,0,0,3,0,0,0.0,False,,,,,,,,,,,,,,,True,True,True,True
desinventar-ef5b8b3f-6bcd-4170-a855-1d95d64acc17,UNDRR DesInventar Nepal,1987,6,29,Central Region,Nuwakot,BUNTANG,HEAVY RAINS,6,0,0,0,1,0,0,0.0,False,,,,,,,,,,,,,,,True,True,True,True
desinventar-b3983f54-b6c9-46fd-b6b3-d99e42de86fb,UNDRR DesInventar Nepal,1991,7,16,Eastern Region,Morang,Tankisinuwari,HEAVY RAINS,0,0,0,0,0,0,0,0.0,False,,,,,,,,,,,,,,,True,True,True,True
desinventar-c1696c23-1604-45f2-ae63-75bdf5d1d52a,UNDRR DesInventar Nepal,1987,6,29,Central Region,Nuwakot,KALYANPUR,HEAVY RAINS,0,0,0,0,0,0,0,0.0,False,,,,,,,,,,,,,,,True,True,True,True
desinventar-13532f67-949d-4ced-915b-f3906d10e738,UNDRR DesInventar Nepal,1987,6,30,Central Region,Dolakha,UNKNOWN,HEAVY RAINS,4,0,2,146,1,26,0,0.0,False,,,,,,,,,,,,,,,True,True,True,True
desinventar-53c57f32-708b-4cee-9cf3-67a421dca49a,UNDRR DesInventar Nepal,1987,6,30,Central Region,Sindhupalchoke,UNKNOWN,HEAVY RAINS,0,0,0,0,0,0,0,0.0,False,,,,,,,,,,,,,,,True,True,True,True
desinventar-fe65dea7-6c53-47ef-a920-a37db882ffff,UNDRR DesInventar Nepal,1987,6,30,Central Region,Sindhupalchoke,Barahbise,HEAVY RAINS,0,0,0,95,17,0,0,0.0,False,,,,,,,,,,,,,,,True,True,True,True
desinventar-0e55c39b-5438-4189-8d97-f5df57d520ee,UNDRR DesInventar Nepal,1991,7,17,Eastern Region,Morang,UNKNOWN,FLOOD,0,0,0,20000,0,0,0,0.0,False,,,,,,,,,,,,,,,True,True,True,True
desinventar-20089bdc-fa4b-4479-a9e7-aa53c9e68760,UNDRR DesInventar Nepal,1987,6,29,Western Region,Gorkha,ARU POKHARI,HEAVY RAINS,4,0,0,0,0,0,0,0.0,False,,,,,,,,,,,,,,,True,True,True,True
desinventar-fc7acdf3-2ab4-4007-8cb1-5ef64909dc84,UNDRR DesInventar Nepal,1987,6,29,Western Region,Gorkha,ARBAN,HEAVY RAINS,2,0,0,0,0,0,0,0.0,False,,,,,,,,,,,,,,,True,True,True,True
desinventar-f2daaa7e-e23f-428b-a650-39d08d67518a,UNDRR DesInventar Nepal,1991,7,17,Eastern Region,Sunsari,Chimdi,HEAVY RAINS,0,0,0,1000,0,0,0,0.0,False,,,,,,,,,,,,,,,True,True,True,True
desinventar-d30686e7-6598-413b-bf45-b8b63c60854a,UNDRR DesInventar Nepal,1987,7,25,Central Region,Kathmandu,KATHMANDU METROPOLITAN CITY,HEAVY RAINS,1,0,0,0,0,0,0,0.0,False,,,,,,,,,,,,,,,True,True,True,True
desinventar-78fe97f0-2f2a-472f-8437-a223b84fb4ff,UNDRR DesInventar Nepal,1991,9,14,Eastern Region,Jhapa,DAMAK MUN.,RAIN,0,0,0,73,13,0,0,0.0,False,,,,,,,,,,,,,,,True,True,True,True
desinventar-131d341e-7277-4b9b-81a1-11a6e884d3cf,UNDRR DesInventar Nepal,1991,7,17,Eastern Region,Saptari,HANUMAN NAGAR,HEAVY RAINS,0,0,0,2000,0,0,0,0.0,False,,,,,,,,,,,,,,,True,True,True,True
desinventar-7aa1f241-2766-445e-a02c-6a732bfd7228,UNDRR DesInventar Nepal,1991,7,17,Eastern Region,Saptari,INARWA,HEAVY RAINS,0,0,0,0,0,0,0,0.0,False,,,,,,,,,,,,,,,True,True,True,True
desinventar-f5ad823a-5953-4573-b357-5b934aa21316,UNDRR DesInventar Nepal,1987,7,10,Central Region,Chitawan,DIVYA NAGAR,HEAVY RAINS,0,0,0,504,10,0,0,0.0,False,,,,,,,,,,,,,,,True,True,True,True
desinventar-9e2f503c-0f9a-4907-b7c6-83dfcdee4b9e,UNDRR DesInventar Nepal,1991,9,15,Eastern Region,Jhapa,DAMAK MUN.,RAIN,0,0,0,22,4,0,0,0.0,False,,,,,,,,,,,,,,,True,True,True,True
desinventar-412266d1-d7a2-48da-b116-407d0c77b10b,UNDRR DesInventar Nepal,1991,7,17,Eastern Region,Saptari,KOILADI,HEAVY RAINS,0,0,0,0,0,0,0,0.0,False,,,,,,,,,,,,,,,True,True,True,True
desinventar-c8b28bf9-0392-448d-a882-b89316537386,UNDRR DesInventar Nepal,1987,8,8,Western Region,Mustang,JOMSOM,HEAVY RAINS,0,0,0,0,0,0,0,0.0,False,,,,,,,,,,,,,,,True,True,True,True
desinventar-f36857ad-53b7-414a-9a60-282d9e1dc70b,UNDRR DesInventar Nepal,1991,7,17,Eastern Region,Saptari,KAMALPUR,HEAVY RAINS,0,0,0,0,0,0,0,0.0,False,,,,,,,,,,,,,,,True,True,True,True
desinventar-49ae7ec5-288b-4311-a52c-d6201b5e834b,UNDRR DesInventar Nepal,1987,8,12,Eastern Region,Morang,Govindapur,HEAVY RAINS,0,0,0,0,0,0,0,0.0,False,,,,,,,,,,,,,,,True,True,True,True
desinventar-a2e680b1-c38b-4b22-80b1-5f6b2ad4318f,UNDRR DesInventar Nepal,1991,9,15,Eastern Region,Jhapa,KUMARKHOD,RAIN,0,0,0,28,5,0,0,0.0,False,,,,,,,,,,,,,,,True,True,True,True
desinventar-99c87071-dae2-4bd4-94e9-9ce2734237e8,UNDRR DesInventar Nepal,1991,7,17,Eastern Region,Saptari,BAMANGAMA KATTI,HEAVY RAINS,0,0,0,0,0,0,0,0.0,False,,,,,,,,,,,,,,,True,True,True,True
desinventar-72c42f8b-4c81-4f13-a5fd-55ccfc8be917,UNDRR DesInventar Nepal,1987,8,8,Eastern Region,Sunsari,UNKNOWN,HEAVY RAINS,0,0,0,0,0,0,0,0.0,False,,,,,,,,,,,,,,,True,True,True,True
desinventar-2f028a36-7dd0-41c9-a8ac-f89fc114f065,UNDRR DesInventar Nepal,1991,7,17,Eastern Region,Saptari,UNKNOWN,HEAVY RAINS,0,0,0,0,0,0,0,0.0,False,,,,,,,,,,,,,,,True,True,True,True
desinventar-be86b7f3-4dc3-43a9-9b4f-9255bf6ce6c4,UNDRR DesInventar Nepal,1991,7,17,Eastern Region,Saptari,TIKULIYA,HEAVY RAINS,0,0,0,0,0,0,0,0.0,False,,,,,,,,,,,,,,,True,True,True,True
desinventar-672b5f66-7b0d-4c6b-ace6-2b81d8b8c5cf,UNDRR DesInventar Nepal,1991,9,15,Eastern Region,Jhapa,ANARMANI,HEAVY RAINS,0,0,0,0,0,0,0,0.0,False,,,,,,,,,,,,,,,True,True,True,True
desinventar-c54f2d7d-a1d7-437e-bbd4-ac036fc4bb4c,UNDRR DesInventar Nepal,1987,8,8,Eastern Region,Saptari,RAJBIRAJ MUNICIPALITY,HEAVY RAINS,0,0,0,0,0,0,0,0.0,False,,,,,,,,,,,,,,,True,True,True,True
desinventar-143b07fe-ba83-4992-beea-42b50f16e792,UNDRR DesInventar Nepal,1991,7,17,Eastern Region,Saptari,TILATHI,HEAVY RAINS,0,0,0,0,0,0,0,0.0,False,,,,,,,,,,,,,,,True,True,True,True
desinventar-86941844-d403-4b29-9987-95997b2d452b,UNDRR DesInventar Nepal,1991,7,17,Eastern Region,Saptari,PARSHWANI,HEAVY RAINS,0,0,0,0,0,0,0,0.0,False,,,,,,,,,,,,,,,True,True,True,True
desinventar-17b93335-bb47-42b3-af53-99af9843ec4a,UNDRR DesInventar Nepal,1987,8,13,Eastern Region,Jhapa,DAMAK MUN.,HEAVY RAINS,0,0,0,0,0,0,0,0.0,False,,,,,,,,,,,,,,,True,True,True,True
desinventar-f25749b4-0821-4c9b-be6b-47818c12668b,UNDRR DesInventar Nepal,1991,9,15,Eastern Region,Jhapa,MAHESHPUR,HEAVY RAINS,0,0,0,0,0,0,0,0.0,False,,,,,,,,,,,,,,,True,True,True,True
desinventar-10756cac-25f9-4af1-9748-509a2c82941c,UNDRR DesInventar Nepal,1991,7,17,Eastern Region,Saptari,THELIYA,HEAVY RAINS,0,0,0,0,0,0,0,0.0,False,,,,,,,,,,,,,,,True,True,True,True
desinventar-6d6de2b7-c8b4-4ea8-8634-bc8aaf2a5867,UNDRR DesInventar Nepal,1987,8,10,Central Region,Parsa,UNKNOWN,HEAVY RAINS,0,0,0,0,0,0,0,0.0,False,,,,,,,,,,,,,,,True,True,True,True
desinventar-a6767cd9-84c1-4f4f-8ad0-05687d697ba9,UNDRR DesInventar Nepal,1991,7,17,Eastern Region,Saptari,UNKNOWN,HEAVY RAINS,0,0,0,0,0,0,0,0.0,False,,,,,,,,,,,,,,,True,True,True,True
desinventar-1f91c0cc-fc3f-4f84-b089-f482f093e8fd,UNDRR DesInventar Nepal,1991,9,15,Eastern Region,Jhapa,SURUNGA,HEAVY RAINS,0,0,0,0,0,0,0,200.0,True,,,,,,,,,,,,,,,True,True,True,True
desinventar-d848f753-731e-4faf-a758-a7e1953b2ab3,UNDRR DesInventar Nepal,1987,8,10,Western Region,Rupandehi,SIDDHARTHANAGAR_NP,HEAVY RAINS,1,0,1,0,0,0,0,0.0,False,,,,,,,,,,,,,,,True,True,True,True
desinventar-4fe4ae91-f83b-4e8f-9be4-46fb0720add5,UNDRR DesInventar Nepal,1991,7,17,Eastern Region,Saptari,CHHINNAMASTA,HEAVY RAINS,0,0,0,0,0,0,0,0.0,False,,,,,,,,,,,,,,,True,True,True,True
desinventar-0e1d3b73-17ef-4978-abae-7152d199b790,UNDRR DesInventar Nepal,1991,7,17,Eastern Region,Saptari,LALAPATLI,HEAVY RAINS,0,0,0,0,0,0,0,0.0,False,,,,,,,,,,,,,,,True,True,True,True
desinventar-6eef9dc6-c717-4962-b7f9-3d0b9d7c8b1c,UNDRR DesInventar Nepal,1991,9,16,Eastern Region,Jhapa,MECHI MUN.,HEAVY RAINS,0,0,0,0,0,0,0,0.0,False,,,,,,,,,,,,,,,True,True,True,True
desinventar-a3f66191-fdcc-4248-88ad-15968e63d30c,UNDRR DesInventar Nepal,1991,9,15,Eastern Region,Jhapa,MECHI MUN.,HEAVY RAINS,0,0,0,0,0,0,0,0.0,False,,,,,,,,,,,,,,,True,True,True,True
desinventar-6f898b8f-8811-4e71-afb0-9453869d246a,UNDRR DesInventar Nepal,1991,7,20,Central Region,Dhanusa,Dhalkebar,HEAVY RAINS,0,0,0,0,0,0,0,0.0,True,,,,,,,,,,,,,,,True,True,True,True
desinventar-65d01040-44c9-41fc-b113-9b84d0a470ab,UNDRR DesInventar Nepal,1987,8,10,Eastern Region,Siraha,UNKNOWN,HEAVY RAINS,0,0,0,0,0,0,0,0.0,False,,,,,,,,,,,,,,,True,True,True,True
desinventar-6f7e4c44-8bbd-4b7e-af41-0b933fecb9cd,UNDRR DesInventar Nepal,1991,9,15,Eastern Region,Jhapa,DHAIJAN,HEAVY RAINS,0,0,0,84,3,0,0,0.0,False,,,,,,,,,,,,,,,True,True,True,True
desinventar-99477aeb-a69c-4bff-837e-87cdc5af42f5,UNDRR DesInventar Nepal,1988,7,4,Central Region,Dhanusa,UNKNOWN,HEAVY RAINS,0,0,0,0,0,0,0,0.0,True,,,,,,,,,,,,,,,True,True,True,True
desinventar-306e2dd8-edc0-4ba6-b30e-60b9642de4c5,UNDRR DesInventar Nepal,1988,7,4,Central Region,Mahotari,UNKNOWN,HEAVY RAINS,0,0,0,0,0,0,0,0.0,False,,,,,,,,,,,,,,,True,True,True,True
desinventar-261081fc-2280-4194-9944-5a68a5360235,UNDRR DesInventar Nepal,1991,9,13,Far Western Region,Kanchanpur,UNKNOWN,HEAVY RAINS,2,0,0,8400,0,0,0,0.0,False,,,,,,,,,,,,,,,True,True,True,True
desinventar-f0f9fcbf-560b-491d-967a-0f5b935340b6,UNDRR DesInventar Nepal,1988,7,4,Central Region,Sarlahi,UNKNOWN,HEAVY RAINS,0,0,0,0,0,0,0,0.0,False,,,,,,,,,,,,,,,True,True,True,True
desinventar-d7752116-8c46-403a-a970-0062c5d94892,UNDRR DesInventar Nepal,1987,9,6,Western Region,Mustang,JOMSOM,HEAVY RAINS,0,0,0,1249,0,0,0,0.0,False,,,,,,,,,,,,,,,True,True,True,True
desinventar-0ddaabd2-67d7-4ab6-9ae0-70a50e6048c0,UNDRR DesInventar Nepal,1988,7,10,Mid-Western Region,Banke,KHASKUSMA,HEAVY RAINS,0,0,0,0,0,0,0,0.0,False,,,,,,,,,,,,,,,True,True,True,True
desinventar-91a3f183-f3dd-46fd-a24b-318de23eff72,UNDRR DesInventar Nepal,1988,7,10,Mid-Western Region,Banke,KACHANPUR,OTHER,0,0,0,0,0,0,0,0.0,False,,,,,,,,,,,,,,,True,True,True,True
desinventar-382cf76b-bb9a-4172-bc16-94d308c7b5c1,UNDRR DesInventar Nepal,1988,7,10,Mid-Western Region,Banke,BINAUNA,HEAVY RAINS,0,0,0,0,0,0,0,0.0,False,,,,,,,,,,,,,,,True,True,True,True
desinventar-8169a67a-b0c2-4c71-b526-f9519b8da998,UNDRR DesInventar Nepal,1988,7,10,Mid-Western Region,Banke,BAIJAPUR,HEAVY RAINS,0,0,0,0,0,0,0,0.0,False,,,,,,,,,,,,,,,True,True,True,True
desinventar-7245ef1f-34ee-4059-bda7-180b7ac76a41,UNDRR DesInventar Nepal,1988,7,10,Mid-Western Region,Banke,KAMDI,HEAVY RAINS,0,0,0,0,0,0,0,0.0,False,,,,,,,,,,,,,,,True,True,True,True
desinventar-30c3d385-f00d-46ff-a3d3-cefe94361c11,UNDRR DesInventar Nepal,1988,7,10,Mid-Western Region,Banke,PHATTEPUR,OTHER,0,0,0,0,0,0,0,0.0,False,,,,,,,,,,,,,,,True,True,True,True
desinventar-10d63f03-ed28-456d-a3b1-68e8e11dad30,UNDRR DesInventar Nepal,1991,9,19,Eastern Region,Morang,UNKNOWN,HEAVY RAINS,16,0,0,0,0,0,0,0.0,False,,,,,,,,,,,,,,,True,True,True,True
desinventar-e3acf5d9-518a-4c2a-99e5-f94a02025361,UNDRR DesInventar Nepal,1987,9,8,Central Region,Rautahat,GADHI BHAGAWANPUR,HEAVY RAINS,3,0,0,0,0,5876,0,0.0,False,,,,,,,,,,,,,,,True,True,True,True
desinventar-e9b457fe-db4d-4780-b10e-4b17911d4b68,UNDRR DesInventar Nepal,1988,7,10,Mid-Western Region,Banke,BETAHANI,OTHER,0,0,0,0,0,0,0,0.0,False,,,,,,,,,,,,,,,True,True,True,True
desinventar-a0e28c41-fea0-4d7e-aeba-59a06dad6202,UNDRR DesInventar Nepal,1988,7,10,Mid-Western Region,Banke,HOLIA,HEAVY RAINS,0,0,0,0,0,0,0,0.0,False,,,,,,,,,,,,,,,True,True,True,True
desinventar-c4d3129b-0277-4f95-a4e6-2d142036272e,UNDRR DesInventar Nepal,1987,10,15,Central Region,Lalitpur,Saibu,HEAVY RAINS,0,0,0,0,0,0,0,0.0,False,,,,,,,,,,,,,,,True,True,True,True
desinventar-fea602f7-b3c5-444c-a6c2-916d5646b2f9,UNDRR DesInventar Nepal,1988,7,5,Western Region,Tanahu,UNKNOWN,HEAVY RAINS,0,1,0,0,0,0,0,0.0,False,,,,,,,,,,,,,,,True,True,True,True
desinventar-48d0d246-71e9-46aa-9083-b60a3dda49b1,UNDRR DesInventar Nepal,1988,6,21,Mid-Western Region,Salyan,DHAJARI PIPAL,HEAVY RAINS,0,1,0,0,0,0,0,0.0,False,,,,,,,,,,,,,,,True,True,True,True
desinventar-b9403bc2-1141-4f33-9b99-6714cfef101e,UNDRR DesInventar Nepal,1988,6,21,Eastern Region,Jhapa,UNKNOWN,HEAVY RAINS,0,0,0,0,0,0,0,0.0,False,,,,,,,,,,,,,,,True,True,True,True
desinventar-c0928300-1812-4899-9440-bda5f52cf5d0,UNDRR DesInventar Nepal,1979,7,7,Eastern Region,Sunsari,UNKNOWN,OTHER,0,0,0,0,33,0,0,0.0,False,,,,,,,,,,,,,,,True,True,True,True
desinventar-0d1f7fd5-9cb7-4ccc-b610-41acd79f7824,UNDRR DesInventar Nepal,1988,7,4,Eastern Region,Saptari,RAMPUR JAMUWA,HEAVY RAINS,0,0,0,0,0,0,0,0.0,False,,,,,,,,,,,,,,,True,True,True,True
desinventar-b7e61845-213f-48b2-abfb-6b52287458a5,UNDRR DesInventar Nepal,1988,7,4,Eastern Region,Saptari,MALAHANIYA,HEAVY RAINS,0,0,0,0,0,0,0,1500.0,True,,,,,,,,,,,,,,,True,True,True,True
desinventar-ad868700-a5da-4d6a-b7aa-e44cd44d84f0,UNDRR DesInventar Nepal,1988,7,4,Eastern Region,Saptari,TILATHI,HEAVY RAINS,0,0,0,0,0,0,0,0.0,False,,,,,,,,,,,,,,,True,True,True,True
desinventar-261e7cdd-80e4-4cb9-a617-f7b29c1d8b0c,UNDRR DesInventar Nepal,1988,7,4,Central Region,Sarlahi,SAKRAUL,HEAVY RAINS,0,0,0,0,0,0,0,0.0,False,,,,,,,,,,,,,,,True,True,True,True
desinventar-8f6287ae-9896-413d-8c35-c7219af501bc,UNDRR DesInventar Nepal,1988,7,4,Central Region,Sarlahi,NETRAGANJ,HEAVY RAINS,0,0,0,0,0,4,0,0.0,False,,,,,,,,,,,,,,,True,True,True,True
desinventar-f2c07160-5947-44e5-b38a-e3d871cc204f,UNDRR DesInventar Nepal,1979,8,1,Central Region,Sarlahi,UNKNOWN,OTHER,0,0,0,0,50,0,0,0.0,False,,,,,,,,,,,,,,,True,True,True,True
desinventar-e4a07ad0-31b8-43e2-a535-3fe3a7bdc576,UNDRR DesInventar Nepal,1988,7,4,Central Region,Sarlahi,SASAPUR,HEAVY RAINS,0,0,0,0,4,0,0,0.0,False,,,,,,,,,,,,,,,True,True,True,True
desinventar-d433237c-e49f-4961-884a-502b9a76c2f8,UNDRR DesInventar Nepal,1979,8,2,Eastern Region,Jhapa,UNKNOWN,RAIN,0,0,0,80,0,0,0,0.0,False,,,,,,,,,,,,,,,True,True,True,True
desinventar-020770c8-9c95-4745-be46-c0c9d0568cdc,UNDRR DesInventar Nepal,1979,8,4,Eastern Region,Jhapa,TOPGANCHHI,OTHER,0,0,0,9,9,0,0,0.0,False,,,,,,,,,,,,,,,True,True,True,True
desinventar-0c11dfa2-1705-40f1-a81e-c570fe702b1c,UNDRR DesInventar Nepal,1988,7,4,Central Region,Sarlahi,MALANGAWA MUN,HEAVY RAINS,0,0,0,0,0,0,0,0.0,True,,,,,,,,,,,,,,,True,True,True,True
desinventar-2b8b8926-fef0-482a-90d2-fcd3ac1fd9ef,UNDRR DesInventar Nepal,1991,9,7,Central Region,Sindhuli,UNKNOWN,HEAVY RAINS,0,0,0,0,0,0,0,0.0,False,,,,,,,,,,,,,,,True,True,True,True
desinventar-dec38247-7f7b-4c5e-85f6-0d4137b0fade,UNDRR DesInventar Nepal,1988,7,4,Central Region,Sarlahi,JANAKINAGAR,HEAVY RAINS,0,0,0,0,126,0,0,0.0,False,,,,,,,,,,,,,,,True,True,True,True
desinventar-772bf07d-bb4c-491a-9a95-ec1a2fe6d756,UNDRR DesInventar Nepal,1991,9,23,Central Region,Sindhuli,Pipalmadhi,HEAVY RAINS,0,0,0,0,0,0,0,0.0,False,,,,,,,,,,,,,,,True,True,True,True
desinventar-858f73b6-e628-4624-be50-c19faf119830,UNDRR DesInventar Nepal,1979,8,8,Mid-Western Region,Banke,UNKNOWN,OTHER,0,0,0,0,25,0,0,0.0,False,,,,,,,,,,,,,,,True,True,True,True
desinventar-b105ac05-e820-4967-921e-cec3a059f180,UNDRR DesInventar Nepal,1979,8,8,Mid-Western Region,Banke,NEPALGANJ N.P.,OTHER,0,0,0,10,0,0,0,0.0,False,,,,,,,,,,,,,,,True,True,True,True
desinventar-3d600a7e-a005-48ea-842e-9bd5dfbe5b45,UNDRR DesInventar Nepal,1988,7,1,Far Western Region,Bajura,UNKNOWN,HEAVY RAINS,0,0,0,0,0,0,0,0.0,False,,,,,,,,,,,,,,,True,True,True,True
desinventar-d39d8cf6-28f0-4af9-ac9f-e385d2ad983e,UNDRR DesInventar Nepal,1979,8,11,Central Region,Kavre,UNKNOWN,LANDSLIDE,0,0,0,75,13,0,0,0.0,False,,,,,,,,,,,,,,,True,True,True,True
desinventar-cc802f6d-255c-46db-8f0b-992637700fc8,UNDRR DesInventar Nepal,1979,8,7,Western Region,Syangja,ARUKHARKA,OTHER,0,0,1,1160,0,0,0,0.0,False,,,,,,,,,,,,,,,True,True,True,True
desinventar-1925b157-0ac3-4c0e-a4de-4282b3ddb504,UNDRR DesInventar Nepal,1979,8,13,Western Region,Tanahu,UNKNOWN,OTHER,0,0,0,41,0,0,0,0.0,False,,,,,,,,,,,,,,,True,True,True,True
desinventar-746224b4-7863-4201-97bf-aad72f5a3ce8,UNDRR DesInventar Nepal,1991,9,30,Eastern Region,Jhapa,SATASIDHAM,HEAVY RAINS,0,0,0,0,0,0,0,0.0,False,,,,,,,,,,,,,,,True,True,True,True
desinventar-53ca2cbd-9124-4b59-b34c-5d32785e928f,UNDRR DesInventar Nepal,1988,7,4,Central Region,Mahotari,Ekrahiya,HEAVY RAINS,0,0,0,0,0,0,0,0.0,False,,,,,,,,,,,,,,,True,True,True,True
desinventar-3d577c80-7f25-4cc3-885e-2b5e0184d183,UNDRR DesInventar Nepal,1979,8,20,Central Region,Makwanpur,HADIKHOLA,RAIN,15,0,1,331,7,0,0,0.0,False,,,,,,,,,,,,,,,True,True,True,True
desinventar-53601416-e5a9-450e-a799-aa7b8fb5ad02,UNDRR DesInventar Nepal,1991,8,8,Eastern Region,Saptari,MOHANPUR,HEAVY RAINS,0,0,0,0,2,0,0,0.0,False,,,,,,,,,,,,,,,True,True,True,True
desinventar-72de99a3-c6af-4753-90a2-7b8716204c6f,UNDRR DesInventar Nepal,1988,7,4,Central Region,Mahotari,Parsa Dewad,HEAVY RAINS,0,0,0,0,0,0,0,0.0,False,,,,,,,,,,,,,,,True,True,True,True
desinventar-9415c875-dfba-4a3a-b41f-b31782b080b8,UNDRR DesInventar Nepal,1979,8,21,Central Region,Rautahat,UNKNOWN,OTHER,0,0,0,50000,500,0,0,0.0,False,,,,,,,,,,,,,,,True,True,True,True
desinventar-9f534897-4e4b-4888-8464-3bfc3aab0936,UNDRR DesInventar Nepal,1988,7,4,Central Region,Mahotari,Phulhara Parikali,HEAVY RAINS,0,0,0,0,0,0,0,0.0,True,,,,,,,,,,,,,,,True,True,True,True
desinventar-5a1242b3-3307-421e-b7e5-6fb4061831e1,UNDRR DesInventar Nepal,1979,8,27,Central Region,Makwanpur,HATIYA,HEAVY RAINS,0,0,0,0,8,0,0,0.0,False,,,,,,,,,,,,,,,True,True,True,True
desinventar-ed9344de-9f0e-4517-b694-3b16d66d9690,UNDRR DesInventar Nepal,1991,8,10,Western Region,Nawalparasi,SHIVAMANDIR,HEAVY RAINS,0,0,0,113,11,0,0,0.0,False,,,,,,,,,,,,,,,True,True,True,True
desinventar-b7ee055e-e96e-4d2d-96a4-1c487a2caa7c,UNDRR DesInventar Nepal,1979,8,27,Central Region,Chitawan,UNKNOWN,OTHER,0,0,0,0,7,0,0,0.0,False,,,,,,,,,,,,,,,True,True,True,True
desinventar-dc2d928d-e65f-443f-8b84-08c91af53463,UNDRR DesInventar Nepal,1991,8,20,Eastern Region,Saptari,JOGINIYA,HEAVY RAINS,0,0,0,974,0,0,0,0.0,False,,,,,,,,,,,,,,,True,True,True,True
desinventar-cca77edf-4301-48fd-a517-2b156927b955,UNDRR DesInventar Nepal,1991,10,20,Eastern Region,Jhapa,UNKNOWN,DESIGN ERROR,27,0,0,0,0,0,0,0.0,False,,,,,,,,,,,,,,,True,True,True,True
desinventar-b6173d75-c6c1-4a3f-b68c-be9ca78e2fa9,UNDRR DesInventar Nepal,1979,8,30,Mid-Western Region,Banke,UNKNOWN,OTHER,0,0,0,0,1,0,0,0.0,False,,,,,,,,,,,,,,,True,True,True,True
desinventar-b1d51cdf-b59c-4162-8fb8-b88edf20eae5,UNDRR DesInventar Nepal,1991,8,20,Eastern Region,Saptari,BARSAIN,HEAVY RAINS,0,0,0,157,0,12,0,0.0,False,,,,,,,,,,,,,,,True,True,True,True
desinventar-40da6bc1-a6a8-402a-ba7a-5efb0b9cdf9e,UNDRR DesInventar Nepal,1979,8,30,Central Region,Makwanpur,BHIMPHEDI,OTHER,0,0,0,0,0,0,0,0.0,False,,,,,,,,,,,,,,,True,True,True,True
desinventar-6fa57ab8-f75b-468a-b45f-ee7776775a37,UNDRR DesInventar Nepal,1988,7,4,Central Region,Mahotari,Ankar,HEAVY RAINS,0,0,0,0,0,0,0,0.0,False,,,,,,,,,,,,,,,True,True,True,True
desinventar-3a2bce20-c269-42f3-91c0-641ea43a0294,UNDRR DesInventar Nepal,1979,9,1,Eastern Region,Sunsari,UNKNOWN,OTHER,0,0,0,7,0,0,0,0.0,False,,,,,,,,,,,,,,,True,True,True,True
desinventar-e8d1c9fd-49f9-40a7-93f2-2095fc19d390,UNDRR DesInventar Nepal,1988,7,4,Central Region,Mahotari,Ekdara Bela,HEAVY RAINS,0,0,0,0,0,0,0,0.0,False,,,,,,,,,,,,,,,True,True,True,True
desinventar-f0f37dbc-0208-4e61-bb1f-8836eabe056e,UNDRR DesInventar Nepal,1979,8,31,Western Region,Syangja,PUTALIDHET NP,OTHER,0,0,0,0,2,0,0,0.0,False,,,,,,,,,,,,,,,True,True,True,True
desinventar-b1adbcd9-f57c-4144-bcc1-17b3593baf01,UNDRR DesInventar Nepal,1979,9,2,Central Region,Dhanusa,Raghunathpur,OTHER,0,0,0,0,13,0,0,0.0,False,,,,,,,,,,,,,,,True,True,True,True
desinventar-cc9901e8-2cbe-4157-8674-5c5ac673de46,UNDRR DesInventar Nepal,1979,9,3,Eastern Region,Saptari,TILATHI,OTHER,0,0,0,25,0,0,0,0.0,False,,,,,,,,,,,,,,,True,True,True,True
desinventar-2322d04c-3e80-4853-a1e5-2150b07d18a3,UNDRR DesInventar Nepal,1991,8,27,Central Region,Rautahat,UNKNOWN,HEAVY RAINS,0,0,0,0,0,0,0,0.0,False,,,,,,,,,,,,,,,True,True,True,True
desinventar-e41d0f43-7391-4522-9660-a3417a3b4c7a,UNDRR DesInventar Nepal,1979,9,3,Western Region,Tanahu,UNKNOWN,HEAVY RAINS,0,0,0,0,0,0,0,0.0,False,,,,,,,,,,,,,,,True,True,True,True
desinventar-6804679a-46dc-414d-883d-da113cdfcfc2,UNDRR DesInventar Nepal,1991,8,27,Central Region,Rautahat,UNKNOWN,HEAVY RAINS,0,0,0,0,0,0,0,0.0,False,,,,,,,,,,,,,,,True,True,True,True
desinventar-a5b6d356-0d2e-4b55-829f-9fb8a673ac4b,UNDRR DesInventar Nepal,1979,9,5,Western Region,Kaski,PURANCHAUR,HEAVY RAINS,0,0,0,0,0,0,0,0.0,False,,,,,,,,,,,,,,,True,True,True,True
desinventar-f48be8d2-3d7c-429a-8a5b-e4ad287ca097,UNDRR DesInventar Nepal,1991,8,27,Central Region,Rautahat,BASATPUR,HEAVY RAINS,0,0,0,0,0,0,0,0.0,False,,,,,,,,,,,,,,,True,True,True,True
desinventar-49d44488-3ac7-45b6-8a5e-ae349a2cdd85,UNDRR DesInventar Nepal,1979,9,5,Western Region,Lamjung,UNKNOWN,RAIN,0,0,0,0,0,0,0,0.0,False,,,,,,,,,,,,,,,True,True,True,True
desinventar-05527b6d-e4b9-4090-86af-5b58a368decf,UNDRR DesInventar Nepal,1991,8,27,Central Region,Rautahat,HAJMINIYA,HEAVY RAINS,0,0,0,0,0,0,0,0.0,False,,,,,,,,,,,,,,,True,True,True,True
desinventar-9db1d61a-55bb-4444-b08f-b610b781e05f,UNDRR DesInventar Nepal,1991,8,27,Central Region,Rautahat,POTHIYAHI,HEAVY RAINS,0,0,0,0,0,0,0,0.0,False,,,,,,,,,,,,,,,True,True,True,True
desinventar-ffbfc39f-e179-4c7e-b3c6-009e321e230c,UNDRR DesInventar Nepal,1991,8,27,Central Region,Rautahat,UNKNOWN,HEAVY RAINS,0,0,0,0,0,0,0,0.0,False,,,,,,,,,,,,,,,True,True,True,True
desinventar-1a09e4f3-f53c-4783-b2f6-f14731a82a83,UNDRR DesInventar Nepal,1979,9,11,Eastern Region,Morang,Jhurkiya,HEAVY RAINS,0,0,0,0,35,0,0,0.0,False,,,,,,,,,,,,,,,True,True,True,True
desinventar-40200880-0894-45e6-b0f1-c3bb7fc79d92,UNDRR DesInventar Nepal,1991,8,27,Central Region,Rautahat,BHALOHIYA,HEAVY RAINS,0,0,0,0,0,0,0,0.0,False,,,,,,,,,,,,,,,True,True,True,True
desinventar-c3e67569-e9f3-4815-9d60-9dd29b7055e0,UNDRR DesInventar Nepal,1979,9,11,Eastern Region,Jhapa,DAMAK MUN.,RAIN,0,0,0,0,8,0,0,0.0,False,,,,,,,,,,,,,,,True,True,True,True
desinventar-50a2fbee-a0f1-42ef-b944-9952cbb568b4,UNDRR DesInventar Nepal,1991,8,27,Central Region,Rautahat,PIPARA BHAGWANPUR,HEAVY RAINS,0,0,0,0,0,0,0,0.0,False,,,,,,,,,,,,,,,True,True,True,True
desinventar-a1cb8aed-d736-4a9e-b7e9-47d4f7821dd3,UNDRR DesInventar Nepal,1991,8,27,Central Region,Rautahat,TENGRAHA,HEAVY RAINS,0,0,0,0,0,0,0,0.0,False,,,,,,,,,,,,,,,True,True,True,True
desinventar-d3e64988-cac9-46ec-a418-9cd8369ce6eb,UNDRR DesInventar Nepal,1991,8,27,Central Region,Rautahat,BHAWANIPUR,HEAVY RAINS,0,0,0,0,0,0,0,0.0,False,,,,,,,,,,,,,,,True,True,True,True
desinventar-e016a457-3aec-4557-ba98-0b536eb4a6b3,UNDRR DesInventar Nepal,1991,8,27,Central Region,Rautahat,UNKNOWN,HEAVY RAINS,0,0,0,0,0,0,0,0.0,False,,,,,,,,,,,,,,,True,True,True,True
desinventar-9ac54512-f921-47a8-8aea-0a198e6736b7,UNDRR DesInventar Nepal,1991,8,27,Central Region,Rautahat,PHATUWA MAHESHPUR,HEAVY RAINS,0,0,0,0,0,0,0,0.0,False,,,,,,,,,,,,,,,True,True,True,True
desinventar-6b4d593e-090a-4777-a6df-c348b5add921,UNDRR DesInventar Nepal,1988,7,18,Mid-Western Region,Dang,SATBARIYA,HEAVY RAINS,1,0,0,0,0,0,0,0.0,False,,,,,,,,,,,,,,,True,True,True,True
desinventar-58c06ffa-1a93-4827-b75f-bf916cbdedac,UNDRR DesInventar Nepal,1991,8,27,Central Region,Rautahat,UNKNOWN,HEAVY RAINS,0,0,0,0,0,0,0,0.0,False,,,,,,,,,,,,,,,True,True,True,True
desinventar-8d441ec3-7291-41ca-82f5-8948caa0578d,UNDRR DesInventar Nepal,1991,8,27,Central Region,Rautahat,UNKNOWN,HEAVY RAINS,0,0,0,0,0,0,0,0.0,False,,,,,,,,,,,,,,,True,True,True,True
desinventar-ccb4b7b3-a992-426e-9f0d-83a3bb8a1abb,UNDRR DesInventar Nepal,1991,8,27,Central Region,Rautahat,UNKNOWN,HEAVY RAINS,0,0,0,0,0,0,0,0.0,False,,,,,,,,,,,,,,,True,True,True,True
desinventar-d784ddf5-9f64-4ba4-aa68-874b8468dff2,UNDRR DesInventar Nepal,1991,8,27,Central Region,Rautahat,BHASERWA,HEAVY RAINS,0,0,0,0,0,0,0,0.0,False,,,,,,,,,,,,,,,True,True,True,True
desinventar-90d87b3b-66fd-4122-b70a-22420f88c26a,UNDRR DesInventar Nepal,1988,7,15,Mid-Western Region,Jajarkot,Khalanga,HEAVY RAINS,0,0,0,0,0,0,0,0.0,False,,,,,,,,,,,,,,,True,True,True,True
desinventar-08a3e178-3c66-44bf-88a7-bf2fb951c791,UNDRR DesInventar Nepal,1991,8,27,Central Region,Rautahat,PHATUWA MAHESHPUR,HEAVY RAINS,0,0,0,0,0,0,0,0.0,False,,,,,,,,,,,,,,,True,True,True,True
desinventar-0f3afe30-d2e1-43d4-b663-5ed37468f4d9,UNDRR DesInventar Nepal,1991,8,27,Central Region,Rautahat,HARSAHA PHATUHA (B),HEAVY RAINS,0,0,0,0,0,0,0,0.0,False,,,,,,,,,,,,,,,True,True,True,True
desinventar-bf5cbd5c-6fb9-4d5a-b326-12dab0ad277b,UNDRR DesInventar Nepal,1991,8,27,Central Region,Rautahat,LAKSMINIYA,HEAVY RAINS,0,0,0,0,0,0,0,0.0,False,,,,,,,,,,,,,,,True,True,True,True
desinventar-cc6c2377-27a9-48f7-a714-352d7ef26990,UNDRR DesInventar Nepal,1988,7,16,Central Region,Sindhupalchoke,UNKNOWN,UNKNOWN,1,0,0,0,0,0,0,0.0,False,,,,,,,,,,,,,,,True,True,True,True
desinventar-a7098ee6-9a12-468a-b1bd-f904fe6e8f43,UNDRR DesInventar Nepal,1993,7,19,Central Region,Sindhuli,UNKNOWN,HEAVY RAINS,0,0,0,4880,66,65,0,0.0,False,,,,,,,,,,,,,,,True,True,True,True
desinventar-4e7330d1-e77d-49e0-80ec-8822e1aa4650,UNDRR DesInventar Nepal,1991,8,30,Mid-Western Region,Dang,DHIKPUR,HEAVY RAINS,0,0,0,0,0,0,0,0.0,False,,,,,,,,,,,,,,,True,True,True,True
desinventar-08fed960-dadf-42e2-882c-31726da79e62,UNDRR DesInventar Nepal,1988,7,23,Western Region,Syangja,PHEDIKHOLA,HEAVY RAINS,1,0,0,0,0,0,0,0.0,False,,,,,,,,,,,,,,,True,True,True,True
desinventar-fe6733eb-67e8-4707-8850-03e0819a1902,UNDRR DesInventar Nepal,1991,8,30,Mid-Western Region,Dang,LALMATIYA,HEAVY RAINS,0,0,0,0,0,0,0,0.0,False,,,,,,,,,,,,,,,True,True,True,True
desinventar-518ff06b-b34b-4e1c-958c-01d6dd17bef4,UNDRR DesInventar Nepal,1988,7,24,Eastern Region,Udayapur,UNKNOWN,HEAVY RAINS,0,0,0,0,0,0,0,0.0,True,,,,,,,,,,,,,,,True,True,True,True
desinventar-af2c1f21-12f3-4f96-83c3-a0f4f2763bd5,UNDRR DesInventar Nepal,1991,8,30,Mid-Western Region,Dang,SISAHNIYA,HEAVY RAINS,0,0,0,0,0,0,0,0.0,False,,,,,,,,,,,,,,,True,True,True,True
desinventar-726eef23-c682-4316-8af7-c8b0b36fddb2,UNDRR DesInventar Nepal,1991,8,30,Mid-Western Region,Dang,SONPUR,HEAVY RAINS,0,0,0,0,0,0,0,0.0,False,,,,,,,,,,,,,,,True,True,True,True
desinventar-40a2a2f9-49eb-415c-89ea-fd5fe8c9d09a,UNDRR DesInventar Nepal,1988,7,25,Western Region,Kapilbastu,UNKNOWN,HEAVY RAINS,0,0,0,0,0,0,0,0.0,False,,,,,,,,,,,,,,,True,True,True,True
desinventar-7a102bf9-6723-4de5-87e0-12e3fa3f0f22,UNDRR DesInventar Nepal,1991,8,30,Mid-Western Region,Dang,CHAILAHI,HEAVY RAINS,0,0,0,0,0,0,0,0.0,False,,,,,,,,,,,,,,,True,True,True,True
desinventar-4ca6ba2e-0bed-4033-adf0-8f6a02f66bec,UNDRR DesInventar Nepal,1991,8,30,Mid-Western Region,Dang,BIJAURI,HEAVY RAINS,0,0,0,0,0,0,0,0.0,False,,,,,,,,,,,,,,,True,True,True,True
desinventar-00388499-e4e2-4258-a7dc-59c2a92abe41,UNDRR DesInventar Nepal,1991,8,30,Mid-Western Region,Dang,BELA,HEAVY RAINS,0,0,0,0,0,0,0,0.0,True,,,,,,,,,,,,,,,True,True,True,True
desinventar-dc587eeb-2a07-4061-a054-9fbb5ae62843,UNDRR DesInventar Nepal,1988,7,25,Far Western Region,Kanchanpur,MAHENDRA NAGAR N.P.,HEAVY RAINS,0,0,0,0,0,0,0,0.0,False,,,,,,,,,,,,,,,True,True,True,True
desinventar-ba5e0b4c-9a24-4a88-b7f5-26d0fd5db871,UNDRR DesInventar Nepal,1988,7,25,Far Western Region,Kanchanpur,UNKNOWN,HEAVY RAINS,0,0,0,0,0,0,0,0.0,False,,,,,,,,,,,,,,,True,True,True,True
desinventar-76c6d99f-c2fa-49f8-8fb7-1aed66a82a4c,UNDRR DesInventar Nepal,1988,7,25,Far Western Region,Kanchanpur,UNKNOWN,HEAVY RAINS,0,0,0,0,0,0,0,0.0,False,,,,,,,,,,,,,,,True,True,True,True
desinventar-343e70e4-a19c-4806-8bdd-a81a981749ef,UNDRR DesInventar Nepal,1988,7,16,Eastern Region,Sunsari,Barahachhatra,HEAVY RAINS,0,0,0,0,0,0,0,0.0,False,,,,,,,,,,,,,,,True,True,True,True
desinventar-2dd6ba98-f328-4e92-bfeb-706aff0db941,UNDRR DesInventar Nepal,1993,7,20,Central Region,Rautahat,GAUR NP,HEAVY RAINS,3,0,0,3907,58,370,0,0.0,False,,,,,,,,,,,,,,,True,True,True,True
desinventar-65016475-36fa-403b-bb82-cf2555ad6276,UNDRR DesInventar Nepal,1992,7,8,Mid-Western Region,Jumla,UNKNOWN,HEAVY RAINS,1,0,0,0,1,0,0,0.0,False,,,,,,,,,,,,,,,True,True,True,True
desinventar-81fd48a0-06ff-43b6-8fba-7afd37f915d7,UNDRR DesInventar Nepal,1993,7,7,Mid-Western Region,Banke,RAJENA,HEAVY RAINS,1,1,0,0,0,0,0,0.0,False,,,,,,,,,,,,,,,True,True,True,True
desinventar-5d604275-3b4c-49b6-8bbf-648d9d70fe1e,UNDRR DesInventar Nepal,1992,7,30,Western Region,Manang,THOCHE,HEAVY RAINS,0,0,0,0,0,0,0,0.0,True,,,,,,,,,,,,,,,True,True,True,True
desinventar-f5ce4a20-e668-4981-a556-6ec10f037aef,UNDRR DesInventar Nepal,1993,7,18,Central Region,Dhading,NAUBISE,HEAVY RAINS,5,0,0,780,31,7,0,0.0,False,,,,,,,,,,,,,,,True,True,True,True
desinventar-47ac3a46-e46d-4eaa-b61d-a770271b44de,UNDRR DesInventar Nepal,1993,7,19,Central Region,Dhading,UNKNOWN,HEAVY RAINS,0,0,0,0,0,0,0,0.0,False,,,,,,,,,,,,,,,True,True,True,True
desinventar-41f99a05-d170-4d33-96b3-0c77e945d9d6,UNDRR DesInventar Nepal,1993,7,19,Central Region,Dhading,DARKHA,HEAVY RAINS,0,0,0,11,2,0,0,0.0,False,,,,,,,,,,,,,,,True,True,True,True
desinventar-450e09a7-780a-4ef2-9bf5-f41caa7e3f6e,UNDRR DesInventar Nepal,1993,7,19,Central Region,Makwanpur,DAMAN,HEAVY RAINS,22,0,0,5415,0,0,0,0.0,False,,,,,,,,,,,,,,,True,True,True,True
desinventar-fd2383ec-d1d9-452b-9975-ada95d8b02da,UNDRR DesInventar Nepal,1993,7,19,Central Region,Makwanpur,BHAISE,HEAVY RAINS,9,0,0,2820,44,135,0,0.0,False,,,,,,,,,,,,,,,True,True,True,True
desinventar-5f334732-e9fc-4012-b82a-5ed3ee31e764,UNDRR DesInventar Nepal,1993,7,19,Central Region,Dhanusa,Janakpur Municipality,HEAVY RAINS,0,0,0,0,4,30,0,0.0,False,,,,,,,,,,,,,,,True,True,True,True
desinventar-97526942-ac94-4cc7-99aa-c3548362e1d7,UNDRR DesInventar Nepal,1993,7,19,Central Region,Dhanusa,UNKNOWN,HEAVY RAINS,0,0,0,2000,0,0,0,0.0,False,,,,,,,,,,,,,,,True,True,True,True
desinventar-c6ebaa10-05de-4de8-9190-e156cff01371,UNDRR DesInventar Nepal,1993,7,19,Central Region,Chitawan,BHANDARA,HEAVY RAINS,21,0,0,64920,477,0,0,0.0,False,,,,,,,,,,,,,,,True,True,True,True
desinventar-948cab22-49a3-4e01-a193-aeead8a57d02,UNDRR DesInventar Nepal,1993,7,19,Central Region,Makwanpur,BHIMPHEDI,HEAVY RAINS,0,0,0,693,11,35,0,0.0,False,,,,,,,,,,,,,,,True,True,True,True
desinventar-2fea8977-aee1-477d-889d-934a2d89171a,UNDRR DesInventar Nepal,1993,7,19,Central Region,Dhading,UNKNOWN,HEAVY RAINS,0,0,0,49,4,5,0,0.0,False,,,,,,,,,,,,,,,True,True,True,True
desinventar-1ef2a8c5-34dd-47e7-96d8-bc170a262d13,UNDRR DesInventar Nepal,1993,7,19,Central Region,Dhading,BENIGHAT,HEAVY RAINS,0,0,0,43,8,0,0,0.0,False,,,,,,,,,,,,,,,True,True,True,True
desinventar-0e567c79-45ce-4af0-acd7-48b89e784d0f,UNDRR DesInventar Nepal,1993,7,20,Central Region,Sarlahi,KARMAIYA,HEAVY RAINS,178,0,0,2140,264,135,0,0.0,False,,,,,,,,,,,,,,,True,True,True,True
desinventar-e1de4ad0-5571-45a4-bcdd-1338c70967f9,UNDRR DesInventar Nepal,1993,7,21,Central Region,Sarlahi,BARAHATHAWA,HEAVY RAINS,81,0,0,5783,535,543,0,0.0,False,,,,,,,,,,,,,,,True,True,True,True
desinventar-2a8a0a68-c7b2-452e-bef7-5a59dc63e580,UNDRR DesInventar Nepal,1993,7,21,Central Region,Sarlahi,SHANKAPUR,HEAVY RAINS,237,0,0,4980,387,616,0,0.0,False,,,,,,,,,,,,,,,True,True,True,True
desinventar-0eeb50d8-6697-4fed-be98-a2077b850347,UNDRR DesInventar Nepal,1993,7,21,Central Region,Sarlahi,DHANKAUL (PA),HEAVY RAINS,0,50,0,1364,162,208,0,0.0,False,,,,,,,,,,,,,,,True,True,True,True
desinventar-68bfd761-a923-4465-93da-1954e4a8416b,UNDRR DesInventar Nepal,1992,8,23,Eastern Region,Terhathum,UNKNOWN,HEAVY RAINS,1,1,0,0,1,0,0,0.0,False,,,,,,,,,,,,,,,True,True,True,True
desinventar-d4cbf79a-da95-4c11-b785-fd8519351f54,UNDRR DesInventar Nepal,1993,7,21,Central Region,Kathmandu,KATHMANDU METROPOLITAN CITY,HEAVY RAINS,0,0,0,43,0,8,0,0.0,False,,,,,,,,,,,,,,,True,True,True,True
desinventar-f1d5bdd0-a008-4cbb-bd98-5cc5ac4072c2,UNDRR DesInventar Nepal,1993,7,21,Central Region,Sarlahi,UNKNOWN,HEAVY RAINS,0,0,0,0,0,0,0,300.0,True,,,,,,,,,,,,,,,True,True,True,True
desinventar-feee1ebe-59f9-4c51-811e-3631672ca49b,UNDRR DesInventar Nepal,1993,7,21,Central Region,Rautahat,CHANDRANIGAHPUR,HEAVY RAINS,8,0,0,4320,50,200,0,0.0,False,,,,,,,,,,,,,,,True,True,True,True
desinventar-b7e324a4-68ed-4f60-8efd-e0fb946a218b,UNDRR DesInventar Nepal,1993,7,21,Central Region,Bara,UNKNOWN,HEAVY RAINS,0,0,0,20000,23,0,0,0.0,True,,,,,,,,,,,,,,,True,True,True,True
desinventar-1459a83b-5adb-4109-beef-1207c6d15d0b,UNDRR DesInventar Nepal,1993,7,20,Central Region,Bara,HARDIYA (A),HEAVY RAINS,0,0,0,0,0,0,0,100.0,True,,,,,,,,,,,,,,,True,True,True,True
desinventar-c60556b3-94e2-49f3-90ec-a6a742395eb2,UNDRR DesInventar Nepal,1993,7,20,Central Region,Bara,NIJGADH,HEAVY RAINS,0,0,0,0,0,0,0,0.0,False,,,,,,,,,,,,,,,True,True,True,True
desinventar-d3053717-98b4-4887-9621-58101b1988af,UNDRR DesInventar Nepal,1993,7,22,Central Region,Mahotari,Gaushala,HEAVY RAINS,0,0,0,0,0,0,0,0.0,False,,,,,,,,,,,,,,,True,True,True,True
desinventar-27eaeeae-4c9f-4eaf-bb0b-362632a44360,UNDRR DesInventar Nepal,1993,7,20,Central Region,Mahotari,Kisan Nagar,HEAVY RAINS,0,0,0,2700,4,16,0,0.0,False,,,,,,,,,,,,,,,True,True,True,True
desinventar-39d3924e-35a8-4dd2-b921-fb3b42901e87,UNDRR DesInventar Nepal,1993,7,18,Central Region,Mahotari,Bardibas,HEAVY RAINS,0,0,0,0,0,0,0,0.0,False,,,,,,,,,,,,,,,True,True,True,True
desinventar-63f00ee5-222a-47c8-84fb-657dd805ef27,UNDRR DesInventar Nepal,1993,7,20,Eastern Region,Jhapa,DAMAK MUN.,HEAVY RAINS,0,0,0,76,4,0,0,0.0,False,,,,,,,,,,,,,,,True,True,True,True
desinventar-a7567eb8-0b0b-4982-9070-f7be6d9225c3,UNDRR DesInventar Nepal,1993,7,19,Central Region,Lalitpur,Lamatar,HEAVY RAINS,0,2,0,0,5,0,0,0.0,False,,,,,,,,,,,,,,,True,True,True,True
desinventar-50d3ab22-b0bd-4a52-8871-991a07178654,UNDRR DesInventar Nepal,1993,7,22,Central Region,Kathmandu,UNKNOWN,HEAVY RAINS,0,0,0,0,0,0,0,0.0,False,,,,,,,,,,,,,,,True,True,True,True
desinventar-2280685c-4d8b-4c8e-b8b4-9ab73381af66,UNDRR DesInventar Nepal,1993,7,20,Central Region,Dhanusa,Tulsi,HEAVY RAINS,0,0,0,0,0,0,0,0.0,False,,,,,,,,,,,,,,,True,True,True,True
desinventar-577a05fb-318f-438a-9c03-d789cfc6f364,UNDRR DesInventar Nepal,1993,7,21,Central Region,Sindhuli,Hatpate,HEAVY RAINS,0,0,0,2680,20,10,0,0.0,False,,,,,,,,,,,,,,,True,True,True,True
desinventar-1408281f-cc8b-4009-b2da-f1c656de636c,UNDRR DesInventar Nepal,1993,7,20,Central Region,Sarlahi,PATHARKOT,HEAVY RAINS,1,0,0,279,15,28,0,0.0,False,,,,,,,,,,,,,,,True,True,True,True
desinventar-49368fa0-51db-4f3f-9b9d-bb1244962fda,UNDRR DesInventar Nepal,1993,7,21,Central Region,Chitawan,KHAIRAHANI,HEAVY RAINS,21,0,0,64920,477,0,0,0.0,True,,,,,,,,,,,,,,,True,True,True,True
desinventar-3cb3ce77-8aba-4de9-86f4-31d0a79d0052,UNDRR DesInventar Nepal,1993,8,2,Central Region,Kathmandu,KATHMANDU METROPOLITAN CITY,OTHER,0,0,0,0,1,0,0,0.0,False,,,,,,,,,,,,,,,True,True,True,True
desinventar-e15f4f22-aae2-4f8d-9a20-be30ff67e763,UNDRR DesInventar Nepal,1994,5,13,Mid-Western Region,Kalikot,UNKNOWN,HEAVY RAINS,4,0,0,0,0,0,0,0.0,False,,,,,,,,,,,,,,,True,True,True,True
desinventar-029d2c23-6912-4e5b-b4fe-4e80143251c2,UNDRR DesInventar Nepal,1992,10,15,Central Region,Sarlahi,HARIPUR,RAIN,0,0,0,0,0,0,0,0.0,False,,,,,,,,,,,,,,,True,True,True,True
desinventar-dc81c1f0-d744-4e80-b305-be3ff5d7d85c,UNDRR DesInventar Nepal,1993,8,8,Mid-Western Region,Dailekh,UNKNOWN,HEAVY RAINS,0,0,0,0,0,0,0,0.0,False,,,,,,,,,,,,,,,True,True,True,True
desinventar-ef8971b4-08c9-4430-973d-97432e00ec64,UNDRR DesInventar Nepal,1993,8,10,Mid-Western Region,Banke,BETAHANI,HEAVY RAINS,0,0,0,0,64,0,0,824.0,True,,,,,,,,,,,,,,,True,True,True,True
desinventar-6bd1c390-102f-42b0-85e5-e31c5d35c9e9,UNDRR DesInventar Nepal,1993,8,10,Mid-Western Region,Banke,BANAKATTI,HEAVY RAINS,0,0,0,162,14,0,0,0.0,False,,,,,,,,,,,,,,,True,True,True,True
desinventar-4e1ad5b2-3c89-4c01-9019-87b18257c762,UNDRR DesInventar Nepal,1993,8,10,Mid-Western Region,Banke,HOLIA,HEAVY RAINS,0,0,0,248,13,0,0,0.0,False,,,,,,,,,,,,,,,True,True,True,True
desinventar-883efa49-6e83-49a0-a483-07edb803a2f9,UNDRR DesInventar Nepal,1993,8,10,Mid-Western Region,Banke,KAMDI,HEAVY RAINS,0,0,0,135,8,0,0,0.0,False,,,,,,,,,,,,,,,True,True,True,True
desinventar-dd34d658-a6bc-4683-a420-72cf88d0770e,UNDRR DesInventar Nepal,1993,8,10,Mid-Western Region,Banke,MANIKAPUR,HEAVY RAINS,0,0,0,113,6,0,0,0.0,False,,,,,,,,,,,,,,,True,True,True,True
desinventar-6fbab713-88e2-4ced-8f6f-754ec3f646d9,UNDRR DesInventar Nepal,1993,8,10,Mid-Western Region,Banke,SAMSERGANJ,HEAVY RAINS,0,0,0,315,36,0,0,0.0,False,,,,,,,,,,,,,,,True,True,True,True
desinventar-78dc8994-cc0f-4342-a8c0-0d539a5b820a,UNDRR DesInventar Nepal,1993,8,10,Mid-Western Region,Banke,KOHALPUR,HEAVY RAINS,0,0,0,270,21,0,0,0.0,False,,,,,,,,,,,,,,,True,True,True,True
desinventar-12d24cf1-697a-4494-ba40-30c82d8d6240,UNDRR DesInventar Nepal,1993,8,5,Eastern Region,Jhapa,PATHAMARI,HEAVY RAINS,0,0,0,0,0,0,0,0.0,False,,,,,,,,,,,,,,,True,True,True,True
desinventar-d93c00a3-3d6a-4f85-93f6-a8ceee3c1dc8,UNDRR DesInventar Nepal,1993,8,4,Eastern Region,Jhapa,MAHABHARA,HEAVY RAINS,0,0,0,18,1,0,0,0.0,False,,,,,,,,,,,,,,,True,True,True,True
desinventar-0e5e4c9c-bce3-4e4d-8a21-5bf6c229c637,UNDRR DesInventar Nepal,1993,8,5,Eastern Region,Jhapa,SHIVAGANJ,HEAVY RAINS,0,0,0,0,0,0,0,0.0,False,,,,,,,,,,,,,,,True,True,True,True
desinventar-6bda11f5-2db6-472d-8269-94e3ee1239d4,UNDRR DesInventar Nepal,1993,8,5,Far Western Region,Kailali,BELADEVIPUR,HEAVY RAINS,2,0,0,0,0,0,0,0.0,False,,,,,,,,,,,,,,,True,True,True,True
desinventar-af20c164-d883-41a8-a0fc-017008415a84,UNDRR DesInventar Nepal,1993,7,19,Central Region,Makwanpur,HETAUDA MUNICIPALITY,HEAVY RAINS,0,0,0,205,21,13,0,0.0,False,,,,,,,,,,,,,,,True,True,True,True
desinventar-b74c1b26-0717-4530-bc47-c21064c4ff90,UNDRR DesInventar Nepal,1993,7,19,Central Region,Makwanpur,AGRA,HEAVY RAINS,39,0,0,5719,99,863,0,0.0,False,,,,,,,,,,,,,,,True,True,True,True
desinventar-fc36f453-3452-46b9-999c-69a488190c6e,UNDRR DesInventar Nepal,1993,8,18,Eastern Region,Sunsari,UNKNOWN,HEAVY RAINS,0,0,0,0,0,0,0,0.0,False,,,,,,,,,,,,,,,True,True,True,True
desinventar-80243626-e36e-4297-9549-aebb663e48d9,UNDRR DesInventar Nepal,1993,8,19,Eastern Region,Saptari,BADAGAMA,HEAVY RAINS,0,0,0,0,0,0,0,0.0,False,,,,,,,,,,,,,,,True,True,True,True
desinventar-d77f5587-441d-4c8b-9726-997b3af12cd1,UNDRR DesInventar Nepal,1993,5,12,Central Region,Sindhuli,Hariharpur Gadhi,HEAVY RAINS,0,0,0,0,0,0,0,0.0,False,,,,,,,,,,,,,,,True,True,True,True
desinventar-be933b60-f965-4329-b39e-37895dfb6964,UNDRR DesInventar Nepal,1994,5,24,Eastern Region,Siraha,Radhopur,UNKNOWN,1,0,2,0,0,0,0,0.0,False,,,,,,,,,,,,,,,True,True,True,True
desinventar-e1a8da55-d74f-4f40-ab08-e0333d9d8212,UNDRR DesInventar Nepal,1993,8,22,Eastern Region,Saptari,UNKNOWN,HEAVY RAINS,0,0,0,0,0,0,0,0.0,False,,,,,,,,,,,,,,,True,True,True,True
desinventar-ba576f36-5400-4c26-bd7b-82bea5727fa8,UNDRR DesInventar Nepal,1993,8,22,Eastern Region,Saptari,BAKDHUWA,HEAVY RAINS,0,0,0,0,0,0,0,0.0,False,,,,,,,,,,,,,,,True,True,True,True
desinventar-0e3e6f42-0786-4f93-9244-673545a200b3,UNDRR DesInventar Nepal,1993,8,22,Eastern Region,Saptari,INARWA,HEAVY RAINS,0,0,0,1125,15,0,0,0.0,False,,,,,,,,,,,,,,,True,True,True,True
desinventar-8f1d6366-c5de-43a2-91fe-f39ee47aefe0,UNDRR DesInventar Nepal,1993,8,22,Eastern Region,Saptari,UNKNOWN,HEAVY RAINS,0,0,0,124,0,0,0,0.0,False,,,,,,,,,,,,,,,True,True,True,True
desinventar-0ef233c9-b5e3-4464-ae88-968f6d4d361e,UNDRR DesInventar Nepal,1993,8,22,Eastern Region,Saptari,BANAULI,HEAVY RAINS,0,0,0,248,10,0,0,0.0,False,,,,,,,,,,,,,,,True,True,True,True
desinventar-b0682716-8903-4f0c-a251-0c48863da340,UNDRR DesInventar Nepal,1994,6,23,Mid-Western Region,Banke,MAHADEVPURI,HEAVY RAINS,0,1,3,0,0,0,0,0.0,False,,,,,,,,,,,,,,,True,True,True,True
desinventar-f8389d1e-5bcd-4cd4-bb49-ed72a61eebb6,UNDRR DesInventar Nepal,1994,6,21,Mid-Western Region,Jajarkot,UNKNOWN,HEAVY RAINS,0,0,0,0,10,0,0,0.0,False,,,,,,,,,,,,,,,True,True,True,True
desinventar-6ba9687d-b24f-436d-bc02-fe1ffd3d8c2d,UNDRR DesInventar Nepal,1988,8,3,Mid-Western Region,Bardiya,MANAU,FLOOD,0,0,0,0,0,0,0,0.0,True,,,,,,,,,,,,,,,True,True,True,True
desinventar-9eeb80f5-b3dc-4fc3-a040-3ac7292bc0ae,UNDRR DesInventar Nepal,1988,8,3,Mid-Western Region,Bardiya,UNKNOWN,FLOOD,0,0,0,0,0,0,0,0.0,False,,,,,,,,,,,,,,,True,True,True,True
desinventar-95e887f3-5346-416f-af12-81a3a9f5f427,UNDRR DesInventar Nepal,1988,7,11,Central Region,Chitawan,GUNJA NAGAR,FLOOD,0,0,0,505,87,0,0,0.0,False,,,,,,,,,,,,,,,True,True,True,True
desinventar-c988effb-b3bb-4957-b81f-bf84f7ffe2e7,UNDRR DesInventar Nepal,1988,8,5,Western Region,Manang,CHAME,FLOOD,0,0,0,0,0,0,0,0.0,True,,,,,,,,,,,,,,,True,True,True,True
desinventar-2707888e-4f3b-4a8f-b960-ac4955bca521,UNDRR DesInventar Nepal,1988,8,23,Eastern Region,Saptari,HANUMAN NAGAR,OTHER,0,0,0,0,0,0,0,0.0,False,,,,,,,,,,,,,,,True,True,True,True
desinventar-17d3bdfb-453a-4a8f-b4ef-70b9fe3ba13f,UNDRR DesInventar Nepal,1988,8,23,Far Western Region,Kailali,DANSINHAPUR,FLOOD,0,0,0,500,0,0,0,0.0,False,,,,,,,,,,,,,,,True,True,True,True
desinventar-b00bf64c-92c9-4ed7-b33b-3ddac1bba884,UNDRR DesInventar Nepal,2009,8,20,Far Western Region,Doti,UNKNOWN,HEAVY RAINS,1,0,1,0,60,0,0,0.0,False,,,,,,,,,,,,,,,True,True,True,True
desinventar-6cd5a346-5263-426f-908f-219e9ce1a438,UNDRR DesInventar Nepal,1988,8,28,Eastern Region,Jhapa,SHIVAGANJ,FLOOD,0,0,0,308,0,0,0,0.0,False,,,,,,,,,,,,,,,True,True,True,True
desinventar-4322658a-ac27-46eb-9308-d61eb7a1df7e,UNDRR DesInventar Nepal,1988,8,28,Eastern Region,Jhapa,SHARANMATI,FLOOD,0,0,0,0,15,0,0,0.0,False,,,,,,,,,,,,,,,True,True,True,True
desinventar-b16a4dd4-47dd-46fc-841e-ee66460a01b9,UNDRR DesInventar Nepal,1988,8,28,Eastern Region,Jhapa,SURUNGA,TECHNICAL FAILU,0,0,0,0,0,0,0,0.0,False,,,,,,,,,,,,,,,True,True,True,True
desinventar-463c5a2a-9757-4b7c-aae0-b2199be644d7,UNDRR DesInventar Nepal,1988,9,12,Western Region,Myagdi,SINGHA,FLOOD,0,0,0,0,0,8,0,0.0,False,,,,,,,,,,,,,,,True,True,True,True
desinventar-2fd7eeb6-42fd-4bad-9452-56e12cea878b,UNDRR DesInventar Nepal,1988,9,12,Western Region,Myagdi,PULACHAUR,FLOOD,0,0,0,0,0,1,0,0.0,False,,,,,,,,,,,,,,,True,True,True,True
desinventar-c4e1783a-2674-42cc-8f89-04ecd0fdc153,UNDRR DesInventar Nepal,1988,9,12,Eastern Region,Solukhumbu,Namche,FLOOD,0,0,0,0,0,0,0,0.0,True,,,,,,,,,,,,,,,True,True,True,True
desinventar-acd04131-d876-48ad-b2f3-fa414fd0bd57,UNDRR DesInventar Nepal,1993,8,10,Central Region,Rautahat,DHARMAPUR,UNKNOWN,0,0,0,0,22,0,1000,0.0,False,,,,,,,,,,,,,,,True,True,True,True
desinventar-ebe92eee-576e-4e40-b81f-d365d21d27c0,UNDRR DesInventar Nepal,1993,8,10,Western Region,Nawalparasi,TRIBENI_SUSTA,UNKNOWN,0,0,0,189,0,0,0,0.0,False,,,,,,,,,,,,,,,True,True,True,True
desinventar-1ba2f528-0388-4892-91ba-2568203aac28,UNDRR DesInventar Nepal,1993,8,10,Central Region,Mahotari,Dhirapur,UNKNOWN,0,0,0,1323,4,0,0,0.0,False,,,,,,,,,,,,,,,True,True,True,True
desinventar-0d76e4cb-7895-430f-a11c-86b5110ccf1a,UNDRR DesInventar Nepal,1993,8,22,Eastern Region,Saptari,BHANGAHA,HEAVY RAINS,0,0,0,1960,0,0,0,0.0,False,,,,,,,,,,,,,,,True,True,True,True
desinventar-5066424d-4ece-4732-8581-bc330cacc981,UNDRR DesInventar Nepal,1993,8,22,Eastern Region,Saptari,RAJBIRAJ MUNICIPALITY,HEAVY RAINS,0,0,0,0,0,0,0,0.0,False,,,,,,,,,,,,,,,True,True,True,True
desinventar-3a03ff77-c95c-4718-ace9-0280bd2d8bbc,UNDRR DesInventar Nepal,1993,8,22,Eastern Region,Jhapa,MECHI MUN.,HEAVY RAINS,0,0,0,0,0,0,0,0.0,False,,,,,,,,,,,,,,,True,True,True,True
desinventar-95fab3f4-08ba-41df-b0d8-45c51d9e5f7a,UNDRR DesInventar Nepal,1993,8,24,Western Region,Kaski,LACHOK,HEAVY RAINS,0,0,0,0,0,0,0,0.0,False,,,,,,,,,,,,,,,True,True,True,True
desinventar-eff621bd-2ebf-4c50-8262-34a034c17db9,UNDRR DesInventar Nepal,1993,8,23,Central Region,Bara,AMLEKHGANJ,HEAVY RAINS,0,0,0,0,0,0,0,0.0,True,,,,,,,,,,,,,,,True,True,True,True
desinventar-47005993-10e5-4861-ac05-0f67f07e4b08,UNDRR DesInventar Nepal,1993,7,16,Western Region,Nawalparasi,PRASAUNI,HEAVY RAINS,1,0,0,0,0,0,0,0.0,False,,,,,,,,,,,,,,,True,True,True,True
desinventar-69cf408f-14d5-4020-8e1c-09320f0b6a94,UNDRR DesInventar Nepal,1993,8,23,Western Region,Nawalparasi,BHUJAHAWA,HEAVY RAINS,1,0,0,0,0,0,0,0.0,False,,,,,,,,,,,,,,,True,True,True,True
desinventar-d85da18a-c4de-4682-9fec-19228553a757,UNDRR DesInventar Nepal,1993,8,22,Central Region,Bara,UNKNOWN,HEAVY RAINS,0,0,0,0,0,0,0,0.0,False,,,,,,,,,,,,,,,True,True,True,True
desinventar-5305a409-8a31-45af-9f3f-beb28ea6a06c,UNDRR DesInventar Nepal,1993,8,11,Central Region,Kavre,UNKNOWN,HEAVY RAINS,0,0,0,0,0,0,0,0.0,True,,,,,,,,,,,,,,,True,True,True,True
desinventar-4adcc4c6-c4b5-49c1-965a-1bcb1b10bc05,UNDRR DesInventar Nepal,1993,8,11,Central Region,Kavre,POKHARI NARANSTHAN,HEAVY RAINS,0,0,0,0,0,0,0,600.0,True,,,,,,,,,,,,,,,True,True,True,True
desinventar-b02648a3-4aa9-48b2-ab0d-ecc4cc86e1dc,UNDRR DesInventar Nepal,1994,9,1,Central Region,Bhaktapur,MADHYAPUR THIMI,HEAVY RAINS,0,0,0,0,0,0,0,0.0,False,,,,,,,,,,,,,,,True,True,True,True
desinventar-593142b9-5be4-45e5-8fea-93cce07704c4,UNDRR DesInventar Nepal,1994,9,3,Central Region,Kathmandu,UNKNOWN,HEAVY RAINS,0,0,0,0,0,0,0,0.0,False,,,,,,,,,,,,,,,True,True,True,True
desinventar-c40a9e14-4b39-4474-8f90-e10a6ceb123f,UNDRR DesInventar Nepal,1994,9,12,Central Region,Parsa,Mahadevpatti,HEAVY RAINS,0,0,0,50,10,0,0,0.0,False,,,,,,,,,,,,,,,True,True,True,True
desinventar-1bc29ee1-af88-4f1d-96ef-e46741e8b081,UNDRR DesInventar Nepal,1994,9,25,Central Region,Nuwakot,BIDUR MUNICIPALITY,HEAVY RAINS,1,0,0,0,0,0,0,0.0,False,,,,,,,,,,,,,,,True,True,True,True
desinventar-59ed787e-f4b7-4a7c-9367-be3b416d1beb,UNDRR DesInventar Nepal,1994,7,14,Mid-Western Region,Jajarkot,Dhime,HEAVY RAINS,1,0,0,0,0,0,0,0.0,False,,,,,,,,,,,,,,,True,True,True,True
desinventar-2038aaad-ad2b-4c9b-8d4f-c8fcdea31241,UNDRR DesInventar Nepal,1994,8,2,Far Western Region,Bajhang,Luyanta,HEAVY RAINS,0,0,0,0,0,0,0,0.0,False,,,,,,,,,,,,,,,True,True,True,True
desinventar-2ce69e5d-b544-48f0-ae62-20c5d36a9d10,UNDRR DesInventar Nepal,1994,8,2,Far Western Region,Baitadi,BHUMESWOR,HEAVY RAINS,0,0,0,0,1,0,0,0.0,False,,,,,,,,,,,,,,,True,True,True,True
desinventar-81be66f0-e682-4193-9676-a7a662567f45,UNDRR DesInventar Nepal,1994,8,9,Central Region,Nuwakot,UNKNOWN,HEAVY RAINS,0,0,0,0,3,0,0,0.0,True,,,,,,,,,,,,,,,True,True,True,True
desinventar-867c163e-d513-4db0-a653-ed52041cf0ce,UNDRR DesInventar Nepal,1994,8,8,Western Region,Tanahu,KHAIRENITAR,HEAVY RAINS,0,1,0,0,0,0,0,0.0,False,,,,,,,,,,,,,,,True,True,True,True
desinventar-51bcef2b-a97b-4ace-a10e-a1cc1f06f1be,UNDRR DesInventar Nepal,1994,8,23,Mid-Western Region,Jajarkot,Rokayagaun,HEAVY RAINS,0,0,0,0,0,0,0,0.0,False,,,,,,,,,,,,,,,True,True,True,True
desinventar-bdaa82c3-8314-4d99-9b46-e7d23d0e728c,UNDRR DesInventar Nepal,1994,8,24,Western Region,Mustang,CHHOSER,HEAVY RAINS,0,0,0,0,0,0,0,0.0,False,,,,,,,,,,,,,,,True,True,True,True
desinventar-ac569270-4c5a-490d-9308-82c5f5a135f6,UNDRR DesInventar Nepal,1988,9,14,Eastern Region,Ilam,UNKNOWN,HEAVY RAINS,0,0,0,0,0,0,0,0.0,False,,,,,,,,,,,,,,,True,True,True,True
desinventar-7e70cbf4-d651-4a17-ba6c-47d4bd9f3ae9,UNDRR DesInventar Nepal,1988,9,16,Eastern Region,Siraha,UNKNOWN,HEAVY RAINS,0,0,0,0,0,0,0,0.0,True,,,,,,,,,,,,,,,True,True,True,True
desinventar-422cfb27-9e30-4cbf-b1cf-8fc975731087,UNDRR DesInventar Nepal,1993,5,28,Eastern Region,Khotang,Dhitutanga,HEAVY RAINS,1,0,0,0,0,0,0,0.0,False,,,,,,,,,,,,,,,True,True,True,True
desinventar-80f82401-a37f-4901-ba3b-5b09cea4703f,UNDRR DesInventar Nepal,1988,9,21,Eastern Region,Ilam,DANABARI,HEAVY RAINS,0,0,0,0,0,0,0,0.0,False,,,,,,,,,,,,,,,True,True,True,True
desinventar-8530db81-62b8-4467-bbbe-4b8495cdf009,UNDRR DesInventar Nepal,1988,9,22,Western Region,Nawalparasi,UNKNOWN,HEAVY RAINS,0,0,0,0,0,0,0,0.0,False,,,,,,,,,,,,,,,True,True,True,True
desinventar-bb5dd4c2-a5be-4193-8859-a100f4cb6533,UNDRR DesInventar Nepal,1993,6,6,Central Region,Nuwakot,OKHARPAUWA,HEAVY RAINS,0,0,0,0,0,0,0,0.0,False,,,,,,,,,,,,,,,True,True,True,True
desinventar-27061921-06d0-40c7-a52f-5a76e0e66c19,UNDRR DesInventar Nepal,1993,6,18,Central Region,Dolakha,Marbu,HEAVY RAINS,0,2,1,0,1,0,0,0.0,False,,,,,,,,,,,,,,,True,True,True,True
desinventar-a6ca3be0-4158-496a-b315-65d9c3233c11,UNDRR DesInventar Nepal,1993,6,18,Central Region,Ramechhap,Chuchure,HEAVY RAINS,0,0,0,0,0,0,0,0.0,True,,,,,,,,,,,,,,,True,True,True,True
desinventar-ca261771-73d5-4e72-a0b9-a970bf9ab4ee,UNDRR DesInventar Nepal,1995,6,4,Eastern Region,Jhapa,DAMAK MUN.,HEAVY RAINS,0,0,4,0,0,0,0,0.0,False,,,,,,,,,,,,,,,True,True,True,True
desinventar-c1d2e62a-890b-4fe8-9e5b-f6738663c88a,UNDRR DesInventar Nepal,1995,6,18,Eastern Region,Sankhuwasabha,Chepuwa,OTHER,1,1,0,0,0,0,0,0.0,False,,,,,,,,,,,,,,,True,True,True,True
desinventar-a19c0786-a4a7-4584-8e77-1416f504b087,UNDRR DesInventar Nepal,1995,8,22,Far Western Region,Doti,DAUD,HEAVY RAINS,0,1,0,0,1,0,0,0.0,False,,,,,,,,,,,,,,,True,True,True,True
desinventar-e144aa02-213b-4abf-b165-2ac86280a71f,UNDRR DesInventar Nepal,1993,9,3,Mid-Western Region,Banke,UNKNOWN,HEAVY RAINS,0,0,0,0,0,0,0,0.0,False,,,,,,,,,,,,,,,True,True,True,True
desinventar-9d41ab5b-945a-4b37-8e44-1d74f7963021,UNDRR DesInventar Nepal,1995,6,18,Central Region,Kathmandu,KATHMANDU METROPOLITAN CITY,HEAVY RAINS,0,0,0,0,0,5,0,0.0,False,,,,,,,,,,,,,,,True,True,True,True
desinventar-eb585ebe-2d2f-4753-a603-39c254d51890,UNDRR DesInventar Nepal,1993,9,5,Far Western Region,Kanchanpur,DODHAR,HEAVY RAINS,0,0,0,0,0,0,0,0.0,False,,,,,,,,,,,,,,,True,True,True,True
desinventar-d9133214-8a1f-41db-bad8-4bdc262eb250,UNDRR DesInventar Nepal,1993,9,9,Western Region,Arghakanchi,BAGI,HEAVY RAINS,1,0,0,0,1,0,0,0.0,False,,,,,,,,,,,,,,,True,True,True,True
desinventar-79ee2955-c30d-4497-96e2-5f1dcb109a16,UNDRR DesInventar Nepal,1993,9,9,Western Region,Arghakanchi,DHIKURA,HEAVY RAINS,0,0,0,0,0,0,0,0.0,False,,,,,,,,,,,,,,,True,True,True,True
desinventar-55495a4c-a6a9-440e-b70e-a17edaad6d1e,UNDRR DesInventar Nepal,1993,9,11,Far Western Region,Kanchanpur,CHANDANI,HEAVY RAINS,0,0,0,0,7,0,0,0.0,False,,,,,,,,,,,,,,,True,True,True,True
desinventar-c640b537-9077-4912-a693-786f7e297bd3,UNDRR DesInventar Nepal,1995,7,7,Western Region,Syangja,KICHANAS,HEAVY RAINS,0,0,2,0,3,0,0,0.0,False,,,,,,,,,,,,,,,True,True,True,True
desinventar-167d5d74-1ead-4ec1-b6b6-400b8f48df2a,UNDRR DesInventar Nepal,1993,9,11,Far Western Region,Kanchanpur,MAHENDRA NAGAR N.P.,HEAVY RAINS,0,0,0,180,15,35,0,0.0,False,,,,,,,,,,,,,,,True,True,True,True
desinventar-67b114fc-409a-4259-a447-a88a9b6e9413,UNDRR DesInventar Nepal,1995,7,9,Western Region,Syangja,UNKNOWN,HEAVY RAINS,2,0,2,0,0,0,0,0.0,False,,,,,,,,,,,,,,,True,True,True,True
desinventar-04ea9620-c51b-420b-9ada-c94649d2b708,UNDRR DesInventar Nepal,1995,7,9,Western Region,Baglung,MALMA,HEAVY RAINS,0,0,0,0,0,0,0,0.0,False,,,,,,,,,,,,,,,True,True,True,True
desinventar-f35f4803-f4ea-4525-9619-41de19e99678,UNDRR DesInventar Nepal,1995,7,12,Central Region,Chitawan,MEGHAULI,OTHER,0,0,0,0,0,0,0,0.0,False,,,,,,,,,,,,,,,True,True,True,True
desinventar-8034f1b2-ce49-4813-bbc0-dc3851dffbad,UNDRR DesInventar Nepal,1993,9,11,Far Western Region,Kanchanpur,RAUTELI BICHAWA,HEAVY RAINS,0,0,0,3920,0,0,0,0.0,False,,,,,,,,,,,,,,,True,True,True,True
desinventar-cc71ad77-4178-46ff-a0ff-8fa422509ab7,UNDRR DesInventar Nepal,1995,8,9,Western Region,Kaski,CHAPAKOT,HEAVY RAINS,1,0,0,0,0,0,0,0.0,False,,,,,,,,,,,,,,,True,True,True,True
desinventar-1d350111-1ebb-4f70-a3bb-95ced9af4b7d,UNDRR DesInventar Nepal,1995,7,2,Western Region,Nawalparasi,UNKNOWN,HEAVY RAINS,0,0,0,335,2,0,0,0.0,True,,,,,,,,,,,,,,,True,True,True,True
desinventar-3ccc7da5-670b-4b4e-ae9c-64c53e3f2220,UNDRR DesInventar Nepal,1993,8,28,Central Region,Bara,UNKNOWN,HEAVY RAINS,0,0,0,0,0,0,0,0.0,False,,,,,,,,,,,,,,,True,True,True,True
desinventar-d0b6e918-8cf2-4c09-9068-47e1353a16ae,UNDRR DesInventar Nepal,1995,7,20,Western Region,Parbat,RANIPANI,HEAVY RAINS,0,0,4,0,0,6,0,0.0,False,,,,,,,,,,,,,,,True,True,True,True
desinventar-d7338084-1ca4-4b06-adf3-2641f370c205,UNDRR DesInventar Nepal,1995,7,20,Western Region,Parbat,TRIBENI,HEAVY RAINS,0,0,0,0,0,0,0,0.0,False,,,,,,,,,,,,,,,True,True,True,True
desinventar-6d93598c-d4c2-4309-abce-0c6d067cdaba,UNDRR DesInventar Nepal,1995,7,20,Western Region,Syangja,ARJUN CAHUPARI,HEAVY RAINS,0,0,0,0,3,0,0,0.0,False,,,,,,,,,,,,,,,True,True,True,True
desinventar-2ba81698-065c-48bd-858c-e07628321d3d,UNDRR DesInventar Nepal,1995,7,23,Western Region,Syangja,DARSIN DAHATHUM,HEAVY RAINS,2,0,3,0,4,0,0,0.0,False,,,,,,,,,,,,,,,True,True,True,True
desinventar-618e541a-ce36-444b-9703-d8b7bb7fe1f6,UNDRR DesInventar Nepal,1993,9,4,Eastern Region,Saptari,JAGINIYA 2,HEAVY RAINS,0,0,0,0,0,0,0,0.0,False,,,,,,,,,,,,,,,True,True,True,True
desinventar-7660abca-0b81-429c-9db0-c04b0bc46041,UNDRR DesInventar Nepal,1995,7,27,Eastern Region,Dhankuta,UNKNOWN,HEAVY RAINS,5,0,0,0,0,0,0,0.0,False,,,,,,,,,,,,,,,True,True,True,True
desinventar-89656dd3-7960-4648-923e-79dea6e5f482,UNDRR DesInventar Nepal,1995,8,6,Western Region,Kaski,POKHARA_SMP,HEAVY RAINS,0,0,0,0,0,0,0,0.0,False,,,,,,,,,,,,,,,True,True,True,True
desinventar-bea13f9d-9e34-4029-ae56-6db403d79c61,UNDRR DesInventar Nepal,1996,6,12,Western Region,Kaski,CHAPAKOT,HEAVY RAINS,0,0,0,0,0,0,0,0.0,False,,,,,,,,,,,,,,,True,True,True,True
desinventar-9002018e-e6f9-4b65-81f5-cdb4f685c10b,UNDRR DesInventar Nepal,1995,8,6,Western Region,Kaski,KALIKA,HEAVY RAINS,0,0,0,0,0,0,0,0.0,False,,,,,,,,,,,,,,,True,True,True,True
desinventar-08dc5611-a93b-45db-9732-144ac3f807aa,UNDRR DesInventar Nepal,1995,8,6,Western Region,Kaski,KRISTINACHNECHAUR,HEAVY RAINS,0,0,0,0,0,0,0,0.0,False,,,,,,,,,,,,,,,True,True,True,True
desinventar-2fb3a2cf-4367-466e-ace9-2a7fc41c1eb8,UNDRR DesInventar Nepal,1995,8,8,Western Region,Kaski,POKHARA_SMP,HEAVY RAINS,0,0,0,0,0,0,0,0.0,False,,,,,,,,,,,,,,,True,True,True,True
desinventar-c3253fc0-f163-49b4-93a9-c56637d303cc,UNDRR DesInventar Nepal,1993,9,15,Far Western Region,Kanchanpur,RAUTELI BICHAWA,HEAVY RAINS,0,0,0,1520,0,0,0,0.0,False,,,,,,,,,,,,,,,True,True,True,True
desinventar-cab680c4-1960-4236-99a9-e7c419c8dce6,UNDRR DesInventar Nepal,1993,9,15,Far Western Region,Kanchanpur,RAMPUR BILASPUR,HEAVY RAINS,2,0,0,90,5,0,0,0.0,False,,,,,,,,,,,,,,,True,True,True,True
desinventar-1041eda5-9d95-402e-8e42-e8edf0363ae7,UNDRR DesInventar Nepal,1996,6,17,Mid-Western Region,Dang,LAXMIPUR,HEAVY RAINS,0,2,1,0,0,0,0,0.0,False,,,,,,,,,,,,,,,True,True,True,True
desinventar-91ca51ce-e972-4c90-bb37-67aef8a5ae89,UNDRR DesInventar Nepal,1993,9,15,Far Western Region,Kanchanpur,SHREEPUR,HEAVY RAINS,0,0,0,672,15,0,0,0.0,False,,,,,,,,,,,,,,,True,True,True,True
desinventar-87104a5b-7253-4245-aaed-4b4b915d4341,UNDRR DesInventar Nepal,1995,8,13,Central Region,Rautahat,CHANDRANIGAHPUR,HEAVY RAINS,0,0,0,0,0,0,0,0.0,False,,,,,,,,,,,,,,,True,True,True,True
desinventar-38e617a8-47fa-4faf-9f47-ee9223eeafcc,UNDRR DesInventar Nepal,1993,9,15,Far Western Region,Kanchanpur,CHANDANI,HEAVY RAINS,0,0,0,672,0,0,0,0.0,False,,,,,,,,,,,,,,,True,True,True,True
desinventar-7b9e07e0-035f-4e2d-b91c-c176a3b8d1b3,UNDRR DesInventar Nepal,1995,8,14,Mid-Western Region,Bardiya,BAGNAHA,HEAVY RAINS,0,0,0,0,0,0,0,0.0,False,,,,,,,,,,,,,,,True,True,True,True
desinventar-c98fa90e-8063-493f-81fd-3d476b27d090,UNDRR DesInventar Nepal,1993,9,15,Far Western Region,Kanchanpur,BAISI BICHAWA,HEAVY RAINS,0,0,0,1400,0,0,0,0.0,False,,,,,,,,,,,,,,,True,True,True,True
desinventar-123be290-71d4-413e-91d0-d0a8832c3f73,UNDRR DesInventar Nepal,1993,9,15,Far Western Region,Kanchanpur,BAISI BICHAWA,HEAVY RAINS,0,0,0,85,0,0,0,0.0,False,,,,,,,,,,,,,,,True,True,True,True
desinventar-520295ae-cb60-4b3f-b7ef-cf48eff7e211,UNDRR DesInventar Nepal,1995,8,14,Central Region,Dhanusa,UNKNOWN,HEAVY RAINS,0,0,0,0,0,11,0,0.0,False,,,,,,,,,,,,,,,True,True,True,True
desinventar-9bd862a1-83a0-47b7-9383-1bcc20444e51,UNDRR DesInventar Nepal,1993,9,12,Far Western Region,Kanchanpur,RAMPUR BILASPUR,HEAVY RAINS,2,0,0,0,0,0,0,0.0,False,,,,,,,,,,,,,,,True,True,True,True
desinventar-a5c4dca8-a7af-43fc-8519-844d5ccceb4b,UNDRR DesInventar Nepal,1993,9,15,Western Region,Tanahu,KYAMIN,HEAVY RAINS,1,0,0,0,0,0,0,0.0,False,,,,,,,,,,,,,,,True,True,True,True
desinventar-896f2210-50f9-4ce9-ab82-b7c90264130a,UNDRR DesInventar Nepal,1995,8,16,Eastern Region,Sunsari,Mahendranagar,HEAVY RAINS,0,0,0,0,0,0,0,0.0,False,,,,,,,,,,,,,,,True,True,True,True
desinventar-af49256f-f760-4080-a1de-ed18f582d034,UNDRR DesInventar Nepal,1995,8,22,Central Region,Sarlahi,JABDI,HEAVY RAINS,0,0,0,400,0,0,0,0.0,False,,,,,,,,,,,,,,,True,True,True,True
desinventar-451d619e-58a5-4796-b58f-2cecf4720175,UNDRR DesInventar Nepal,1989,1,12,Mid-Western Region,Bardiya,UNKNOWN,UNKNOWN,0,0,0,0,0,0,0,0.0,True,,,,,,,,,,,,,,,True,True,True,True
desinventar-1af1978f-7a93-448b-bff4-5e40cc277a4c,UNDRR DesInventar Nepal,1995,8,27,Eastern Region,Siraha,Meheshpur Patari,HEAVY RAINS,0,0,0,0,0,0,0,0.0,False,,,,,,,,,,,,,,,True,True,True,True
desinventar-64a91f88-0a35-413d-aca0-68800e52522e,UNDRR DesInventar Nepal,1993,9,21,Far Western Region,Dadeldhura,UNKNOWN,HEAVY RAINS,0,0,0,0,0,0,0,0.0,True,,,,,,,,,,,,,,,True,True,True,True
desinventar-fd76f7bc-0396-43e1-822e-189b451a4c41,UNDRR DesInventar Nepal,1995,8,28,Far Western Region,Achham,UNKNOWN,HEAVY RAINS,0,0,0,2608,0,0,0,0.0,False,,,,,,,,,,,,,,,True,True,True,True
desinventar-fd004dba-5de0-435f-b80a-e86620f04eda,UNDRR DesInventar Nepal,1995,8,12,Western Region,Syangja,UNKNOWN,OTHER,0,0,0,0,0,0,0,0.0,False,,,,,,,,,,,,,,,True,True,True,True
desinventar-6483c3d6-51d4-4ced-bb1b-bf42b7a8d099,UNDRR DesInventar Nepal,1995,9,19,Western Region,Kaski,POKHARA_SMP,HEAVY RAINS,0,0,0,0,0,0,0,0.0,False,,,,,,,,,,,,,,,True,True,True,True
desinventar-a459e6c4-d331-4a21-997f-ac962efae6f7,UNDRR DesInventar Nepal,1993,10,10,Western Region,Kapilbastu,KAJARHAWA,HEAVY RAINS,0,0,0,1327,92,145,0,0.0,False,,,,,,,,,,,,,,,True,True,True,True
desinventar-dd3fa2d1-11a7-4d95-ad52-9e037c3d8ef3,UNDRR DesInventar Nepal,1993,11,15,Western Region,Tanahu,AANBUKHAIRENI,HUMAN MISTAKE,5,0,0,0,0,0,0,0.0,False,,,,,,,,,,,,,,,True,True,True,True
desinventar-3acacd2b-3c12-4e22-b569-37e5200fc6bb,UNDRR DesInventar Nepal,1996,7,14,Eastern Region,Sunsari,UNKNOWN,HEAVY RAINS,0,0,0,0,20,0,0,0.0,False,,,,,,,,,,,,,,,True,True,True,True
desinventar-2a9f7644-ff97-4e01-acac-808706f37277,UNDRR DesInventar Nepal,1996,7,10,Far Western Region,Kailali,HASULIYA,HEAVY RAINS,0,0,0,378,1,0,0,0.0,False,,,,,,,,,,,,,,,True,True,True,True
desinventar-6aed0374-92e2-4682-93d2-ff8b4df1cd56,UNDRR DesInventar Nepal,1996,7,13,Mid-Western Region,Banke,UNKNOWN,HEAVY RAINS,0,0,0,0,0,0,0,0.0,False,,,,,,,,,,,,,,,True,True,True,True
desinventar-e8725501-fd90-4762-9ce4-01219afe9396,UNDRR DesInventar Nepal,1996,7,13,Western Region,Rupandehi,UNKNOWN,HEAVY RAINS,0,0,0,0,6,0,0,0.0,False,,,,,,,,,,,,,,,True,True,True,True
desinventar-9e41ef35-d50d-415d-b8b0-1638edd1d85c,UNDRR DesInventar Nepal,1996,7,14,Eastern Region,Jhapa,DAMAK MUN.,HEAVY RAINS,0,0,0,0,13,0,0,0.0,False,,,,,,,,,,,,,,,True,True,True,True
desinventar-8660bf9d-c16c-4425-8d87-724f45445167,UNDRR DesInventar Nepal,1996,7,15,Western Region,Rupandehi,UNKNOWN,HEAVY RAINS,2,0,0,0,25,0,0,0.0,False,,,,,,,,,,,,,,,True,True,True,True
desinventar-2ab5b012-7790-49dc-b520-655c57a916f5,UNDRR DesInventar Nepal,1996,7,16,Eastern Region,Jhapa,UNKNOWN,HEAVY RAINS,2,0,0,0,0,0,0,0.0,False,,,,,,,,,,,,,,,True,True,True,True
desinventar-3d17c855-8e14-4d94-b599-27686c032aeb,UNDRR DesInventar Nepal,1996,7,17,Western Region,Nawalparasi,UNKNOWN,HEAVY RAINS,1,0,0,2558,0,203,0,0.0,False,,,,,,,,,,,,,,,True,True,True,True
desinventar-aedb73f2-7310-49ed-8860-dce0c0ff5068,UNDRR DesInventar Nepal,1996,7,17,Eastern Region,Morang,Biratnagar Municipality,HEAVY RAINS,1,0,0,0,0,0,0,0.0,False,,,,,,,,,,,,,,,True,True,True,True
desinventar-b1a681a6-a747-41de-9a07-77e2eb9f9b51,UNDRR DesInventar Nepal,1996,7,19,Mid-Western Region,Mugu,PINA,HEAVY RAINS,8,0,0,0,2,0,0,0.0,False,,,,,,,,,,,,,,,True,True,True,True
desinventar-e533914b-06e2-4f9c-9574-3c56b26a31c4,UNDRR DesInventar Nepal,1996,7,20,Central Region,Dhanusa,Hariharpur,HEAVY RAINS,0,0,0,0,0,0,0,0.0,False,,,,,,,,,,,,,,,True,True,True,True
desinventar-0658b379-da56-47e2-808d-83a76f0493e8,UNDRR DesInventar Nepal,1996,7,22,Eastern Region,Siraha,UNKNOWN,HEAVY RAINS,0,0,0,0,150,500,0,0.0,False,,,,,,,,,,,,,,,True,True,True,True
desinventar-09a51999-2466-4faa-a780-0c20320c8f4a,UNDRR DesInventar Nepal,1996,7,22,Central Region,Sindhupalchoke,Tatopani,HEAVY RAINS,10,61,0,3,18,0,0,0.0,False,,,,,,,,,,,,,,,True,True,True,True
desinventar-b4574780-397b-4d32-8d7a-7bdebd973baf,UNDRR DesInventar Nepal,1990,1,22,Eastern Region,Okhaldhunga,DIYALE,OTHER,0,0,0,0,0,0,0,0.0,True,,,,,,,,,,,,,,,True,True,True,True
desinventar-f5922431-04a3-4e63-9fd8-4b6b02955804,UNDRR DesInventar Nepal,1996,7,26,Central Region,Dolakha,Sunakhani,HEAVY RAINS,8,0,0,0,15,0,0,0.0,False,,,,,,,,,,,,,,,True,True,True,True
desinventar-d0fcfdd9-d72e-49b3-8a69-548c33862b83,UNDRR DesInventar Nepal,1996,7,29,Eastern Region,Jhapa,MAHABHARA,OTHER,0,0,0,852,0,0,0,0.0,False,,,,,,,,,,,,,,,True,True,True,True
desinventar-68b5f068-1ed8-4a80-8d22-6582f9a9f6dd,UNDRR DesInventar Nepal,1996,8,2,Central Region,Sindhuli,Kalpabriksha,HEAVY RAINS,0,0,0,164,0,0,0,0.0,False,,,,,,,,,,,,,,,True,True,True,True
desinventar-2cc54700-3aba-4866-82f9-8a4a69a36daf,UNDRR DesInventar Nepal,1996,8,12,Western Region,Kaski,LWANGGHALELL,HEAVY RAINS,1,2,0,162,0,0,0,0.0,False,,,,,,,,,,,,,,,True,True,True,True
desinventar-aaae9ecd-1652-4efa-961c-8be1eb46a65b,UNDRR DesInventar Nepal,1997,8,2,Far Western Region,Bajura,Dahakot,OTHER,0,0,0,0,13,0,0,0.0,False,,,,,,,,,,,,,,,True,True,True,True
desinventar-4b58dfdd-9a41-4865-8c87-a21c20a48fad,UNDRR DesInventar Nepal,1996,8,24,Eastern Region,Udayapur,UNKNOWN,HEAVY RAINS,0,0,0,0,0,0,0,0.0,False,,,,,,,,,,,,,,,True,True,True,True
desinventar-7e80d01e-02f0-44e6-b448-d427b59a9dd9,UNDRR DesInventar Nepal,1996,8,24,Western Region,Lamjung,GAUDA,HEAVY RAINS,0,0,0,157,0,0,0,0.0,False,,,,,,,,,,,,,,,True,True,True,True
desinventar-df7daf16-0081-4c92-b834-c116269b3b8e,UNDRR DesInventar Nepal,1996,8,25,Western Region,Arghakanchi,UNKNOWN,HEAVY RAINS,2,0,0,0,62,0,0,0.0,False,,,,,,,,,,,,,,,True,True,True,True
desinventar-ad3680c7-80e6-4659-9b7d-8557dced233b,UNDRR DesInventar Nepal,1996,9,5,Central Region,Sindhupalchoke,UNKNOWN,HEAVY RAINS,13,0,4,0,0,0,0,0.0,False,,,,,,,,,,,,,,,True,True,True,True
desinventar-849d01f7-9e3a-4099-8b63-ffaea849bb15,UNDRR DesInventar Nepal,1990,6,6,Far Western Region,Kanchanpur,MAHENDRA NAGAR N.P.,HEAVY RAINS,2,2,0,0,0,0,0,0.0,False,,,,,,,,,,,,,,,True,True,True,True
desinventar-811454d2-77e8-455d-bdd4-657a7669a829,UNDRR DesInventar Nepal,1989,7,12,Mid-Western Region,Salyan,UNKNOWN,OTHER,2,0,0,0,0,0,0,0.0,False,,,,,,,,,,,,,,,True,True,True,True
desinventar-fdd0efb8-66d2-4998-8939-3c3058e97422,UNDRR DesInventar Nepal,1989,7,22,Eastern Region,Okhaldhunga,BETINI,OTHER,5,0,0,0,0,0,0,0.0,False,,,,,,,,,,,,,,,True,True,True,True
desinventar-9b3144cc-a561-4467-84af-51eef0aefffa,UNDRR DesInventar Nepal,1989,7,22,Eastern Region,Okhaldhunga,BARUNESHWAR,HEAVY RAINS,0,1,0,0,0,0,0,0.0,False,,,,,,,,,,,,,,,True,True,True,True
desinventar-e640135e-34a9-456a-94c6-b4b95bc00614,UNDRR DesInventar Nepal,1990,6,18,Central Region,Kathmandu,SUNDARIJAL,HEAVY RAINS,0,0,0,0,0,0,0,0.0,False,,,,,,,,,,,,,,,True,True,True,True
desinventar-89f43f7f-640a-429a-8179-cdd53184f334,UNDRR DesInventar Nepal,1989,7,22,Eastern Region,Okhaldhunga,CHYANAM,OTHER,0,0,0,560,100,0,0,0.0,False,,,,,,,,,,,,,,,True,True,True,True
desinventar-3454c818-a1d8-4953-9c2d-0ed570b09e35,UNDRR DesInventar Nepal,1990,6,22,Eastern Region,Jhapa,PRITHIVINAGAR,HEAVY RAINS,3,0,0,0,0,0,0,0.0,False,,,,,,,,,,,,,,,True,True,True,True
desinventar-e724c926-ea14-4aef-aee2-a1927bc57d87,UNDRR DesInventar Nepal,1989,7,1,Mid-Western Region,Rukum,BIJAYASHWORI,HEAVY RAINS,2,0,0,0,70,0,0,0.0,False,,,,,,,,,,,,,,,True,True,True,True
desinventar-37d2fcaa-94a0-44ba-9950-cb05197b7f65,UNDRR DesInventar Nepal,1989,7,17,Mid-Western Region,Dang,SATBARIYA,OTHER,2,0,0,0,0,0,0,0.0,False,,,,,,,,,,,,,,,True,True,True,True
desinventar-d7e683be-6c8c-41c0-8d65-deeff465720c,UNDRR DesInventar Nepal,1989,7,17,Western Region,Nawalparasi,UNKNOWN,OTHER,1,0,0,0,45,0,0,0.0,False,,,,,,,,,,,,,,,True,True,True,True
desinventar-a252c3ff-cb9f-404c-b67c-f6d5fd31f7e2,UNDRR DesInventar Nepal,1990,7,5,Central Region,Mahotari,Hathisarwa,HEAVY RAINS,0,0,0,0,0,0,0,0.0,False,,,,,,,,,,,,,,,True,True,True,True
desinventar-183296c0-88a3-4b24-b4b7-8cf31b9d272d,UNDRR DesInventar Nepal,1997,6,15,Eastern Region,Terhathum,Morahang,OTHER,2,0,0,0,0,0,0,0.0,False,,,,,,,,,,,,,,,True,True,True,True
desinventar-0ab04c63-8cde-4f4a-81d0-f831133dc3bc,UNDRR DesInventar Nepal,1989,7,29,Central Region,Rautahat,UNKNOWN,OTHER,0,0,0,308,0,0,0,0.0,False,,,,,,,,,,,,,,,True,True,True,True
desinventar-308ffe81-fe1b-4189-92bb-fa5c42289082,UNDRR DesInventar Nepal,1990,7,9,Far Western Region,Kanchanpur,MAHENDRA NAGAR N.P.,HEAVY RAINS,0,0,0,0,41,0,0,0.0,False,,,,,,,,,,,,,,,True,True,True,True
desinventar-2d4222c9-52d7-4f46-9f4d-daba934979ed,UNDRR DesInventar Nepal,1989,7,29,Central Region,Rautahat,UNKNOWN,OTHER,0,0,0,151,0,0,0,0.0,False,,,,,,,,,,,,,,,True,True,True,True
desinventar-caab106f-d6b5-4232-8c5c-38ca473933b7,UNDRR DesInventar Nepal,1990,7,10,Far Western Region,Kanchanpur,RAUTELI BICHAWA,HEAVY RAINS,0,0,0,0,6,0,0,0.0,False,,,,,,,,,,,,,,,True,True,True,True
desinventar-af2b4c31-6af6-4697-bb98-15ce1bacab3e,UNDRR DesInventar Nepal,1989,7,29,Central Region,Rautahat,BADHARWA,OTHER,0,0,0,224,0,0,0,0.0,False,,,,,,,,,,,,,,,True,True,True,True
desinventar-8599206c-d32a-4abf-9be4-05c7e92228e9,UNDRR DesInventar Nepal,1989,7,29,Central Region,Rautahat,PIPARIYA,OTHER,0,0,0,51,0,0,0,0.0,False,,,,,,,,,,,,,,,True,True,True,True
desinventar-dc40491b-a402-4389-86f5-b9f4019ba3bd,UNDRR DesInventar Nepal,1990,7,10,Far Western Region,Kanchanpur,CHANDANI,HEAVY RAINS,0,0,0,0,20,0,0,0.0,False,,,,,,,,,,,,,,,True,True,True,True
desinventar-7653552f-4f56-44cd-8e34-5225b208f9e0,UNDRR DesInventar Nepal,1989,7,29,Western Region,Rupandehi,UNKNOWN,HEAVY RAINS,0,0,0,214,39,0,0,0.0,False,,,,,,,,,,,,,,,True,True,True,True
desinventar-ec369907-580c-4fa8-873f-4487b355083b,UNDRR DesInventar Nepal,1989,7,1,Eastern Region,Okhaldhunga,UNKNOWN,HEAVY RAINS,2,0,0,0,0,0,0,0.0,False,,,,,,,,,,,,,,,True,True,True,True
desinventar-40196414-02c2-4d3c-ac97-8e7ee99cca9c,UNDRR DesInventar Nepal,1989,7,24,Mid-Western Region,Jumla,SHANIGAUN,OTHER,5,0,0,0,0,0,0,0.0,False,,,,,,,,,,,,,,,True,True,True,True
desinventar-30e585ca-6ede-460b-95cc-b5b149d2cc63,UNDRR DesInventar Nepal,1989,8,4,Mid-Western Region,Bardiya,GULARIYA,OTHER,0,0,0,0,7,0,0,0.0,False,,,,,,,,,,,,,,,True,True,True,True
desinventar-ce9d75fa-ec9c-4816-a6c4-88eb9c40a6ac,UNDRR DesInventar Nepal,1990,8,10,Far Western Region,Bajura,UNKNOWN,HEAVY RAINS,6,0,0,0,0,7,0,0.0,False,,,,,,,,,,,,,,,True,True,True,True
desinventar-2d1efdcc-3d29-4360-a96b-931fcdf95344,UNDRR DesInventar Nepal,1990,8,26,Eastern Region,Sunsari,UNKNOWN,HEAVY RAINS,0,0,0,1400,0,0,0,0.0,False,,,,,,,,,,,,,,,True,True,True,True
desinventar-72565241-bf27-4b51-a80f-0dded8dbe7a3,UNDRR DesInventar Nepal,1990,8,27,Central Region,Rautahat,UNKNOWN,OTHER,0,0,0,0,0,1300,0,0.0,False,,,,,,,,,,,,,,,True,True,True,True
desinventar-ad357687-33b3-4c5c-be23-7c1ee1f8b1ab,UNDRR DesInventar Nepal,1990,8,26,Western Region,Nawalparasi,UNKNOWN,HEAVY RAINS,0,0,0,0,80,0,0,0.0,False,,,,,,,,,,,,,,,True,True,True,True
desinventar-e62bd673-a07e-44ca-9b70-633ee9e96cf3,UNDRR DesInventar Nepal,1990,8,26,Central Region,Rautahat,GAUR NP,HEAVY RAINS,4,0,0,0,0,0,0,0.0,False,,,,,,,,,,,,,,,True,True,True,True
desinventar-aaceb6de-c96b-4547-b237-044c53846609,UNDRR DesInventar Nepal,1990,8,26,Central Region,Chitawan,BHANDARA,HEAVY RAINS,32,12,0,0,292,0,0,0.0,False,,,,,,,,,,,,,,,True,True,True,True
desinventar-5b792232-bab5-494d-8a44-a51ea3454143,UNDRR DesInventar Nepal,1990,8,26,Central Region,Ramechhap,Manthali,HEAVY RAINS,0,0,0,0,10,0,0,0.0,False,,,,,,,,,,,,,,,True,True,True,True
desinventar-7a6ba3fa-6f28-4ab5-978c-5c4be35d3830,UNDRR DesInventar Nepal,1990,8,26,Central Region,Chitawan,PIPLE,HEAVY RAINS,0,0,0,0,150,0,0,0.0,False,,,,,,,,,,,,,,,True,True,True,True
desinventar-0f6bc9ec-1ea7-4902-9c6e-ef31a8f8c072,UNDRR DesInventar Nepal,1990,8,26,Central Region,Chitawan,KATHAR,HEAVY RAINS,0,0,0,0,21,0,0,0.0,False,,,,,,,,,,,,,,,True,True,True,True
desinventar-becb1d5d-aa83-4f68-bc24-6f43f9ba974b,UNDRR DesInventar Nepal,1990,8,26,Central Region,Chitawan,CHAINPUR,HEAVY RAINS,0,0,0,0,20,0,0,0.0,False,,,,,,,,,,,,,,,True,True,True,True
desinventar-784b9fd6-9a34-47f1-a70d-eba1e0d0557a,UNDRR DesInventar Nepal,1990,8,26,Central Region,Chitawan,KUMROJ,HEAVY RAINS,0,0,0,0,25,0,0,0.0,False,,,,,,,,,,,,,,,True,True,True,True
desinventar-0e2eeb7d-3bcf-46a9-b5ba-6af28373f098,UNDRR DesInventar Nepal,1990,8,26,Central Region,Chitawan,DARE CHOWK,HEAVY RAINS,0,0,0,0,7,0,0,0.0,False,,,,,,,,,,,,,,,True,True,True,True
desinventar-26ffc658-e54f-4ec3-a53c-704dd8b6b0a9,UNDRR DesInventar Nepal,1990,8,26,Central Region,Chitawan,BACHHEULI,HEAVY RAINS,0,0,0,0,161,0,0,0.0,False,,,,,,,,,,,,,,,True,True,True,True
desinventar-63b3b7d4-67ae-4204-90a6-f8ca88676890,UNDRR DesInventar Nepal,1990,8,26,Central Region,Chitawan,UNKNOWN,HEAVY RAINS,0,0,0,0,4,0,0,0.0,False,,,,,,,,,,,,,,,True,True,True,True
desinventar-b59690f2-2e8c-48ef-85e7-2a7e8d4f7f3f,UNDRR DesInventar Nepal,1990,8,26,Central Region,Chitawan,RATNA NAGAR N.P.,HEAVY RAINS,0,0,0,0,13,0,0,0.0,False,,,,,,,,,,,,,,,True,True,True,True
desinventar-b525e865-73da-4885-8774-2422ea3af3c4,UNDRR DesInventar Nepal,1990,8,26,Central Region,Chitawan,UNKNOWN,HEAVY RAINS,0,0,0,0,5,0,0,0.0,False,,,,,,,,,,,,,,,True,True,True,True
desinventar-c56a18d6-11c6-40af-8918-48781102e50c,UNDRR DesInventar Nepal,1990,8,26,Central Region,Makwanpur,UNKNOWN,HEAVY RAINS,0,0,0,0,5,0,0,0.0,False,,,,,,,,,,,,,,,True,True,True,True
desinventar-596d5e64-97df-4ff2-935d-f24290c12939,UNDRR DesInventar Nepal,1989,6,4,Eastern Region,Panchthar,PAUWASARANTAR,OTHER,1,0,0,0,0,0,0,0.0,False,,,,,,,,,,,,,,,True,True,True,True
desinventar-78abcb91-627b-4d0c-a450-6796840bf374,UNDRR DesInventar Nepal,1989,6,4,Eastern Region,Panchthar,BHARAPA,OTHER,1,0,0,0,0,0,0,0.0,False,,,,,,,,,,,,,,,True,True,True,True
desinventar-3667ae96-1ac0-4793-89f3-6b0e5f7f7855,UNDRR DesInventar Nepal,1989,7,24,Mid-Western Region,Jumla,UNKNOWN,OTHER,0,0,0,0,0,0,0,0.0,True,,,,,,,,,,,,,,,True,True,True,True
desinventar-ce9502ae-bd80-4561-bdf0-8d2134cf9652,UNDRR DesInventar Nepal,1989,8,4,Eastern Region,Morang,Belbari,OTHER,0,0,0,101,18,0,0,0.0,True,,,,,,,,,,,,,,,True,True,True,True
desinventar-b8723643-d7af-4c7c-add4-8b21e3404f58,UNDRR DesInventar Nepal,1989,8,9,Eastern Region,Siraha,Bhagawanpur,HEAVY RAINS,0,0,0,0,0,0,0,0.0,False,,,,,,,,,,,,,,,True,True,True,True
desinventar-2770f2c1-3f0b-46f0-b409-85b527199bed,UNDRR DesInventar Nepal,1989,8,9,Eastern Region,Solukhumbu,Necha Batase,HEAVY RAINS,0,0,0,0,0,0,0,0.0,True,,,,,,,,,,,,,,,True,True,True,True
desinventar-264b0e89-1768-4583-9f89-ba01de9e61a4,UNDRR DesInventar Nepal,1990,10,1,Mid-Western Region,Mugu,KOTDADA,HEAVY RAINS,0,0,0,0,0,0,0,0.0,False,,,,,,,,,,,,,,,True,True,True,True
desinventar-2582a78c-060b-405b-ba18-88a96004131e,UNDRR DesInventar Nepal,1990,10,2,Eastern Region,Udayapur,UNKNOWN,HEAVY RAINS,0,0,0,672,0,0,0,0.0,False,,,,,,,,,,,,,,,True,True,True,True
desinventar-9a9b6e07-e9f1-4e40-8a5b-f31b7c76a9ce,UNDRR DesInventar Nepal,1989,8,28,Western Region,Gorkha,CHUMCHET,LANDSLIDE,2,0,0,101,0,0,0,0.0,True,,,,,,,,,,,,,,,True,True,True,True
desinventar-487fc592-6ace-476f-8c2c-098a9fd1620a,UNDRR DesInventar Nepal,1990,9,10,Central Region,Chitawan,UNKNOWN,HEAVY RAINS,0,0,0,0,0,0,0,0.0,False,,,,,,,,,,,,,,,True,True,True,True
desinventar-08964d15-572d-4473-bc09-a3966d869e86,UNDRR DesInventar Nepal,1989,8,28,Far Western Region,Kanchanpur,CHANDANI,HEAVY RAINS,0,0,0,0,11,200,0,0.0,False,,,,,,,,,,,,,,,True,True,True,True
desinventar-54847d83-8f9c-444d-a2ac-c293fb1aad86,UNDRR DesInventar Nepal,1989,8,28,Far Western Region,Kanchanpur,DODHAR,HEAVY RAINS,0,0,0,0,0,0,0,0.0,False,,,,,,,,,,,,,,,True,True,True,True
desinventar-ef091143-4bef-4e10-93f8-ebf36a069289,UNDRR DesInventar Nepal,1989,9,6,Eastern Region,Saptari,UNKNOWN,OTHER,4,0,0,0,0,1000,0,0.0,True,,,,,,,,,,,,,,,True,True,True,True
desinventar-c6560462-5010-4bb2-9ebb-1b1042f7e9c1,UNDRR DesInventar Nepal,1989,9,6,Eastern Region,Saptari,GOBARGADHA,OTHER,0,0,0,0,0,0,0,0.0,False,,,,,,,,,,,,,,,True,True,True,True
desinventar-824778ca-1583-47ce-8b3d-92c770841116,UNDRR DesInventar Nepal,1989,9,6,Eastern Region,Saptari,JOGINIYA,OTHER,0,0,0,0,0,0,0,0.0,False,,,,,,,,,,,,,,,True,True,True,True
desinventar-c0faf436-4eac-4c24-8368-29d06e99ef69,UNDRR DesInventar Nepal,1989,9,6,Eastern Region,Saptari,HANUMAN NAGAR,OTHER,0,0,0,10528,0,0,0,0.0,False,,,,,,,,,,,,,,,True,True,True,True
desinventar-cade6512-e781-414e-91b4-74a1690d1bd1,UNDRR DesInventar Nepal,1989,8,21,Mid-Western Region,Pyuthan,DHARMPANI,OTHER,0,0,0,0,0,0,0,0.0,False,,,,,,,,,,,,,,,True,True,True,True
desinventar-c8ce534b-15fc-467b-908d-42dea11bec1c,UNDRR DesInventar Nepal,1989,9,12,Far Western Region,Kanchanpur,SANKARPUR,OTHER,0,0,0,62,12,0,0,0.0,False,,,,,,,,,,,,,,,True,True,True,True
desinventar-85ba1c4d-9948-4cce-839d-9bbb404ac2ec,UNDRR DesInventar Nepal,1989,9,12,Far Western Region,Kanchanpur,DEKHATBHULI,OTHER,0,0,0,28,5,0,0,0.0,False,,,,,,,,,,,,,,,True,True,True,True
desinventar-e383070e-2a70-4b4b-bc20-45e466cffba7,UNDRR DesInventar Nepal,1989,9,10,Central Region,Makwanpur,SARIKHETA PALASE,OTHER,3,0,0,0,0,0,0,0.0,False,,,,,,,,,,,,,,,True,True,True,True
desinventar-6a374fa3-5342-4f7f-b189-334c97327167,UNDRR DesInventar Nepal,1998,4,23,Far Western Region,Achham,JALPADEVI,HEAVY RAINS,4,2,0,0,0,0,0,0.0,False,,,,,,,,,,,,,,,True,True,True,True
desinventar-b0de11f5-d22f-4166-94e5-171164147f36,UNDRR DesInventar Nepal,1990,10,25,Western Region,Syangja,JAGATRADEVI,OTHER,5,0,0,0,0,0,0,0.0,False,,,,,,,,,,,,,,,True,True,True,True
desinventar-bc2d14a4-f96c-49fd-b7c0-26c5ac3dda47,UNDRR DesInventar Nepal,1989,8,11,Eastern Region,Morang,Sijuwa,OTHER,0,0,0,0,0,0,0,0.0,False,,,,,,,,,,,,,,,True,True,True,True
desinventar-514697b9-285e-40c6-ab0f-a38c51b7517c,UNDRR DesInventar Nepal,1989,10,4,Eastern Region,Morang,Madhumalla,OTHER,0,0,0,0,7,0,0,0.0,True,,,,,,,,,,,,,,,True,True,True,True
desinventar-f446ca80-2357-410c-900a-e098b1ac61db,UNDRR DesInventar Nepal,1998,5,24,Far Western Region,Achham,JALPADEVI,HEAVY RAINS,4,0,0,0,0,0,0,0.0,False,,,,,,,,,,,,,,,True,True,True,True
desinventar-6a4e7910-975c-4706-87ef-89a0f498bab2,UNDRR DesInventar Nepal,1989,12,17,Western Region,Gorkha,UNKNOWN,OTHER,1,4,3,0,0,0,0,0.0,False,,,,,,,,,,,,,,,True,True,True,True
desinventar-167dd9ad-3ecf-421a-b8ae-42c8eb4fdf22,UNDRR DesInventar Nepal,1998,5,26,Central Region,Makwanpur,NAMTAR,OTHER,4,0,0,0,0,0,0,0.0,False,,,,,,,,,,,,,,,True,True,True,True
desinventar-35123fe3-8431-4c60-8c6a-d250580aaa0a,UNDRR DesInventar Nepal,1998,5,26,Central Region,Bhaktapur,SUDAL,HEAVY RAINS,0,0,0,0,0,0,0,0.0,True,,,,,,,,,,,,,,,True,True,True,True
desinventar-53d9753d-bb0f-46b2-9e48-0a8ebe595c34,UNDRR DesInventar Nepal,1998,5,26,Central Region,Bhaktapur,TATHALI,HEAVY RAINS,0,0,0,0,0,0,0,0.0,True,,,,,,,,,,,,,,,True,True,True,True
desinventar-e04a3dd1-5c26-432f-9734-3f00a16b6582,UNDRR DesInventar Nepal,1997,7,4,Western Region,Kaski,PURANCHAUR,HEAVY RAINS,1,0,0,0,0,0,0,0.0,False,,,,,,,,,,,,,,,True,True,True,True
desinventar-ddea0747-e902-4407-954d-784d19f46c74,UNDRR DesInventar Nepal,1997,7,17,Far Western Region,Kailali,MUNUWA,OTHER,1,0,0,0,0,0,0,0.0,False,,,,,,,,,,,,,,,True,True,True,True
desinventar-8dddf164-3a08-4c4b-b5ee-6b8cc5727e96,UNDRR DesInventar Nepal,1997,7,17,Far Western Region,Kailali,PRATAPAPUR,OTHER,1,0,0,0,0,0,0,0.0,False,,,,,,,,,,,,,,,True,True,True,True
desinventar-933cf545-c1ba-43ff-8413-f6e9068fcad1,UNDRR DesInventar Nepal,1997,7,18,Far Western Region,Darchula,UNKNOWN,RAIN,0,0,0,135,0,25,0,0.0,False,,,,,,,,,,,,,,,True,True,True,True
desinventar-1f1e2995-e2b1-4377-92bf-13ddbd1fab3d,UNDRR DesInventar Nepal,1998,6,21,Western Region,Kapilbastu,BHALABARI,HEAVY RAINS,4,0,0,0,0,0,0,0.0,False,,,,,,,,,,,,,,,True,True,True,True
desinventar-f3888187-87be-405c-83a9-7dc8943b6d80,UNDRR DesInventar Nepal,1998,6,28,Mid-Western Region,Dang,CHAILAHI,HEAVY RAINS,0,0,0,0,0,0,0,0.0,True,,,,,,,,,,,,,,,True,True,True,True
desinventar-3813dadb-1ead-4a22-96ff-860b3c4f3148,UNDRR DesInventar Nepal,1997,7,22,Far Western Region,Kanchanpur,UNKNOWN,HEAVY RAINS,1,0,0,0,0,0,0,0.0,False,,,,,,,,,,,,,,,True,True,True,True
desinventar-36e9f1c2-fe26-40bf-900f-7c160ee2a40c,UNDRR DesInventar Nepal,1997,7,22,Far Western Region,Kanchanpur,RAUTELI BICHAWA,OTHER,0,0,0,0,3,0,0,0.0,False,,,,,,,,,,,,,,,True,True,True,True
desinventar-2ce035c5-6413-4f77-bfad-d18f9f7aed7c,UNDRR DesInventar Nepal,1998,7,28,Western Region,Palpa,KACHAL,HEAVY RAINS,1,0,1,0,0,0,0,0.0,False,,,,,,,,,,,,,,,True,True,True,True
desinventar-69190fc3-c673-48f7-90a2-80848ac47e66,UNDRR DesInventar Nepal,1997,7,25,Mid-Western Region,Dang,LALMATIYA,OTHER,0,0,0,0,0,0,0,0.0,False,,,,,,,,,,,,,,,True,True,True,True
desinventar-b0053de1-6415-436b-9e3c-b23890666fe3,UNDRR DesInventar Nepal,1997,8,2,Far Western Region,Kailali,DANSINHAPUR,HEAVY RAINS,0,0,0,157,0,29,0,0.0,False,,,,,,,,,,,,,,,True,True,True,True
desinventar-11aaef57-a4aa-4ee8-bfa6-22f166aa843f,UNDRR DesInventar Nepal,1997,8,2,Far Western Region,Kailali,NARAYANPUR,OTHER,0,0,0,0,0,0,0,0.0,False,,,,,,,,,,,,,,,True,True,True,True
desinventar-8adc6d4c-8d9c-4c91-98ab-224e41c599de,UNDRR DesInventar Nepal,1997,8,4,Far Western Region,Kanchanpur,CHANDANI,OTHER,0,0,0,0,0,20,0,0.0,False,,,,,,,,,,,,,,,True,True,True,True
desinventar-5696540b-8dcd-4ae2-a670-ae78ef1d2410,UNDRR DesInventar Nepal,1998,7,8,Western Region,Kapilbastu,HARDUONA,HEAVY RAINS,0,0,0,2000,71,0,0,0.0,True,,,,,,,,,,,,,,,True,True,True,True
desinventar-366aa828-caee-4c7c-a785-6c89c66ee394,UNDRR DesInventar Nepal,1997,8,19,Central Region,Sarlahi,UNKNOWN,HEAVY RAINS,0,0,0,0,0,0,0,0.0,False,,,,,,,,,,,,,,,True,True,True,True
desinventar-699ca040-2a71-4ef7-a4cd-58741c858d4c,UNDRR DesInventar Nepal,1997,8,9,Eastern Region,Ilam,UNKNOWN,OTHER,14,0,0,0,0,0,0,0.0,False,,,,,,,,,,,,,,,True,True,True,True
desinventar-00bdd1b9-4181-4cb4-9969-3beda2ceb964,UNDRR DesInventar Nepal,1997,8,9,Far Western Region,Kanchanpur,MAHENDRA NAGAR N.P.,HEAVY RAINS,0,0,0,50,0,0,0,0.0,False,,,,,,,,,,,,,,,True,True,True,True
desinventar-2e4c7e67-0be1-4267-91a5-aa4caf82ee4f,UNDRR DesInventar Nepal,1997,8,9,Far Western Region,Kanchanpur,BAISI BICHAWA,OTHER,0,0,0,0,0,0,0,0.0,False,,,,,,,,,,,,,,,True,True,True,True
desinventar-63b89d1b-2c35-4bce-8b70-de7a2c83bc45,UNDRR DesInventar Nepal,1998,7,12,Western Region,Rupandehi,HATI_BANAGAI,FLOOD,1,0,0,0,0,0,0,0.0,False,,,,,,,,,,,,,,,True,True,True,True
desinventar-42e660bf-3528-4c2c-bae7-6eb5573b4316,UNDRR DesInventar Nepal,1997,8,9,Far Western Region,Kanchanpur,UNKNOWN,OTHER,0,0,0,0,0,0,0,0.0,False,,,,,,,,,,,,,,,True,True,True,True
desinventar-b3b59c52-b824-452b-a22f-a8592df6297e,UNDRR DesInventar Nepal,1997,8,9,Far Western Region,Kanchanpur,UNKNOWN,OTHER,0,0,0,270,50,0,0,0.0,False,,,,,,,,,,,,,,,True,True,True,True
desinventar-c53d7237-50b8-4445-9538-45dcccf7f593,UNDRR DesInventar Nepal,1997,8,9,Far Western Region,Kanchanpur,UNKNOWN,OTHER,0,0,0,0,12,0,0,0.0,False,,,,,,,,,,,,,,,True,True,True,True
desinventar-7bdbc8b7-0afc-43bd-891a-ff61decb44af,UNDRR DesInventar Nepal,1997,8,9,Far Western Region,Kanchanpur,SHREEPUR,OTHER,0,0,0,0,0,0,0,0.0,False,,,,,,,,,,,,,,,True,True,True,True
desinventar-528a8f45-efc1-47c6-8dfa-d725f427cff1,UNDRR DesInventar Nepal,1998,7,21,Western Region,Palpa,UNKNOWN,HEAVY RAINS,0,0,0,750,0,0,0,0.0,False,,,,,,,,,,,,,,,True,True,True,True
desinventar-26547d00-10ad-46ef-95d8-39e2beb18b83,UNDRR DesInventar Nepal,1997,8,2,Far Western Region,Bajura,Manakot,OTHER,0,0,0,0,11,0,0,0.0,False,,,,,,,,,,,,,,,True,True,True,True
desinventar-99749271-66dd-4dc6-b4b3-979e910e218b,UNDRR DesInventar Nepal,1997,8,11,Eastern Region,Jhapa,SURUNGA,OTHER,0,0,0,0,0,0,0,0.0,False,,,,,,,,,,,,,,,True,True,True,True
desinventar-5292769d-075b-43d0-82e3-bb4deb39e4ba,UNDRR DesInventar Nepal,1997,8,11,Eastern Region,Jhapa,MAHABHARA,OTHER,0,0,0,0,0,0,0,0.0,False,,,,,,,,,,,,,,,True,True,True,True
desinventar-d70d8ae5-7bd4-45c7-81e5-fa2aa17e054f,UNDRR DesInventar Nepal,1997,8,11,Far Western Region,Kailali,DHANGADHI MUNICIPALITY,OTHER,0,0,0,81,15,0,0,0.0,False,,,,,,,,,,,,,,,True,True,True,True
desinventar-f01f2a5a-3723-49e3-9ee5-97fd157c821c,UNDRR DesInventar Nepal,1997,8,11,Far Western Region,Kailali,PHULWARI,OTHER,0,0,0,40,15,0,0,0.0,False,,,,,,,,,,,,,,,True,True,True,True
desinventar-9057d4e4-dbac-46e5-be97-54408c847ca7,UNDRR DesInventar Nepal,1997,8,11,Far Western Region,Kailali,PAWERA,OTHER,0,0,0,0,20,0,0,0.0,False,,,,,,,,,,,,,,,True,True,True,True
desinventar-c9559b4d-81f8-46a1-9d03-131616e260a7,UNDRR DesInventar Nepal,1997,8,12,Eastern Region,Udayapur,UNKNOWN,OTHER,1,0,0,0,0,0,0,0.0,False,,,,,,,,,,,,,,,True,True,True,True
desinventar-31198f52-266d-4a95-8e36-7595b82eb980,UNDRR DesInventar Nepal,1997,8,11,Mid-Western Region,Bardiya,GULARIYA,HEAVY RAINS,0,0,0,0,0,0,0,0.0,False,,,,,,,,,,,,,,,True,True,True,True
desinventar-132659e6-c333-4284-970c-b0b60cfcc772,UNDRR DesInventar Nepal,1998,7,26,Central Region,Rautahat,CHANDRANIGAHPUR,HEAVY RAINS,1,0,0,0,1,0,0,0.0,False,,,,,,,,,,,,,,,True,True,True,True
desinventar-23042c7e-3e00-4a0b-b5a2-9287cafc88bf,UNDRR DesInventar Nepal,1997,8,11,Western Region,Kapilbastu,MOTIPUR,OTHER,0,0,0,0,0,0,0,0.0,False,,,,,,,,,,,,,,,True,True,True,True
desinventar-06e264e6-1e01-4d3e-b7b7-fad6a94cd240,UNDRR DesInventar Nepal,1997,8,11,Western Region,Kapilbastu,UNKNOWN,OTHER,0,0,0,0,0,0,0,0.0,False,,,,,,,,,,,,,,,True,True,True,True
desinventar-ec634fed-9736-4178-8fc9-9c1298ef9a99,UNDRR DesInventar Nepal,1998,7,26,Central Region,Rautahat,UNKNOWN,HEAVY RAINS,0,0,0,0,50,0,0,0.0,False,,,,,,,,,,,,,,,True,True,True,True
desinventar-5559a177-3286-49cf-84e1-02e5e9b633a9,UNDRR DesInventar Nepal,1997,8,11,Central Region,Chitawan,JAGATPUR,OTHER,0,0,0,0,0,0,0,0.0,True,,,,,,,,,,,,,,,True,True,True,True
desinventar-7cfa7348-e8b2-44e7-a5f7-1d06b5d3038e,UNDRR DesInventar Nepal,1998,7,26,Central Region,Bara,NIJGADH,HEAVY RAINS,0,0,0,0,0,81,500,0.0,False,,,,,,,,,,,,,,,True,True,True,True
desinventar-760ef145-238e-47ee-9a28-a2d647b2e2bd,UNDRR DesInventar Nepal,1998,7,24,Eastern Region,Morang,Govindapur,HEAVY RAINS,0,0,0,0,0,0,0,0.0,False,,,,,,,,,,,,,,,True,True,True,True
desinventar-2aa0b067-a8da-422d-8acf-583344626664,UNDRR DesInventar Nepal,1998,7,25,Central Region,Parsa,Birgunj Municipality,HEAVY RAINS,0,0,0,0,300,0,0,0.0,False,,,,,,,,,,,,,,,True,True,True,True
desinventar-23f8eba4-d20c-496e-be4a-d62d788e622c,UNDRR DesInventar Nepal,1997,8,14,Central Region,Sarlahi,ISHWORPUR,OTHER,1,0,0,0,0,0,0,0.0,False,,,,,,,,,,,,,,,True,True,True,True
desinventar-36ba84de-d294-402f-8846-7236799f3d76,UNDRR DesInventar Nepal,1998,7,25,Central Region,Parsa,UNKNOWN,HEAVY RAINS,0,0,0,100,0,0,100,0.0,False,,,,,,,,,,,,,,,True,True,True,True
desinventar-8d4c86ec-f6a2-4f9d-8787-6f908a2b5f23,UNDRR DesInventar Nepal,1998,7,26,Western Region,Rupandehi,BUTAWAL_NP,HEAVY RAINS,2,0,0,0,0,0,0,0.0,False,,,,,,,,,,,,,,,True,True,True,True
desinventar-1b093502-654c-481f-b604-9419bb506caf,UNDRR DesInventar Nepal,1997,8,15,Western Region,Manang,CHAME,OTHER,0,0,0,0,1,0,0,0.0,False,,,,,,,,,,,,,,,True,True,True,True
desinventar-b5afb4f1-1284-43b7-887c-435245b06986,UNDRR DesInventar Nepal,1997,8,16,Western Region,Syangja,UNKNOWN,HEAVY RAINS,3,0,0,0,12,0,0,0.0,False,,,,,,,,,,,,,,,True,True,True,True
desinventar-baf1c5c1-ee1f-475a-bd1c-d851e93eb255,UNDRR DesInventar Nepal,1998,7,25,Central Region,Parsa,UNKNOWN,HEAVY RAINS,0,0,0,0,0,0,0,0.0,False,,,,,,,,,,,,,,,True,True,True,True
desinventar-9ae7b743-2b68-4d26-84e9-d7e46d4395c6,UNDRR DesInventar Nepal,1997,8,16,Western Region,Syangja,UNKNOWN,OTHER,0,0,0,92,0,0,0,0.0,False,,,,,,,,,,,,,,,True,True,True,True
desinventar-e4410f13-e314-4b05-9704-c1ed017a566f,UNDRR DesInventar Nepal,1998,7,26,Eastern Region,Saptari,UNKNOWN,HEAVY RAINS,0,0,0,0,10,0,0,0.0,True,,,,,,,,,,,,,,,True,True,True,True
desinventar-ccb734f6-ac04-450f-ac7f-7f12f5c54fa7,UNDRR DesInventar Nepal,1998,7,27,Western Region,Mustang,UNKNOWN,HEAVY RAINS,0,0,0,0,0,0,0,0.0,True,,,,,,,,,,,,,,,True,True,True,True
desinventar-a791200a-6fef-433a-9751-eae43fffaaa6,UNDRR DesInventar Nepal,1997,8,19,Central Region,Sarlahi,PARARIYA,HEAVY RAINS,0,0,0,0,0,0,0,0.0,False,,,,,,,,,,,,,,,True,True,True,True
desinventar-9057bf30-2701-413e-8d31-b4cd028ad6d9,UNDRR DesInventar Nepal,1997,8,19,Central Region,Sarlahi,PHULPARASI,HEAVY RAINS,0,0,0,0,30,0,0,0.0,False,,,,,,,,,,,,,,,True,True,True,True
desinventar-817dddd7-3d64-4d48-88cc-96da94511d5e,UNDRR DesInventar Nepal,1997,8,19,Central Region,Sarlahi,UNKNOWN,HEAVY RAINS,0,0,0,0,0,0,0,0.0,False,,,,,,,,,,,,,,,True,True,True,True
desinventar-ff9dfdf4-710a-4146-8687-1a4689d29b3b,UNDRR DesInventar Nepal,1997,8,19,Central Region,Sarlahi,HARIWON,HEAVY RAINS,0,0,0,0,0,0,0,0.0,False,,,,,,,,,,,,,,,True,True,True,True
desinventar-046d4317-cdc4-4c37-ade7-ecc73d194360,UNDRR DesInventar Nepal,1998,7,26,Western Region,Rupandehi,HATI_BANAGAI,HEAVY RAINS,1,0,0,0,0,0,0,0.0,False,,,,,,,,,,,,,,,True,True,True,True
desinventar-2ad9edaf-f10e-47bf-8af3-c2dd7ab11a0c,UNDRR DesInventar Nepal,1998,7,26,Western Region,Rupandehi,AAMA,HEAVY RAINS,1,0,0,0,0,0,0,0.0,False,,,,,,,,,,,,,,,True,True,True,True
desinventar-5a54da48-11b0-4ccf-bd5b-6f074fc8dd1c,UNDRR DesInventar Nepal,1998,7,26,Western Region,Rupandehi,LUMBINI_ADARSA,HEAVY RAINS,1,0,0,0,0,0,0,0.0,False,,,,,,,,,,,,,,,True,True,True,True
desinventar-191be5b9-6063-462e-a34a-d69a41ecbf1e,UNDRR DesInventar Nepal,1997,8,19,Central Region,Sarlahi,UNKNOWN,HEAVY RAINS,0,0,0,0,0,0,0,0.0,False,,,,,,,,,,,,,,,True,True,True,True
desinventar-43df57b4-2106-4dbb-b93a-f89ced0ff678,UNDRR DesInventar Nepal,1998,7,26,Western Region,Rupandehi,MADHUBANI,HEAVY RAINS,1,0,0,0,0,0,0,0.0,False,,,,,,,,,,,,,,,True,True,True,True
desinventar-b885e37a-ef82-47b1-8edc-fb84cded3643,UNDRR DesInventar Nepal,1997,8,19,Central Region,Sarlahi,MADHUBANGOTH,HEAVY RAINS,0,0,0,0,0,0,0,0.0,False,,,,,,,,,,,,,,,True,True,True,True
desinventar-a883cd5f-0317-4785-9ac5-3b4f28701f59,UNDRR DesInventar Nepal,1998,7,26,Western Region,Rupandehi,MADHUBANI,HEAVY RAINS,1,0,0,0,0,0,0,0.0,False,,,,,,,,,,,,,,,True,True,True,True
desinventar-b0f9d671-c70c-4680-825f-f1a976f2f5a4,UNDRR DesInventar Nepal,1997,8,19,Central Region,Sarlahi,SIMARA,HEAVY RAINS,0,0,0,0,0,0,0,0.0,False,,,,,,,,,,,,,,,True,True,True,True
desinventar-becea950-f56a-4661-84a7-f3b7179d283e,UNDRR DesInventar Nepal,1997,8,19,Central Region,Sarlahi,SUNDARPUR,HEAVY RAINS,0,0,0,0,0,0,0,0.0,False,,,,,,,,,,,,,,,True,True,True,True
desinventar-fb77465b-c70a-4810-b4bb-05f9a91b65e1,UNDRR DesInventar Nepal,1998,7,26,Western Region,Rupandehi,BAGAULI,HEAVY RAINS,1,0,0,0,0,0,0,0.0,False,,,,,,,,,,,,,,,True,True,True,True
desinventar-83cfcd5d-4ef9-49d0-9a04-43af7c131ade,UNDRR DesInventar Nepal,1998,7,26,Western Region,Rupandehi,SIDDHARTHANAGAR_NP,HEAVY RAINS,1,0,0,0,0,0,0,0.0,False,,,,,,,,,,,,,,,True,True,True,True
desinventar-547996fb-2f56-4e77-aace-dfb41d62ace0,UNDRR DesInventar Nepal,1997,8,19,Central Region,Sarlahi,UNKNOWN,HEAVY RAINS,0,0,0,0,0,0,0,0.0,False,,,,,,,,,,,,,,,True,True,True,True
desinventar-e9f8ba2c-1786-4268-9b2c-57fd2804c12c,UNDRR DesInventar Nepal,1998,7,29,Western Region,Nawalparasi,RAJAHAR,FLOOD,0,0,0,0,0,0,280,0.0,False,,,,,,,,,,,,,,,True,True,True,True
desinventar-903247c0-3edb-4cfd-8b78-e7970523e11b,UNDRR DesInventar Nepal,1998,7,29,Western Region,Nawalparasi,KOLHUWA,HEAVY RAINS,0,0,0,500,0,0,0,0.0,False,,,,,,,,,,,,,,,True,True,True,True
desinventar-2f60e0b9-3da8-46ad-983c-6159b84a24df,UNDRR DesInventar Nepal,1998,7,29,Western Region,Nawalparasi,RAMPURVA,HEAVY RAINS,0,0,0,0,0,0,0,0.0,False,,,,,,,,,,,,,,,True,True,True,True
desinventar-02197213-ff04-4b67-93fb-d17a1642b01a,UNDRR DesInventar Nepal,1998,7,29,Western Region,Nawalparasi,TRIBENI_SUSTA,HEAVY RAINS,0,0,0,0,50,0,0,0.0,False,,,,,,,,,,,,,,,True,True,True,True
desinventar-964befef-0fd9-49c4-bee6-c3cfbf07e6be,UNDRR DesInventar Nepal,1997,8,23,Central Region,Sindhupalchoke,Thakani,HEAVY RAINS,0,0,0,0,0,0,0,0.0,True,,,,,,,,,,,,,,,True,True,True,True
desinventar-2af31849-a81f-4488-8765-b2a5647a4fed,UNDRR DesInventar Nepal,1997,8,23,Central Region,Sindhupalchoke,Syaule,OTHER,0,0,0,378,0,0,0,0.0,False,,,,,,,,,,,,,,,True,True,True,True
desinventar-d59273b9-4c98-4632-9273-c020f61a7a97,UNDRR DesInventar Nepal,1998,7,25,Far Western Region,Kailali,DANSINHAPUR,HEAVY RAINS,0,0,0,0,0,0,75,0.0,False,,,,,,,,,,,,,,,True,True,True,True
desinventar-ac3c9888-5d1f-4817-8f89-4eb924f93bc1,UNDRR DesInventar Nepal,1998,7,25,Central Region,Sarlahi,KHAIRWA,HEAVY RAINS,2,0,0,0,0,0,0,0.0,False,,,,,,,,,,,,,,,True,True,True,True
desinventar-1ca45488-3131-42f0-a589-a10b290009fb,UNDRR DesInventar Nepal,1998,7,25,Central Region,Sarlahi,AURAHI,HEAVY RAINS,1,0,0,0,0,0,0,0.0,False,,,,,,,,,,,,,,,True,True,True,True
desinventar-b2db051b-cd3a-42e2-85d5-6aae96562673,UNDRR DesInventar Nepal,1998,7,30,Central Region,Makwanpur,HADIKHOLA,HEAVY RAINS,0,0,0,0,2,0,0,0.0,False,,,,,,,,,,,,,,,True,True,True,True
desinventar-c5516ce1-aa2d-488a-922c-bb86153a997c,UNDRR DesInventar Nepal,1998,7,30,Central Region,Makwanpur,IPA PANCHAKANYA,HEAVY RAINS,0,0,0,0,2,0,0,0.0,False,,,,,,,,,,,,,,,True,True,True,True
desinventar-70e12f84-9c77-4b2e-b1c9-b967a1d0f4ab,UNDRR DesInventar Nepal,1998,8,3,Central Region,Makwanpur,HADIKHOLA,HEAVY RAINS,0,0,0,0,0,0,0,0.0,False,,,,,,,,,,,,,,,True,True,True,True
desinventar-3bc9fe4c-8dd4-4b87-821e-a3091373b047,UNDRR DesInventar Nepal,1998,8,3,Central Region,Makwanpur,BHIMPHEDI,HEAVY RAINS,0,0,0,0,0,0,0,0.0,False,,,,,,,,,,,,,,,True,True,True,True
desinventar-e4b977e4-4e93-41e7-8b2f-afa401c4c846,UNDRR DesInventar Nepal,1998,8,3,Central Region,Makwanpur,MANAHARI,HEAVY RAINS,0,0,0,0,0,0,0,0.0,False,,,,,,,,,,,,,,,True,True,True,True
desinventar-09b99c30-05e3-4748-be34-d293a4e8a971,UNDRR DesInventar Nepal,1997,9,1,Central Region,Sindhupalchoke,Shikharpur,HEAVY RAINS,0,0,0,0,4,0,0,0.0,False,,,,,,,,,,,,,,,True,True,True,True
desinventar-d9d5c4d0-5629-4a90-b72c-2bb1ac705bfd,UNDRR DesInventar Nepal,1998,8,3,Central Region,Makwanpur,HATIYA,HEAVY RAINS,0,0,0,0,0,0,0,0.0,False,,,,,,,,,,,,,,,True,True,True,True
desinventar-abd4cdcb-7eae-4dd8-a40e-78bfaa0950d2,UNDRR DesInventar Nepal,1998,8,3,Central Region,Makwanpur,SARIKHETA PALASE,HEAVY RAINS,0,0,0,0,0,0,0,0.0,False,,,,,,,,,,,,,,,True,True,True,True
desinventar-bb7b0654-c92d-416e-a532-4dc026ea0bfb,UNDRR DesInventar Nepal,1998,8,3,Central Region,Makwanpur,RAKSIRANG,HEAVY RAINS,0,0,0,0,0,0,0,0.0,False,,,,,,,,,,,,,,,True,True,True,True
desinventar-509d2003-86d0-417a-b4b3-59aa8be5275b,UNDRR DesInventar Nepal,1998,8,3,Central Region,Makwanpur,UNKNOWN,HEAVY RAINS,0,0,0,0,0,0,0,0.0,False,,,,,,,,,,,,,,,True,True,True,True
desinventar-4d923a23-e60d-4228-993d-e26c11994eb6,UNDRR DesInventar Nepal,1998,8,3,Central Region,Makwanpur,AMBHANJYANG,HEAVY RAINS,0,0,0,0,0,0,0,0.0,False,,,,,,,,,,,,,,,True,True,True,True
desinventar-3ebc5d37-a6e2-4c13-925b-11fd4efd66b6,UNDRR DesInventar Nepal,2000,8,31,Mid-Western Region,Rukum,KOTJAHARI,HEAVY RAINS,0,3,0,0,0,0,0,300.0,True,,,,,,,,,,,,,,,True,True,True,True
desinventar-fb577ad3-09e9-41c2-b76d-918e6928dbdc,UNDRR DesInventar Nepal,2001,4,30,Western Region,Lamjung,BAGRE,HEAVY RAINS,0,0,0,0,0,0,0,0.0,False,,,,,,,,,,,,,,,True,True,True,True
desinventar-d07140c6-0d20-452b-b8fd-a87355be6d59,UNDRR DesInventar Nepal,2000,8,31,Central Region,Dhanusa,UNKNOWN,HEAVY RAINS,3,0,0,0,0,0,0,0.0,False,,,,,,,,,,,,,,,True,True,True,True
desinventar-19ba0aec-b902-4e7f-a853-e240cb2adc70,UNDRR DesInventar Nepal,1998,8,2,Central Region,Chitawan,BAGHAUDA,HEAVY RAINS,0,0,0,0,0,10,0,0.0,False,,,,,,,,,,,,,,,True,True,True,True
desinventar-4e94df04-7a7a-467d-9a64-f165fd7e5bcf,UNDRR DesInventar Nepal,1998,8,2,Central Region,Chitawan,MEGHAULI,HEAVY RAINS,0,0,0,200,30,0,180,0.0,False,,,,,,,,,,,,,,,True,True,True,True
desinventar-45ff7940-43d8-4d49-bbc1-6186620a8ffd,UNDRR DesInventar Nepal,1998,8,3,Central Region,Mahotari,Jaleswar Municipalit,HEAVY RAINS,0,0,0,5000,134,0,0,0.0,False,,,,,,,,,,,,,,,True,True,True,True
desinventar-6c77442e-b826-408b-ac53-ff4ffec17c18,UNDRR DesInventar Nepal,1998,8,3,Central Region,Mahotari,Sisawa Kataiya,HEAVY RAINS,0,0,0,75,0,12,0,0.0,False,,,,,,,,,,,,,,,True,True,True,True
desinventar-da283401-f230-4b1f-b3c7-7c72c21424cc,UNDRR DesInventar Nepal,1998,8,3,Central Region,Mahotari,Luxminiya,HEAVY RAINS,0,0,0,0,0,0,0,0.0,False,,,,,,,,,,,,,,,True,True,True,True
desinventar-48149b58-0a9d-4e6b-9f71-c2364ca13d63,UNDRR DesInventar Nepal,2000,9,3,Central Region,Parsa,UNKNOWN,HEAVY RAINS,0,0,0,421,20,20,0,0.0,False,,,,,,,,,,,,,,,True,True,True,True
desinventar-77494094-b15a-47ea-9e55-8d41d7d87462,UNDRR DesInventar Nepal,1998,8,3,Central Region,Mahotari,Matihani,HEAVY RAINS,0,0,0,0,0,6,0,0.0,False,,,,,,,,,,,,,,,True,True,True,True
desinventar-a4f5cdf3-14f4-431b-9f10-2d4ebbe9859e,UNDRR DesInventar Nepal,1998,8,3,Central Region,Mahotari,Kisan Nagar,HEAVY RAINS,0,0,0,0,0,5,0,0.0,False,,,,,,,,,,,,,,,True,True,True,True
desinventar-f43bda69-e200-4d5e-ba07-41d76cc11ecf,UNDRR DesInventar Nepal,1998,8,3,Central Region,Mahotari,Damhi Madai,HEAVY RAINS,0,0,0,4000,0,126,0,0.0,False,,,,,,,,,,,,,,,True,True,True,True
desinventar-c438f447-516f-44bd-ab58-2f86fd5cbbbe,UNDRR DesInventar Nepal,1998,8,3,Central Region,Mahotari,Ankar,HEAVY RAINS,0,0,0,430,0,8,0,0.0,False,,,,,,,,,,,,,,,True,True,True,True
desinventar-92be9c3c-5281-4706-9d07-eb6a8ce55e4a,UNDRR DesInventar Nepal,1998,8,3,Central Region,Mahotari,Sigyahi,HEAVY RAINS,0,0,0,0,0,0,0,0.0,False,,,,,,,,,,,,,,,True,True,True,True
desinventar-7b987691-fe81-421e-a9ee-eb11f1da51a8,UNDRR DesInventar Nepal,1998,8,3,Central Region,Mahotari,Sarpallo,HEAVY RAINS,0,0,0,0,0,0,0,0.0,False,,,,,,,,,,,,,,,True,True,True,True
desinventar-d12d3422-33f9-451e-a902-b58cb33151fd,UNDRR DesInventar Nepal,2000,9,4,Western Region,Lamjung,UDIPUT,OTHER,0,0,0,0,0,0,0,500.0,True,,,,,,,,,,,,,,,True,True,True,True
desinventar-8a6bde18-c8de-4464-83a9-bca668f365bd,UNDRR DesInventar Nepal,2001,7,4,Far Western Region,Doti,POKHARI,HEAVY RAINS,1,1,0,0,0,0,0,0.0,False,,,,,,,,,,,,,,,True,True,True,True
desinventar-0d7c33cc-3b5c-407a-a635-d6a06b111e9b,UNDRR DesInventar Nepal,1998,8,3,Central Region,Mahotari,Itaharwakatti,HEAVY RAINS,0,0,0,4800,0,144,0,0.0,False,,,,,,,,,,,,,,,True,True,True,True
desinventar-a0130440-7b55-4bf2-8492-2d207a3fef4e,UNDRR DesInventar Nepal,1998,8,3,Central Region,Mahotari,Sonama,HEAVY RAINS,0,0,0,4200,0,0,0,0.0,False,,,,,,,,,,,,,,,True,True,True,True
desinventar-f01ffee3-ea67-41db-b0ac-c421d046495f,UNDRR DesInventar Nepal,1998,8,3,Central Region,Mahotari,Bhrampura,HEAVY RAINS,0,0,0,605,0,20,0,0.0,False,,,,,,,,,,,,,,,True,True,True,True
desinventar-4e0771d6-e799-40da-8632-944d71c25bf7,UNDRR DesInventar Nepal,1998,8,3,Mid-Western Region,Surkhet,KUNATHARI,HEAVY RAINS,0,0,0,0,0,0,0,0.0,False,,,,,,,,,,,,,,,True,True,True,True
desinventar-3007d6a9-18b0-4d84-9940-70817c2245e0,UNDRR DesInventar Nepal,2000,7,5,Central Region,Sindhuli,UNKNOWN,RAIN,0,0,0,0,0,0,0,0.0,False,,,,,,,,,,,,,,,True,True,True,True
desinventar-7e196b69-9642-4c15-90dc-3c348b51cf5e,UNDRR DesInventar Nepal,2000,9,6,Mid-Western Region,Jumla,UNKNOWN,OTHER,0,0,0,0,0,0,0,0.0,True,,,,,,,,,,,,,,,True,True,True,True
desinventar-5fd66d01-36cf-4f62-a9f9-fd75f5b9949b,UNDRR DesInventar Nepal,2000,9,6,Mid-Western Region,Bardiya,NEULAPUR,HEAVY RAINS,1,0,0,0,0,0,0,0.0,False,,,,,,,,,,,,,,,True,True,True,True
desinventar-aa388cca-75f6-4b22-a372-03e16e75febd,UNDRR DesInventar Nepal,1998,8,26,Mid-Western Region,Dang,UNKNOWN,HEAVY RAINS,0,0,0,0,30,0,0,0.0,False,,,,,,,,,,,,,,,True,True,True,True
desinventar-ad4c983a-a1ba-459d-8621-d30e60f57429,UNDRR DesInventar Nepal,2000,9,6,Far Western Region,Kanchanpur,CHANDANI,HEAVY RAINS,0,0,0,0,0,0,0,0.0,True,,,,,,,,,,,,,,,True,True,True,True
desinventar-919b7149-eefd-4a68-91ee-8759b4c77643,UNDRR DesInventar Nepal,2001,5,7,Central Region,Nuwakot,LACHYANG,HEAVY RAINS,0,0,0,1,0,0,0,0.0,True,,,,,,,,,,,,,,,True,True,True,True
desinventar-fc68ca39-5d8c-490c-b4b6-6bdac3931da2,UNDRR DesInventar Nepal,2000,9,9,Central Region,Rautahat,UNKNOWN,HEAVY RAINS,0,0,0,2700,0,0,0,0.0,False,,,,,,,,,,,,,,,True,True,True,True
desinventar-09e193df-401f-4427-bf31-15b49a4a7d1c,UNDRR DesInventar Nepal,1998,8,26,Central Region,Chitawan,BAGHAUDA,HEAVY RAINS,0,0,0,0,23,0,115,0.0,False,,,,,,,,,,,,,,,True,True,True,True
desinventar-4b34a2e0-15ce-4ac1-a77d-c5c230a87086,UNDRR DesInventar Nepal,2000,9,10,Central Region,Rautahat,UNKNOWN,HEAVY RAINS,0,0,0,0,0,0,0,0.0,True,,,,,,,,,,,,,,,True,True,True,True
desinventar-ff9b94ca-d682-4b0c-9d61-6efdb0db5fea,UNDRR DesInventar Nepal,1998,8,26,Central Region,Chitawan,GARDI,HEAVY RAINS,0,0,0,0,4,0,0,0.0,False,,,,,,,,,,,,,,,True,True,True,True
desinventar-f847f975-cbfc-4b1f-811e-3fdb66bcf4ec,UNDRR DesInventar Nepal,2000,9,10,Eastern Region,Sankhuwasabha,Syabun,HEAVY RAINS,1,0,0,0,0,0,0,0.0,False,,,,,,,,,,,,,,,True,True,True,True
desinventar-fadaef2a-0aaf-400c-9673-ccf93d59874a,UNDRR DesInventar Nepal,2000,7,7,Western Region,Syangja,UNKNOWN,RAIN,1,0,0,0,0,0,0,0.0,False,,,,,,,,,,,,,,,True,True,True,True
desinventar-7d81bda5-23dd-4996-8b3d-31215215f260,UNDRR DesInventar Nepal,1998,8,26,Central Region,Chitawan,MEGHAULI,HEAVY RAINS,0,0,0,135,0,0,0,0.0,True,,,,,,,,,,,,,,,True,True,True,True
desinventar-a92ef888-1ae4-4b7e-ad90-4a57c763cc46,UNDRR DesInventar Nepal,1998,8,16,Eastern Region,Solukhumbu,UNKNOWN,HEAVY RAINS,0,0,0,0,0,0,0,0.0,True,,,,,,,,,,,,,,,True,True,True,True
desinventar-c5db0c2d-1193-4421-a011-8dc76789f9c4,UNDRR DesInventar Nepal,2000,8,10,Central Region,Sindhuli,UNKNOWN,HEAVY RAINS,0,0,0,0,0,0,0,0.0,False,,,,,,,,,,,,,,,True,True,True,True
desinventar-12e6d020-d2a3-4616-aa79-6d9be062bea3,UNDRR DesInventar Nepal,1997,12,20,Western Region,Rupandehi,BUTAWAL_NP,OTHER,2,0,0,0,0,0,0,0.0,False,,,,,,,,,,,,,,,True,True,True,True
desinventar-0d18aafa-0a8b-4c62-95b4-4e70adaed7f4,UNDRR DesInventar Nepal,2000,9,12,Central Region,Sindhupalchoke,Bhotsipa,HEAVY RAINS,0,0,0,513,6,0,0,0.0,False,,,,,,,,,,,,,,,True,True,True,True
desinventar-9468a688-ed41-43bd-acf0-e16f60898781,UNDRR DesInventar Nepal,2001,5,9,Mid-Western Region,Surkhet,LATIKOILI,HEAVY RAINS,0,0,0,0,0,0,0,0.0,True,,,,,,,,,,,,,,,True,True,True,True
desinventar-296809a0-00e5-495d-926e-6ba019a1dd54,UNDRR DesInventar Nepal,1998,8,19,Western Region,Nawalparasi,KUDIYA,HEAVY RAINS,0,0,0,0,0,25,0,0.0,False,,,,,,,,,,,,,,,True,True,True,True
desinventar-2830526f-a2e8-405b-8ff2-3a8e50728faa,UNDRR DesInventar Nepal,2000,7,7,Western Region,Syangja,ARJUN CAHUPARI,RAIN,0,0,0,0,0,0,0,0.0,False,,,,,,,,,,,,,,,True,True,True,True
desinventar-94745e82-78e7-4846-a7dd-3e097f1af789,UNDRR DesInventar Nepal,1998,8,19,Western Region,Nawalparasi,SOMANI,HEAVY RAINS,0,0,0,785,0,0,0,0.0,False,,,,,,,,,,,,,,,True,True,True,True
desinventar-e0bab669-e31c-4322-a129-9608a0c4e7c9,UNDRR DesInventar Nepal,1998,8,19,Western Region,Nawalparasi,THULO_KHAIRATAWA,HEAVY RAINS,0,0,0,1000,400,0,0,0.0,False,,,,,,,,,,,,,,,True,True,True,True
desinventar-9dd9fbbe-f4c4-402c-91e3-8201a4a5909f,UNDRR DesInventar Nepal,1998,8,19,Western Region,Nawalparasi,BHUJAHAWA,HEAVY RAINS,0,0,0,0,600,0,1600,0.0,False,,,,,,,,,,,,,,,True,True,True,True
desinventar-ee0cf09d-76e2-4285-aa1f-c4669c51374a,UNDRR DesInventar Nepal,2000,9,14,Central Region,Dhading,UNKNOWN,HEAVY RAINS,0,0,0,1053,0,0,0,0.0,False,,,,,,,,,,,,,,,True,True,True,True
desinventar-9904fa1f-535b-4c8c-9a82-f79e56d4de95,UNDRR DesInventar Nepal,2001,5,12,Central Region,Dolakha,Jiri,HEAVY RAINS,0,0,0,16,3,0,0,0.0,True,,,,,,,,,,,,,,,True,True,True,True
desinventar-eb7cf1ea-98c0-4bb9-9138-4238ccf67bbb,UNDRR DesInventar Nepal,2000,7,8,Eastern Region,Jhapa,MAHABHARA,RAIN,0,0,0,0,9,0,0,0.0,False,,,,,,,,,,,,,,,True,True,True,True
desinventar-27dbdf72-0225-4e02-86d1-45c07d3ee8db,UNDRR DesInventar Nepal,2001,7,13,Mid-Western Region,Dolpa,LAWAN,HEAVY RAINS,0,0,0,0,1,0,0,0.0,False,,,,,,,,,,,,,,,True,True,True,True
desinventar-4abdda57-1112-4917-a0d5-bd25b15e4b6d,UNDRR DesInventar Nepal,2000,9,16,Eastern Region,Morang,Madhumalla,HEAVY RAINS,0,0,0,361,67,0,0,0.0,False,,,,,,,,,,,,,,,True,True,True,True
desinventar-68db122a-0219-482a-bed3-6e93a466c05b,UNDRR DesInventar Nepal,2000,7,8,Central Region,Mahotari,Sonaul,RAIN,0,0,0,0,19,0,0,0.0,False,,,,,,,,,,,,,,,True,True,True,True
desinventar-bb1ca9ba-7393-43f6-88ba-c626eed6303c,UNDRR DesInventar Nepal,2001,5,15,Central Region,Nuwakot,UNKNOWN,HEAVY RAINS,0,0,0,0,0,0,0,0.0,True,,,,,,,,,,,,,,,True,True,True,True
desinventar-9cb0e1e1-bdde-47a8-b97c-52d2d4177b61,UNDRR DesInventar Nepal,2000,9,18,Central Region,Sindhupalchoke,Badegau,HEAVY RAINS,0,0,0,97,6,0,0,0.0,False,,,,,,,,,,,,,,,True,True,True,True
desinventar-f39cf6b9-eb90-436c-b1dc-5066ad5a8b8c,UNDRR DesInventar Nepal,2000,9,18,Mid-Western Region,Dang,UNKNOWN,HEAVY RAINS,0,0,0,0,0,0,0,0.0,False,,,,,,,,,,,,,,,True,True,True,True
desinventar-1e25a933-cd07-4534-9f68-add59d40ea86,UNDRR DesInventar Nepal,2001,7,14,Western Region,Nawalparasi,UNKNOWN,HEAVY RAINS,0,0,0,0,4,0,0,0.0,False,,,,,,,,,,,,,,,True,True,True,True
desinventar-b1b91150-8de5-42b9-895b-af2e33b5e3c6,UNDRR DesInventar Nepal,1998,8,27,Mid-Western Region,Banke,KAMDI,HEAVY RAINS,0,0,0,0,0,0,0,0.0,False,,,,,,,,,,,,,,,True,True,True,True
desinventar-29c9f82e-eb61-43b6-bece-dcb7f5328b9c,UNDRR DesInventar Nepal,2000,9,17,Western Region,Nawalparasi,RAJAHAR,HEAVY RAINS,1,0,1,0,0,0,0,0.0,False,,,,,,,,,,,,,,,True,True,True,True
desinventar-f1c89dab-a423-4ae8-834a-f19617964b97,UNDRR DesInventar Nepal,2000,7,9,Eastern Region,Jhapa,MAHABHARA,RAIN,0,0,0,0,9,0,0,0.0,False,,,,,,,,,,,,,,,True,True,True,True
desinventar-0b60f6c1-3f8d-4872-a7bf-ffe857728fda,UNDRR DesInventar Nepal,1998,8,27,Mid-Western Region,Banke,BAIJAPUR,HEAVY RAINS,0,0,0,0,0,0,0,0.0,False,,,,,,,,,,,,,,,True,True,True,True
desinventar-169afe44-3e4d-48a2-b16d-38684d3812db,UNDRR DesInventar Nepal,2000,9,19,Mid-Western Region,Dang,GANGA_PARASPUR,RAIN,0,0,0,0,0,0,0,0.0,False,,,,,,,,,,,,,,,True,True,True,True
desinventar-9310c934-09fb-40b0-b451-71e5ebbb356c,UNDRR DesInventar Nepal,1998,8,28,Western Region,Kapilbastu,NIGALIHAWA,HEAVY RAINS,0,0,0,0,0,0,0,0.0,False,,,,,,,,,,,,,,,True,True,True,True
desinventar-81ec1cba-649f-47da-ab2e-c20358e4d57e,UNDRR DesInventar Nepal,1998,8,28,Western Region,Kapilbastu,KOPAWA,HEAVY RAINS,0,0,0,1800,0,0,0,0.0,False,,,,,,,,,,,,,,,True,True,True,True
desinventar-1c5422b1-eb88-4375-8dad-e195305db646,UNDRR DesInventar Nepal,1998,8,28,Mid-Western Region,Bardiya,DEUDAKALA,HEAVY RAINS,0,0,0,0,0,0,0,0.0,False,,,,,,,,,,,,,,,True,True,True,True
desinventar-b22884fd-62f6-4abd-a2fa-c2df7ad734e5,UNDRR DesInventar Nepal,2001,5,19,Mid-Western Region,Rukum,POKHARA,HEAVY RAINS,1,0,2,0,0,0,0,0.0,False,,,,,,,,,,,,,,,True,True,True,True
desinventar-ad7bfb75-92ee-4fd4-9cf8-290eecadfee0,UNDRR DesInventar Nepal,1998,8,28,Mid-Western Region,Bardiya,PATABHAR,FLOOD,0,0,0,0,0,0,0,0.0,False,,,,,,,,,,,,,,,True,True,True,True
desinventar-2723ed24-e6c7-4fd8-8fc7-06b205b75dd8,UNDRR DesInventar Nepal,2001,8,27,Western Region,Kaski,MAUJA,HEAVY RAINS,0,0,0,189,0,0,0,0.0,True,,,,,,,,,,,,,,,True,True,True,True
desinventar-c0e9a90d-6a73-4ee1-9958-a9265c3d8ba4,UNDRR DesInventar Nepal,2001,5,20,Mid-Western Region,Humla,RAYA,HEAVY RAINS,1,0,0,0,0,0,0,0.0,False,,,,,,,,,,,,,,,True,True,True,True
desinventar-9b9ab33f-7c2d-4f1b-b56c-3ff70324099c,UNDRR DesInventar Nepal,2000,7,8,Central Region,Mahotari,Kolhuwa Bagaiya,RAIN,0,0,0,0,37,0,0,0.0,False,,,,,,,,,,,,,,,True,True,True,True
desinventar-ff7ee80c-8bff-43c7-9cae-24995e8cbaa6,UNDRR DesInventar Nepal,2001,8,31,Central Region,Sarlahi,DHUNGREKHOLA,HEAVY RAINS,0,0,0,686,0,0,0,0.0,False,,,,,,,,,,,,,,,True,True,True,True
desinventar-90734416-3c3a-4ff8-9192-95d169552bfe,UNDRR DesInventar Nepal,2001,6,11,Eastern Region,Udayapur,UNKNOWN,HEAVY RAINS,2,0,0,0,0,0,0,0.0,False,,,,,,,,,,,,,,,True,True,True,True
desinventar-40d5cbb7-7482-4a39-8b6a-b7341eaf3121,UNDRR DesInventar Nepal,2001,9,1,Far Western Region,Kailali,CHUHA,HEAVY RAINS,3,0,0,0,0,0,0,0.0,False,,,,,,,,,,,,,,,True,True,True,True
desinventar-e7766bef-d90b-4f38-8171-bd99fdbc13f4,UNDRR DesInventar Nepal,2001,9,1,Western Region,Rupandehi,UNKNOWN,HEAVY RAINS,0,0,0,0,4,0,0,0.0,False,,,,,,,,,,,,,,,True,True,True,True
desinventar-a8cd48bf-37d1-43a8-8bf9-8b090818ca68,UNDRR DesInventar Nepal,2000,9,24,Western Region,Gorkha,SURDIBAS,HEAVY RAINS,3,0,0,0,0,0,0,0.0,False,,,,,,,,,,,,,,,True,True,True,True
desinventar-07d5e026-3200-41fc-a957-b54d358eb8a0,UNDRR DesInventar Nepal,2000,7,11,Eastern Region,Morang,Letang,HEAVY RAINS,0,0,0,0,0,33,0,0.0,False,,,,,,,,,,,,,,,True,True,True,True
desinventar-7d29b62d-7ad2-4e3d-ad26-562062522f4c,UNDRR DesInventar Nepal,2000,8,10,Central Region,Sindhuli,UNKNOWN,HEAVY RAINS,0,0,0,0,0,0,0,0.0,False,,,,,,,,,,,,,,,True,True,True,True
desinventar-cbb39901-bfd6-4273-bf69-f65acb7faf2f,UNDRR DesInventar Nepal,2001,7,25,Far Western Region,Kailali,UNKNOWN,HEAVY RAINS,1,1,0,0,0,0,0,0.0,False,,,,,,,,,,,,,,,True,True,True,True
desinventar-42037099-b446-410c-86ac-0e054d9c98c3,UNDRR DesInventar Nepal,2000,10,18,Eastern Region,Dhankuta,AKHISALLA,HEAVY RAINS,1,0,0,0,0,0,0,0.0,False,,,,,,,,,,,,,,,True,True,True,True
desinventar-67ea7526-5065-461d-a9ed-12c11b7cd4be,UNDRR DesInventar Nepal,2000,7,14,Central Region,Parsa,UNKNOWN,TECHNICAL FAILU,0,0,0,0,0,0,0,0.0,False,,,,,,,,,,,,,,,True,True,True,True
desinventar-d558411c-48f5-433f-85fb-72d32b5a6551,UNDRR DesInventar Nepal,2000,7,14,Central Region,Parsa,Thori,RAIN,0,0,0,0,0,0,0,0.0,False,,,,,,,,,,,,,,,True,True,True,True
desinventar-3bcbf1cf-0412-4389-8b3e-40d75c7a86f5,UNDRR DesInventar Nepal,2001,6,28,Central Region,Dhading,SATYADEVI,HEAVY RAINS,3,0,0,0,0,0,0,0.0,False,,,,,,,,,,,,,,,True,True,True,True
desinventar-2a6b5b64-d76d-4b91-83ea-463501d425c8,UNDRR DesInventar Nepal,2001,7,29,Central Region,Mahotari,UNKNOWN,HEAVY RAINS,0,0,0,0,0,100,0,0.0,False,,,,,,,,,,,,,,,True,True,True,True
desinventar-872d77d8-8d9f-4f4d-866c-8290d7440c41,UNDRR DesInventar Nepal,2000,11,20,Eastern Region,Morang,Biratnagar Municipality,HEAVY RAINS,1,0,0,0,0,0,0,0.0,False,,,,,,,,,,,,,,,True,True,True,True
desinventar-025d0ffb-201e-4993-a0ca-2fb207300672,UNDRR DesInventar Nepal,2001,7,30,Far Western Region,Kailali,TIKAPUR MUNICIPALITY,HEAVY RAINS,0,0,0,0,100,0,0,0.0,False,,,,,,,,,,,,,,,True,True,True,True
desinventar-b2baefdc-d1b1-46ca-82dc-15cb740bb2a7,UNDRR DesInventar Nepal,2001,7,30,Central Region,Chitawan,BHARATPUR N.P.,HEAVY RAINS,0,0,0,0,2,0,0,0.0,False,,,,,,,,,,,,,,,True,True,True,True
desinventar-17edf718-a636-40fc-9acb-01d7a91e2161,UNDRR DesInventar Nepal,2001,7,30,Central Region,Parsa,UNKNOWN,HEAVY RAINS,1,0,1,0,1,0,0,0.0,False,,,,,,,,,,,,,,,True,True,True,True
desinventar-b617b0f7-1d49-4c9a-a1d5-cdcb9b62fcde,UNDRR DesInventar Nepal,1998,8,29,Western Region,Syangja,UNKNOWN,HEAVY RAINS,15,0,0,0,29,0,0,0.0,False,,,,,,,,,,,,,,,True,True,True,True
desinventar-f008228c-1549-4d5e-a3e5-3bef72b5d0f6,UNDRR DesInventar Nepal,1998,8,29,Western Region,Syangja,WALIN NP,HEAVY RAINS,0,0,0,0,2,0,0,0.0,True,,,,,,,,,,,,,,,True,True,True,True
desinventar-5a68bb93-336f-4a9e-bbdf-7ef41f9d8efc,UNDRR DesInventar Nepal,2001,7,30,Central Region,Parsa,UNKNOWN,HEAVY RAINS,0,0,0,0,0,100,0,0.0,True,,,,,,,,,,,,,,,True,True,True,True
desinventar-7977017a-9d23-4f19-8413-f4946fe89c2e,UNDRR DesInventar Nepal,2001,7,30,Mid-Western Region,Banke,CHISAPANI,HEAVY RAINS,0,0,0,0,7,0,0,0.0,False,,,,,,,,,,,,,,,True,True,True,True
desinventar-ca308973-2b3a-424f-855b-0b55467703bd,UNDRR DesInventar Nepal,2001,7,31,Central Region,Chitawan,BIRENDRA NAGAR,RAIN,0,0,0,0,0,0,0,0.0,True,,,,,,,,,,,,,,,True,True,True,True
desinventar-928f8973-1650-479a-a3ec-7c01beefc3ea,UNDRR DesInventar Nepal,2001,7,31,Central Region,Chitawan,CHAINPUR,HEAVY RAINS,0,0,0,0,0,0,0,0.0,True,,,,,,,,,,,,,,,True,True,True,True
desinventar-0a1c7749-bd98-4748-9132-1de647b451a6,UNDRR DesInventar Nepal,2000,8,10,Central Region,Sindhuli,UNKNOWN,HEAVY RAINS,0,0,0,0,0,18,0,0.0,False,,,,,,,,,,,,,,,True,True,True,True
desinventar-d3df3d83-2a1e-4223-aa21-c67acf6c4c10,UNDRR DesInventar Nepal,2000,7,15,Far Western Region,Kailali,UNKNOWN,HEAVY RAINS,0,0,0,0,0,0,0,0.0,False,,,,,,,,,,,,,,,True,True,True,True
desinventar-55c7f0bf-8a5d-48b5-8306-a29355a34580,UNDRR DesInventar Nepal,2001,7,31,Western Region,Nawalparasi,PRATAPPUR,HEAVY RAINS,1,0,0,1134,210,0,0,0.0,False,,,,,,,,,,,,,,,True,True,True,True
desinventar-2f17a8e9-8233-4ccc-b878-949a8f0598ed,UNDRR DesInventar Nepal,2001,7,31,Central Region,Dhanusa,UNKNOWN,HEAVY RAINS,0,0,0,640,0,0,0,0.0,True,,,,,,,,,,,,,,,True,True,True,True
desinventar-322ffd79-adb6-43a7-9aa0-bf34f20f7cf7,UNDRR DesInventar Nepal,2001,8,1,Central Region,Chitawan,PATIHANI,HEAVY RAINS,0,0,0,0,0,0,0,0.0,True,,,,,,,,,,,,,,,True,True,True,True
desinventar-af5c3463-2f3a-4590-aacf-14df7186dec7,UNDRR DesInventar Nepal,2000,7,18,Western Region,Parbat,HUWAS,HEAVY RAINS,0,0,0,108,0,0,0,0.0,True,,,,,,,,,,,,,,,True,True,True,True
desinventar-0aa9c701-7cfb-4ff7-bdfe-3c947c604ed2,UNDRR DesInventar Nepal,2001,7,31,Western Region,Nawalparasi,DAWAUNNE_DEVI,HEAVY RAINS,0,0,0,0,65,0,0,0.0,False,,,,,,,,,,,,,,,True,True,True,True
desinventar-35bfa043-04ca-453a-915c-e8733935b05b,UNDRR DesInventar Nepal,1999,8,25,Eastern Region,Jhapa,RAJGADH,HEAVY RAINS,0,0,0,0,0,0,0,0.0,False,,,,,,,,,,,,,,,True,True,True,True
desinventar-0f87b724-136d-4bbf-a09c-91202696620f,UNDRR DesInventar Nepal,2003,7,30,Eastern Region,Siraha,Lahan Municipality,HEAVY RAINS,1,0,0,0,0,0,0,0.0,False,,,,,,,,,,,,,,,True,True,True,True
desinventar-9a59ca40-fca2-4a67-92c8-9f56302ccf99,UNDRR DesInventar Nepal,2001,8,1,Mid-Western Region,Jajarkot,UNKNOWN,HEAVY RAINS,1,0,1,0,0,0,0,0.0,False,,,,,,,,,,,,,,,True,True,True,True
desinventar-ff0d039d-6771-4375-b9fd-e93f24fd85d0,UNDRR DesInventar Nepal,2001,8,2,Eastern Region,Jhapa,MECHI MUN.,HEAVY RAINS,1,0,0,0,0,0,0,0.0,False,,,,,,,,,,,,,,,True,True,True,True
desinventar-f89fcdb9-9e74-4e16-ae3c-d3b6850e9760,UNDRR DesInventar Nepal,2001,8,2,Eastern Region,Morang,Rangeli,HEAVY RAINS,0,0,0,0,0,0,0,0.0,False,,,,,,,,,,,,,,,True,True,True,True
desinventar-6b905551-7b52-4c2f-94c7-54aed9e4b31a,UNDRR DesInventar Nepal,2001,8,2,Eastern Region,Sunsari,Dharan Municiplality,HEAVY RAINS,0,0,0,551,40,0,0,0.0,False,,,,,,,,,,,,,,,True,True,True,True
desinventar-f9c06b52-b024-4ad2-bf88-3a81ad1965a5,UNDRR DesInventar Nepal,2001,8,2,Western Region,Nawalparasi,NARAYANI,HEAVY RAINS,0,0,0,0,17,0,0,0.0,False,,,,,,,,,,,,,,,True,True,True,True
desinventar-c4974a41-0ec4-41be-bbd2-88e4c5bab34f,UNDRR DesInventar Nepal,2001,8,2,Western Region,Nawalparasi,TAMSARIYA,HEAVY RAINS,0,0,0,0,10,0,0,0.0,False,,,,,,,,,,,,,,,True,True,True,True
desinventar-3c174889-0080-47e6-a9bf-1df265281b03,UNDRR DesInventar Nepal,2001,8,3,Mid-Western Region,Dang,SONPUR,HEAVY RAINS,0,0,0,0,0,0,0,0.0,False,,,,,,,,,,,,,,,True,True,True,True
desinventar-8f2e7913-662c-4f05-a984-2d5ce1664566,UNDRR DesInventar Nepal,2001,8,3,Central Region,Dhanusa,Dhalkebar,HEAVY RAINS,0,0,0,162,5,0,0,0.0,False,,,,,,,,,,,,,,,True,True,True,True
desinventar-6698fb04-8608-44a6-b13e-d6560b3b5cd4,UNDRR DesInventar Nepal,1998,8,30,Western Region,Kaski,KAHUN,HEAVY RAINS,3,0,0,0,0,0,0,0.0,False,,,,,,,,,,,,,,,True,True,True,True
desinventar-a764b746-f6be-4668-ad28-4f53fa8cba0e,UNDRR DesInventar Nepal,2001,9,5,Central Region,Makwanpur,PADAM POKHARI,HEAVY RAINS,2,0,0,0,0,0,0,0.0,False,,,,,,,,,,,,,,,True,True,True,True
desinventar-df1fc2e3-4c9e-4c96-b1b6-9da1089d8308,UNDRR DesInventar Nepal,1998,8,29,Western Region,Syangja,BAHAKOT,HEAVY RAINS,3,0,0,86,16,0,0,0.0,False,,,,,,,,,,,,,,,True,True,True,True
desinventar-6af5af70-1682-4156-9165-6a748b75f12a,UNDRR DesInventar Nepal,2000,7,23,Central Region,Dhading,AGINCHOK,HEAVY RAINS,0,0,0,0,0,0,0,0.0,False,,,,,,,,,,,,,,,True,True,True,True
desinventar-abc39a71-28db-4b2b-a2d7-e26d73f1ca27,UNDRR DesInventar Nepal,2001,8,5,Western Region,Nawalparasi,UNKNOWN,HEAVY RAINS,0,0,0,0,0,0,0,0.0,False,,,,,,,,,,,,,,,True,True,True,True
desinventar-3eb4d93e-427a-4a1f-a1b1-3b22efd9b9ce,UNDRR DesInventar Nepal,2001,9,5,Central Region,Sarlahi,UNKNOWN,HEAVY RAINS,0,0,0,0,0,0,0,0.0,False,,,,,,,,,,,,,,,True,True,True,True
desinventar-51a8244a-36e4-486a-8fc3-da65aed0f92d,UNDRR DesInventar Nepal,2000,7,23,Far Western Region,Bajura,Kailashmandau,HEAVY RAINS,0,2,0,0,0,0,0,0.0,False,,,,,,,,,,,,,,,True,True,True,True
desinventar-54ee0043-876a-47da-87aa-30da8321b173,UNDRR DesInventar Nepal,2001,9,6,Central Region,Parsa,Birgunj Municipality,HEAVY RAINS,0,0,0,0,0,0,0,0.0,True,,,,,,,,,,,,,,,True,True,True,True
desinventar-600d60a9-6dc7-4391-92cb-4a2c2680a990,UNDRR DesInventar Nepal,2000,7,25,Far Western Region,Dadeldhura,JOGBUDA,HEAVY RAINS,2,0,0,0,0,0,0,0.0,False,,,,,,,,,,,,,,,True,True,True,True
desinventar-793c5eb6-4762-4c26-81d3-54f08c708d44,UNDRR DesInventar Nepal,2001,9,6,Central Region,Makwanpur,UNKNOWN,HEAVY RAINS,0,0,0,918,0,0,0,0.0,False,,,,,,,,,,,,,,,True,True,True,True
desinventar-ba2d8d2e-f3ce-4bc2-be72-5a574e40266c,UNDRR DesInventar Nepal,1998,9,1,Central Region,Mahotari,Jaleswar Municipalit,HEAVY RAINS,0,0,0,0,0,0,0,0.0,False,,,,,,,,,,,,,,,True,True,True,True
desinventar-dc64142c-a70b-43d3-9dbf-40fd8bbf79f3,UNDRR DesInventar Nepal,1998,8,31,Central Region,Parsa,UNKNOWN,HEAVY RAINS,1,0,0,300000,0,0,0,0.0,True,,,,,,,,,,,,,,,True,True,True,True
desinventar-eb3f96ae-f3f1-45c9-8194-3066ede402ab,UNDRR DesInventar Nepal,2001,8,6,Eastern Region,Siraha,UNKNOWN,HEAVY RAINS,0,0,0,0,0,0,0,0.0,False,,,,,,,,,,,,,,,True,True,True,True
desinventar-11b41b7c-c76c-49db-b395-535df41253dc,UNDRR DesInventar Nepal,1998,8,31,Central Region,Parsa,Nirmalbasti,HEAVY RAINS,1,0,0,0,0,0,0,0.0,False,,,,,,,,,,,,,,,True,True,True,True
desinventar-54cbad2e-ee99-4254-8768-41b250a56b2c,UNDRR DesInventar Nepal,1998,8,31,Central Region,Parsa,Deurbana,HEAVY RAINS,0,0,0,0,42,0,0,0.0,False,,,,,,,,,,,,,,,True,True,True,True
desinventar-0b36eb4a-faa3-4757-b8e9-8dc880d6f219,UNDRR DesInventar Nepal,1998,8,29,Western Region,Tanahu,RAIPUR,HEAVY RAINS,0,0,0,0,0,0,0,0.0,False,,,,,,,,,,,,,,,True,True,True,True
desinventar-4c3be303-8511-4ce8-b9ad-1e01ac9b705d,UNDRR DesInventar Nepal,1998,8,29,Western Region,Tanahu,DHORFIRDI,HEAVY RAINS,0,0,0,0,0,0,0,0.0,False,,,,,,,,,,,,,,,True,True,True,True
desinventar-c0559831-340e-423a-92ac-058a502d5972,UNDRR DesInventar Nepal,2001,9,11,Mid-Western Region,Humla,SRINAGAR,HEAVY RAINS,0,0,0,0,0,0,0,0.0,True,,,,,,,,,,,,,,,True,True,True,True
desinventar-27a74f94-4c4a-4b76-9e6a-0bf2a6398798,UNDRR DesInventar Nepal,1998,8,29,Western Region,Tanahu,PURKOT,HEAVY RAINS,0,0,0,0,0,0,0,0.0,False,,,,,,,,,,,,,,,True,True,True,True
desinventar-13a0e598-9469-47e1-9d6f-d8bb8054b4a1,UNDRR DesInventar Nepal,1998,9,3,Eastern Region,Solukhumbu,Deusa,HEAVY RAINS,0,0,0,718,133,0,0,0.0,False,,,,,,,,,,,,,,,True,True,True,True
desinventar-41b0b3fc-5df3-4ad3-8561-6998943f540e,UNDRR DesInventar Nepal,1998,9,3,Eastern Region,Khotang,UNKNOWN,HEAVY RAINS,3,0,0,0,0,0,0,0.0,True,,,,,,,,,,,,,,,True,True,True,True
desinventar-4ded319f-77ad-4812-b606-74d7ba121aef,UNDRR DesInventar Nepal,2001,8,8,Central Region,Parsa,UNKNOWN,HEAVY RAINS,1,0,0,0,0,0,0,0.0,False,,,,,,,,,,,,,,,True,True,True,True
desinventar-3c5ab1df-56f2-40fe-9276-3869414b83ff,UNDRR DesInventar Nepal,1998,9,1,Western Region,Myagdi,RAKHU_PIPLE,HEAVY RAINS,0,0,0,0,0,0,0,0.0,False,,,,,,,,,,,,,,,True,True,True,True
desinventar-e38f292e-31a1-4a51-ac99-e02517990086,UNDRR DesInventar Nepal,2001,8,8,Central Region,Parsa,Bagahi,HEAVY RAINS,1,0,0,0,0,0,0,0.0,False,,,,,,,,,,,,,,,True,True,True,True
desinventar-d426610d-b6bf-4d7e-9ab8-5af65d4bbf0a,UNDRR DesInventar Nepal,2000,5,24,Western Region,Tanahu,UNKNOWN,OTHER,1,1,7,0,0,0,0,0.0,False,,,,,,,,,,,,,,,True,True,True,True
desinventar-9612ca61-018a-47ff-a0a3-d0244422774f,UNDRR DesInventar Nepal,2001,9,12,Eastern Region,Morang,Sanischare,HEAVY RAINS,0,0,0,0,7,0,0,0.0,False,,,,,,,,,,,,,,,True,True,True,True
desinventar-a3f299f7-58a7-4c79-bdb0-cb69468c5545,UNDRR DesInventar Nepal,2000,5,25,Central Region,Makwanpur,UNKNOWN,OTHER,2,0,0,0,0,0,0,0.0,False,,,,,,,,,,,,,,,True,True,True,True
desinventar-45234739-2064-4740-a02d-7635ae4df9cc,UNDRR DesInventar Nepal,1998,9,1,Western Region,Myagdi,DEBISTHAN,HEAVY RAINS,0,0,0,84,15,0,0,0.0,False,,,,,,,,,,,,,,,True,True,True,True
desinventar-fe559247-6ea3-42c2-b1c7-3b7247893cdc,UNDRR DesInventar Nepal,2001,8,9,Central Region,Chitawan,BHARATPUR N.P.,HEAVY RAINS,2,0,0,0,0,0,0,0.0,False,,,,,,,,,,,,,,,True,True,True,True
desinventar-6812c350-9545-4875-ba7c-5b00f8dbff54,UNDRR DesInventar Nepal,1998,8,31,Eastern Region,Udayapur,Hadiya,OTHER,0,0,0,0,6,0,0,0.0,False,,,,,,,,,,,,,,,True,True,True,True
desinventar-8634018b-b34f-430a-b5c8-a5f415d51107,UNDRR DesInventar Nepal,2000,7,29,Western Region,Syangja,CHINNEBAS,HEAVY RAINS,1,0,0,0,0,0,0,0.0,False,,,,,,,,,,,,,,,True,True,True,True
desinventar-ff450c4a-3710-4802-83a2-8319bcbdf0ad,UNDRR DesInventar Nepal,2001,9,14,Central Region,Kavre,BANEPA MUNICIPALITY,HEAVY RAINS,0,0,0,0,0,0,0,0.0,False,,,,,,,,,,,,,,,True,True,True,True
desinventar-f703145c-1009-4d21-bfa0-ae0b31ed6f60,UNDRR DesInventar Nepal,1998,8,31,Eastern Region,Udayapur,Trijuga Municipality,HEAVY RAINS,0,0,0,0,0,0,0,0.0,False,,,,,,,,,,,,,,,True,True,True,True
desinventar-435fd56b-e7bd-46d8-8148-8587cd226fea,UNDRR DesInventar Nepal,1998,9,1,Central Region,Chitawan,MANGALUR,HEAVY RAINS,0,0,0,0,0,0,0,0.0,False,,,,,,,,,,,,,,,True,True,True,True
desinventar-0f2ab5da-a17d-48d6-aea7-9524c76cf05e,UNDRR DesInventar Nepal,2000,7,28,Eastern Region,Jhapa,LAKHANPUR,HEAVY RAINS,0,0,0,210,0,0,0,0.0,False,,,,,,,,,,,,,,,True,True,True,True
desinventar-90369cb2-82fb-4089-a547-cfaa84ad581c,UNDRR DesInventar Nepal,1998,9,3,Central Region,Mahotari,Damhi Madai,HEAVY RAINS,1,0,0,0,0,0,0,0.0,False,,,,,,,,,,,,,,,True,True,True,True
desinventar-26498be2-76c3-43fc-8d5d-25669f6e693e,UNDRR DesInventar Nepal,2000,6,9,Mid-Western Region,Bardiya,KHAIRI CHANDANPUR,OTHER,0,0,0,98,0,25,0,0.0,False,,,,,,,,,,,,,,,True,True,True,True
desinventar-1effb41b-a9c5-4c0a-8777-5097255831d7,UNDRR DesInventar Nepal,1998,9,3,Central Region,Mahotari,Simardahi,HEAVY RAINS,1,0,0,0,0,0,0,0.0,False,,,,,,,,,,,,,,,True,True,True,True
desinventar-8c9276f4-2d0b-4a36-b148-232e99643ffe,UNDRR DesInventar Nepal,2001,9,17,Mid-Western Region,Jajarkot,Khalanga,HEAVY RAINS,0,0,0,167,0,0,0,0.0,True,,,,,,,,,,,,,,,True,True,True,True
desinventar-8a31fbd6-dc70-43e6-a130-f112ba136f24,UNDRR DesInventar Nepal,1998,8,25,Mid-Western Region,Humla,MAILA,HEAVY RAINS,0,0,0,0,0,0,0,0.0,False,,,,,,,,,,,,,,,True,True,True,True
desinventar-91b53c82-5602-49b6-bc12-01f577650100,UNDRR DesInventar Nepal,2000,6,11,Western Region,Lamjung,TAGHRIN,OTHER,3,0,0,0,0,0,0,0.0,False,,,,,,,,,,,,,,,True,True,True,True
desinventar-c8f8004f-102f-4ab6-ad46-7ab3885df42c,UNDRR DesInventar Nepal,1998,8,20,Western Region,Lamjung,ISANESHWAR,HEAVY RAINS,0,0,0,3000,0,0,0,0.0,False,,,,,,,,,,,,,,,True,True,True,True
desinventar-cd617f9b-446d-4722-9cf1-f37f386a5ea6,UNDRR DesInventar Nepal,2000,8,1,Central Region,Kathmandu,MANAMAJU,HEAVY RAINS,0,0,0,0,0,3,0,0.0,False,,,,,,,,,,,,,,,True,True,True,True
desinventar-26e82b27-653c-4898-8be9-fb6cd3207892,UNDRR DesInventar Nepal,2000,6,16,Far Western Region,Kailali,DANSINHAPUR,OTHER,0,0,0,0,7,5,0,0.0,False,,,,,,,,,,,,,,,True,True,True,True
desinventar-46f406a0-abd9-4c93-99eb-3f9571aa07f0,UNDRR DesInventar Nepal,2000,6,17,Western Region,Syangja,UNKNOWN,OTHER,0,0,0,0,0,0,0,0.0,False,,,,,,,,,,,,,,,True,True,True,True
desinventar-5ed8f710-2eff-4c48-8e5e-cd7c674086c9,UNDRR DesInventar Nepal,2001,9,18,Central Region,Mahotari,UNKNOWN,HEAVY RAINS,0,0,0,0,0,0,0,0.0,False,,,,,,,,,,,,,,,True,True,True,True
desinventar-9b0e653b-5ab5-4b04-a6e2-357ba6da8681,UNDRR DesInventar Nepal,1998,9,2,Eastern Region,Khotang,Jyamire,HEAVY RAINS,0,0,0,184,0,0,0,0.0,False,,,,,,,,,,,,,,,True,True,True,True
desinventar-febbea82-4bd9-425b-9728-5ee23f64f380,UNDRR DesInventar Nepal,2001,8,11,Central Region,Mahotari,UNKNOWN,HEAVY RAINS,0,0,0,0,0,0,0,0.0,True,,,,,,,,,,,,,,,True,True,True,True
desinventar-09c32354-e9c1-49f4-859f-85f91dcbc89d,UNDRR DesInventar Nepal,2001,9,19,Far Western Region,Kanchanpur,CHANDANI,HEAVY RAINS,0,0,0,0,0,0,0,0.0,False,,,,,,,,,,,,,,,True,True,True,True
desinventar-af2c7e96-6439-469a-b04f-9e24ace429da,UNDRR DesInventar Nepal,2000,6,17,Far Western Region,Darchula,UNKNOWN,OTHER,3,0,0,0,0,0,0,0.0,False,,,,,,,,,,,,,,,True,True,True,True
desinventar-b5b05fd2-b48c-4b29-83e5-035651a97620,UNDRR DesInventar Nepal,2001,9,21,Central Region,Ramechhap,UNKNOWN,HEAVY RAINS,0,0,0,0,0,0,0,0.0,False,,,,,,,,,,,,,,,True,True,True,True
desinventar-75697ad3-f8bd-4bcb-98cd-870fa24d8f9e,UNDRR DesInventar Nepal,2000,8,10,Central Region,Sindhuli,UNKNOWN,HEAVY RAINS,0,0,0,0,0,0,0,0.0,False,,,,,,,,,,,,,,,True,True,True,True
desinventar-ffd70bb9-fdbe-4aa1-b5db-a8e45e2fa176,UNDRR DesInventar Nepal,1998,9,2,Far Western Region,Dadeldhura,BHAGESWOR,HEAVY RAINS,1,0,0,0,5,0,0,0.0,False,,,,,,,,,,,,,,,True,True,True,True
desinventar-09ca1fdb-fcfe-4fd3-b13a-9cd5bf58a839,UNDRR DesInventar Nepal,1998,9,8,Mid-Western Region,Dang,DHANAURI,HEAVY RAINS,0,0,0,0,200,0,0,0.0,False,,,,,,,,,,,,,,,True,True,True,True
desinventar-6ad32a01-a46f-4659-9215-e527d33fe129,UNDRR DesInventar Nepal,1998,8,15,Far Western Region,Kailali,DANSINHAPUR,HEAVY RAINS,0,0,0,0,20,0,0,0.0,False,,,,,,,,,,,,,,,True,True,True,True
desinventar-10ea1e83-098e-490c-839d-ced9f5dd8f79,UNDRR DesInventar Nepal,2001,9,22,Central Region,Bhaktapur,BAGESWORI,HEAVY RAINS,0,0,0,10000,0,0,0,0.0,True,,,,,,,,,,,,,,,True,True,True,True
desinventar-dc8e4afd-32d0-484f-b8a5-47ba3629bc99,UNDRR DesInventar Nepal,2001,8,13,Mid-Western Region,Dang,UNKNOWN,HEAVY RAINS,1,0,0,0,0,0,0,0.0,False,,,,,,,,,,,,,,,True,True,True,True
desinventar-d019de3e-4bd9-4a76-b8f2-a10a4d09179d,UNDRR DesInventar Nepal,2000,6,26,Western Region,Kaski,DEURALI,OTHER,0,0,0,0,0,0,0,0.0,True,,,,,,,,,,,,,,,True,True,True,True
desinventar-584039de-cdb5-43f5-a82d-2e2c31fde656,UNDRR DesInventar Nepal,2000,6,26,Western Region,Kaski,UNKNOWN,OTHER,1,0,0,0,0,0,0,0.0,False,,,,,,,,,,,,,,,True,True,True,True
desinventar-9abf0ab8-79ca-49d3-a02d-87f2f6db1104,UNDRR DesInventar Nepal,2000,8,1,Western Region,Nawalparasi,RAJAHAR,HEAVY RAINS,0,0,0,300,0,0,92,0.0,False,,,,,,,,,,,,,,,True,True,True,True
desinventar-567f9723-e70d-4e44-aa72-fcb666a2b06a,UNDRR DesInventar Nepal,2000,8,1,Far Western Region,Kailali,NARAYANPUR,HEAVY RAINS,0,0,0,540,0,0,1000,0.0,False,,,,,,,,,,,,,,,True,True,True,True
desinventar-66210115-b294-4bd5-80fc-d6730655e027,UNDRR DesInventar Nepal,2000,6,26,Western Region,Baglung,MALMA,OTHER,1,0,0,0,0,0,0,0.0,False,,,,,,,,,,,,,,,True,True,True,True
desinventar-2e40119d-ab99-436f-b67c-85663c81799a,UNDRR DesInventar Nepal,2001,9,23,Mid-Western Region,Dang,UNKNOWN,HEAVY RAINS,2,0,0,0,0,0,0,0.0,False,,,,,,,,,,,,,,,True,True,True,True
desinventar-48258b91-907d-41c2-992e-90886c3f7d4e,UNDRR DesInventar Nepal,1999,6,30,Central Region,Bhaktapur,DADHIKOT,HEAVY RAINS,0,0,0,0,0,0,0,0.0,False,,,,,,,,,,,,,,,True,True,True,True
desinventar-71070728-04ed-46ba-9b45-ff557d220713,UNDRR DesInventar Nepal,2000,8,3,Eastern Region,Siraha,UNKNOWN,HEAVY RAINS,0,1,0,0,0,0,0,0.0,False,,,,,,,,,,,,,,,True,True,True,True
desinventar-cc601111-ce97-45ff-b90d-5b6e664b117d,UNDRR DesInventar Nepal,1999,7,1,Eastern Region,Udayapur,UNKNOWN,HEAVY RAINS,2,0,0,0,0,0,0,0.0,False,,,,,,,,,,,,,,,True,True,True,True
desinventar-67b83d44-d820-430c-807d-9e4d64537d29,UNDRR DesInventar Nepal,2000,8,3,Central Region,Makwanpur,UNKNOWN,HEAVY RAINS,3,0,0,0,0,0,0,0.0,False,,,,,,,,,,,,,,,True,True,True,True
desinventar-7158cc0d-3ffd-43be-a331-57d85458ff63,UNDRR DesInventar Nepal,2001,9,25,Central Region,Parsa,Bagahi,HEAVY RAINS,0,0,0,108,0,0,0,0.0,False,,,,,,,,,,,,,,,True,True,True,True
desinventar-7e708134-949c-4798-9116-42a16655f0cb,UNDRR DesInventar Nepal,1999,7,1,Eastern Region,Jhapa,UNKNOWN,HEAVY RAINS,0,0,0,0,0,0,0,0.0,False,,,,,,,,,,,,,,,True,True,True,True
desinventar-4dba0a5f-616c-4b4c-b4a6-d9d3ae751a1f,UNDRR DesInventar Nepal,2001,9,25,Mid-Western Region,Humla,SRINAGAR,HEAVY RAINS,0,0,0,0,0,0,0,0.0,False,,,,,,,,,,,,,,,True,True,True,True
desinventar-01579645-4860-4380-ab5e-1f65529296aa,UNDRR DesInventar Nepal,2001,9,25,Mid-Western Region,Humla,KALIKA,HEAVY RAINS,0,0,0,0,0,0,0,0.0,False,,,,,,,,,,,,,,,True,True,True,True
desinventar-0d34eb08-ceac-4c96-8822-77cba56a1770,UNDRR DesInventar Nepal,2000,8,3,Western Region,Nawalparasi,SANAI,HEAVY RAINS,0,0,0,629,0,112,581,0.0,False,,,,,,,,,,,,,,,True,True,True,True
desinventar-b86679f3-1426-4153-ae70-045865cad25e,UNDRR DesInventar Nepal,2000,8,3,Eastern Region,Saptari,BHARDAHA,HEAVY RAINS,0,0,0,226,0,0,0,0.0,False,,,,,,,,,,,,,,,True,True,True,True
desinventar-ba8665d2-737c-457d-bc70-4d3238788b12,UNDRR DesInventar Nepal,2001,8,16,Central Region,Ramechhap,UNKNOWN,HEAVY RAINS,0,0,0,0,0,0,0,0.0,True,,,,,,,,,,,,,,,True,True,True,True
desinventar-bf3c8399-0346-45c6-94c7-dfc248237b6b,UNDRR DesInventar Nepal,2000,8,4,Central Region,Makwanpur,PHAPARBARI,HEAVY RAINS,0,0,0,0,0,0,0,0.0,False,,,,,,,,,,,,,,,True,True,True,True
desinventar-c89630b0-ad8b-41b6-9d21-f180cd2ee0a9,UNDRR DesInventar Nepal,2000,8,31,Central Region,Makwanpur,DADAKHARKA,HEAVY RAINS,0,0,0,0,0,0,0,0.0,False,,,,,,,,,,,,,,,True,True,True,True
desinventar-3473406c-cc36-48b9-9968-47c90c7993af,UNDRR DesInventar Nepal,2000,8,31,Central Region,Rautahat,GAUR NP,HEAVY RAINS,0,0,0,0,150,9,0,0.0,False,,,,,,,,,,,,,,,True,True,True,True
desinventar-0389bdc8-8852-4906-979b-04c2685c57ec,UNDRR DesInventar Nepal,1999,7,3,Eastern Region,Jhapa,LAKHANPUR,HEAVY RAINS,0,0,0,0,10,0,0,0.0,False,,,,,,,,,,,,,,,True,True,True,True
desinventar-213233e3-7c6d-4b6a-b4ec-c00a0f77ece9,UNDRR DesInventar Nepal,1999,7,3,Western Region,Gorkha,BARPAK,HEAVY RAINS,0,8,1,0,2,0,0,0.0,False,,,,,,,,,,,,,,,True,True,True,True
desinventar-0d9c6ff1-be0b-4576-b9a8-77ecf730228b,UNDRR DesInventar Nepal,2000,8,3,Far Western Region,Bajura,Bramhatola,HEAVY RAINS,0,1,0,0,0,0,0,0.0,False,,,,,,,,,,,,,,,True,True,True,True
desinventar-1069e453-8aaf-44f9-b6f3-04c2e0f3629e,UNDRR DesInventar Nepal,1999,7,2,Eastern Region,Solukhumbu,Gudel,HEAVY RAINS,0,2,0,0,0,0,0,0.0,False,,,,,,,,,,,,,,,True,True,True,True
desinventar-5baeca81-5e50-4c4f-9ec6-cdc5641ed5fe,UNDRR DesInventar Nepal,1999,7,2,Eastern Region,Jhapa,SATASIDHAM,HEAVY RAINS,0,0,0,0,0,0,0,0.0,False,,,,,,,,,,,,,,,True,True,True,True
desinventar-9f4fb851-f71a-4d14-bc11-6bd5de78e3c2,UNDRR DesInventar Nepal,1999,7,2,Eastern Region,Jhapa,LAKHANPUR,HEAVY RAINS,0,0,0,0,0,0,0,0.0,False,,,,,,,,,,,,,,,True,True,True,True
desinventar-a363831a-300f-4e6e-a182-11a363535deb,UNDRR DesInventar Nepal,1999,7,3,Eastern Region,Panchthar,SIDIN,HEAVY RAINS,0,0,0,0,6,30,0,0.0,False,,,,,,,,,,,,,,,True,True,True,True
desinventar-f65599e1-b650-413f-bc35-8abc8afabad1,UNDRR DesInventar Nepal,1999,7,3,Eastern Region,Saptari,KUSHAHA,HEAVY RAINS,0,0,0,0,0,0,0,0.0,False,,,,,,,,,,,,,,,True,True,True,True
desinventar-6379117d-2e0a-4c43-a3db-d67845bd59a7,UNDRR DesInventar Nepal,2000,8,4,Central Region,Sarlahi,MAHINATHPUR,HEAVY RAINS,0,0,0,1000,0,0,0,0.0,False,,,,,,,,,,,,,,,True,True,True,True
desinventar-2d7b4cc4-ca81-487c-85d9-e3cf7039ebbe,UNDRR DesInventar Nepal,2000,8,4,Central Region,Sarlahi,HATHIAUL,HEAVY RAINS,0,1,0,0,0,0,0,0.0,False,,,,,,,,,,,,,,,True,True,True,True
desinventar-274c4ae7-b859-4237-8457-3157cb865ace,UNDRR DesInventar Nepal,1999,7,3,Central Region,Dhading,SALYANTAR,OTHER,0,0,0,0,24,0,0,0.0,False,,,,,,,,,,,,,,,True,True,True,True
desinventar-499e7772-81b8-4339-8b02-df615b83d6e1,UNDRR DesInventar Nepal,1999,7,3,Central Region,Dhading,TRIPURESHWAR,HEAVY RAINS,0,0,0,0,0,0,0,0.0,False,,,,,,,,,,,,,,,True,True,True,True
desinventar-65413621-d37c-41eb-ba18-e01b8682da2b,UNDRR DesInventar Nepal,2000,8,4,Mid-Western Region,Dang,DHARNA,HEAVY RAINS,1,0,0,0,0,0,0,0.0,False,,,,,,,,,,,,,,,True,True,True,True
desinventar-85640af0-b8dc-45f5-bcf3-6b56cd1c1b83,UNDRR DesInventar Nepal,1999,7,3,Central Region,Makwanpur,HETAUDA MUNICIPALITY,HEAVY RAINS,0,0,0,0,3,7,0,0.0,False,,,,,,,,,,,,,,,True,True,True,True
desinventar-458f0e51-4ab2-416a-aa01-0bcedd2d3b73,UNDRR DesInventar Nepal,1999,7,5,Central Region,Dhading,BASERI,HEAVY RAINS,2,0,0,0,0,0,0,0.0,False,,,,,,,,,,,,,,,True,True,True,True
desinventar-55c9d1d5-34ea-4675-a272-6ecac449310d,UNDRR DesInventar Nepal,1999,7,5,Central Region,Dhading,SERTUNG,HEAVY RAINS,2,0,0,0,0,0,0,0.0,False,,,,,,,,,,,,,,,True,True,True,True
desinventar-74f84c1f-bd37-458b-bd44-dc3230568d17,UNDRR DesInventar Nepal,2000,8,4,Central Region,Chitawan,AYODHYAPUR,HEAVY RAINS,0,0,0,38,7,0,0,0.0,False,,,,,,,,,,,,,,,True,True,True,True
desinventar-50d6c39d-c934-458b-89ac-8309044833d4,UNDRR DesInventar Nepal,1999,7,5,Central Region,Dhading,LAPA,HEAVY RAINS,4,0,0,0,0,0,0,0.0,False,,,,,,,,,,,,,,,True,True,True,True
desinventar-f5f0af9a-0269-402c-b754-ca0cf57b19df,UNDRR DesInventar Nepal,1999,7,5,Central Region,Dhading,RI GAON,OTHER,0,2,3,0,0,0,0,0.0,False,,,,,,,,,,,,,,,True,True,True,True
desinventar-3aa927a9-94db-47b2-bef4-8bfa7bb00362,UNDRR DesInventar Nepal,1999,7,3,Western Region,Kapilbastu,HARDUONA,HEAVY RAINS,0,0,0,78,14,0,0,0.0,False,,,,,,,,,,,,,,,True,True,True,True
desinventar-7af6b8fe-a1a1-400f-8a6b-7c2d0fbd8bab,UNDRR DesInventar Nepal,2000,8,4,Central Region,Sarlahi,TRIBHUWAN NAGAR,HEAVY RAINS,0,0,0,0,0,0,0,0.0,False,,,,,,,,,,,,,,,True,True,True,True
desinventar-7843c9df-952e-4327-aa2b-1bf54e97cdf5,UNDRR DesInventar Nepal,1999,7,5,Western Region,Nawalparasi,UNKNOWN,HEAVY RAINS,0,0,0,0,0,0,0,0.0,False,,,,,,,,,,,,,,,True,True,True,True
desinventar-f590e99b-62df-44ea-8352-9eb80ab90b72,UNDRR DesInventar Nepal,1999,7,3,Central Region,Parsa,Madhuwan Mathaul,HEAVY RAINS,0,0,0,37,1,0,0,0.0,False,,,,,,,,,,,,,,,True,True,True,True
desinventar-8eb1f5e7-3d55-4ead-8636-b1bd92cb62ca,UNDRR DesInventar Nepal,2000,8,4,Far Western Region,Kailali,DANSINHAPUR,HEAVY RAINS,0,0,0,0,0,0,405,0.0,False,,,,,,,,,,,,,,,True,True,True,True
desinventar-2fcfd888-5f6e-45e4-ba56-b35a19b949b8,UNDRR DesInventar Nepal,1999,7,1,Far Western Region,Kailali,SUGARKHAL,HEAVY RAINS,1,0,0,0,0,0,0,0.0,False,,,,,,,,,,,,,,,True,True,True,True
desinventar-1e82aa50-87c6-48a6-b5cc-f358a363dffc,UNDRR DesInventar Nepal,1999,5,8,Central Region,Sindhupalchoke,UNKNOWN,FLOOD,4,0,3,0,0,0,0,0.0,False,,,,,,,,,,,,,,,True,True,True,True
desinventar-43350542-7378-4f15-af87-19327145d0ca,UNDRR DesInventar Nepal,2000,8,4,Far Western Region,Kailali,NARAYANPUR,HEAVY RAINS,0,0,0,0,0,0,815,0.0,False,,,,,,,,,,,,,,,True,True,True,True
desinventar-fa0fd99d-519d-452e-8c20-b4a440ee4143,UNDRR DesInventar Nepal,1999,7,5,Eastern Region,Jhapa,MAHABHARA,OTHER,0,0,0,0,5,10,0,0.0,False,,,,,,,,,,,,,,,True,True,True,True
desinventar-982d2943-9a6f-4c31-a01f-bd861de1e517,UNDRR DesInventar Nepal,2001,10,6,Eastern Region,Solukhumbu,UNKNOWN,HEAVY RAINS,2,0,0,0,0,0,0,0.0,False,,,,,,,,,,,,,,,True,True,True,True
desinventar-9d3aebf9-a2e8-446b-867e-72e64907bdb5,UNDRR DesInventar Nepal,2003,5,20,Western Region,Palpa,THU,HEAVY RAINS,0,0,2,0,0,0,0,0.0,False,,,,,,,,,,,,,,,True,True,True,True
desinventar-fa61c3ef-846b-4637-8f8c-058b18a5d8bb,UNDRR DesInventar Nepal,1999,7,7,Eastern Region,Sankhuwasabha,Makalu,HEAVY RAINS,0,0,0,0,0,0,0,0.0,False,,,,,,,,,,,,,,,True,True,True,True
desinventar-2e0c566f-7015-4b78-8fbf-c8f8538f13a5,UNDRR DesInventar Nepal,2000,8,5,Western Region,Nawalparasi,NARAYANI,HEAVY RAINS,0,0,0,0,112,0,2025,0.0,False,,,,,,,,,,,,,,,True,True,True,True
desinventar-6937d719-315f-4e7c-aef8-e35cdef29801,UNDRR DesInventar Nepal,2001,10,6,Eastern Region,Udayapur,Jate,HEAVY RAINS,1,0,0,0,0,0,0,0.0,False,,,,,,,,,,,,,,,True,True,True,True
desinventar-bd740857-1f7e-47ba-8704-8959c9db05b2,UNDRR DesInventar Nepal,1999,7,11,Western Region,Nawalparasi,MAKAR,HEAVY RAINS,0,0,0,0,0,0,0,0.0,False,,,,,,,,,,,,,,,True,True,True,True
desinventar-42238f26-3f28-4319-9a5b-93b5aca22df8,UNDRR DesInventar Nepal,2001,10,6,Eastern Region,Udayapur,Katari,HEAVY RAINS,1,0,0,0,0,0,0,0.0,False,,,,,,,,,,,,,,,True,True,True,True
desinventar-00b3c89e-3fe9-49b9-922d-80e2293018cd,UNDRR DesInventar Nepal,2000,8,6,Eastern Region,Udayapur,Trijuga Municipality,HEAVY RAINS,0,2,0,0,17,10,0,20.0,True,,,,,,,,,,,,,,,True,True,True,True
desinventar-a5549ccc-63cb-40a9-9ef1-cd51613d6e80,UNDRR DesInventar Nepal,1999,7,8,Eastern Region,Saptari,BAIRAWA,OTHER,0,0,0,0,100,50,0,0.0,False,,,,,,,,,,,,,,,True,True,True,True
desinventar-73743f1f-3dec-44f6-8f2e-dd57c38f7314,UNDRR DesInventar Nepal,2000,8,6,Eastern Region,Jhapa,DAMAK MUN.,HEAVY RAINS,0,0,0,0,60,6,0,0.0,False,,,,,,,,,,,,,,,True,True,True,True
desinventar-44c1d63e-d582-445f-a4fa-7726aac3c235,UNDRR DesInventar Nepal,1999,7,8,Eastern Region,Saptari,BELHI,HEAVY RAINS,0,0,0,0,5,0,0,0.0,False,,,,,,,,,,,,,,,True,True,True,True
desinventar-8ec2e19c-89eb-4050-a26e-14b604cb63d2,UNDRR DesInventar Nepal,2000,8,6,Eastern Region,Jhapa,DAMAK MUN.,UNKNOWN,0,0,0,0,0,11,0,0.0,False,,,,,,,,,,,,,,,True,True,True,True
desinventar-9b0ed0fd-c6ca-452a-bae5-eb92874d8cc7,UNDRR DesInventar Nepal,2001,10,7,Eastern Region,Siraha,UNKNOWN,HEAVY RAINS,1,0,0,0,0,0,0,0.0,False,,,,,,,,,,,,,,,True,True,True,True
desinventar-45633381-fbba-4947-aac3-f81d491333bc,UNDRR DesInventar Nepal,2000,8,6,Eastern Region,Jhapa,KOHABARA,UNKNOWN,0,0,0,0,200,98,0,0.0,False,,,,,,,,,,,,,,,True,True,True,True
desinventar-f29858d4-85a0-4f09-b689-23b0ec3a2e24,UNDRR DesInventar Nepal,1999,7,10,Western Region,Syangja,PUTALIDHET NP,HEAVY RAINS,0,0,0,0,0,0,0,0.0,False,,,,,,,,,,,,,,,True,True,True,True
desinventar-3623cee9-809b-486f-bb5d-9c026abc1fcf,UNDRR DesInventar Nepal,2001,10,6,Central Region,Sarlahi,GAMHARIYA,HEAVY RAINS,1,0,0,0,0,0,0,0.0,False,,,,,,,,,,,,,,,True,True,True,True
desinventar-e147a6af-6f76-4edc-9262-f138aca0d555,UNDRR DesInventar Nepal,1999,7,10,Western Region,Syangja,PHARPARTHUM,HEAVY RAINS,0,0,0,0,0,0,0,0.0,False,,,,,,,,,,,,,,,True,True,True,True
desinventar-11ee5432-893b-462c-838b-ee5dfdae90c1,UNDRR DesInventar Nepal,2001,10,6,Eastern Region,Saptari,GOBARGADHA,HEAVY RAINS,0,0,0,0,25,0,0,0.0,False,,,,,,,,,,,,,,,True,True,True,True
desinventar-1040bd85-8303-43fa-ae75-7e268b71e08b,UNDRR DesInventar Nepal,1999,7,11,Western Region,Nawalparasi,NAYA_BELHANI,HEAVY RAINS,0,0,0,0,0,0,0,0.0,False,,,,,,,,,,,,,,,True,True,True,True
desinventar-791a1bac-3531-4a6d-b0fa-33a0a163db24,UNDRR DesInventar Nepal,2000,8,6,Eastern Region,Udayapur,Trijuga Municipality,HEAVY RAINS,0,0,0,0,0,16,0,0.0,False,,,,,,,,,,,,,,,True,True,True,True
desinventar-4b9b0ce7-9f7e-4803-8356-560cc740cecc,UNDRR DesInventar Nepal,1999,7,11,Western Region,Nawalparasi,RAJAHAR,HEAVY RAINS,0,0,0,0,0,0,0,0.0,False,,,,,,,,,,,,,,,True,True,True,True
desinventar-38e4efa8-4265-401d-bb30-7a7793ac7755,UNDRR DesInventar Nepal,2000,8,6,Eastern Region,Udayapur,Rauta,HEAVY RAINS,0,0,0,0,0,16,0,0.0,False,,,,,,,,,,,,,,,True,True,True,True
desinventar-0f0c566d-1324-4e2f-9859-67cb18ea8a56,UNDRR DesInventar Nepal,2001,10,7,Central Region,Dhanusa,Phulgama,HEAVY RAINS,0,0,0,0,51,0,0,0.0,False,,,,,,,,,,,,,,,True,True,True,True
desinventar-8d430931-e75b-4eb8-a260-2d9526216bf6,UNDRR DesInventar Nepal,1999,7,11,Western Region,Nawalparasi,PITHAULI,OTHER,0,0,0,0,0,0,0,0.0,False,,,,,,,,,,,,,,,True,True,True,True
desinventar-1eb2871c-37f3-4031-9588-89b39590d5f3,UNDRR DesInventar Nepal,1999,7,11,Western Region,Nawalparasi,JAMUNIYA,HEAVY RAINS,0,0,0,0,0,1,0,0.0,False,,,,,,,,,,,,,,,True,True,True,True
desinventar-ae305f13-1757-43d0-8cc7-23badd77d206,UNDRR DesInventar Nepal,2001,10,7,Central Region,Dhanusa,Jhatiyahi,HEAVY RAINS,0,0,0,0,1,0,0,0.0,False,,,,,,,,,,,,,,,True,True,True,True
desinventar-516402dc-207e-40a2-9e71-3ec5f4f301a0,UNDRR DesInventar Nepal,1999,7,11,Western Region,Nawalparasi,DAWAUNNE_DEVI,HEAVY RAINS,0,0,0,0,0,0,0,0.0,False,,,,,,,,,,,,,,,True,True,True,True
desinventar-c756fa9f-ba99-4275-a625-c49a1bf15570,UNDRR DesInventar Nepal,2001,10,7,Central Region,Dhanusa,UNKNOWN,HEAVY RAINS,0,0,0,0,48,0,0,0.0,False,,,,,,,,,,,,,,,True,True,True,True
desinventar-726c25f5-84cd-4964-a99d-60563c583c28,UNDRR DesInventar Nepal,1999,7,11,Western Region,Nawalparasi,SHIVAMANDIR,HEAVY RAINS,0,0,0,0,0,0,0,0.0,False,,,,,,,,,,,,,,,True,True,True,True
desinventar-e4a33486-8302-4dde-99a0-ea7bc857e734,UNDRR DesInventar Nepal,2001,10,7,Central Region,Dhanusa,Ghodghash,HEAVY RAINS,0,0,0,0,35,0,0,0.0,False,,,,,,,,,,,,,,,True,True,True,True
desinventar-92f9ce1c-0f6d-4731-b6c3-a25054e5e550,UNDRR DesInventar Nepal,2001,10,7,Central Region,Dhanusa,Devpura Rupaitha,HEAVY RAINS,0,0,0,0,38,0,0,0.0,False,,,,,,,,,,,,,,,True,True,True,True
desinventar-98f08b84-6df6-45f6-8fac-e46def1f68f0,UNDRR DesInventar Nepal,1999,7,11,Western Region,Nawalparasi,PRASAUNI,HEAVY RAINS,0,0,0,0,0,0,0,0.0,False,,,,,,,,,,,,,,,True,True,True,True
desinventar-c689d177-9808-47d1-a41a-dd4ed71d1d5c,UNDRR DesInventar Nepal,2000,8,6,Eastern Region,Udayapur,Sundarpur,HEAVY RAINS,0,0,0,0,0,0,0,0.0,False,,,,,,,,,,,,,,,True,True,True,True
desinventar-a7d796eb-cc8f-4248-b683-f98d3c65044d,UNDRR DesInventar Nepal,1999,7,11,Western Region,Nawalparasi,UNKNOWN,OTHER,0,0,0,0,0,0,0,0.0,False,,,,,,,,,,,,,,,True,True,True,True
desinventar-38d34810-4574-458c-9b6e-ec0cd27bb1e9,UNDRR DesInventar Nepal,2001,10,7,Central Region,Dhanusa,UNKNOWN,HEAVY RAINS,0,0,0,0,10,0,0,0.0,False,,,,,,,,,,,,,,,True,True,True,True
desinventar-63745c86-45d9-4f7a-937a-fd6c1d4c55cc,UNDRR DesInventar Nepal,2001,10,7,Central Region,Dhanusa,UNKNOWN,HEAVY RAINS,0,0,0,0,3,0,0,0.0,False,,,,,,,,,,,,,,,True,True,True,True
desinventar-ffb3c279-334d-4a16-b746-02ae34b9d6bf,UNDRR DesInventar Nepal,2000,8,6,Eastern Region,Udayapur,Basaha,HEAVY RAINS,0,0,0,0,0,1,0,0.0,False,,,,,,,,,,,,,,,True,True,True,True
desinventar-3ae4f86e-a435-427d-a62f-572522c797df,UNDRR DesInventar Nepal,2001,10,7,Central Region,Dhanusa,Pachaharwa,HEAVY RAINS,0,0,0,0,1,0,0,0.0,False,,,,,,,,,,,,,,,True,True,True,True
desinventar-e9aef710-5149-45db-8daf-e366299757dd,UNDRR DesInventar Nepal,1999,5,8,Eastern Region,Ilam,UNKNOWN,OTHER,2,1,0,0,0,0,0,0.0,False,,,,,,,,,,,,,,,True,True,True,True
desinventar-d997da9b-02d6-4887-b27f-595642a67664,UNDRR DesInventar Nepal,2000,8,8,Central Region,Makwanpur,BAJRABARAHI,RAIN,2,0,0,0,0,0,0,0.0,False,,,,,,,,,,,,,,,True,True,True,True
desinventar-ab48d124-f7db-4f99-8d85-7af9e06a7183,UNDRR DesInventar Nepal,2001,10,8,Eastern Region,Morang,Katari,HEAVY RAINS,0,0,0,2700,0,0,0,0.0,False,,,,,,,,,,,,,,,True,True,True,True
desinventar-68dc3f85-0c7c-4fe1-91cd-baf7f23e48e0,UNDRR DesInventar Nepal,1999,7,12,Far Western Region,Darchula,Khandeswari,HEAVY RAINS,0,5,0,0,0,0,0,0.0,False,,,,,,,,,,,,,,,True,True,True,True
desinventar-b82ebb8d-2349-4928-9af8-624e91d0c035,UNDRR DesInventar Nepal,2001,10,10,Eastern Region,Siraha,UNKNOWN,HEAVY RAINS,1,0,0,0,0,0,0,0.0,False,,,,,,,,,,,,,,,True,True,True,True
desinventar-17cad823-2421-4baa-90ad-6cee491294e0,UNDRR DesInventar Nepal,1999,7,18,Central Region,Sarlahi,DHANKAUL (P),HEAVY RAINS,1,0,0,0,0,0,0,0.0,False,,,,,,,,,,,,,,,True,True,True,True
desinventar-8c82447f-279a-4580-92f3-c203689835f3,UNDRR DesInventar Nepal,1999,7,11,Far Western Region,Darchula,Dhuligada,HEAVY RAINS,3,0,0,0,0,0,0,0.0,False,,,,,,,,,,,,,,,True,True,True,True
desinventar-af7fec22-f51a-43fd-855c-ae1eda0356cc,UNDRR DesInventar Nepal,2001,10,9,Eastern Region,Siraha,UNKNOWN,HEAVY RAINS,0,0,0,0,0,0,0,0.0,False,,,,,,,,,,,,,,,True,True,True,True
desinventar-b730d02b-3959-4610-b280-0939747bb617,UNDRR DesInventar Nepal,2001,8,22,Mid-Western Region,Bardiya,GOLA,HEAVY RAINS,0,0,0,0,0,0,0,0.0,False,,,,,,,,,,,,,,,True,True,True,True
desinventar-b2335d63-e261-41a9-9025-f8630175dd0c,UNDRR DesInventar Nepal,2000,8,8,Central Region,Dhanusa,Machijhitakahiya,HEAVY RAINS,0,0,0,0,0,0,0,0.0,False,,,,,,,,,,,,,,,True,True,True,True
desinventar-33cfde19-7347-4d27-8956-e7971ff3ce1b,UNDRR DesInventar Nepal,2001,8,22,Western Region,Kaski,SARDIKHOLA,HEAVY RAINS,0,0,0,0,0,0,0,0.0,False,,,,,,,,,,,,,,,True,True,True,True
desinventar-8a81d5f9-81b4-4e6c-b7cb-777c0ccfd30e,UNDRR DesInventar Nepal,2001,8,21,Western Region,Tanahu,DULEGAUNDA,HEAVY RAINS,0,0,0,54,6,4,0,0.0,False,,,,,,,,,,,,,,,True,True,True,True
desinventar-142e917a-ed80-400e-8e94-dbdf9a7c6bbc,UNDRR DesInventar Nepal,2000,8,8,Eastern Region,Saptari,DADHA,HEAVY RAINS,0,0,0,81,0,15,0,0.0,False,,,,,,,,,,,,,,,True,True,True,True
desinventar-193967d6-0a34-462d-b345-5a4b0503d770,UNDRR DesInventar Nepal,2000,8,8,Eastern Region,Saptari,HARDIYA,RAIN,0,0,0,0,0,21,0,0.0,False,,,,,,,,,,,,,,,True,True,True,True
desinventar-76aee629-8670-4d60-a87e-f1ab2983ea39,UNDRR DesInventar Nepal,2000,8,8,Eastern Region,Siraha,Harkatti,RAIN,0,0,0,0,0,9,0,0.0,False,,,,,,,,,,,,,,,True,True,True,True
desinventar-c3a8b89b-0d74-432f-970a-217809bc132b,UNDRR DesInventar Nepal,2000,8,8,Eastern Region,Siraha,Harkatti,HEAVY RAINS,0,0,0,435,0,45,0,0.0,False,,,,,,,,,,,,,,,True,True,True,True
desinventar-4c7ffe15-2fbf-41f0-a9bc-070ee8b5074d,UNDRR DesInventar Nepal,2001,8,23,Western Region,Nawalparasi,PITHAULI,HEAVY RAINS,0,0,0,1000,0,125,0,0.0,False,,,,,,,,,,,,,,,True,True,True,True
desinventar-78d61b24-5fee-4d02-9044-90dcbf3e43b2,UNDRR DesInventar Nepal,2001,8,23,Western Region,Nawalparasi,GAINDAKOT,HEAVY RAINS,0,0,0,0,0,0,0,0.0,False,,,,,,,,,,,,,,,True,True,True,True
desinventar-bf5720c8-1439-46a9-acc9-d5c3ae7d370e,UNDRR DesInventar Nepal,2001,10,21,Eastern Region,Jhapa,UNKNOWN,HEAVY RAINS,0,0,0,0,0,0,0,0.0,False,,,,,,,,,,,,,,,True,True,True,True
desinventar-c39304e5-701c-4c60-83da-ebcd383ea354,UNDRR DesInventar Nepal,2001,8,23,Western Region,Nawalparasi,MUKUNDAPUR,HEAVY RAINS,0,0,0,1620,0,0,0,0.0,True,,,,,,,,,,,,,,,True,True,True,True
desinventar-cfe8ef16-16c4-4495-bc40-c98d943f22ef,UNDRR DesInventar Nepal,2000,8,8,Eastern Region,Morang,Letang,HEAVY RAINS,0,0,0,0,0,3,0,0.0,False,,,,,,,,,,,,,,,True,True,True,True
desinventar-3ad065f8-0877-4680-8fe2-03037ba5f327,UNDRR DesInventar Nepal,2001,10,22,Western Region,Gorkha,KERAUJA,HEAVY RAINS,1,0,0,0,0,0,0,0.0,False,,,,,,,,,,,,,,,True,True,True,True
desinventar-b1c67ee6-da6b-4fc6-a6ab-9808494bf176,UNDRR DesInventar Nepal,2000,8,8,Eastern Region,Morang,Bhogateni,HEAVY RAINS,0,0,0,0,25,6,0,0.0,False,,,,,,,,,,,,,,,True,True,True,True
desinventar-ad135b3a-a8d2-4c67-9600-08836e628106,UNDRR DesInventar Nepal,2001,8,22,Central Region,Mahotari,UNKNOWN,HEAVY RAINS,0,0,0,324,15,0,0,0.0,False,,,,,,,,,,,,,,,True,True,True,True
desinventar-efc8156b-9e0a-4e4c-be27-e40fd1db4867,UNDRR DesInventar Nepal,2001,10,22,Mid-Western Region,Humla,SYADA,OTHER,0,0,0,0,2,0,0,0.0,False,,,,,,,,,,,,,,,True,True,True,True
desinventar-6369a378-7004-45da-86e9-07ea5b9e03dd,UNDRR DesInventar Nepal,2000,8,8,Eastern Region,Morang,UNKNOWN,OTHER,0,0,0,0,0,0,0,0.0,False,,,,,,,,,,,,,,,True,True,True,True
desinventar-c5c076de-e6b9-44c6-8b7d-c33e2f2837a3,UNDRR DesInventar Nepal,2000,8,8,Eastern Region,Morang,Banigama,HEAVY RAINS,0,0,0,783,0,0,0,0.0,False,,,,,,,,,,,,,,,True,True,True,True
desinventar-e8cbd5e2-9723-47be-a499-0c42f5966561,UNDRR DesInventar Nepal,2000,8,8,Eastern Region,Morang,Drabesha,HEAVY RAINS,0,0,0,0,23,20,0,0.0,False,,,,,,,,,,,,,,,True,True,True,True
desinventar-35507c1c-6c16-43ba-a7ba-3ede31633ad6,UNDRR DesInventar Nepal,2001,8,16,Central Region,Chitawan,UNKNOWN,HEAVY RAINS,0,0,0,0,5,0,0,0.0,False,,,,,,,,,,,,,,,True,True,True,True
desinventar-ac913c2b-e15c-4366-8c64-591f66ee3360,UNDRR DesInventar Nepal,2000,8,10,Central Region,Sindhuli,UNKNOWN,HEAVY RAINS,0,0,0,0,0,0,0,0.0,False,,,,,,,,,,,,,,,True,True,True,True
desinventar-d48701b7-1725-4e2d-9881-b003807e82d9,UNDRR DesInventar Nepal,2001,8,20,Western Region,Tanahu,DULEGAUNDA,HEAVY RAINS,0,0,0,0,9,4,0,0.0,False,,,,,,,,,,,,,,,True,True,True,True
desinventar-4e35b01d-9d33-4cfd-9703-5c1ff0e3d4c6,UNDRR DesInventar Nepal,1999,8,10,Far Western Region,Kailali,DANSINHAPUR,HEAVY RAINS,0,0,0,0,15,0,0,0.0,False,,,,,,,,,,,,,,,True,True,True,True
desinventar-030766f6-4979-495d-8e6f-f25b514bca05,UNDRR DesInventar Nepal,2001,8,21,Central Region,Chitawan,UNKNOWN,HEAVY RAINS,0,0,0,0,0,0,0,0.0,False,,,,,,,,,,,,,,,True,True,True,True
desinventar-e9a7a362-75b3-40ae-9722-0bf6d537916c,UNDRR DesInventar Nepal,2001,8,24,Central Region,Dhanusa,UNKNOWN,HEAVY RAINS,0,0,0,0,0,0,0,0.0,False,,,,,,,,,,,,,,,True,True,True,True
desinventar-2e546df2-dad0-4b90-a8dd-e03b5f0d379d,UNDRR DesInventar Nepal,1999,8,22,Eastern Region,Morang,Drabesha,HEAVY RAINS,45,0,0,0,0,0,0,0.0,False,,,,,,,,,,,,,,,True,True,True,True
desinventar-c26e81b8-5f0f-47a3-8c0d-1afbcd98ba77,UNDRR DesInventar Nepal,1999,8,24,Central Region,Chitawan,AYODHYAPUR,HEAVY RAINS,5,12,0,270,0,0,0,0.0,False,,,,,,,,,,,,,,,True,True,True,True
desinventar-967b3a59-85e1-44fc-91f2-73267a0652eb,UNDRR DesInventar Nepal,2000,8,8,Central Region,Dhanusa,Janakpur Municipality,HEAVY RAINS,0,0,0,1042,0,0,0,0.0,False,,,,,,,,,,,,,,,True,True,True,True
desinventar-e8469644-0e86-441f-92c3-12c32d63f841,UNDRR DesInventar Nepal,1999,8,25,Eastern Region,Udayapur,Hadiya,HEAVY RAINS,0,0,0,0,6,0,0,0.0,False,,,,,,,,,,,,,,,True,True,True,True
desinventar-5d03c74a-7b66-4a7c-88f2-2a9f660f8782,UNDRR DesInventar Nepal,1999,8,24,Eastern Region,Saptari,MAINA KADERI,HEAVY RAINS,0,0,0,162,30,0,0,0.0,False,,,,,,,,,,,,,,,True,True,True,True
desinventar-a53e3fc2-2747-4079-9f95-c1411571feb4,UNDRR DesInventar Nepal,1999,8,24,Central Region,Rautahat,MATSARI,HEAVY RAINS,1,0,0,0,0,0,0,0.0,False,,,,,,,,,,,,,,,True,True,True,True
desinventar-4e472484-c79a-45f2-89c2-a0f6f8491daa,UNDRR DesInventar Nepal,1999,5,28,Eastern Region,Khotang,Batase,HEAVY RAINS,4,0,0,0,0,0,0,0.0,False,,,,,,,,,,,,,,,True,True,True,True
desinventar-e991f4bc-0667-43dd-89c8-59ecdf8e3542,UNDRR DesInventar Nepal,2001,8,27,Central Region,Sarlahi,UNKNOWN,HEAVY RAINS,0,0,0,0,0,0,0,0.0,False,,,,,,,,,,,,,,,True,True,True,True
desinventar-d30afee3-e07d-4ad2-8efe-be242c209605,UNDRR DesInventar Nepal,1999,6,25,Central Region,Sarlahi,MAHINATHPUR,HEAVY RAINS,0,0,0,0,0,0,0,0.0,False,,,,,,,,,,,,,,,True,True,True,True
desinventar-3653ef4b-d5f6-40c0-bb61-5a0a7f3b605d,UNDRR DesInventar Nepal,2001,8,26,Central Region,Chitawan,PITHUWA,HEAVY RAINS,0,0,0,567,126,0,0,0.0,False,,,,,,,,,,,,,,,True,True,True,True
desinventar-6ae6052a-592f-428e-a6d1-114dcf43cfd3,UNDRR DesInventar Nepal,2001,7,28,Central Region,Dhanusa,Tulsi,HEAVY RAINS,0,0,0,945,3,0,0,0.0,False,,,,,,,,,,,,,,,True,True,True,True
desinventar-ca1e3810-bd21-40f8-bad5-97825282220d,UNDRR DesInventar Nepal,1999,6,19,Far Western Region,Bajura,Martadi,HEAVY RAINS,3,0,0,0,14,0,0,0.0,False,,,,,,,,,,,,,,,True,True,True,True
desinventar-4a5fe505-1f75-43e2-94c1-23ced3d168cb,UNDRR DesInventar Nepal,1999,6,27,Mid-Western Region,Dang,GANGA_PARASPUR,HEAVY RAINS,0,0,0,720,143,0,0,0.0,False,,,,,,,,,,,,,,,True,True,True,True
desinventar-05aafec6-d4f2-4ae9-bdf9-78e99ce98535,UNDRR DesInventar Nepal,2000,8,9,Eastern Region,Ilam,CHULACHULI,HEAVY RAINS,0,0,0,248,6,0,0,0.0,False,,,,,,,,,,,,,,,True,True,True,True
desinventar-27d4aad1-32ea-44bb-a221-1822ad9dde08,UNDRR DesInventar Nepal,2001,8,26,Central Region,Kavre,MANDAN DUNDARI,HEAVY RAINS,0,0,1,0,0,0,0,0.0,False,,,,,,,,,,,,,,,True,True,True,True
desinventar-25cf5658-3dab-4e77-8765-29cb56cdf72d,UNDRR DesInventar Nepal,2000,8,9,Far Western Region,Darchula,Huti,HEAVY RAINS,0,0,0,0,0,0,0,0.0,False,,,,,,,,,,,,,,,True,True,True,True
desinventar-3192cf50-5386-4d2c-aaaf-0cb713645d83,UNDRR DesInventar Nepal,2001,8,25,Western Region,Nawalparasi,KOLHUWA,HEAVY RAINS,0,0,0,443,0,0,0,0.0,False,,,,,,,,,,,,,,,True,True,True,True
desinventar-9405623e-470b-405b-9e0e-c4a7893f79db,UNDRR DesInventar Nepal,2003,6,9,Eastern Region,Taplejung,NIRAGHUDIN,HEAVY RAINS,0,2,0,0,0,24,0,0.0,False,,,,,,,,,,,,,,,True,True,True,True
desinventar-78181c3e-2ee8-4b29-9103-8ef5def9c46d,UNDRR DesInventar Nepal,2001,8,25,Western Region,Nawalparasi,NARAYANI,HEAVY RAINS,0,0,0,389,0,0,0,0.0,False,,,,,,,,,,,,,,,True,True,True,True
desinventar-af2197e8-9527-4fba-a34e-64c58979aac7,UNDRR DesInventar Nepal,2000,8,10,Central Region,Makwanpur,UNKNOWN,HEAVY RAINS,4,0,0,0,0,0,0,0.0,False,,,,,,,,,,,,,,,True,True,True,True
desinventar-71cd5c67-737d-4dfe-9576-8640ca3f3117,UNDRR DesInventar Nepal,2001,8,25,Western Region,Nawalparasi,AGYOULI,HEAVY RAINS,0,0,0,151,0,0,0,0.0,False,,,,,,,,,,,,,,,True,True,True,True
desinventar-dbf4a0ab-4a12-4593-af11-13b688397c93,UNDRR DesInventar Nepal,2000,8,10,Central Region,Makwanpur,UNKNOWN,RAIN,0,0,0,0,0,100,280,0.0,False,,,,,,,,,,,,,,,True,True,True,True
desinventar-a9854779-6941-4d4e-bd12-6281fb2ac061,UNDRR DesInventar Nepal,2000,8,10,Eastern Region,Siraha,Siraha Municapility,RAIN,0,0,0,0,1,0,0,0.0,False,,,,,,,,,,,,,,,True,True,True,True
desinventar-505a0210-c83c-485b-a597-8f34c8795680,UNDRR DesInventar Nepal,2001,8,25,Western Region,Nawalparasi,UNKNOWN,HEAVY RAINS,0,0,0,270,0,0,0,0.0,False,,,,,,,,,,,,,,,True,True,True,True
desinventar-ecd6e7b9-272d-440a-8875-6e79677e2716,UNDRR DesInventar Nepal,2003,6,10,Eastern Region,Taplejung,UNKNOWN,HEAVY RAINS,0,6,0,0,24,0,0,0.0,True,,,,,,,,,,,,,,,True,True,True,True
desinventar-d5798105-fa7b-4d38-a34f-27cdcfb7fd73,UNDRR DesInventar Nepal,2002,7,26,Eastern Region,Bhojpur,HASANPUR,HEAVY RAINS,0,3,0,170,33,0,0,0.0,False,,,,,,,,,,,,,,,True,True,True,True
desinventar-27c9425d-6390-435c-97fc-d8cd31688eee,UNDRR DesInventar Nepal,2003,6,14,Eastern Region,Panchthar,OYAM,HEAVY RAINS,0,0,0,0,0,0,0,0.0,True,,,,,,,,,,,,,,,True,True,True,True
desinventar-8c8bd468-0568-42b6-a8e3-e08c749d322b,UNDRR DesInventar Nepal,2002,7,26,Eastern Region,Bhojpur,BHOJPUR,HEAVY RAINS,1,0,0,135,26,0,0,0.0,False,,,,,,,,,,,,,,,True,True,True,True
desinventar-dece71a1-b0ae-4bb2-84e9-20478e4bacdb,UNDRR DesInventar Nepal,2002,7,26,Central Region,Dhading,DHUSA,HEAVY RAINS,2,0,0,0,0,0,0,0.0,False,,,,,,,,,,,,,,,True,True,True,True
desinventar-54fefdb4-85c5-45be-a0e3-af69a7bd818f,UNDRR DesInventar Nepal,2003,6,18,Western Region,Parbat,DHAIRING,HEAVY RAINS,2,0,0,0,0,0,0,0.0,False,,,,,,,,,,,,,,,True,True,True,True
desinventar-08cf82a2-d22f-49e2-aa52-d012687e9436,UNDRR DesInventar Nepal,2000,8,9,Eastern Region,Morang,Babiya Birta,HEAVY RAINS,0,0,0,0,0,0,1680,0.0,False,,,,,,,,,,,,,,,True,True,True,True
desinventar-24d029a2-2c91-4209-9247-801140057f18,UNDRR DesInventar Nepal,2002,7,0,Central Region,Sindhupalchoke,UNKNOWN,HEAVY RAINS,0,0,0,0,0,0,0,0.0,False,,,,,,,,,,,,,,,True,True,True,True
desinventar-d4853dfc-95c6-4e61-9dbd-f75ecc871c63,UNDRR DesInventar Nepal,2000,8,11,Far Western Region,Dadeldhura,UNKNOWN,HEAVY RAINS,0,0,0,0,0,0,0,0.0,False,,,,,,,,,,,,,,,True,True,True,True
desinventar-ddd8d06f-3d69-4925-8d20-ee4d65c244c3,UNDRR DesInventar Nepal,2002,7,31,Eastern Region,Saptari,KOILADI,HEAVY RAINS,0,0,0,0,0,0,0,0.0,False,,,,,,,,,,,,,,,True,True,True,True
desinventar-d4a748ba-0235-4807-a477-caaa3778d721,UNDRR DesInventar Nepal,2000,8,10,Central Region,Sindhupalchoke,Sunkhani,HEAVY RAINS,0,1,0,0,0,0,0,0.0,False,,,,,,,,,,,,,,,True,True,True,True
desinventar-f3cd0319-b536-41bf-bd42-78f82c51cddf,UNDRR DesInventar Nepal,2002,7,20,Central Region,Bara,KALAIYA MUNICIPALITY,HEAVY RAINS,0,0,0,0,0,0,0,0.0,False,,,,,,,,,,,,,,,True,True,True,True
desinventar-b598cc24-cf09-4a9c-82a1-bdbc1fc30271,UNDRR DesInventar Nepal,2003,9,1,Mid-Western Region,Dolpa,DHAU,HEAVY RAINS,0,0,0,0,0,0,0,0.0,True,,,,,,,,,,,,,,,True,True,True,True
desinventar-28ffb7ad-2d40-44ba-92f4-458aaaefedcc,UNDRR DesInventar Nepal,2002,7,31,Eastern Region,Saptari,KOILADI,HEAVY RAINS,0,0,0,0,0,0,0,0.0,False,,,,,,,,,,,,,,,True,True,True,True
desinventar-bc510269-8da2-4b35-9a73-e219fc2a059b,UNDRR DesInventar Nepal,2003,9,2,Far Western Region,Bajhang,Kotdewal,HEAVY RAINS,0,0,0,281,2,0,0,0.0,False,,,,,,,,,,,,,,,True,True,True,True
desinventar-fd15dc94-0089-434b-9ebc-ed238c7aaef3,UNDRR DesInventar Nepal,2000,8,12,Far Western Region,Kailali,PHULWARI,RAIN,0,0,0,0,0,0,0,0.0,False,,,,,,,,,,,,,,,True,True,True,True
desinventar-1db4caa0-4266-4592-bf9b-5eb7b7a7a9f3,UNDRR DesInventar Nepal,2002,7,25,Western Region,Nawalparasi,UNKNOWN,HEAVY RAINS,0,0,0,0,0,0,350,0.0,False,,,,,,,,,,,,,,,True,True,True,True
desinventar-3e988f54-6402-4b62-98ac-1325833e8adf,UNDRR DesInventar Nepal,2003,9,2,Mid-Western Region,Banke,SITAPUR,HEAVY RAINS,0,0,0,0,0,0,0,0.0,False,,,,,,,,,,,,,,,True,True,True,True
desinventar-d145ba60-80aa-4ef0-bea9-0a0489a14261,UNDRR DesInventar Nepal,2003,9,2,Central Region,Chitawan,UNKNOWN,HEAVY RAINS,0,0,0,0,0,60,0,0.0,False,,,,,,,,,,,,,,,True,True,True,True
desinventar-4a59a09a-62a7-4bb7-9ae7-120c0ac0d351,UNDRR DesInventar Nepal,2003,6,22,Central Region,Dhanusa,Janakpur Municipality,HEAVY RAINS,0,0,0,0,0,0,0,0.0,True,,,,,,,,,,,,,,,True,True,True,True
desinventar-6b79208a-7cb2-4643-924f-dc521e614bad,UNDRR DesInventar Nepal,2002,7,30,Central Region,Sarlahi,SUNDARPUR,HEAVY RAINS,0,0,0,594,0,0,0,0.0,False,,,,,,,,,,,,,,,True,True,True,True
desinventar-0b2b6a63-500e-43d2-b734-7f5b38710602,UNDRR DesInventar Nepal,2003,6,26,Western Region,Baglung,HUGDISHEER,HEAVY RAINS,0,0,0,0,15,0,0,0.0,False,,,,,,,,,,,,,,,True,True,True,True
desinventar-9c829695-d45c-4724-a54f-68d35d764c95,UNDRR DesInventar Nepal,2002,7,30,Central Region,Sarlahi,BELA,HEAVY RAINS,0,0,0,791,35,0,0,0.0,False,,,,,,,,,,,,,,,True,True,True,True
desinventar-e4ac42d4-bffe-44c4-8572-44e85f32d8df,UNDRR DesInventar Nepal,2001,8,28,Western Region,Baglung,TANGRAM,HEAVY RAINS,3,1,2,0,1,0,0,0.0,False,,,,,,,,,,,,,,,True,True,True,True
desinventar-dd94908f-149e-4bd7-a0aa-0969ce02d621,UNDRR DesInventar Nepal,2002,7,30,Eastern Region,Siraha,Badaharamal,HEAVY RAINS,0,0,0,0,0,0,97,0.0,False,,,,,,,,,,,,,,,True,True,True,True
desinventar-7a761535-a19c-4fc1-97f0-f6b1863787e2,UNDRR DesInventar Nepal,2002,7,30,Eastern Region,Siraha,Sikraun,HEAVY RAINS,0,0,0,0,0,0,790,0.0,False,,,,,,,,,,,,,,,True,True,True,True
desinventar-4c40e981-ab30-483d-acfb-1c7a23f02356,UNDRR DesInventar Nepal,2002,7,1,Eastern Region,Sunsari,Itahari Municipality,HEAVY RAINS,0,0,0,0,0,0,0,0.0,False,,,,,,,,,,,,,,,True,True,True,True
desinventar-53c611d9-ec92-4d06-944c-d48e4a210619,UNDRR DesInventar Nepal,2003,9,8,Mid-Western Region,Pyuthan,PUJA,HEAVY RAINS,0,0,0,0,0,0,0,0.0,True,,,,,,,,,,,,,,,True,True,True,True
desinventar-b63fe566-3434-4e59-b2e6-f0f4969f113a,UNDRR DesInventar Nepal,2003,9,8,Western Region,Kaski,LEKHNATH_MP,HEAVY RAINS,0,0,0,0,0,0,0,0.0,True,,,,,,,,,,,,,,,True,True,True,True
desinventar-a392d192-cb9b-4aa9-8dc2-897416e10a18,UNDRR DesInventar Nepal,2002,7,2,Western Region,Tanahu,UNKNOWN,HEAVY RAINS,0,2,0,0,0,0,0,0.0,False,,,,,,,,,,,,,,,True,True,True,True
desinventar-fe152dda-719c-432a-86bb-9fe8b8f4fcfc,UNDRR DesInventar Nepal,2003,6,29,Eastern Region,Taplejung,LIMBUDIN,OTHER,0,0,0,0,0,0,30,0.0,False,,,,,,,,,,,,,,,True,True,True,True
desinventar-228cf3d4-777c-4430-8f5b-e95474a93332,UNDRR DesInventar Nepal,2002,7,28,Eastern Region,Dhankuta,CHHANAMBAR BUDHABARE,HEAVY RAINS,1,0,0,0,0,0,0,0.0,False,,,,,,,,,,,,,,,True,True,True,True
desinventar-e6b4431d-b049-4e57-9ad5-5a1f3a5fa09a,UNDRR DesInventar Nepal,2002,7,28,Eastern Region,Dhankuta,ARKHAULE JITPUR,HEAVY RAINS,0,1,0,0,0,0,0,0.0,False,,,,,,,,,,,,,,,True,True,True,True
desinventar-cb203c06-dbc3-481b-a4fc-a15d5c5df038,UNDRR DesInventar Nepal,2003,9,11,Western Region,Lamjung,TAGHRIN,HEAVY RAINS,0,0,0,0,0,0,0,0.0,True,,,,,,,,,,,,,,,True,True,True,True
desinventar-436d38ee-4952-466e-a93a-c61f2cb54c77,UNDRR DesInventar Nepal,2002,8,1,Eastern Region,Dhankuta,ARKHAULE JITPUR,HEAVY RAINS,0,0,0,0,0,0,0,400.0,True,,,,,,,,,,,,,,,True,True,True,True
desinventar-fa69bfec-714e-4b20-8dfa-23d8be843917,UNDRR DesInventar Nepal,2002,7,21,Central Region,Kathmandu,KATHMANDU METROPOLITAN CITY,HEAVY RAINS,2,0,0,0,0,200,250,0.0,False,,,,,,,,,,,,,,,True,True,True,True
desinventar-d9546018-b57f-4213-a5c7-c0b9b6b1bcce,UNDRR DesInventar Nepal,2002,7,26,Eastern Region,Panchthar,HAGUN,HEAVY RAINS,1,0,0,0,0,0,0,0.0,False,,,,,,,,,,,,,,,True,True,True,True
desinventar-8adbef40-58d3-4723-842f-e15b179083fd,UNDRR DesInventar Nepal,2003,9,13,Western Region,Gulmi,AMARPUR,HEAVY RAINS,0,0,0,0,0,0,0,0.0,False,,,,,,,,,,,,,,,True,True,True,True
desinventar-4eb25cb6-cf00-4ad3-ba43-c6b2e4340bc8,UNDRR DesInventar Nepal,2002,7,21,Central Region,Lalitpur,Lalitpur Municipality,HEAVY RAINS,1,0,2,0,55,0,0,0.0,False,,,,,,,,,,,,,,,True,True,True,True
desinventar-5d5ffeef-4315-45ad-a8f9-7b3447b88819,UNDRR DesInventar Nepal,2003,6,30,Eastern Region,Panchthar,CHYANTHAPU,RAIN,0,0,0,0,1,0,5,0.0,False,,,,,,,,,,,,,,,True,True,True,True
desinventar-5ce5c979-9707-4521-aec0-6be078af9f92,UNDRR DesInventar Nepal,2002,7,2,Eastern Region,Panchthar,RABI,HEAVY RAINS,0,0,0,17,0,0,0,0.0,False,,,,,,,,,,,,,,,True,True,True,True
desinventar-635705ef-0134-4256-a3f3-88e0fe4849e8,UNDRR DesInventar Nepal,2002,7,29,Western Region,Gorkha,JAUBARI,HEAVY RAINS,1,0,0,0,0,0,0,0.0,False,,,,,,,,,,,,,,,True,True,True,True
desinventar-a314ad3e-4d7c-4698-96dc-0295ab2c9c43,UNDRR DesInventar Nepal,2003,7,1,Central Region,Bara,UNKNOWN,HEAVY RAINS,0,0,0,40000,0,0,0,0.0,True,,,,,,,,,,,,,,,True,True,True,True
desinventar-4f699191-079e-4412-a67e-1e12d7300dc6,UNDRR DesInventar Nepal,2002,7,21,Central Region,Rautahat,UNKNOWN,HEAVY RAINS,0,0,0,162000,0,0,0,0.0,False,,,,,,,,,,,,,,,True,True,True,True
desinventar-57fbf109-9504-4a62-a2f5-e94741e86504,UNDRR DesInventar Nepal,2000,8,14,Eastern Region,Morang,UNKNOWN,HEAVY RAINS,0,0,0,178,0,0,0,0.0,False,,,,,,,,,,,,,,,True,True,True,True
desinventar-e608f42a-2970-419a-9dcb-15e3d9e9ab10,UNDRR DesInventar Nepal,2002,7,26,Central Region,Dhanusa,Pachaharwa,HEAVY RAINS,1,0,0,0,0,0,0,0.0,False,,,,,,,,,,,,,,,True,True,True,True
desinventar-2985cec7-abe8-4e13-9ec5-316865940da3,UNDRR DesInventar Nepal,2003,7,2,Eastern Region,Morang,Baerban,HEAVY RAINS,1,1,0,0,0,0,0,0.0,False,,,,,,,,,,,,,,,True,True,True,True
desinventar-3a1b8abd-44e3-4cf8-abfc-62ccebd95a49,UNDRR DesInventar Nepal,2002,7,21,Central Region,Dhanusa,Janakpur Municipality,HEAVY RAINS,0,0,0,0,0,230,0,0.0,False,,,,,,,,,,,,,,,True,True,True,True
desinventar-0ce84335-e73a-4bcd-905e-efa42c78afad,UNDRR DesInventar Nepal,2002,7,22,Central Region,Dhanusa,Baheda Bela,HEAVY RAINS,1,0,0,0,0,0,0,0.0,False,,,,,,,,,,,,,,,True,True,True,True
desinventar-ddf1672f-3603-4cc0-8ef3-28d04bf68277,UNDRR DesInventar Nepal,2002,7,22,Central Region,Sarlahi,SALEMPUR,HEAVY RAINS,0,0,0,0,0,0,0,1080.0,True,,,,,,,,,,,,,,,True,True,True,True
desinventar-927f9c42-c47f-4a3f-8975-3109f6d8a0af,UNDRR DesInventar Nepal,1999,8,25,Central Region,Sindhupalchoke,Badegau,HEAVY RAINS,0,0,0,0,0,0,0,0.0,False,,,,,,,,,,,,,,,True,True,True,True
desinventar-0051ebb6-9c1e-464e-a793-1717b82da259,UNDRR DesInventar Nepal,1999,8,25,Central Region,Sindhupalchoke,Yamunadadagau,HEAVY RAINS,0,0,0,0,0,0,0,0.0,False,,,,,,,,,,,,,,,True,True,True,True
desinventar-16a55dce-e01e-41f7-91fe-a49626b99aa7,UNDRR DesInventar Nepal,2003,9,15,Eastern Region,Morang,Belbari,HEAVY RAINS,2,0,0,0,0,0,0,0.0,False,,,,,,,,,,,,,,,True,True,True,True
desinventar-bb7d94fb-8d19-48ed-bda9-fb32132d2ca2,UNDRR DesInventar Nepal,2002,7,22,Central Region,Mahotari,Jaleswar Municipalit,HEAVY RAINS,0,0,0,0,0,0,0,0.0,False,,,,,,,,,,,,,,,True,True,True,True
desinventar-c91b2d44-a482-45f5-8dc3-14134423fc42,UNDRR DesInventar Nepal,2003,7,4,Central Region,Parsa,Janakitola,HEAVY RAINS,0,0,0,40000,10,25,0,0.0,False,,,,,,,,,,,,,,,True,True,True,True
desinventar-ed16d2a7-5a47-42d1-9d22-6605d2237ca7,UNDRR DesInventar Nepal,2002,7,22,Central Region,Mahotari,Jaleswar Municipalit,FLOOD,0,0,0,0,0,0,0,0.0,False,,,,,,,,,,,,,,,True,True,True,True
desinventar-ed679e9e-3ca1-4b4e-a30a-d8eabcf4feca,UNDRR DesInventar Nepal,1999,8,24,Central Region,Parsa,Dhobini,HEAVY RAINS,0,0,0,0,14,0,0,0.0,False,,,,,,,,,,,,,,,True,True,True,True
desinventar-7e162edd-9f4b-4476-8719-0f30c7c44430,UNDRR DesInventar Nepal,2002,8,1,Mid-Western Region,Dailekh,BALUWATAR,HEAVY RAINS,0,0,0,0,0,0,0,0.0,True,,,,,,,,,,,,,,,True,True,True,True
desinventar-aa919d76-6d95-4559-a398-8432d176bb33,UNDRR DesInventar Nepal,1999,8,24,Central Region,Parsa,Nirmalbasti,HEAVY RAINS,0,0,0,0,27,0,0,0.0,False,,,,,,,,,,,,,,,True,True,True,True
desinventar-739eae91-df7d-416e-9972-59141cccc095,UNDRR DesInventar Nepal,1999,8,25,Eastern Region,Jhapa,KOHABARA,RAIN,1,0,0,0,0,0,0,0.0,False,,,,,,,,,,,,,,,True,True,True,True
desinventar-f05fb099-428d-4dfa-b3d2-262a9f94188a,UNDRR DesInventar Nepal,2002,7,22,Central Region,Makwanpur,MANAHARI,HEAVY RAINS,0,0,0,0,0,7,0,0.0,False,,,,,,,,,,,,,,,True,True,True,True
desinventar-1356ae9e-5955-47c9-9fd5-5cac9abca069,UNDRR DesInventar Nepal,1999,8,25,Eastern Region,Jhapa,SURUNGA,HEAVY RAINS,0,0,0,0,7,0,0,0.0,False,,,,,,,,,,,,,,,True,True,True,True
desinventar-d1e42652-489a-4706-b11f-b3de7f8a7cf5,UNDRR DesInventar Nepal,2003,7,5,Central Region,Sarlahi,BELHI,HEAVY RAINS,0,0,0,60000,0,0,0,0.0,False,,,,,,,,,,,,,,,True,True,True,True
desinventar-47f24486-7b69-4246-8647-ba3559097553,UNDRR DesInventar Nepal,2002,7,22,Central Region,Bara,NIJGADH,HEAVY RAINS,0,0,0,0,0,2,0,0.0,False,,,,,,,,,,,,,,,True,True,True,True
desinventar-1bca6160-1a2a-4fef-9f42-d90e04925d45,UNDRR DesInventar Nepal,1999,8,25,Eastern Region,Jhapa,MECHI MUN.,HEAVY RAINS,0,0,0,0,0,10,0,0.0,False,,,,,,,,,,,,,,,True,True,True,True
desinventar-33e921b7-7c0f-449c-abb1-01780ec374fd,UNDRR DesInventar Nepal,2003,9,18,Mid-Western Region,Surkhet,LEKGAUN,HEAVY RAINS,1,0,0,0,0,0,0,0.0,False,,,,,,,,,,,,,,,True,True,True,True
desinventar-2f491078-10d5-4112-be37-adfd2e951559,UNDRR DesInventar Nepal,1999,8,25,Eastern Region,Jhapa,DAMAK MUN.,HEAVY RAINS,0,0,0,0,0,25,0,0.0,False,,,,,,,,,,,,,,,True,True,True,True
desinventar-00f724c0-f9d2-488c-a360-82e5bf8acfaa,UNDRR DesInventar Nepal,2002,7,22,Eastern Region,Siraha,UNKNOWN,HEAVY RAINS,0,1,0,0,0,0,0,0.0,False,,,,,,,,,,,,,,,True,True,True,True
desinventar-3e47db10-c757-46d6-b4cb-866d7bc25861,UNDRR DesInventar Nepal,1999,8,25,Eastern Region,Jhapa,KHAJURGANCHHI,HEAVY RAINS,0,0,0,0,0,12,0,0.0,False,,,,,,,,,,,,,,,True,True,True,True
desinventar-4a73f2b1-5e2d-43d9-ab04-580ea2f516a0,UNDRR DesInventar Nepal,2002,7,22,Eastern Region,Udayapur,UNKNOWN,HEAVY RAINS,0,0,0,0,12,0,0,0.0,False,,,,,,,,,,,,,,,True,True,True,True
desinventar-3c002b9a-3684-4bbe-a46d-f07e44fbb378,UNDRR DesInventar Nepal,1999,8,25,Eastern Region,Jhapa,SHIVAGANJ,HEAVY RAINS,0,0,0,0,0,0,0,0.0,False,,,,,,,,,,,,,,,True,True,True,True
desinventar-2e5e2d08-29c9-4d36-aea3-273274d38641,UNDRR DesInventar Nepal,2002,7,22,Eastern Region,Saptari,LAUNIYA,HEAVY RAINS,0,0,0,0,0,25,0,0.0,False,,,,,,,,,,,,,,,True,True,True,True
desinventar-0f281235-f375-40b5-ae92-fae3317688c9,UNDRR DesInventar Nepal,2003,7,7,Western Region,Myagdi,NARCHYANG,HEAVY RAINS,0,1,0,0,0,0,0,0.0,False,,,,,,,,,,,,,,,True,True,True,True
desinventar-ead6fbcd-ebad-4702-9a8e-5e99c2b06eac,UNDRR DesInventar Nepal,2000,8,14,Eastern Region,Siraha,Madar,HEAVY RAINS,0,0,0,0,17,0,0,0.0,False,,,,,,,,,,,,,,,True,True,True,True
desinventar-5424feb0-9f36-4084-9835-baace09a70f6,UNDRR DesInventar Nepal,2002,7,22,Eastern Region,Saptari,KATAIYA,HEAVY RAINS,0,0,0,0,50,18,0,0.0,False,,,,,,,,,,,,,,,True,True,True,True
desinventar-7530d769-6a32-4b8e-ba72-18feaadf1c22,UNDRR DesInventar Nepal,2000,8,13,Eastern Region,Siraha,Itatar,HEAVY RAINS,0,0,0,0,72,0,0,0.0,False,,,,,,,,,,,,,,,True,True,True,True
desinventar-c8f47cb6-65ea-4667-814c-05bb251e3490,UNDRR DesInventar Nepal,2002,7,22,Eastern Region,Sunsari,UNKNOWN,UNKNOWN,0,0,0,0,0,0,0,0.0,False,,,,,,,,,,,,,,,True,True,True,True
desinventar-a390e9a5-2559-4a6f-ae16-04292b2a337e,UNDRR DesInventar Nepal,2002,8,3,Eastern Region,Jhapa,MAHABHARA,HEAVY RAINS,0,0,0,0,0,0,30,0.0,False,,,,,,,,,,,,,,,True,True,True,True
desinventar-80f09ff2-1a9c-4dc2-a2f1-795aea6ece67,UNDRR DesInventar Nepal,2000,8,14,Eastern Region,Saptari,UNKNOWN,HEAVY RAINS,0,0,0,0,0,0,0,0.0,False,,,,,,,,,,,,,,,True,True,True,True
desinventar-fba7c496-489a-4e42-a052-a957ca922418,UNDRR DesInventar Nepal,2003,7,7,Eastern Region,Terhathum,UNKNOWN,HEAVY RAINS,0,0,0,0,0,0,0,0.0,True,,,,,,,,,,,,,,,True,True,True,True
desinventar-49052660-4d9a-41b5-8947-e97871e28ecc,UNDRR DesInventar Nepal,2002,8,3,Eastern Region,Morang,Letang,HEAVY RAINS,2,0,0,0,0,0,0,0.0,False,,,,,,,,,,,,,,,True,True,True,True
desinventar-e0bc1977-8830-4414-b2d7-a2d0ad96a271,UNDRR DesInventar Nepal,2003,7,8,Eastern Region,Jhapa,KHUDUNABARI,HEAVY RAINS,0,0,0,0,0,0,0,0.0,False,,,,,,,,,,,,,,,True,True,True,True
desinventar-ffd50ee5-43c1-42f0-a32c-593ba1092436,UNDRR DesInventar Nepal,2002,5,18,Central Region,Mahotari,UNKNOWN,HEAVY RAINS,0,0,0,0,0,0,0,50.0,True,,,,,,,,,,,,,,,True,True,True,True
desinventar-4cebf636-b6b9-4257-bd5d-b71763ccb000,UNDRR DesInventar Nepal,2002,8,2,Eastern Region,Udayapur,Hardeni,HEAVY RAINS,0,0,0,0,0,0,0,0.0,True,,,,,,,,,,,,,,,True,True,True,True
desinventar-a57f0bfe-126a-47a8-b5ff-15a46ce765a6,UNDRR DesInventar Nepal,2003,9,21,Mid-Western Region,Bardiya,DHADHAWAR,HEAVY RAINS,0,0,0,300,6,36,0,0.0,False,,,,,,,,,,,,,,,True,True,True,True
desinventar-9ed3f3f4-ad41-4d76-9538-7b0adbca15e8,UNDRR DesInventar Nepal,2002,7,20,Central Region,Dhanusa,UNKNOWN,HEAVY RAINS,0,0,0,5000,0,0,0,0.0,False,,,,,,,,,,,,,,,True,True,True,True
desinventar-d988a8cc-24eb-47c7-b101-d4ffe7229b7b,UNDRR DesInventar Nepal,2003,7,5,Eastern Region,Morang,Sijuwa,HEAVY RAINS,1,1,0,0,0,0,0,0.0,False,,,,,,,,,,,,,,,True,True,True,True
desinventar-83039b2f-4e14-4f98-8707-546e13bb34c1,UNDRR DesInventar Nepal,2003,9,17,Western Region,Tanahu,UNKNOWN,HEAVY RAINS,0,0,0,50000,0,0,0,0.0,True,,,,,,,,,,,,,,,True,True,True,True
desinventar-659072bc-3e82-49d6-a179-93668a581320,UNDRR DesInventar Nepal,2003,7,6,Eastern Region,Jhapa,UNKNOWN,HEAVY RAINS,2,0,0,0,0,0,0,0.0,False,,,,,,,,,,,,,,,True,True,True,True
desinventar-2c09e6ed-fc76-4899-8195-d82c128dcffa,UNDRR DesInventar Nepal,2003,7,5,Eastern Region,Morang,Urlabari,OTHER,1,0,0,0,0,0,0,0.0,False,,,,,,,,,,,,,,,True,True,True,True
desinventar-32d51758-22e6-4428-baed-4d03bfdc82b9,UNDRR DesInventar Nepal,2002,7,20,Central Region,Mahotari,Kisan Nagar,HEAVY RAINS,0,0,0,270,0,11,0,0.0,False,,,,,,,,,,,,,,,True,True,True,True
desinventar-0af1c5c9-5441-4d9f-adb9-b9be76fae43d,UNDRR DesInventar Nepal,1999,9,10,Western Region,Syangja,TAKSAR KHALANGA,HEAVY RAINS,1,1,1,0,0,0,0,0.0,False,,,,,,,,,,,,,,,True,True,True,True
desinventar-6fef9ace-ed3d-4142-bf5b-bfb531642137,UNDRR DesInventar Nepal,2002,7,20,Central Region,Mahotari,UNKNOWN,HEAVY RAINS,0,0,0,180,0,4,232,0.0,False,,,,,,,,,,,,,,,True,True,True,True
desinventar-d493c195-76c7-4568-b5bd-7ac7b5e4521d,UNDRR DesInventar Nepal,2003,7,6,Western Region,Rupandehi,SHANKAR_NAGAR,OTHER,2,0,0,0,0,0,0,0.0,False,,,,,,,,,,,,,,,True,True,True,True
desinventar-bea05483-1085-4b04-a5ba-a3c6a7e2c59d,UNDRR DesInventar Nepal,2003,7,7,Eastern Region,Morang,Letang,HEAVY RAINS,0,0,0,6000,0,0,0,0.0,False,,,,,,,,,,,,,,,True,True,True,True
desinventar-63e2344e-f5d7-43ca-84a0-a85a0380a392,UNDRR DesInventar Nepal,1999,9,12,Western Region,Palpa,DOBHAN,HEAVY RAINS,0,0,0,0,0,0,0,0.0,False,,,,,,,,,,,,,,,True,True,True,True
desinventar-d5e5b8c6-d44a-4314-ab02-7b26a9dd7e32,UNDRR DesInventar Nepal,1999,9,27,Central Region,Dhading,AGINCHOK,HEAVY RAINS,5,3,0,0,0,0,0,0.0,False,,,,,,,,,,,,,,,True,True,True,True
desinventar-05927f64-54ea-456f-9e43-30bd4170d106,UNDRR DesInventar Nepal,2002,7,22,Eastern Region,Sunsari,Bhokraha,HEAVY RAINS,0,0,0,0,0,0,0,0.0,False,,,,,,,,,,,,,,,True,True,True,True
desinventar-4c59dea6-244a-46f6-9c99-0b3aee6f81f0,UNDRR DesInventar Nepal,2003,9,22,Central Region,Dhading,KALLERI,HEAVY RAINS,2,0,0,0,0,0,0,0.0,False,,,,,,,,,,,,,,,True,True,True,True
desinventar-fe1cd47e-8baf-4f7c-8591-7d22f50fd865,UNDRR DesInventar Nepal,2003,9,19,Western Region,Gorkha,UNKNOWN,TECHNICAL FAILU,1,0,1,0,0,0,0,0.0,False,,,,,,,,,,,,,,,True,True,True,True
desinventar-22a2ee38-a580-4526-8141-746080a3c0ad,UNDRR DesInventar Nepal,1999,8,28,Far Western Region,Kailali,PHULWARI,HEAVY RAINS,2,0,0,0,0,0,0,0.0,False,,,,,,,,,,,,,,,True,True,True,True
desinventar-9fcb37ec-b15e-4bd1-be9c-1a900ebe328a,UNDRR DesInventar Nepal,2002,6,12,Eastern Region,Siraha,Siraha Municapility,HEAVY RAINS,0,0,0,0,0,0,0,0.0,False,,,,,,,,,,,,,,,True,True,True,True
desinventar-a1f519de-5bd3-4b0b-9eef-87004c3d5e17,UNDRR DesInventar Nepal,2003,7,8,Central Region,Rautahat,UNKNOWN,HEAVY RAINS,1,0,0,0,0,0,0,0.0,False,,,,,,,,,,,,,,,True,True,True,True
desinventar-17766d48-26f7-42ac-8f27-a54c9089fbec,UNDRR DesInventar Nepal,1999,8,30,Eastern Region,Solukhumbu,Salleri,HEAVY RAINS,0,0,0,0,1,0,0,0.0,False,,,,,,,,,,,,,,,True,True,True,True
desinventar-76a0af4c-97a0-4410-a3b6-26e427ad43ab,UNDRR DesInventar Nepal,2000,8,14,Eastern Region,Morang,Drabesha,HEAVY RAINS,0,0,0,370,0,73,0,0.0,False,,,,,,,,,,,,,,,True,True,True,True
desinventar-a28a8a2c-9012-4ce7-990d-0e7aa3da40f6,UNDRR DesInventar Nepal,2003,7,8,Eastern Region,Okhaldhunga,UNKNOWN,OTHER,0,3,0,0,0,0,0,0.0,False,,,,,,,,,,,,,,,True,True,True,True
desinventar-d5e992e8-b4fc-4011-9e83-55e66a7133e2,UNDRR DesInventar Nepal,2003,7,9,Eastern Region,Udayapur,Beltar,HEAVY RAINS,1,1,0,0,0,0,0,0.0,True,,,,,,,,,,,,,,,True,True,True,True
desinventar-155e738b-38ea-4165-98b1-52eccceedc25,UNDRR DesInventar Nepal,2000,8,13,Eastern Region,Siraha,Bhagawanpur,HEAVY RAINS,0,0,0,0,0,0,0,0.0,False,,,,,,,,,,,,,,,True,True,True,True
desinventar-1e2834c0-6597-463c-82df-76d0a2ade458,UNDRR DesInventar Nepal,2002,7,23,Central Region,Kathmandu,KIRTIPUR MUNICIPALITY,HEAVY RAINS,1,0,0,0,0,0,0,0.0,False,,,,,,,,,,,,,,,True,True,True,True
desinventar-ad80a468-ee1d-44c6-9f8a-8328abf6ba7b,UNDRR DesInventar Nepal,2003,7,9,Western Region,Rupandehi,SURYAPURA,OTHER,0,0,0,0,0,0,0,0.0,False,,,,,,,,,,,,,,,True,True,True,True
desinventar-91def1d1-56a3-4d1d-bb13-2efbffed5d7c,UNDRR DesInventar Nepal,2002,7,23,Central Region,Kathmandu,KATHMANDU METROPOLITAN CITY,HEAVY RAINS,1,0,0,0,0,0,0,0.0,False,,,,,,,,,,,,,,,True,True,True,True
desinventar-350178dc-1ccb-480a-9fc7-320ab427b366,UNDRR DesInventar Nepal,2000,8,16,Central Region,Sindhupalchoke,Barahbise,HEAVY RAINS,1,0,0,235,0,39,0,0.0,False,,,,,,,,,,,,,,,True,True,True,True
desinventar-3329e496-0606-4510-a8cc-8b37394868a9,UNDRR DesInventar Nepal,2002,8,5,Central Region,Kavre,MAHADEVTAR,OTHER,0,0,0,0,0,0,0,0.0,False,,,,,,,,,,,,,,,True,True,True,True
desinventar-eda658e7-5670-4852-a35e-d56eda6fc7de,UNDRR DesInventar Nepal,2002,8,6,Central Region,Sindhuli,Kusheswar Dumja,HEAVY RAINS,0,0,0,81,0,0,0,0.0,False,,,,,,,,,,,,,,,True,True,True,True
desinventar-64cb0b97-1e28-4315-bda7-ffbde704af05,UNDRR DesInventar Nepal,2003,9,24,Far Western Region,Doti,BHUMIRAJMANDAU,HEAVY RAINS,1,0,0,0,0,0,0,0.0,False,,,,,,,,,,,,,,,True,True,True,True
desinventar-2903238d-498d-482a-aad4-8eb1c07a2920,UNDRR DesInventar Nepal,2002,8,6,Central Region,Ramechhap,Bethan,HEAVY RAINS,0,0,0,180,0,0,0,0.0,False,,,,,,,,,,,,,,,True,True,True,True
desinventar-aba42784-6772-4ce3-a0f2-803b0a0d9dab,UNDRR DesInventar Nepal,1999,9,15,Central Region,Kavre,DOLALGHAT,HEAVY RAINS,1,0,0,0,0,0,0,0.0,False,,,,,,,,,,,,,,,True,True,True,True
desinventar-bf7ef767-b89e-4f68-b142-96156779ca46,UNDRR DesInventar Nepal,2002,8,7,Western Region,Gorkha,ARU POKHARI,HEAVY RAINS,1,0,0,0,0,0,0,0.0,False,,,,,,,,,,,,,,,True,True,True,True
desinventar-231a76de-1486-40d0-b72c-cb3cbd7d8bd1,UNDRR DesInventar Nepal,2003,7,10,Western Region,Lamjung,ISANESHWAR,HEAVY RAINS,2,0,0,0,0,0,0,0.0,False,,,,,,,,,,,,,,,True,True,True,True
desinventar-7362ddba-e9b3-41e2-b89d-2499401dbd94,UNDRR DesInventar Nepal,2002,7,22,Central Region,Chitawan,JAGATPUR,HEAVY RAINS,11,7,17,1161,195,0,0,0.0,False,,,,,,,,,,,,,,,True,True,True,True
desinventar-69cd0835-e922-4429-874a-800f9fac99c4,UNDRR DesInventar Nepal,2002,7,22,Central Region,Chitawan,BHARATPUR N.P.,HEAVY RAINS,4,0,0,0,0,0,0,0.0,False,,,,,,,,,,,,,,,True,True,True,True
desinventar-c14fc512-f5ac-4174-b096-a6e68e09fcf2,UNDRR DesInventar Nepal,2002,7,22,Central Region,Chitawan,BIRENDRA NAGAR,HEAVY RAINS,4,0,0,0,0,0,0,0.0,False,,,,,,,,,,,,,,,True,True,True,True
desinventar-608afeee-b2a3-421b-8812-1ca8573c2c7c,UNDRR DesInventar Nepal,2003,7,10,Mid-Western Region,Dang,UNKNOWN,HEAVY RAINS,2,0,0,0,0,0,0,0.0,False,,,,,,,,,,,,,,,True,True,True,True
desinventar-f7a26469-fc16-4e80-8ca9-a885aca7c9d8,UNDRR DesInventar Nepal,2002,7,22,Central Region,Chitawan,BHARATPUR N.P.,HEAVY RAINS,2,0,0,76,10,0,0,0.0,False,,,,,,,,,,,,,,,True,True,True,True
desinventar-61220006-05c1-420c-acbc-fdad0cfd9e3c,UNDRR DesInventar Nepal,2003,9,24,Mid-Western Region,Bardiya,UNKNOWN,HEAVY RAINS,0,1,2,0,0,0,0,0.0,False,,,,,,,,,,,,,,,True,True,True,True
desinventar-9e06245a-8b66-465d-b534-cc6ee9468c9e,UNDRR DesInventar Nepal,1999,9,23,Mid-Western Region,Bardiya,UNKNOWN,HEAVY RAINS,0,0,0,0,3,0,0,0.0,False,,,,,,,,,,,,,,,True,True,True,True
desinventar-72bd7028-03ce-414a-9dd5-0bd35fa37d2c,UNDRR DesInventar Nepal,2002,7,22,Central Region,Chitawan,BACHHEULI,HEAVY RAINS,1,0,0,0,0,0,0,0.0,False,,,,,,,,,,,,,,,True,True,True,True
desinventar-f4ef4541-536e-4f20-a6de-422893a94eca,UNDRR DesInventar Nepal,2003,7,11,Western Region,Tanahu,UNKNOWN,HEAVY RAINS,0,0,0,0,40,0,0,0.0,False,,,,,,,,,,,,,,,True,True,True,True
desinventar-7229a6f1-7697-4bc2-8419-571fdd68a2bf,UNDRR DesInventar Nepal,2003,9,26,Eastern Region,Udayapur,Trijuga Municipality,HEAVY RAINS,1,0,0,0,0,0,0,0.0,False,,,,,,,,,,,,,,,True,True,True,True
desinventar-e610ecfd-42ab-4c97-bb63-299205a501b8,UNDRR DesInventar Nepal,2003,7,11,Western Region,Tanahu,KAHUN_SHIVAPUR,HEAVY RAINS,3,0,2,0,0,0,0,0.0,False,,,,,,,,,,,,,,,True,True,True,True
desinventar-0d59ff5d-0321-46f8-aac6-5016f43ec0fb,UNDRR DesInventar Nepal,2002,7,22,Central Region,Chitawan,PIPLE,HEAVY RAINS,0,0,0,1350,0,0,0,0.0,False,,,,,,,,,,,,,,,True,True,True,True
desinventar-d1570256-f133-4090-b9a4-8d9c09e1c6b6,UNDRR DesInventar Nepal,2003,7,11,Western Region,Rupandehi,BUTAWAL_NP,HEAVY RAINS,0,0,0,0,30,0,0,0.0,False,,,,,,,,,,,,,,,True,True,True,True
desinventar-0daf955a-1527-48cc-98d0-34f085909fa7,UNDRR DesInventar Nepal,2002,7,22,Central Region,Chitawan,KHAIRAHANI,HEAVY RAINS,2,0,20,1161,165,0,0,0.0,False,,,,,,,,,,,,,,,True,True,True,True
desinventar-4d962725-70c8-4a19-b084-4f69dac03ad2,UNDRR DesInventar Nepal,2002,7,22,Central Region,Parsa,UNKNOWN,UNKNOWN,0,2,0,0,150,0,2700,0.0,False,,,,,,,,,,,,,,,True,True,True,True
desinventar-4fb6189d-8f05-416f-a46e-79f9cc0da481,UNDRR DesInventar Nepal,2003,7,12,Far Western Region,Kailali,GETA,HEAVY RAINS,0,0,0,324,0,0,0,0.0,False,,,,,,,,,,,,,,,True,True,True,True
desinventar-398f78cb-9a6a-4053-bc86-4150d22de370,UNDRR DesInventar Nepal,2002,7,22,Central Region,Makwanpur,MANAHARI,HEAVY RAINS,2,0,0,0,0,0,0,0.0,False,,,,,,,,,,,,,,,True,True,True,True
desinventar-39950611-2ef5-4369-890d-ffa5aed32578,UNDRR DesInventar Nepal,2003,7,13,Central Region,Sarlahi,UNKNOWN,HEAVY RAINS,1,0,0,0,0,0,0,0.0,False,,,,,,,,,,,,,,,True,True,True,True
desinventar-72068683-0341-4797-a31e-3f87814f222e,UNDRR DesInventar Nepal,2003,7,13,Central Region,Sarlahi,PHARAHADAWA,HEAVY RAINS,0,0,0,0,20,0,0,0.0,False,,,,,,,,,,,,,,,True,True,True,True
desinventar-043d008e-bdb9-4f62-83a6-9ff72cb939b4,UNDRR DesInventar Nepal,2003,7,31,Central Region,Sindhuli,UNKNOWN,HEAVY RAINS,0,0,0,0,0,0,0,0.0,True,,,,,,,,,,,,,,,True,True,True,True
desinventar-90cb9665-8b9c-4b0f-8623-4e0ffe63c049,UNDRR DesInventar Nepal,1999,9,28,Western Region,Rupandehi,UNKNOWN,HEAVY RAINS,1,0,0,0,0,0,0,0.0,False,,,,,,,,,,,,,,,True,True,True,True
desinventar-0a3c619e-86fa-487a-bd06-91f7e25a405e,UNDRR DesInventar Nepal,2003,7,31,Central Region,Dhanusa,Singyahi Madan,HEAVY RAINS,0,0,0,0,0,0,0,0.0,False,,,,,,,,,,,,,,,True,True,True,True
desinventar-0ad2beb1-0ab0-44f4-8518-ff42c7969df5,UNDRR DesInventar Nepal,2003,7,14,Eastern Region,Siraha,Sukhachaina,OTHER,0,0,0,5000,0,0,0,0.0,False,,,,,,,,,,,,,,,True,True,True,True
desinventar-d2e85b77-f89a-430e-b67d-2d4b7dc71d61,UNDRR DesInventar Nepal,2003,7,31,Central Region,Dhanusa,Ramadaiya,HEAVY RAINS,0,0,0,162,0,0,0,0.0,False,,,,,,,,,,,,,,,True,True,True,True
desinventar-1e3059ba-d796-41d7-9467-4162db8133ab,UNDRR DesInventar Nepal,2003,7,30,Western Region,Tanahu,SYAMGHA,HEAVY RAINS,0,0,0,0,15,0,0,0.0,False,,,,,,,,,,,,,,,True,True,True,True
desinventar-0afece20-62ad-4f6d-8762-788d2029b892,UNDRR DesInventar Nepal,2003,7,30,Central Region,Bara,NIJGADH,HEAVY RAINS,1,0,1,0,0,0,0,0.0,False,,,,,,,,,,,,,,,True,True,True,True
desinventar-078e538b-1b0c-47c4-839a-708827c3a699,UNDRR DesInventar Nepal,2002,8,10,Central Region,Sindhuli,Hatpate,HEAVY RAINS,0,0,0,500,0,0,0,0.0,False,,,,,,,,,,,,,,,True,True,True,True
desinventar-3c3b881c-e240-4e61-a67c-bdc328685d7f,UNDRR DesInventar Nepal,2003,7,30,Eastern Region,Morang,Letang,HEAVY RAINS,0,0,0,16000,0,0,0,0.0,False,,,,,,,,,,,,,,,True,True,True,True
desinventar-aad64e66-3670-4289-946f-755960f78fae,UNDRR DesInventar Nepal,2003,7,30,Central Region,Makwanpur,UNKNOWN,HEAVY RAINS,0,0,0,0,0,0,0,0.0,True,,,,,,,,,,,,,,,True,True,True,True
desinventar-ec0837d0-603f-480a-bb19-853e15e7ad27,UNDRR DesInventar Nepal,2002,7,23,Central Region,Sarlahi,HAJARIYA,HEAVY RAINS,0,0,0,5221,44,532,270,0.0,False,,,,,,,,,,,,,,,True,True,True,True
desinventar-9316056f-6935-4f3c-883d-35a291d590ea,UNDRR DesInventar Nepal,2003,10,10,Eastern Region,Udayapur,Rampur,HEAVY RAINS,1,0,0,0,0,0,0,0.0,False,,,,,,,,,,,,,,,True,True,True,True
desinventar-efb2e42c-e1cb-4ba2-851a-0c48292e5d23,UNDRR DesInventar Nepal,2002,7,23,Central Region,Sarlahi,BARAHATHAWA,HEAVY RAINS,0,0,0,0,0,0,140,0.0,False,,,,,,,,,,,,,,,True,True,True,True
desinventar-30c84865-2e97-482c-bdd1-b0b089d6bda8,UNDRR DesInventar Nepal,2002,7,23,Eastern Region,Saptari,LAUNIYA,HEAVY RAINS,0,0,0,0,50,0,0,0.0,False,,,,,,,,,,,,,,,True,True,True,True
desinventar-9577e32c-14f5-427a-8f71-5282c19443ba,UNDRR DesInventar Nepal,2002,7,23,Eastern Region,Saptari,UNKNOWN,HEAVY RAINS,0,0,0,0,40,0,0,0.0,False,,,,,,,,,,,,,,,True,True,True,True
desinventar-c75ee771-4f26-4c9f-997d-36421a1a410b,UNDRR DesInventar Nepal,2002,7,23,Eastern Region,Sunsari,UNKNOWN,UNKNOWN,0,2,0,4,0,0,0,0.0,False,,,,,,,,,,,,,,,True,True,True,True
desinventar-40b906d1-ba89-4915-9949-9073e6cdf1b4,UNDRR DesInventar Nepal,2003,7,20,Western Region,Myagdi,UNKNOWN,HEAVY RAINS,1,0,0,0,0,0,0,0.0,False,,,,,,,,,,,,,,,True,True,True,True
desinventar-cb733e8d-f2e9-462a-b456-4dc649443aeb,UNDRR DesInventar Nepal,2002,7,23,Central Region,Rautahat,KANAKPUR,HEAVY RAINS,0,0,0,270,12,0,0,0.0,False,,,,,,,,,,,,,,,True,True,True,True
desinventar-080b9918-99ee-47d8-9d02-d5464382eae5,UNDRR DesInventar Nepal,2003,7,30,Western Region,Rupandehi,BUTAWAL_NP,HEAVY RAINS,0,0,0,0,0,0,0,0.0,False,,,,,,,,,,,,,,,True,True,True,True
desinventar-b9b88a40-3e92-4b02-91a1-252bb99cb688,UNDRR DesInventar Nepal,2002,8,13,Mid-Western Region,Salyan,SITAWANG SINWANG,HEAVY RAINS,0,0,0,0,0,0,0,0.0,False,,,,,,,,,,,,,,,True,True,True,True
desinventar-cae1de36-c556-4e7e-ab99-9f2770baa93a,UNDRR DesInventar Nepal,2003,7,20,Central Region,Makwanpur,KANKADA,OTHER,1,0,0,0,0,0,0,0.0,False,,,,,,,,,,,,,,,True,True,True,True
desinventar-971e5d49-586b-42d0-9ebe-a0df781e5f4b,UNDRR DesInventar Nepal,2003,7,30,Eastern Region,Morang,Keron,HEAVY RAINS,0,0,0,0,0,0,0,0.0,False,,,,,,,,,,,,,,,True,True,True,True
desinventar-5eab06e6-383b-4035-99cd-e0beaee5065d,UNDRR DesInventar Nepal,2002,8,13,Central Region,Sindhuli,Kamalamai Municipality,HEAVY RAINS,1,0,0,0,0,0,0,0.0,False,,,,,,,,,,,,,,,True,True,True,True
desinventar-5f894ab9-e63b-47fa-b1b3-57e30ffe6059,UNDRR DesInventar Nepal,2002,7,23,Central Region,Kavre,RYALE,HEAVY RAINS,1,0,0,0,0,0,0,0.0,False,,,,,,,,,,,,,,,True,True,True,True
desinventar-7cf58cc6-0631-403b-9c91-336c0dd6da4e,UNDRR DesInventar Nepal,2002,8,13,Central Region,Sindhuli,Kamalamai Municipality,HEAVY RAINS,0,0,0,0,0,0,0,0.0,False,,,,,,,,,,,,,,,True,True,True,True
desinventar-23425fb9-da02-4cc0-8d1d-72a924b61fe1,UNDRR DesInventar Nepal,2003,7,31,Mid-Western Region,Dang,UNKNOWN,HEAVY RAINS,1,4,0,432,15,0,0,0.0,False,,,,,,,,,,,,,,,True,True,True,True
desinventar-d2401596-73cb-4f8a-b1a1-40466ab78faa,UNDRR DesInventar Nepal,2003,7,30,Mid-Western Region,Dang,DHANAURI,HEAVY RAINS,0,0,0,540,0,100,0,0.0,False,,,,,,,,,,,,,,,True,True,True,True
desinventar-ff16c4a1-4ed5-4828-963c-4423543d80a2,UNDRR DesInventar Nepal,2003,7,31,Western Region,Tanahu,AANBUKHAIRENI,HEAVY RAINS,0,0,0,0,0,0,0,0.0,False,,,,,,,,,,,,,,,True,True,True,True
desinventar-9f53047b-a039-4ff0-8662-ea26bb2752a5,UNDRR DesInventar Nepal,2002,8,12,Central Region,Rasuwa,UNKNOWN,HEAVY RAINS,0,0,0,0,0,0,0,0.0,False,,,,,,,,,,,,,,,True,True,True,True
desinventar-987896e0-ed95-4f83-ba01-04ffd488317a,UNDRR DesInventar Nepal,2003,7,30,Central Region,Nuwakot,BELKOT,HEAVY RAINS,1,0,0,0,0,0,0,0.0,False,,,,,,,,,,,,,,,True,True,True,True
desinventar-4e9fc953-07c1-467c-8c5b-1a6a0e1cd0a1,UNDRR DesInventar Nepal,2003,7,26,Central Region,Sarlahi,NETRAGANJ,HEAVY RAINS,0,0,0,200,0,0,0,0.0,False,,,,,,,,,,,,,,,True,True,True,True
desinventar-0e8c89ff-ece9-4736-b562-748a34328d2c,UNDRR DesInventar Nepal,2003,7,26,Western Region,Lamjung,BESI SHAHAR,HEAVY RAINS,0,0,0,0,8,0,0,0.0,False,,,,,,,,,,,,,,,True,True,True,True
desinventar-b8fc460b-689b-44ca-b432-b505084e87e9,UNDRR DesInventar Nepal,2002,7,22,Western Region,Tanahu,BHIMAD,HEAVY RAINS,0,0,0,0,0,0,0,0.0,False,,,,,,,,,,,,,,,True,True,True,True
desinventar-6dfe7e44-eca3-483d-8066-fcca4e728a53,UNDRR DesInventar Nepal,2002,7,20,Western Region,Syangja,PUTALIDHET NP,HEAVY RAINS,0,0,0,0,0,0,0,0.0,False,,,,,,,,,,,,,,,True,True,True,True
desinventar-2a6247ec-a612-4e36-aa8c-51758c9e7f76,UNDRR DesInventar Nepal,2002,7,21,Central Region,Chitawan,UNKNOWN,HEAVY RAINS,0,0,0,0,0,0,0,0.0,False,,,,,,,,,,,,,,,True,True,True,True
desinventar-922e0c45-99dd-4935-aa1f-9a1c8eb9414b,UNDRR DesInventar Nepal,2002,7,23,Eastern Region,Sunsari,Inaruwa Municipality,HEAVY RAINS,0,3,0,0,0,0,0,0.0,False,,,,,,,,,,,,,,,True,True,True,True
desinventar-32a67932-0b18-4ba4-8cfd-9886d4d56f5f,UNDRR DesInventar Nepal,2003,8,1,Central Region,Chitawan,UNKNOWN,HEAVY RAINS,0,0,2,0,0,0,0,0.0,False,,,,,,,,,,,,,,,True,True,True,True
desinventar-70e579ce-4040-4260-99f1-0c1ae007afaf,UNDRR DesInventar Nepal,2002,7,24,Eastern Region,Jhapa,BHUDHABARE,HEAVY RAINS,0,0,0,0,0,0,0,0.0,False,,,,,,,,,,,,,,,True,True,True,True
desinventar-ba5da48e-c18a-4d91-b340-a47682c584e3,UNDRR DesInventar Nepal,2002,7,25,Central Region,Sarlahi,NETRAGANJ,OTHER,0,0,0,0,0,0,0,0.0,False,,,,,,,,,,,,,,,True,True,True,True
desinventar-35437c78-e94a-4058-a26d-5abfd9cda117,UNDRR DesInventar Nepal,2000,8,21,Central Region,Dhanusa,UNKNOWN,HEAVY RAINS,0,0,0,280,0,2,0,0.0,False,,,,,,,,,,,,,,,True,True,True,True
desinventar-b72bbbac-a3c7-4f2e-83c7-0905363a46f4,UNDRR DesInventar Nepal,2003,8,1,Central Region,Chitawan,JAGATPUR,HEAVY RAINS,2,0,0,184,0,0,0,0.0,False,,,,,,,,,,,,,,,True,True,True,True
desinventar-c453ff09-af4d-453d-84d8-29c0cd5352d0,UNDRR DesInventar Nepal,2002,8,4,Eastern Region,Udayapur,Hadiya,HEAVY RAINS,0,0,0,0,0,0,0,0.0,False,,,,,,,,,,,,,,,True,True,True,True
desinventar-90007eb6-8715-484b-bbb9-739067a02f9f,UNDRR DesInventar Nepal,2003,8,1,Central Region,Chitawan,UNKNOWN,HEAVY RAINS,1,0,0,0,0,0,0,0.0,False,,,,,,,,,,,,,,,True,True,True,True
desinventar-448005ea-25cf-4311-ad66-3f600761f274,UNDRR DesInventar Nepal,2002,7,24,Eastern Region,Morang,UNKNOWN,HEAVY RAINS,0,0,0,0,0,0,0,0.0,False,,,,,,,,,,,,,,,True,True,True,True
desinventar-840f2f2c-5bf7-45cc-a3d0-783e69a42c0c,UNDRR DesInventar Nepal,2002,8,16,Eastern Region,Udayapur,Saune,HEAVY RAINS,0,0,0,0,0,0,0,0.0,False,,,,,,,,,,,,,,,True,True,True,True
desinventar-9339cb09-6e64-497d-a2a5-cb7ef0a8aeea,UNDRR DesInventar Nepal,2000,8,12,Far Western Region,Kailali,DHANGADHI MUNICIPALITY,HEAVY RAINS,1,0,0,0,0,0,0,0.0,False,,,,,,,,,,,,,,,True,True,True,True
desinventar-479a0267-2472-4a3b-90d9-0e9307bfefcc,UNDRR DesInventar Nepal,2003,8,1,Central Region,Chitawan,JAGATPUR,HEAVY RAINS,0,0,0,225,0,0,0,0.0,False,,,,,,,,,,,,,,,True,True,True,True
desinventar-60722241-1bde-48e1-8381-69029a10c7c2,UNDRR DesInventar Nepal,2002,7,24,Eastern Region,Morang,Rajghat,HEAVY RAINS,0,0,0,540,3,0,16,0.0,False,,,,,,,,,,,,,,,True,True,True,True
desinventar-7a244578-35e9-4136-a7d2-677d57632695,UNDRR DesInventar Nepal,2002,8,16,Eastern Region,Udayapur,Katari,HEAVY RAINS,0,0,0,0,0,0,0,0.0,False,,,,,,,,,,,,,,,True,True,True,True
desinventar-9926f055-60cf-415e-8090-f4463453ceb8,UNDRR DesInventar Nepal,2002,7,23,Western Region,Syangja,RUPAKOT,HEAVY RAINS,0,1,0,0,0,0,0,0.0,False,,,,,,,,,,,,,,,True,True,True,True
desinventar-2dfa1725-b8d1-46d8-8347-d6a3f83abef6,UNDRR DesInventar Nepal,2002,8,16,Eastern Region,Udayapur,Hardeni,HEAVY RAINS,0,0,0,0,0,0,0,0.0,False,,,,,,,,,,,,,,,True,True,True,True
desinventar-b5b159f0-2f0c-47d0-9ac2-4d221de94fb8,UNDRR DesInventar Nepal,2002,8,16,Eastern Region,Udayapur,Basaha,HEAVY RAINS,0,0,0,627,0,0,0,0.0,False,,,,,,,,,,,,,,,True,True,True,True
desinventar-aaa9112d-2a4b-491c-bf40-5d8ffb029bf1,UNDRR DesInventar Nepal,2000,8,23,Far Western Region,Kailali,UNKNOWN,HEAVY RAINS,0,0,0,0,0,0,0,0.0,False,,,,,,,,,,,,,,,True,True,True,True
desinventar-3e9dc702-068b-42ed-ba14-01ab02867fb4,UNDRR DesInventar Nepal,2002,7,25,Central Region,Sindhuli,Kamalamai Municipality,HEAVY RAINS,0,0,0,0,0,0,0,0.0,False,,,,,,,,,,,,,,,True,True,True,True
desinventar-c816ea98-908a-4c6f-86be-5a850451ed56,UNDRR DesInventar Nepal,2003,8,1,Western Region,Nawalparasi,PRAGATINAGAR,HEAVY RAINS,0,0,0,97,2,0,0,0.0,False,,,,,,,,,,,,,,,True,True,True,True
desinventar-05c6374e-4e66-45df-aa87-98e650196321,UNDRR DesInventar Nepal,2002,7,24,Central Region,Sindhuli,Mahadevsthan,HEAVY RAINS,0,0,0,0,0,0,0,0.0,False,,,,,,,,,,,,,,,True,True,True,True
desinventar-032ff5b2-a1c2-473c-b4b4-c4df02a5aa2e,UNDRR DesInventar Nepal,2002,7,24,Central Region,Sindhuli,Kapilakot,HEAVY RAINS,0,0,0,0,0,0,0,0.0,False,,,,,,,,,,,,,,,True,True,True,True
desinventar-66fa9c00-9665-4704-a56e-2cd8a089999c,UNDRR DesInventar Nepal,2002,7,24,Central Region,Sindhuli,Kalpabriksha,HEAVY RAINS,0,0,0,0,0,0,0,0.0,False,,,,,,,,,,,,,,,True,True,True,True
desinventar-b02afe7e-e220-426f-adec-cd844212b108,UNDRR DesInventar Nepal,2002,7,25,Central Region,Dhanusa,Jhatiyahi,OTHER,1,0,0,0,0,0,0,0.0,False,,,,,,,,,,,,,,,True,True,True,True
desinventar-732ff303-f9dc-4418-a9f2-81f08aaf2ecd,UNDRR DesInventar Nepal,2003,8,1,Central Region,Makwanpur,UNKNOWN,HEAVY RAINS,0,0,0,65,0,0,0,0.0,False,,,,,,,,,,,,,,,True,True,True,True
desinventar-697f692c-75c7-4e1f-b31c-11e77e5152bd,UNDRR DesInventar Nepal,2002,8,16,Central Region,Kavre,UGRATARA JANAGAL,HEAVY RAINS,0,0,0,0,0,0,0,0.0,False,,,,,,,,,,,,,,,True,True,True,True
desinventar-c315f32a-4216-487b-91ca-ee9a159f7db0,UNDRR DesInventar Nepal,2002,7,24,Central Region,Kathmandu,KATHMANDU METROPOLITAN CITY,HEAVY RAINS,0,0,0,0,0,0,0,0.0,False,,,,,,,,,,,,,,,True,True,True,True
desinventar-fdb5bfe2-2660-4d70-a30d-2a8bf40ec21a,UNDRR DesInventar Nepal,2002,7,22,Western Region,Gorkha,HARMI,HEAVY RAINS,5,0,1,22,0,0,0,0.0,False,,,,,,,,,,,,,,,True,True,True,True
desinventar-e8821d48-004f-4baf-b879-369421aa63e2,UNDRR DesInventar Nepal,2002,8,16,Central Region,Kavre,NASIKASTHAN SANGA,HEAVY RAINS,0,0,0,0,0,0,0,0.0,False,,,,,,,,,,,,,,,True,True,True,True
desinventar-5e2ee96f-1f47-4e86-9ae5-5a9f3b166565,UNDRR DesInventar Nepal,2003,8,1,Eastern Region,Bhojpur,THOLO DUMMA,HEAVY RAINS,0,0,0,65,12,0,0,0.0,False,,,,,,,,,,,,,,,True,True,True,True
desinventar-d12de745-ca04-4276-88cd-e848b8da66d4,UNDRR DesInventar Nepal,2003,8,2,Central Region,Rautahat,UNKNOWN,HEAVY RAINS,0,0,0,2700,0,0,0,0.0,False,,,,,,,,,,,,,,,True,True,True,True
desinventar-54351260-a884-461d-a9d1-a7b3e15f165e,UNDRR DesInventar Nepal,2002,7,25,Eastern Region,Jhapa,MAHABHARA,HEAVY RAINS,0,0,0,270,0,0,0,0.0,False,,,,,,,,,,,,,,,True,True,True,True
desinventar-05ee94bd-75f3-4c4f-95af-a6aa4697289d,UNDRR DesInventar Nepal,2002,7,26,Eastern Region,Jhapa,UNKNOWN,HEAVY RAINS,1,0,0,0,0,0,0,0.0,False,,,,,,,,,,,,,,,True,True,True,True
desinventar-6946f5ed-e1d5-47bf-a9e1-5690910c2683,UNDRR DesInventar Nepal,2003,8,2,Central Region,Makwanpur,HETAUDA MUNICIPALITY,HEAVY RAINS,0,0,0,0,0,0,0,0.0,False,,,,,,,,,,,,,,,True,True,True,True
desinventar-fc1512e6-bcb7-46d9-8b6f-da6731979118,UNDRR DesInventar Nepal,2003,8,2,Central Region,Makwanpur,HADIKHOLA,HEAVY RAINS,2,0,0,0,0,0,0,0.0,False,,,,,,,,,,,,,,,True,True,True,True
desinventar-482d5238-0752-4538-b88f-730d067367ca,UNDRR DesInventar Nepal,2002,7,26,Eastern Region,Dhankuta,KURULETENUPA,HEAVY RAINS,10,0,0,54,10,0,0,0.0,False,,,,,,,,,,,,,,,True,True,True,True
desinventar-254cb46c-ce8d-4e5d-9742-c6c375d3a538,UNDRR DesInventar Nepal,2002,8,16,Central Region,Kavre,BANEPA MUNICIPALITY,HEAVY RAINS,1,1,0,0,0,0,0,0.0,False,,,,,,,,,,,,,,,True,True,True,True
desinventar-65be71e2-09fc-4702-99f2-ec1cd8874a32,UNDRR DesInventar Nepal,2003,8,2,Eastern Region,Ilam,PUWA  MAJHUWA,HEAVY RAINS,1,0,0,0,0,0,0,0.0,False,,,,,,,,,,,,,,,True,True,True,True
desinventar-b2d58a58-bc70-472d-897d-92ddafee0acb,UNDRR DesInventar Nepal,2003,7,27,Western Region,Lamjung,CHANDDISTHAN,HEAVY RAINS,0,0,0,0,8,13,0,0.0,False,,,,,,,,,,,,,,,True,True,True,True
desinventar-c42c656a-6e7d-42a1-aecc-25cb6ab6fa99,UNDRR DesInventar Nepal,2002,7,26,Eastern Region,Dhankuta,UNKNOWN,HEAVY RAINS,0,0,0,486,60,0,0,0.0,False,,,,,,,,,,,,,,,True,True,True,True
desinventar-39ae8543-beeb-416c-a8d1-df19a8f2f3c3,UNDRR DesInventar Nepal,2002,7,26,Eastern Region,Morang,Biratnagar Municipality,HEAVY RAINS,0,0,0,1620,0,0,0,0.0,False,,,,,,,,,,,,,,,True,True,True,True
desinventar-b25e58e0-065f-41b8-93fa-5adbf8f98b92,UNDRR DesInventar Nepal,2003,7,4,Western Region,Kapilbastu,KAJARHAWA,HEAVY RAINS,0,0,0,17,0,13,0,100.0,True,,,,,,,,,,,,,,,True,True,True,True
desinventar-5eba39ba-709d-413a-8fa1-a0a7a0e28a05,UNDRR DesInventar Nepal,2002,7,26,Eastern Region,Jhapa,SHIVAGANJ,HEAVY RAINS,0,0,0,270,0,0,0,0.0,False,,,,,,,,,,,,,,,True,True,True,True
desinventar-65c3b3db-617b-42af-8050-89e6dfb99ef6,UNDRR DesInventar Nepal,2003,7,29,Central Region,Makwanpur,KANKADA,HEAVY RAINS,0,0,0,0,17,0,0,0.0,False,,,,,,,,,,,,,,,True,True,True,True
desinventar-c96df194-443f-4ab7-b5e5-28910a5c1a1b,UNDRR DesInventar Nepal,2002,7,26,Eastern Region,Jhapa,LAKHANPUR,HEAVY RAINS,0,0,0,135,3,0,0,0.0,False,,,,,,,,,,,,,,,True,True,True,True
desinventar-0592747e-9d79-44e0-9280-ab9a1c874a83,UNDRR DesInventar Nepal,2002,7,27,Eastern Region,Morang,Urlabari,HEAVY RAINS,0,0,0,0,0,0,0,0.0,False,,,,,,,,,,,,,,,True,True,True,True
desinventar-4c419b1e-cc31-4887-94eb-80bc52dc757c,UNDRR DesInventar Nepal,2002,7,27,Eastern Region,Morang,Madhumalla,HEAVY RAINS,0,0,0,0,5,0,0,0.0,False,,,,,,,,,,,,,,,True,True,True,True
desinventar-dead972b-bf30-4c1f-a095-bfaa6e74c7e4,UNDRR DesInventar Nepal,2002,7,27,Eastern Region,Morang,Rajghat,HEAVY RAINS,0,0,0,65,3,0,16,0.0,False,,,,,,,,,,,,,,,True,True,True,True
desinventar-06e52ec2-aec8-4ab8-9f10-6dc9cd59b887,UNDRR DesInventar Nepal,2000,8,28,Mid-Western Region,Rukum,BAPHIKOT,HEAVY RAINS,7,0,0,0,11,0,0,0.0,False,,,,,,,,,,,,,,,True,True,True,True
desinventar-d2b45485-d43b-45ab-8ab7-88649ca4df61,UNDRR DesInventar Nepal,2003,7,30,Eastern Region,Bhojpur,BALANKHA,OTHER,1,0,0,0,0,0,0,0.0,False,,,,,,,,,,,,,,,True,True,True,True
desinventar-b8b6b71d-ec10-4ea6-8f51-262dd60e0625,UNDRR DesInventar Nepal,2002,7,27,Eastern Region,Morang,Govindapur,HEAVY RAINS,0,0,0,810,0,0,0,0.0,False,,,,,,,,,,,,,,,True,True,True,True
desinventar-382dcb8d-5f14-4b89-bd35-de5c891acf77,UNDRR DesInventar Nepal,2003,7,30,Central Region,Dhading,UNKNOWN,HEAVY RAINS,0,0,0,0,0,0,0,0.0,False,,,,,,,,,,,,,,,True,True,True,True
desinventar-29c62b7a-b96f-4e1e-8528-a49cc6f1f53c,UNDRR DesInventar Nepal,2003,8,3,Central Region,Sarlahi,BATRAUL,HEAVY RAINS,0,0,0,0,0,0,0,0.0,False,,,,,,,,,,,,,,,True,True,True,True
desinventar-adfa9434-7734-4de0-99c7-798876a966da,UNDRR DesInventar Nepal,2002,8,19,Central Region,Makwanpur,PHAPARBARI,HEAVY RAINS,0,0,0,0,52,0,0,0.0,False,,,,,,,,,,,,,,,True,True,True,True
desinventar-840296c1-520b-46ad-a0ab-10b79782c2cc,UNDRR DesInventar Nepal,2003,8,3,Far Western Region,Kanchanpur,MAHENDRA NAGAR N.P.,HEAVY RAINS,0,0,0,86,0,0,0,0.0,False,,,,,,,,,,,,,,,True,True,True,True
desinventar-3f88bb04-ec30-49ec-96d1-df7792d4961f,UNDRR DesInventar Nepal,2002,7,27,Eastern Region,Morang,Bahuni,HEAVY RAINS,0,0,0,518,12,42,135,0.0,False,,,,,,,,,,,,,,,True,True,True,True
desinventar-20b49fc4-d005-4cf4-bca8-7235baaf8939,UNDRR DesInventar Nepal,2002,7,27,Eastern Region,Morang,UNKNOWN,HEAVY RAINS,0,0,0,189,8,0,0,0.0,False,,,,,,,,,,,,,,,True,True,True,True
desinventar-f685f3d7-44ca-424e-b64c-20d749286d93,UNDRR DesInventar Nepal,2003,7,30,Central Region,Makwanpur,HETAUDA MUNICIPALITY,HEAVY RAINS,0,0,0,0,0,0,0,0.0,False,,,,,,,,,,,,,,,True,True,True,True
desinventar-e6294adf-4227-4a70-8eed-997d78f863c7,UNDRR DesInventar Nepal,2002,7,27,Eastern Region,Morang,Hoklabari,HEAVY RAINS,0,0,0,270,5,0,103,0.0,False,,,,,,,,,,,,,,,True,True,True,True
desinventar-d7abbd2f-d50c-427f-b14e-36a2ec4fb70d,UNDRR DesInventar Nepal,2000,8,29,Central Region,Dhanusa,UNKNOWN,HEAVY RAINS,0,0,0,0,0,0,0,0.0,False,,,,,,,,,,,,,,,True,True,True,True
desinventar-2bc460d4-3727-4bfe-aff8-c283db3ce72d,UNDRR DesInventar Nepal,2002,7,27,Eastern Region,Morang,Drabesha,HEAVY RAINS,0,0,0,540,5,0,1274,0.0,False,,,,,,,,,,,,,,,True,True,True,True
desinventar-faea5e35-2d4d-42b7-8237-31908dbfeb8a,UNDRR DesInventar Nepal,2002,7,27,Eastern Region,Morang,Baradanga,HEAVY RAINS,0,0,0,0,0,0,0,0.0,False,,,,,,,,,,,,,,,True,True,True,True
desinventar-9454bb83-638f-44cc-a189-e8dbfb8f081c,UNDRR DesInventar Nepal,2002,8,14,Central Region,Kavre,PANUTI  MUNICIPALITY,HEAVY RAINS,1,0,0,0,0,0,0,0.0,False,,,,,,,,,,,,,,,True,True,True,True
desinventar-9623b010-9785-4052-8028-06fdb3a158d5,UNDRR DesInventar Nepal,2003,7,30,Central Region,Makwanpur,HADIKHOLA,HEAVY RAINS,0,0,0,162,0,0,0,0.0,False,,,,,,,,,,,,,,,True,True,True,True
desinventar-3bb9826f-cb16-41b4-b1e7-1fb5c8c7092c,UNDRR DesInventar Nepal,2002,7,27,Eastern Region,Morang,Budhanagar,HEAVY RAINS,0,0,0,0,0,0,0,0.0,False,,,,,,,,,,,,,,,True,True,True,True
desinventar-47b13ee5-57e3-4795-804a-672db6a7259d,UNDRR DesInventar Nepal,2003,8,5,Central Region,Chitawan,UNKNOWN,HEAVY RAINS,0,0,0,0,0,0,0,0.0,False,,,,,,,,,,,,,,,True,True,True,True
desinventar-a3f947f7-ec65-4dd1-a920-085acfa9d6fa,UNDRR DesInventar Nepal,2002,7,27,Eastern Region,Morang,Dangighat,HEAVY RAINS,0,0,0,0,0,0,0,0.0,False,,,,,,,,,,,,,,,True,True,True,True
desinventar-ee9248fa-3d6d-486e-ba59-fad8c22439f3,UNDRR DesInventar Nepal,2002,7,27,Eastern Region,Morang,Mahadeva,OTHER,0,0,0,0,0,0,0,0.0,False,,,,,,,,,,,,,,,True,True,True,True
desinventar-32a29fc5-19da-403c-beed-be1dcae45020,UNDRR DesInventar Nepal,2002,8,14,Central Region,Kavre,UNKNOWN,HEAVY RAINS,0,0,0,0,0,0,0,0.0,True,,,,,,,,,,,,,,,True,True,True,True
desinventar-184a161b-81e8-4bc4-ac47-f10823259a24,UNDRR DesInventar Nepal,2003,8,6,Central Region,Sarlahi,HAJARIYA,HEAVY RAINS,0,0,0,10000,69,0,0,0.0,False,,,,,,,,,,,,,,,True,True,True,True
desinventar-b464aba2-f5b5-4361-8228-5e277097fc67,UNDRR DesInventar Nepal,2002,7,27,Eastern Region,Morang,Itahara,HEAVY RAINS,0,0,0,0,0,0,0,0.0,False,,,,,,,,,,,,,,,True,True,True,True
desinventar-e3263601-4e86-41ce-ab79-c99863faeb7e,UNDRR DesInventar Nepal,2002,7,27,Eastern Region,Morang,Dangighat,HEAVY RAINS,0,0,0,0,0,0,0,0.0,False,,,,,,,,,,,,,,,True,True,True,True
desinventar-cb852d6f-698b-4cd3-b0fb-120b98089718,UNDRR DesInventar Nepal,2002,7,27,Eastern Region,Morang,Kaseni,HEAVY RAINS,0,0,0,0,0,0,0,0.0,False,,,,,,,,,,,,,,,True,True,True,True
desinventar-fdaaf6f0-f2ad-41c4-a64e-f9fe5f738406,UNDRR DesInventar Nepal,2002,8,19,Central Region,Sindhupalchoke,Sipapokhare,HEAVY RAINS,0,0,0,0,0,0,0,0.0,False,,,,,,,,,,,,,,,True,True,True,True
desinventar-07744fe6-b72f-4a7c-9bae-d1e1fff5506a,UNDRR DesInventar Nepal,2003,8,4,Central Region,Nuwakot,TUPCHE,HEAVY RAINS,1,0,2,0,0,0,0,0.0,False,,,,,,,,,,,,,,,True,True,True,True
desinventar-5a8c611d-52af-4a7a-9118-1b345d9f3612,UNDRR DesInventar Nepal,2002,7,27,Eastern Region,Morang,Majhare,HEAVY RAINS,0,0,0,0,0,0,0,0.0,False,,,,,,,,,,,,,,,True,True,True,True
desinventar-eb3468cf-dda6-4f40-8a69-dcc546b3ffc8,UNDRR DesInventar Nepal,2002,7,27,Eastern Region,Morang,Sijuwa,HEAVY RAINS,0,0,0,0,0,0,0,0.0,False,,,,,,,,,,,,,,,True,True,True,True
desinventar-a2d4a2d3-33fd-41b3-81c7-a6f3cab8d750,UNDRR DesInventar Nepal,2002,7,27,Eastern Region,Morang,Kerabari,HEAVY RAINS,0,0,0,0,0,0,0,0.0,False,,,,,,,,,,,,,,,True,True,True,True
desinventar-972cb57d-3e41-4e00-8ff5-4ee14534beaa,UNDRR DesInventar Nepal,2002,7,27,Eastern Region,Morang,Jante,HEAVY RAINS,0,0,0,0,0,0,0,0.0,False,,,,,,,,,,,,,,,True,True,True,True
desinventar-3f515c00-964b-4e05-b5d7-d69a5d84a467,UNDRR DesInventar Nepal,2003,8,8,Central Region,Chitawan,UNKNOWN,OTHER,0,0,0,0,0,0,0,0.0,False,,,,,,,,,,,,,,,True,True,True,True
desinventar-16498627-b1dd-4941-b382-893790d58f93,UNDRR DesInventar Nepal,2002,8,29,Mid-Western Region,Humla,MAILA,HEAVY RAINS,0,0,0,70,13,0,0,0.0,True,,,,,,,,,,,,,,,True,True,True,True
desinventar-9fd5d37c-865b-4ebd-92cd-ac137d8f657b,UNDRR DesInventar Nepal,2002,7,27,Eastern Region,Morang,Baerban,HEAVY RAINS,0,0,0,0,0,0,0,0.0,False,,,,,,,,,,,,,,,True,True,True,True
desinventar-11d94c76-0b0e-4536-b3a1-10b561a65981,UNDRR DesInventar Nepal,2002,7,27,Eastern Region,Morang,Letang,HEAVY RAINS,0,0,0,0,0,0,194,0.0,False,,,,,,,,,,,,,,,True,True,True,True
desinventar-d9d4b2c9-a213-45fd-9a0e-3f758f171fa8,UNDRR DesInventar Nepal,2002,7,27,Eastern Region,Morang,Keron,HEAVY RAINS,0,0,0,0,0,0,162,0.0,False,,,,,,,,,,,,,,,True,True,True,True
desinventar-9cce93d0-95db-436f-afbd-fb7a19282790,UNDRR DesInventar Nepal,2002,7,27,Eastern Region,Morang,Rangeli,HEAVY RAINS,0,0,0,70,0,0,0,0.0,False,,,,,,,,,,,,,,,True,True,True,True
desinventar-30747b5f-459b-485e-b0ee-35a9936bb8ab,UNDRR DesInventar Nepal,2002,7,27,Eastern Region,Sunsari,UNKNOWN,HEAVY RAINS,0,0,0,918,50,0,0,0.0,False,,,,,,,,,,,,,,,True,True,True,True
desinventar-00b3dcf7-d638-44c0-a660-4493a2fc39b1,UNDRR DesInventar Nepal,2002,3,27,Central Region,Dhanusa,Dhalkebar,HEAVY RAINS,0,0,0,0,0,0,0,0.0,False,,,,,,,,,,,,,,,True,True,True,True
desinventar-4fdfebd3-5d8e-4552-b19f-76f12d9bfe74,UNDRR DesInventar Nepal,2002,8,29,Eastern Region,Ilam,SAKHAJUN,HEAVY RAINS,1,0,0,0,0,0,0,0.0,False,,,,,,,,,,,,,,,True,True,True,True
desinventar-89a26f1e-a8b6-4526-829e-0b9aaa1c9f3b,UNDRR DesInventar Nepal,2002,8,29,Eastern Region,Ilam,SHANTI   DADA,HEAVY RAINS,1,4,2,0,0,0,0,0.0,False,,,,,,,,,,,,,,,True,True,True,True
desinventar-13f4aed1-5d7b-4fc2-b6fd-ebce3c87f7a1,UNDRR DesInventar Nepal,2002,7,29,Eastern Region,Morang,Rajghat,HEAVY RAINS,1,0,0,0,0,0,0,0.0,False,,,,,,,,,,,,,,,True,True,True,True
desinventar-397a3c2e-12a3-49a8-be7f-a846079dc790,UNDRR DesInventar Nepal,2003,8,9,Central Region,Dhanusa,UNKNOWN,HEAVY RAINS,0,0,0,13624,0,0,0,0.0,False,,,,,,,,,,,,,,,True,True,True,True
desinventar-c68309e9-cb64-4c81-bab6-162593ff724f,UNDRR DesInventar Nepal,2002,7,28,Central Region,Lalitpur,Lalitpur Municipality,HEAVY RAINS,1,0,0,0,0,0,0,0.0,False,,,,,,,,,,,,,,,True,True,True,True
desinventar-5f8eba38-9a45-426e-8b73-d860754fc79f,UNDRR DesInventar Nepal,2003,8,9,Central Region,Makwanpur,BASMADI,HEAVY RAINS,0,0,0,2220,0,0,0,0.0,False,,,,,,,,,,,,,,,True,True,True,True
desinventar-afb6fd31-a890-472f-be08-17a29e46bcbb,UNDRR DesInventar Nepal,2003,8,10,Eastern Region,Morang,UNKNOWN,HEAVY RAINS,0,0,0,270,0,0,0,0.0,False,,,,,,,,,,,,,,,True,True,True,True
desinventar-bb43d5c2-5c60-4349-a390-04227af7cf91,UNDRR DesInventar Nepal,2003,8,20,Mid-Western Region,Rukum,BAPHIKOT,HEAVY RAINS,0,0,0,113,21,0,0,0.0,False,,,,,,,,,,,,,,,True,True,True,True
desinventar-e55bd994-c7df-4628-ac4e-6dcfe1c08111,UNDRR DesInventar Nepal,2002,7,29,Eastern Region,Siraha,Ramnagar Mirchaiya,HEAVY RAINS,0,0,0,103,4,0,0,0.0,False,,,,,,,,,,,,,,,True,True,True,True
desinventar-e6586727-ed51-404b-a960-f01b7dfdf04d,UNDRR DesInventar Nepal,2003,8,11,Central Region,Chitawan,UNKNOWN,HEAVY RAINS,0,0,0,0,0,0,0,0.0,False,,,,,,,,,,,,,,,True,True,True,True
desinventar-93742523-eef6-4970-9266-849ea5a30523,UNDRR DesInventar Nepal,2002,7,29,Eastern Region,Siraha,Badaharamal,HEAVY RAINS,0,0,0,324,0,0,0,0.0,False,,,,,,,,,,,,,,,True,True,True,True
desinventar-8b9e9d17-bcc5-4955-9dda-42184f91b1de,UNDRR DesInventar Nepal,2003,8,11,Mid-Western Region,Dang,MANPUR,HEAVY RAINS,1,0,0,0,0,0,0,0.0,False,,,,,,,,,,,,,,,True,True,True,True
desinventar-ce22864c-18c5-4e3e-815f-8a76787a27fe,UNDRR DesInventar Nepal,2003,8,22,Western Region,Tanahu,DEVGHAT,HEAVY RAINS,0,0,0,0,0,0,0,0.0,False,,,,,,,,,,,,,,,True,True,True,True
desinventar-abb30f88-daf5-47ad-ae7d-19d26b560b2c,UNDRR DesInventar Nepal,2003,8,12,Central Region,Kavre,CHYAMRANGBESI,HEAVY RAINS,0,0,0,0,0,0,0,0.0,False,,,,,,,,,,,,,,,True,True,True,True
desinventar-c9c72330-1ff7-424b-adc4-20f512f162f7,UNDRR DesInventar Nepal,2003,8,22,Far Western Region,Kailali,DHANGADHI MUNICIPALITY,HEAVY RAINS,1,0,0,0,0,0,0,0.0,False,,,,,,,,,,,,,,,True,True,True,True
desinventar-d2fe7748-747a-47e1-8a37-b5f287af989d,UNDRR DesInventar Nepal,2003,8,20,Western Region,Palpa,BHAIRABSTHAN,HEAVY RAINS,1,0,0,0,0,0,0,0.0,False,,,,,,,,,,,,,,,True,True,True,True
desinventar-75c954fc-0c0b-4cba-9d9b-a91a9bab2aae,UNDRR DesInventar Nepal,2003,8,13,Central Region,Rautahat,KANAKPUR,HEAVY RAINS,0,0,0,12,2,0,0,0.0,False,,,,,,,,,,,,,,,True,True,True,True
desinventar-9f6253cb-5a52-441c-a418-581ee59d1878,UNDRR DesInventar Nepal,2003,8,14,Western Region,Tanahu,CHHIMKESWORI,HEAVY RAINS,0,0,0,0,7,0,0,0.0,False,,,,,,,,,,,,,,,True,True,True,True
desinventar-4168b5cc-8b65-4644-b378-2b8d7616f0af,UNDRR DesInventar Nepal,2003,8,21,Western Region,Nawalparasi,DIBYAPURI,HEAVY RAINS,1,0,0,0,0,0,0,0.0,False,,,,,,,,,,,,,,,True,True,True,True
desinventar-2c85c96d-dd8a-4f17-8cb3-ac039b6013a3,UNDRR DesInventar Nepal,2003,8,22,Western Region,Nawalparasi,KAWASOTI,HEAVY RAINS,1,0,0,0,0,0,0,0.0,False,,,,,,,,,,,,,,,True,True,True,True
desinventar-7d6c8d2e-6c3f-4d4e-a963-cfc22a03eb50,UNDRR DesInventar Nepal,2003,8,22,Western Region,Nawalparasi,RAJAHAR,HEAVY RAINS,0,0,5,0,0,0,0,0.0,False,,,,,,,,,,,,,,,True,True,True,True
desinventar-12e0d8fe-e06f-4cd3-a6c0-c06562c50492,UNDRR DesInventar Nepal,2003,8,20,Western Region,Nawalparasi,DANDAJHERI,HEAVY RAINS,1,0,0,0,0,0,0,0.0,False,,,,,,,,,,,,,,,True,True,True,True
desinventar-c945a922-c1ff-4537-9d3c-06fb54c4fe10,UNDRR DesInventar Nepal,2003,8,15,Western Region,Kaski,NAMARJUNG,FLOOD,2,3,0,0,6,0,0,0.0,True,,,,,,,,,,,,,,,True,True,True,True
desinventar-ab32e03b-f02c-4d83-a5a4-2299b8bf791e,UNDRR DesInventar Nepal,2003,8,23,Central Region,Makwanpur,HETAUDA MUNICIPALITY,HEAVY RAINS,0,0,0,1242,0,0,0,0.0,False,,,,,,,,,,,,,,,True,True,True,True
desinventar-be82a738-1c7d-41a4-a4dc-8b1759e28b0c,UNDRR DesInventar Nepal,2002,9,5,Mid-Western Region,Salyan,SHIDHESWAR,HEAVY RAINS,0,0,0,6,1,0,0,0.0,False,,,,,,,,,,,,,,,True,True,True,True
desinventar-9734156c-7042-4925-a608-e20d7a5469c0,UNDRR DesInventar Nepal,2003,8,18,Central Region,Kathmandu,KATHMANDU METROPOLITAN CITY,HEAVY RAINS,2,0,0,0,0,0,0,0.0,False,,,,,,,,,,,,,,,True,True,True,True
desinventar-314a4889-fb70-4cb8-8423-8dd6fb013ee1,UNDRR DesInventar Nepal,2003,8,15,Central Region,Makwanpur,BASMADI,HEAVY RAINS,1,0,0,0,0,0,0,0.0,False,,,,,,,,,,,,,,,True,True,True,True
desinventar-d17717f7-62c2-4574-b13c-5724d710be05,UNDRR DesInventar Nepal,2003,8,18,Central Region,Bara,NIJGADH,HEAVY RAINS,0,0,0,30000,0,0,0,0.0,False,,,,,,,,,,,,,,,True,True,True,True
desinventar-9d3f4f7f-140b-48c0-88cb-9780b4f0ec3a,UNDRR DesInventar Nepal,2002,9,8,Far Western Region,Kanchanpur,MAHENDRA NAGAR N.P.,HEAVY RAINS,0,0,0,691,1,0,0,0.0,False,,,,,,,,,,,,,,,True,True,True,True
desinventar-404792ff-b0af-4a5d-bcbc-b9fb77213c69,UNDRR DesInventar Nepal,2003,8,18,Far Western Region,Kailali,TIKAPUR MUNICIPALITY,HEAVY RAINS,0,0,0,500,0,0,0,0.0,False,,,,,,,,,,,,,,,True,True,True,True
desinventar-2c478da5-c7f9-41a2-a794-7fa728416ef4,UNDRR DesInventar Nepal,2003,8,26,Mid-Western Region,Rukum,BAPHIKOT,HEAVY RAINS,0,0,0,270,19,0,0,0.0,True,,,,,,,,,,,,,,,True,True,True,True
desinventar-a8d04513-7b77-4fdf-9b6f-215919cbcbd3,UNDRR DesInventar Nepal,2003,8,29,Mid-Western Region,Humla,BARGAUN,HEAVY RAINS,1,0,0,0,0,0,0,0.0,False,,,,,,,,,,,,,,,True,True,True,True
desinventar-0e55d7d4-9910-4a96-a8a3-81d466f1302b,UNDRR DesInventar Nepal,2003,8,26,Mid-Western Region,Rukum,BAPHIKOT,HEAVY RAINS,0,0,0,800,0,0,0,0.0,False,,,,,,,,,,,,,,,True,True,True,True
desinventar-e274d493-2763-4549-b6f5-9a7395b3c6bf,UNDRR DesInventar Nepal,2003,8,18,Western Region,Nawalparasi,KAWASOTI,HEAVY RAINS,0,0,0,0,0,0,0,50.0,True,,,,,,,,,,,,,,,True,True,True,True
desinventar-436ddbdf-c69b-4816-b6c3-5fb5b619a8c2,UNDRR DesInventar Nepal,2003,8,18,Western Region,Gorkha,CHHOPRAK,HEAVY RAINS,1,0,0,0,0,0,0,0.0,False,,,,,,,,,,,,,,,True,True,True,True
desinventar-83a983d7-c3d6-4b17-88ff-d7e854aa5be0,UNDRR DesInventar Nepal,2003,8,26,Far Western Region,Kailali,DANSINHAPUR,HEAVY RAINS,0,0,0,70,13,0,0,0.0,False,,,,,,,,,,,,,,,True,True,True,True
desinventar-07575e59-d924-4cc4-933b-c0600b175c30,UNDRR DesInventar Nepal,2003,8,24,Far Western Region,Doti,DAUD,HEAVY RAINS,1,0,0,0,0,0,0,0.0,False,,,,,,,,,,,,,,,True,True,True,True
desinventar-3a945ccc-8b8a-4f84-93a9-a2b205c5e2ed,UNDRR DesInventar Nepal,2003,8,24,Far Western Region,Doti,BAJHAKAKANI,HEAVY RAINS,1,0,0,0,0,0,0,0.0,False,,,,,,,,,,,,,,,True,True,True,True
desinventar-3b1e8262-0b8a-4ee5-99bd-faacb2dbe13d,UNDRR DesInventar Nepal,2003,8,18,Far Western Region,Kailali,CHAUMALA,HEAVY RAINS,0,0,0,5400,100,0,0,0.0,False,,,,,,,,,,,,,,,True,True,True,True
desinventar-906c234f-9ce7-4e25-abd7-2087ecce54f6,UNDRR DesInventar Nepal,2003,8,26,Far Western Region,Kailali,DANSINHAPUR,HEAVY RAINS,0,0,0,225,29,0,0,0.0,False,,,,,,,,,,,,,,,True,True,True,True
desinventar-bdb777f0-7b2a-4b8b-a3bc-7d302266a128,UNDRR DesInventar Nepal,2003,8,28,Mid-Western Region,Jumla,UNKNOWN,HEAVY RAINS,0,0,0,0,0,0,0,0.0,True,,,,,,,,,,,,,,,True,True,True,True
desinventar-fd3c382b-4d75-4c7a-ab6a-d7fa29c13150,UNDRR DesInventar Nepal,2003,8,0,Mid-Western Region,Humla,THEHE,HEAVY RAINS,0,0,0,11,2,0,0,0.0,False,,,,,,,,,,,,,,,True,True,True,True
desinventar-374e5e3f-2367-4bda-a680-c37e01d21262,UNDRR DesInventar Nepal,2003,8,28,Mid-Western Region,Humla,SAYA,HEAVY RAINS,0,0,0,22,4,0,0,0.0,False,,,,,,,,,,,,,,,True,True,True,True
desinventar-ed74b269-a2da-4922-996c-b49cad19bb73,UNDRR DesInventar Nepal,2003,8,18,Western Region,Palpa,MADANPOKHARA,HEAVY RAINS,0,0,0,0,0,0,0,0.0,False,,,,,,,,,,,,,,,True,True,True,True
desinventar-1cbbe929-bcfc-4ac6-8929-6b5b9566d22f,UNDRR DesInventar Nepal,2003,8,30,Mid-Western Region,Rukum,BAPHIKOT,HEAVY RAINS,0,0,0,1000,0,0,0,0.0,False,,,,,,,,,,,,,,,True,True,True,True
desinventar-694b245d-1589-4dbc-9465-ef7640405901,UNDRR DesInventar Nepal,2003,8,17,Western Region,Nawalparasi,PITHAULI,HEAVY RAINS,0,0,0,0,0,0,56,0.0,False,,,,,,,,,,,,,,,True,True,True,True
desinventar-7653a9d2-6844-4bb3-bb03-8794f72fed6a,UNDRR DesInventar Nepal,2003,8,19,Far Western Region,Kailali,DANSINHAPUR,HEAVY RAINS,0,0,0,432,0,0,0,0.0,False,,,,,,,,,,,,,,,True,True,True,True
desinventar-c0b350f6-fb0c-4e7c-9709-4aab0ee7a0e4,UNDRR DesInventar Nepal,2003,8,18,Far Western Region,Kailali,DURGAULI,HEAVY RAINS,0,0,0,162,30,0,0,0.0,False,,,,,,,,,,,,,,,True,True,True,True
desinventar-a1527752-c676-49db-8dda-3bd0588b0ddc,UNDRR DesInventar Nepal,2003,8,19,Western Region,Nawalparasi,KAWASOTI,HEAVY RAINS,0,0,0,2786,0,0,0,50.0,True,,,,,,,,,,,,,,,True,True,True,True
desinventar-d35ce32a-3940-47c7-85b3-e87df0473290,UNDRR DesInventar Nepal,2003,8,19,Eastern Region,Udayapur,Trijuga Municipality,HEAVY RAINS,1,0,0,0,0,0,0,0.0,False,,,,,,,,,,,,,,,True,True,True,True
desinventar-947d4d5a-8190-4278-bba0-9707dcfc53f0,UNDRR DesInventar Nepal,2003,8,19,Far Western Region,Kanchanpur,DEKHATBHULI,HEAVY RAINS,0,0,0,0,0,0,0,0.0,False,,,,,,,,,,,,,,,True,True,True,True
desinventar-bc756b2b-9d4b-43f6-baa8-476f4d12e5ac,UNDRR DesInventar Nepal,2003,8,19,Central Region,Dhading,BAIRENI,HEAVY RAINS,0,1,0,0,0,0,0,0.0,False,,,,,,,,,,,,,,,True,True,True,True
desinventar-c34424bb-5036-4a60-abc1-67dc5f845b17,UNDRR DesInventar Nepal,2003,8,19,Mid-Western Region,Dang,TRIBHUVANNAGAR_MUNI.,HEAVY RAINS,0,0,0,42000,0,0,0,0.0,False,,,,,,,,,,,,,,,True,True,True,True
desinventar-e358d9c6-80ff-4474-9acc-a5fe06a2a7ff,UNDRR DesInventar Nepal,2003,8,20,Western Region,Rupandehi,BUTAWAL_NP,HEAVY RAINS,0,0,0,0,0,0,22,0.0,False,,,,,,,,,,,,,,,True,True,True,True
desinventar-57f50bb1-dae8-41ad-a208-e4f507f2be60,UNDRR DesInventar Nepal,2003,8,20,Western Region,Rupandehi,MAKRAHAR,HEAVY RAINS,0,0,0,410,0,0,0,0.0,False,,,,,,,,,,,,,,,True,True,True,True
desinventar-abf7522b-0fac-4f9d-a613-c0dff0b87585,UNDRR DesInventar Nepal,2003,8,21,Far Western Region,Kailali,DHANGADHI MUNICIPALITY,HEAVY RAINS,1,0,0,0,0,0,0,0.0,False,,,,,,,,,,,,,,,True,True,True,True
desinventar-b0434a9d-3dd4-4e3a-93bc-6c93efdc1dc1,UNDRR DesInventar Nepal,2003,8,21,Far Western Region,Kailali,DHANGADHI MUNICIPALITY,HEAVY RAINS,2,0,0,0,0,0,0,0.0,False,,,,,,,,,,,,,,,True,True,True,True
desinventar-3c8566a6-85a7-4d4a-bf11-4746f5f4a5a5,UNDRR DesInventar Nepal,2003,8,21,Central Region,Mahotari,Nainhi,HEAVY RAINS,1,0,0,0,0,0,0,0.0,False,,,,,,,,,,,,,,,True,True,True,True
desinventar-65443c38-0450-43e4-b1d7-371c896b8b42,UNDRR DesInventar Nepal,2003,8,21,Eastern Region,Udayapur,Rampur,HEAVY RAINS,1,0,0,0,0,0,0,0.0,False,,,,,,,,,,,,,,,True,True,True,True
desinventar-b06ed9db-deaf-48d5-9a33-bd13c357645c,UNDRR DesInventar Nepal,2003,8,21,Western Region,Palpa,RUPSE,HEAVY RAINS,1,0,0,0,0,0,0,0.0,False,,,,,,,,,,,,,,,True,True,True,True
desinventar-7dc401d2-789d-47fd-9592-967ecb3225f3,UNDRR DesInventar Nepal,2003,8,21,Mid-Western Region,Pyuthan,DHARMAWATI,HEAVY RAINS,0,0,0,0,0,0,10,0.0,False,,,,,,,,,,,,,,,True,True,True,True
desinventar-33a10215-bf18-47b7-a61c-220679c7f117,UNDRR DesInventar Nepal,1978,7,29,Mid-Western Region,Dang,SATBARIYA,HEAVY RAINS,0,0,0,0,28,0,126,0.0,False,,,,,,,,,,,,,,,True,True,True,True
desinventar-27f7b4c3-818f-463b-892c-f0ae9a0d1e6f,UNDRR DesInventar Nepal,2000,6,10,Mid-Western Region,Bardiya,UNKNOWN,HEAVY RAINS,0,0,0,0,250,0,0,0.0,False,,,,,,,,,,,,,,,True,True,True,True
desinventar-f9a4bb09-de45-4264-8e89-eda4b915023f,UNDRR DesInventar Nepal,2000,6,10,Mid-Western Region,Bardiya,KHAIRI CHANDANPUR,HEAVY RAINS,0,0,0,0,250,0,0,0.0,False,,,,,,,,,,,,,,,True,True,True,True
desinventar-edd9a3c4-67f8-4097-9589-b187c86dfe6f,UNDRR DesInventar Nepal,2000,6,10,Far Western Region,Kailali,NARAYANPUR,HEAVY RAINS,0,0,0,0,56,0,0,0.0,False,,,,,,,,,,,,,,,True,True,True,True
desinventar-223d2d9e-5cf8-4417-ac67-c94912b63b99,UNDRR DesInventar Nepal,2000,6,10,Far Western Region,Kailali,UNKNOWN,HEAVY RAINS,0,0,0,0,0,6,0,0.0,False,,,,,,,,,,,,,,,True,True,True,True
desinventar-a74607e8-a163-4e87-9bbf-4855f93da592,UNDRR DesInventar Nepal,2000,6,10,Far Western Region,Doti,SATJHERI,HEAVY RAINS,0,0,0,0,0,1,0,0.0,False,,,,,,,,,,,,,,,True,True,True,True
desinventar-fdb4e240-4f7f-468d-a002-39bf10c83cc5,UNDRR DesInventar Nepal,2000,6,10,Far Western Region,Doti,BARPATA,HEAVY RAINS,0,0,0,0,0,0,0,0.0,False,,,,,,,,,,,,,,,True,True,True,True
desinventar-b8c59712-b40a-468c-ab30-51a1e28c3920,UNDRR DesInventar Nepal,2000,6,10,Mid-Western Region,Humla,SIMIKOT,HEAVY RAINS,0,0,0,0,8,0,0,0.0,False,,,,,,,,,,,,,,,True,True,True,True
desinventar-f7b3c1b6-936d-4731-a49e-623887d13ba8,UNDRR DesInventar Nepal,2000,6,11,Far Western Region,Dadeldhura,AMARGADHI MUNICIPALI,HEAVY RAINS,0,0,0,0,7,0,0,0.0,False,,,,,,,,,,,,,,,True,True,True,True
desinventar-e1ae4373-dfcc-40a8-b8ce-4c987e364678,UNDRR DesInventar Nepal,2000,6,12,Mid-Western Region,Jumla,TAMTI,HEAVY RAINS,0,0,0,0,3,0,0,0.0,False,,,,,,,,,,,,,,,True,True,True,True
desinventar-6ba9fa7d-3f37-446d-8fbd-0e4c22cc6d0c,UNDRR DesInventar Nepal,2000,6,12,Mid-Western Region,Jumla,KUDARI,HEAVY RAINS,0,0,0,0,0,0,0,0.0,False,,,,,,,,,,,,,,,True,True,True,True
desinventar-6d0e0ee9-c215-4475-979c-811aed63948a,UNDRR DesInventar Nepal,2000,6,12,Mid-Western Region,Banke,UNKNOWN,HEAVY RAINS,0,0,0,0,142,0,0,0.0,False,,,,,,,,,,,,,,,True,True,True,True
desinventar-e5b1328c-0c37-4148-97ad-2abbe3680d37,UNDRR DesInventar Nepal,2000,6,20,Mid-Western Region,Pyuthan,KHAWANG,HEAVY RAINS,4,0,0,0,0,0,0,0.0,False,,,,,,,,,,,,,,,True,True,True,True
desinventar-9a62092b-ce3a-4b91-a6da-4719bf2c5c69,UNDRR DesInventar Nepal,2000,6,20,Eastern Region,Sankhuwasabha,UNKNOWN,HEAVY RAINS,5,0,0,0,0,0,0,0.0,False,,,,,,,,,,,,,,,True,True,True,True
desinventar-e6c983ad-fe8c-4f6b-aa40-cb282792127c,UNDRR DesInventar Nepal,2000,6,20,Far Western Region,Bajura,UNKNOWN,HEAVY RAINS,1,0,0,0,0,0,0,0.0,False,,,,,,,,,,,,,,,True,True,True,True
desinventar-1aac5cd8-851a-43af-88c5-1c23f4947741,UNDRR DesInventar Nepal,2000,6,20,Mid-Western Region,Jumla,UNKNOWN,HEAVY RAINS,1,0,0,0,0,0,0,0.0,False,,,,,,,,,,,,,,,True,True,True,True
desinventar-1975e61e-cfcb-4de0-90eb-5d320940fe3e,UNDRR DesInventar Nepal,2000,6,20,Far Western Region,Kailali,UNKNOWN,HEAVY RAINS,1,0,0,0,0,0,0,0.0,False,,,,,,,,,,,,,,,True,True,True,True
desinventar-83bd0cdc-02a1-4f81-a88e-38b2d462e54a,UNDRR DesInventar Nepal,2000,6,20,Central Region,Sindhuli,UNKNOWN,HEAVY RAINS,1,0,0,0,0,0,0,0.0,False,,,,,,,,,,,,,,,True,True,True,True
desinventar-e9cd1e11-c346-4897-ae59-52c8fca33596,UNDRR DesInventar Nepal,2000,6,22,Central Region,Dolakha,UNKNOWN,TECHNICAL FAILU,0,0,0,0,0,0,0,0.0,False,,,,,,,,,,,,,,,True,True,True,True
desinventar-9df9c117-df29-4aed-82e4-e9021938dee9,UNDRR DesInventar Nepal,2000,6,24,Mid-Western Region,Humla,KHAGALGAUN,HEAVY RAINS,1,0,0,0,0,0,0,0.0,False,,,,,,,,,,,,,,,True,True,True,True
desinventar-77e44139-ae4a-4ed6-9ea4-d2a2d13fb9cf,UNDRR DesInventar Nepal,2000,6,24,Central Region,Mahotari,UNKNOWN,HEAVY RAINS,0,0,0,0,17,0,0,0.0,False,,,,,,,,,,,,,,,True,True,True,True
desinventar-034e7206-c36b-4beb-86a1-7ab391af9e24,UNDRR DesInventar Nepal,2000,6,26,Central Region,Dhanusa,Janakpur Municipality,HEAVY RAINS,0,0,0,0,0,0,0,0.0,False,,,,,,,,,,,,,,,True,True,True,True
desinventar-5a89007b-38af-45d7-8203-dc9569d09d62,UNDRR DesInventar Nepal,2000,6,27,Mid-Western Region,Humla,SYADA,HEAVY RAINS,0,0,0,0,0,48,0,0.0,False,,,,,,,,,,,,,,,True,True,True,True
desinventar-ab28be15-35fd-41de-b060-a9bb25a8b2ee,UNDRR DesInventar Nepal,2000,6,27,Western Region,Tanahu,UNKNOWN,HEAVY RAINS,4,1,0,0,0,0,0,0.0,False,,,,,,,,,,,,,,,True,True,True,True
desinventar-52f39a50-ae27-4feb-8137-fec4f712ea63,UNDRR DesInventar Nepal,2000,6,27,Eastern Region,Morang,UNKNOWN,HEAVY RAINS,0,0,0,0,0,0,0,0.0,False,,,,,,,,,,,,,,,True,True,True,True
desinventar-d94f654d-1dd7-4cb4-bacd-7687234cec14,UNDRR DesInventar Nepal,2000,6,27,Central Region,Dhading,UNKNOWN,HEAVY RAINS,0,0,0,0,0,0,0,0.0,False,,,,,,,,,,,,,,,True,True,True,True
desinventar-cbf68724-fbfe-45b2-afaf-9517ae4ddb8e,UNDRR DesInventar Nepal,2000,6,28,Western Region,Lamjung,UNKNOWN,HEAVY RAINS,0,0,0,0,0,46,0,0.0,False,,,,,,,,,,,,,,,True,True,True,True
desinventar-2425e1d0-27e4-4d74-b208-7a0e860da5bf,UNDRR DesInventar Nepal,2000,6,29,Eastern Region,Morang,Biratnagar Municipality,HEAVY RAINS,0,0,0,0,0,0,0,0.0,False,,,,,,,,,,,,,,,True,True,True,True
desinventar-46f2bb3a-ce6f-4b2d-afb8-3e27c9dfdef8,UNDRR DesInventar Nepal,2000,7,6,Central Region,Makwanpur,UNKNOWN,HEAVY RAINS,0,0,0,0,0,0,0,0.0,False,,,,,,,,,,,,,,,True,True,True,True
desinventar-0bae27a0-1296-479d-981c-a717226a7eff,UNDRR DesInventar Nepal,2000,7,7,Western Region,Syangja,UNKNOWN,HEAVY RAINS,1,0,2,0,0,0,0,0.0,False,,,,,,,,,,,,,,,True,True,True,True
desinventar-c3a23764-00c3-4ae5-92cc-dec53fe9d2dc,UNDRR DesInventar Nepal,2000,7,8,Central Region,Mahotari,UNKNOWN,HEAVY RAINS,0,0,0,0,5,4,0,0.0,False,,,,,,,,,,,,,,,True,True,True,True
desinventar-095b9ccf-62a2-45f6-97a2-76190f155f47,UNDRR DesInventar Nepal,2000,7,20,Far Western Region,Bajura,UNKNOWN,HEAVY RAINS,1,0,0,0,0,0,0,0.0,False,,,,,,,,,,,,,,,True,True,True,True
desinventar-e83ee007-6144-4793-b8ed-faa23fc60928,UNDRR DesInventar Nepal,2000,7,25,Far Western Region,Bajura,UNKNOWN,HEAVY RAINS,2,0,0,0,0,0,0,0.0,False,,,,,,,,,,,,,,,True,True,True,True
desinventar-892a6f91-01be-48f2-8b3f-6733f8465d1c,UNDRR DesInventar Nepal,2000,8,3,Central Region,Mahotari,Mahotari,HEAVY RAINS,0,0,0,0,4,0,0,0.0,False,,,,,,,,,,,,,,,True,True,True,True
desinventar-afc41637-c54b-43c2-94aa-6d10dc66cb5e,UNDRR DesInventar Nepal,2000,8,4,Central Region,Makwanpur,UNKNOWN,HEAVY RAINS,2,0,0,0,0,0,0,0.0,False,,,,,,,,,,,,,,,True,True,True,True
desinventar-90034a42-3dd1-4a07-a2c0-98fead51f36e,UNDRR DesInventar Nepal,2000,8,4,Eastern Region,Udayapur,UNKNOWN,HEAVY RAINS,1,0,0,0,0,0,0,0.0,False,,,,,,,,,,,,,,,True,True,True,True
desinventar-a55081c8-c8f5-4792-9f61-09025a53b8bd,UNDRR DesInventar Nepal,2000,8,4,Eastern Region,Jhapa,UNKNOWN,HEAVY RAINS,2,0,0,0,0,0,0,0.0,False,,,,,,,,,,,,,,,True,True,True,True
desinventar-b7f789fe-4504-44f2-9395-ea7a4886dde4,UNDRR DesInventar Nepal,2000,8,4,Mid-Western Region,Humla,UNKNOWN,HEAVY RAINS,0,0,0,0,0,0,0,0.0,False,,,,,,,,,,,,,,,True,True,True,True
desinventar-4784d1d1-7321-43b2-a7b8-971265220987,UNDRR DesInventar Nepal,2000,8,5,Western Region,Nawalparasi,UNKNOWN,HEAVY RAINS,0,0,0,0,0,0,0,0.0,False,,,,,,,,,,,,,,,True,True,True,True
desinventar-61703f6d-492b-4224-85ef-0f9c9abc3295,UNDRR DesInventar Nepal,2000,8,5,Central Region,Bhaktapur,UNKNOWN,HEAVY RAINS,1,0,0,0,0,0,0,0.0,False,,,,,,,,,,,,,,,True,True,True,True
desinventar-6ef8be46-f0bb-4e95-9c3e-f697e0ee6fdb,UNDRR DesInventar Nepal,2000,8,6,Western Region,Lamjung,UNKNOWN,HEAVY RAINS,0,0,0,0,0,7,0,0.0,False,,,,,,,,,,,,,,,True,True,True,True
desinventar-56d91ef2-f2ea-4921-9cdf-a15bb5b34438,UNDRR DesInventar Nepal,2000,8,6,Mid-Western Region,Jumla,UNKNOWN,HEAVY RAINS,0,0,0,0,0,0,0,0.0,False,,,,,,,,,,,,,,,True,True,True,True
desinventar-1330bab4-2ce3-4651-bada-0209cca5e2c5,UNDRR DesInventar Nepal,2000,8,7,Central Region,Mahotari,UNKNOWN,HEAVY RAINS,0,0,0,0,0,0,0,0.0,False,,,,,,,,,,,,,,,True,True,True,True
desinventar-aefc2a91-db20-440c-b739-c04da6b81bdf,UNDRR DesInventar Nepal,2000,8,8,Central Region,Makwanpur,UNKNOWN,HEAVY RAINS,0,0,0,0,5,0,0,0.0,False,,,,,,,,,,,,,,,True,True,True,True
desinventar-437e3cab-fabc-42cc-a7dc-0e69c38d0656,UNDRR DesInventar Nepal,2000,8,10,Central Region,Sindhuli,UNKNOWN,HEAVY RAINS,0,0,0,0,0,0,0,0.0,False,,,,,,,,,,,,,,,True,True,True,True
desinventar-0418ac32-b922-4736-9add-2d4c3326da20,UNDRR DesInventar Nepal,2000,8,10,Central Region,Sindhuli,UNKNOWN,HEAVY RAINS,0,0,0,0,0,0,0,0.0,False,,,,,,,,,,,,,,,True,True,True,True
desinventar-30a3be2a-ce4d-465a-ad03-3625f115245e,UNDRR DesInventar Nepal,2000,8,10,Eastern Region,Morang,Biratnagar Municipality,HEAVY RAINS,0,0,2,0,0,0,0,0.0,False,,,,,,,,,,,,,,,True,True,True,True
desinventar-74cfe533-1bc7-4a93-9ab8-bad0cfed4892,UNDRR DesInventar Nepal,2000,8,10,Central Region,Kavre,BANEPA MUNICIPALITY,HEAVY RAINS,2,0,1,0,1,0,0,0.0,False,,,,,,,,,,,,,,,True,True,True,True
desinventar-bd1dfd71-731d-4098-9f20-2c3c186b18f7,UNDRR DesInventar Nepal,2000,8,10,Central Region,Parsa,Birgunj Municipality,HEAVY RAINS,0,0,0,0,0,48,0,0.0,False,,,,,,,,,,,,,,,True,True,True,True
desinventar-96c7a6b8-20b8-4a09-a85b-f187c00c3132,UNDRR DesInventar Nepal,2000,8,10,Central Region,Parsa,UNKNOWN,HEAVY RAINS,0,0,0,0,0,0,0,0.0,False,,,,,,,,,,,,,,,True,True,True,True
desinventar-bde86d9e-ed8e-4851-a8f4-ed174c65471f,UNDRR DesInventar Nepal,2000,8,10,Central Region,Parsa,UNKNOWN,HEAVY RAINS,0,0,0,0,0,0,0,0.0,False,,,,,,,,,,,,,,,True,True,True,True
desinventar-69dfb3bf-b7e5-45f0-ac93-9548a3bf075e,UNDRR DesInventar Nepal,2000,8,10,Central Region,Parsa,UNKNOWN,HEAVY RAINS,0,0,0,0,0,0,0,0.0,False,,,,,,,,,,,,,,,True,True,True,True
desinventar-41f4e54b-c276-4c91-961e-9e54d3bc031c,UNDRR DesInventar Nepal,2000,8,10,Eastern Region,Morang,Biratnagar Municipality,HEAVY RAINS,0,0,0,0,0,0,0,0.0,False,,,,,,,,,,,,,,,True,True,True,True
desinventar-c75d39c4-ae01-49f0-a13d-ae553f6d580a,UNDRR DesInventar Nepal,2000,8,10,Eastern Region,Morang,Govindapur,HEAVY RAINS,0,0,0,0,100,0,0,0.0,False,,,,,,,,,,,,,,,True,True,True,True
desinventar-5ac6c6b4-360c-47eb-a49a-dc730baacfdb,UNDRR DesInventar Nepal,2001,8,28,Western Region,Arghakanchi,KHAN,HEAVY RAINS,0,0,0,902,10,19,0,0.0,False,,,,,,,,,,,,,,,True,True,True,True
desinventar-d6e55cc5-8d19-4119-9b05-7d91306ca0df,UNDRR DesInventar Nepal,2000,8,11,Far Western Region,Dadeldhura,AMARGADHI MUNICIPALI,HEAVY RAINS,0,0,0,0,0,0,0,0.0,False,,,,,,,,,,,,,,,True,True,True,True
desinventar-6fc204f1-f488-4ea2-bfc6-3b8bfcd14995,UNDRR DesInventar Nepal,2000,8,12,Central Region,Sindhupalchoke,Chautara,HEAVY RAINS,0,0,0,0,0,0,0,0.0,False,,,,,,,,,,,,,,,True,True,True,True
desinventar-c176a30d-593e-4c55-90e7-7e412e7c77bc,UNDRR DesInventar Nepal,2000,8,14,Far Western Region,Kailali,SAHAJPUR,HEAVY RAINS,2,0,0,0,0,0,0,0.0,False,,,,,,,,,,,,,,,True,True,True,True
desinventar-b491510a-c118-4210-803d-dee9c80eb221,UNDRR DesInventar Nepal,2000,8,14,Central Region,Nuwakot,GANESHTHAN,HEAVY RAINS,2,0,0,0,0,0,0,0.0,False,,,,,,,,,,,,,,,True,True,True,True
desinventar-674c560e-1857-4df9-b996-5ad847e7b608,UNDRR DesInventar Nepal,2000,8,15,Eastern Region,Siraha,Malhaniya Gamhariya,HEAVY RAINS,0,0,0,0,0,0,0,0.0,False,,,,,,,,,,,,,,,True,True,True,True
desinventar-b4d04445-c525-4fb1-9ebe-d3924115a6d7,UNDRR DesInventar Nepal,2000,8,15,Eastern Region,Siraha,Auorahi,HEAVY RAINS,0,0,0,0,0,0,0,0.0,False,,,,,,,,,,,,,,,True,True,True,True
desinventar-22ca66ea-503d-4ba9-b0ca-70d088c81ea0,UNDRR DesInventar Nepal,2000,8,15,Eastern Region,Siraha,UNKNOWN,HEAVY RAINS,0,0,0,0,0,0,0,0.0,False,,,,,,,,,,,,,,,True,True,True,True
desinventar-ca0ef0a4-c0fa-4636-bfdd-893bbf3236e8,UNDRR DesInventar Nepal,2000,8,15,Eastern Region,Siraha,Itharwa,HEAVY RAINS,0,0,0,0,0,0,0,0.0,False,,,,,,,,,,,,,,,True,True,True,True
desinventar-14c0d05f-7892-4b75-9ed0-309738ec615d,UNDRR DesInventar Nepal,2000,8,15,Eastern Region,Siraha,Dhodhana,HEAVY RAINS,0,0,0,0,0,0,0,0.0,False,,,,,,,,,,,,,,,True,True,True,True
desinventar-e2a4059c-490d-4024-8abb-1ee61ae0126b,UNDRR DesInventar Nepal,2000,8,15,Eastern Region,Siraha,Dhodhana,HEAVY RAINS,0,0,0,0,0,0,0,0.0,False,,,,,,,,,,,,,,,True,True,True,True
desinventar-b19e5feb-a8c8-435b-b69d-97d2b0dfef8d,UNDRR DesInventar Nepal,2000,8,15,Central Region,Bhaktapur,BHAKTAPUR NP,HEAVY RAINS,0,0,0,0,30,0,0,0.0,False,,,,,,,,,,,,,,,True,True,True,True
desinventar-c0ee0a99-7e5d-4d61-a7be-77830eb67c75,UNDRR DesInventar Nepal,2000,8,15,Eastern Region,Siraha,UNKNOWN,HEAVY RAINS,0,1,0,0,0,0,0,0.0,False,,,,,,,,,,,,,,,True,True,True,True
desinventar-0d315617-f808-4c54-83b2-1448b0855942,UNDRR DesInventar Nepal,2000,8,15,Eastern Region,Jhapa,DANGIBARI,HEAVY RAINS,0,0,0,0,11,0,0,0.0,False,,,,,,,,,,,,,,,True,True,True,True
desinventar-6bea6559-6171-4c0e-b1ce-f6e7cb7434ce,UNDRR DesInventar Nepal,2000,8,15,Eastern Region,Saptari,RAJBIRAJ MUNICIPALITY,HEAVY RAINS,0,0,0,0,0,0,0,0.0,False,,,,,,,,,,,,,,,True,True,True,True
desinventar-c231922e-4a9e-432b-acf0-c38ba8be14a9,UNDRR DesInventar Nepal,2001,8,28,Western Region,Arghakanchi,MAREM,HEAVY RAINS,0,0,0,697,13,2,0,0.0,False,,,,,,,,,,,,,,,True,True,True,True
desinventar-d99615d9-6870-432e-becc-515c17f10ea5,UNDRR DesInventar Nepal,2001,8,28,Western Region,Arghakanchi,THULAPOKHARA,HEAVY RAINS,0,0,0,1388,17,30,0,0.0,False,,,,,,,,,,,,,,,True,True,True,True
desinventar-575e4f44-6992-4997-8fa8-152bf91ecee5,UNDRR DesInventar Nepal,2001,8,28,Western Region,Arghakanchi,PALI,HEAVY RAINS,0,0,0,76,2,1,0,0.0,False,,,,,,,,,,,,,,,True,True,True,True
desinventar-f9b1987b-19bd-4178-b9b7-f8082cdaa4fc,UNDRR DesInventar Nepal,2001,8,28,Western Region,Arghakanchi,SANDHIDHARKA,HEAVY RAINS,0,0,0,146,3,0,0,0.0,False,,,,,,,,,,,,,,,True,True,True,True
desinventar-f456d9fb-7bc7-4a8d-a341-b4f1192ce1e5,UNDRR DesInventar Nepal,2001,5,26,Mid-Western Region,Banke,RAJENA,HEAVY RAINS,1,0,0,5,1,0,0,0.0,False,,,,,,,,,,,,,,,True,True,True,True
desinventar-87b43770-4566-4a56-adee-59fb01387bdb,UNDRR DesInventar Nepal,2001,6,29,Far Western Region,Bajhang,Kotbhairab,HEAVY RAINS,0,0,0,5,1,0,0,0.0,False,,,,,,,,,,,,,,,True,True,True,True
desinventar-a6adf70d-79c8-4cb3-9f76-25c26c8b745a,UNDRR DesInventar Nepal,2001,7,28,Eastern Region,Bhojpur,KUDAK KAULE,HEAVY RAINS,0,0,0,16,0,0,0,0.0,False,,,,,,,,,,,,,,,True,True,True,True
desinventar-e0d7593e-c3f2-4a78-88f4-9926ce047492,UNDRR DesInventar Nepal,2001,8,12,Eastern Region,Bhojpur,KULUN,HEAVY RAINS,0,0,0,5,1,0,0,0.0,False,,,,,,,,,,,,,,,True,True,True,True
desinventar-20d23a23-6dd0-4f04-bc04-4de07ce2ae15,UNDRR DesInventar Nepal,2001,7,28,Central Region,Chitawan,MEGHAULI,HEAVY RAINS,0,0,0,103,19,0,0,0.0,False,,,,,,,,,,,,,,,True,True,True,True
desinventar-12673e76-ea18-483c-b518-802cba7e5454,UNDRR DesInventar Nepal,2001,7,28,Central Region,Chitawan,BAGHAUDA,HEAVY RAINS,0,0,0,200,37,0,0,0.0,False,,,,,,,,,,,,,,,True,True,True,True
desinventar-d2d868ef-79c4-4753-b652-729ae7b58adc,UNDRR DesInventar Nepal,2001,7,28,Central Region,Chitawan,KALYANPUR(MADI),HEAVY RAINS,0,0,0,184,13,0,0,0.0,False,,,,,,,,,,,,,,,True,True,True,True
desinventar-89847fa8-0fe0-450f-810d-ddfb14fa63d9,UNDRR DesInventar Nepal,2001,7,28,Central Region,Chitawan,KHAIRAHANI,HEAVY RAINS,0,0,0,0,0,0,0,0.0,False,,,,,,,,,,,,,,,True,True,True,True
desinventar-516ce3f1-dc24-406f-a256-49c2bdbef5c8,UNDRR DesInventar Nepal,2001,7,28,Central Region,Chitawan,BIRENDRA NAGAR,HEAVY RAINS,0,0,0,135,5,0,0,0.0,False,,,,,,,,,,,,,,,True,True,True,True
desinventar-ad2d12ee-506b-4b93-982f-2922385fc5f5,UNDRR DesInventar Nepal,2001,8,5,Central Region,Chitawan,AYODHYAPUR,HEAVY RAINS,0,0,0,43,4,0,0,0.0,False,,,,,,,,,,,,,,,True,True,True,True
desinventar-7f6a07e3-8a24-4e7f-85f6-751d54ac1e86,UNDRR DesInventar Nepal,2001,6,29,Central Region,Chitawan,BACHHEULI,HEAVY RAINS,1,0,0,5,0,0,0,0.0,False,,,,,,,,,,,,,,,True,True,True,True
desinventar-c076dd09-da1b-4f6d-b2ee-fe56f788b356,UNDRR DesInventar Nepal,2001,8,2,Central Region,Chitawan,DIVYA NAGAR,HEAVY RAINS,0,0,0,124,0,0,0,0.0,False,,,,,,,,,,,,,,,True,True,True,True
desinventar-321dbcc9-45fe-4066-acf5-69fd0007c16b,UNDRR DesInventar Nepal,2001,8,5,Central Region,Chitawan,CHAINPUR,HEAVY RAINS,0,0,0,254,0,0,0,0.0,False,,,,,,,,,,,,,,,True,True,True,True
desinventar-e86fcb0e-d7bf-444f-ad74-5616cb6323bd,UNDRR DesInventar Nepal,2001,8,9,Central Region,Chitawan,DARE CHOWK,HEAVY RAINS,0,0,0,38,8,0,0,0.0,False,,,,,,,,,,,,,,,True,True,True,True
desinventar-e8f40aa2-8c9b-4fe2-9b30-78ff2be6769f,UNDRR DesInventar Nepal,2001,8,9,Central Region,Chitawan,PATIHANI,HEAVY RAINS,0,0,0,43,4,0,0,0.0,False,,,,,,,,,,,,,,,True,True,True,True
desinventar-df090707-a242-4dc1-a9aa-6f33c9bf2266,UNDRR DesInventar Nepal,2001,8,9,Central Region,Chitawan,JAGATPUR,HEAVY RAINS,0,0,0,59,0,0,0,0.0,False,,,,,,,,,,,,,,,True,True,True,True
desinventar-0f961690-a9d6-4659-aede-c23584f41cfe,UNDRR DesInventar Nepal,2001,7,18,Far Western Region,Darchula,Malikarjun,HEAVY RAINS,0,0,0,27,5,0,0,0.0,False,,,,,,,,,,,,,,,True,True,True,True
desinventar-c699b6c4-c202-4b85-a08f-8ccc4adf3704,UNDRR DesInventar Nepal,2001,7,29,Far Western Region,Darchula,Pipalchauri,HEAVY RAINS,0,0,0,216,0,0,0,0.0,False,,,,,,,,,,,,,,,True,True,True,True
desinventar-c9b122b2-f17b-452b-b70d-7f6d4b99d892,UNDRR DesInventar Nepal,2001,8,22,Central Region,Dhanusa,Dhanushadham,HEAVY RAINS,0,0,0,0,0,0,0,0.0,False,,,,,,,,,,,,,,,True,True,True,True
desinventar-74a212c5-4913-4a0c-9a5e-50d6f1f9756a,UNDRR DesInventar Nepal,2001,8,21,Central Region,Dhanusa,Singyahi Madan,HEAVY RAINS,0,0,0,292,0,0,0,0.0,False,,,,,,,,,,,,,,,True,True,True,True
desinventar-bb13e152-7084-488b-8e4a-67bfe03aa655,UNDRR DesInventar Nepal,2001,8,23,Central Region,Dhanusa,UNKNOWN,HEAVY RAINS,0,0,0,0,0,0,0,0.0,False,,,,,,,,,,,,,,,True,True,True,True
desinventar-20b0eb58-3a34-4462-a536-2101b4497e12,UNDRR DesInventar Nepal,2001,8,24,Central Region,Dhanusa,Singyahi Madan,HEAVY RAINS,1,0,0,5,0,0,0,0.0,False,,,,,,,,,,,,,,,True,True,True,True
desinventar-6688fc18-70c3-4b18-ac34-ee098f41dcc1,UNDRR DesInventar Nepal,2001,9,30,Central Region,Dhanusa,Deuriparbaha,HEAVY RAINS,0,0,0,545,101,0,0,0.0,False,,,,,,,,,,,,,,,True,True,True,True
desinventar-ba550adc-11ab-40bc-bb16-2201ce43df89,UNDRR DesInventar Nepal,2001,9,30,Central Region,Dhanusa,Paudeswar,HEAVY RAINS,0,0,0,281,52,0,0,0.0,False,,,,,,,,,,,,,,,True,True,True,True
desinventar-709a6f3f-9b8a-434b-b9bc-205310de6b25,UNDRR DesInventar Nepal,2001,9,30,Central Region,Dhanusa,Lakhari,HEAVY RAINS,0,0,0,454,84,0,0,0.0,False,,,,,,,,,,,,,,,True,True,True,True
desinventar-8f00a4e2-a75b-4b19-b8da-78b580c15c70,UNDRR DesInventar Nepal,2001,10,3,Central Region,Dhanusa,Janakpur Municipality,HEAVY RAINS,0,0,0,227,42,0,0,0.0,False,,,,,,,,,,,,,,,True,True,True,True
desinventar-3d54f150-9b35-40fc-9e96-6fadb3897fdf,UNDRR DesInventar Nepal,2001,10,3,Central Region,Dhanusa,UNKNOWN,HEAVY RAINS,0,0,0,162,30,0,0,0.0,False,,,,,,,,,,,,,,,True,True,True,True
desinventar-fd43fceb-199f-4cb8-a747-80f9aa441efb,UNDRR DesInventar Nepal,2001,10,3,Central Region,Dhanusa,UNKNOWN,HEAVY RAINS,0,0,0,254,47,0,0,0.0,False,,,,,,,,,,,,,,,True,True,True,True
desinventar-a7582a8b-028b-4454-b105-0da43ecdc26b,UNDRR DesInventar Nepal,2001,9,30,Central Region,Dhanusa,Phulgama,HEAVY RAINS,0,0,0,346,0,0,0,0.0,False,,,,,,,,,,,,,,,True,True,True,True
desinventar-a9fb297d-88c8-4496-a9c3-d641aac0fcc8,UNDRR DesInventar Nepal,2001,10,5,Central Region,Dhanusa,Baheda Bela,HEAVY RAINS,0,0,0,265,0,0,0,0.0,False,,,,,,,,,,,,,,,True,True,True,True
desinventar-3e6979f4-9ab0-4ce1-be30-7f102de252ba,UNDRR DesInventar Nepal,2001,10,5,Central Region,Dhanusa,UNKNOWN,HEAVY RAINS,0,0,0,189,0,0,0,0.0,False,,,,,,,,,,,,,,,True,True,True,True
desinventar-ec5ea794-84aa-4c8b-bd2e-132c630757de,UNDRR DesInventar Nepal,2001,10,5,Central Region,Dhanusa,UNKNOWN,HEAVY RAINS,0,0,0,1496,0,0,0,0.0,False,,,,,,,,,,,,,,,True,True,True,True
desinventar-bae62031-6885-434c-8ea3-95abc0435264,UNDRR DesInventar Nepal,2001,10,5,Central Region,Dhanusa,Jhojhi Kataiya,HEAVY RAINS,0,0,0,801,0,0,0,0.0,False,,,,,,,,,,,,,,,True,True,True,True
desinventar-bfec095b-dc2a-4fa2-83c1-736dfedcba85,UNDRR DesInventar Nepal,2001,10,5,Central Region,Dhanusa,UNKNOWN,HEAVY RAINS,0,0,0,92,0,0,0,0.0,False,,,,,,,,,,,,,,,True,True,True,True
desinventar-f21e10bc-b325-4b59-b485-c8215e076e94,UNDRR DesInventar Nepal,2001,10,5,Central Region,Dhanusa,Baphai,HEAVY RAINS,0,0,0,59,0,0,0,0.0,False,,,,,,,,,,,,,,,True,True,True,True
desinventar-ba3318d6-9f5f-495c-8d6e-191a6bf24df4,UNDRR DesInventar Nepal,2001,10,5,Central Region,Dhanusa,Giddha,HEAVY RAINS,0,0,0,22,0,0,0,0.0,False,,,,,,,,,,,,,,,True,True,True,True
desinventar-335290bd-9906-4c1e-891f-e906ea39aab2,UNDRR DesInventar Nepal,2001,10,5,Central Region,Dhanusa,Ekrahi,HEAVY RAINS,0,0,0,27,0,0,0,0.0,False,,,,,,,,,,,,,,,True,True,True,True
desinventar-c79d4862-e67d-4dc4-98cd-ecb8279c91ed,UNDRR DesInventar Nepal,2001,10,5,Central Region,Dhanusa,Singyahi Madan,HEAVY RAINS,0,0,0,43,0,0,0,0.0,False,,,,,,,,,,,,,,,True,True,True,True
desinventar-40177e60-83c8-431f-8b96-5d6d9e54c93c,UNDRR DesInventar Nepal,2001,6,12,Mid-Western Region,Jajarkot,Jagatipur,HEAVY RAINS,0,0,0,227,4,0,0,0.0,False,,,,,,,,,,,,,,,True,True,True,True
desinventar-3d56f176-5fbd-4bf9-a5e9-c6e1d2bb4c24,UNDRR DesInventar Nepal,2001,7,30,Eastern Region,Jhapa,GHAILADUWA,HEAVY RAINS,0,0,0,270,0,0,0,0.0,False,,,,,,,,,,,,,,,True,True,True,True
desinventar-e742290f-026b-403d-aa5b-efca617eea8b,UNDRR DesInventar Nepal,2001,9,16,Eastern Region,Jhapa,SHARANMATI,HEAVY RAINS,0,0,0,173,0,0,0,0.0,False,,,,,,,,,,,,,,,True,True,True,True
desinventar-b005ffe6-a7e3-46a6-a030-bdbb1a6149c6,UNDRR DesInventar Nepal,2001,10,5,Eastern Region,Jhapa,KERABARI,HEAVY RAINS,1,0,0,27,5,0,0,0.0,False,,,,,,,,,,,,,,,True,True,True,True
desinventar-3195e853-89fa-48fa-ad1c-b04f32ce51be,UNDRR DesInventar Nepal,2001,6,17,Far Western Region,Kanchanpur,MAHENDRA NAGAR N.P.,HEAVY RAINS,0,0,0,5,1,0,0,0.0,False,,,,,,,,,,,,,,,True,True,True,True
desinventar-34261110-3dfa-4f8f-9597-09484f8a1a9b,UNDRR DesInventar Nepal,2001,8,12,Far Western Region,Kanchanpur,UNKNOWN,HEAVY RAINS,0,0,0,59,0,0,0,0.0,False,,,,,,,,,,,,,,,True,True,True,True
desinventar-7cf20fb4-4bd3-456b-8ada-409bc2dc2be8,UNDRR DesInventar Nepal,2001,8,19,Far Western Region,Kanchanpur,DEKHATBHULI,HEAVY RAINS,0,0,0,11,2,0,0,0.0,False,,,,,,,,,,,,,,,True,True,True,True
desinventar-9296f866-a7e0-4309-9f17-7af9507698d2,UNDRR DesInventar Nepal,2001,8,19,Far Western Region,Kanchanpur,DEKHATBHULI,HEAVY RAINS,0,0,0,119,1,21,0,0.0,False,,,,,,,,,,,,,,,True,True,True,True
desinventar-4e57b806-d748-4470-91c9-f70387bbcecb,UNDRR DesInventar Nepal,2001,8,24,Far Western Region,Kanchanpur,KRISHNAPUR,HEAVY RAINS,0,0,0,43,0,0,0,0.0,False,,,,,,,,,,,,,,,True,True,True,True
desinventar-b7555f2f-67cb-4a25-aeb7-4c59d7dd483a,UNDRR DesInventar Nepal,2001,8,21,Far Western Region,Kanchanpur,JHALARI,HEAVY RAINS,0,0,0,5,1,0,0,0.0,False,,,,,,,,,,,,,,,True,True,True,True
desinventar-fb956704-28da-4ff1-b17c-d799188a8583,UNDRR DesInventar Nepal,2001,8,21,Far Western Region,Kanchanpur,PIPALADI,HEAVY RAINS,0,0,0,65,1,11,0,0.0,False,,,,,,,,,,,,,,,True,True,True,True
desinventar-53757522-d4b3-4e26-872b-b0eaca809551,UNDRR DesInventar Nepal,2001,9,6,Far Western Region,Kanchanpur,CHANDANI,HEAVY RAINS,0,0,0,5,1,0,0,0.0,False,,,,,,,,,,,,,,,True,True,True,True
desinventar-b6de08a3-ecbe-4cd8-a7f6-20e4a7dc09c4,UNDRR DesInventar Nepal,2001,7,27,Central Region,Mahotari,Damhi Madai,HEAVY RAINS,0,0,0,0,0,0,0,0.0,False,,,,,,,,,,,,,,,True,True,True,True
desinventar-b05fd0a0-a334-4888-9eee-1ee36e040032,UNDRR DesInventar Nepal,2001,8,1,Central Region,Mahotari,Shreepur,HEAVY RAINS,0,0,0,27,5,0,0,0.0,False,,,,,,,,,,,,,,,True,True,True,True
desinventar-f2dbe11d-5150-4ffb-ac52-65ecda4e7bc7,UNDRR DesInventar Nepal,2001,8,1,Central Region,Mahotari,Sundarpur,HEAVY RAINS,0,0,0,243,45,0,0,0.0,False,,,,,,,,,,,,,,,True,True,True,True
desinventar-2afbcf0b-1d0b-4c70-93bc-8c87d8c57363,UNDRR DesInventar Nepal,2001,8,1,Central Region,Mahotari,Ankar,HEAVY RAINS,0,0,0,1517,0,281,0,0.0,False,,,,,,,,,,,,,,,True,True,True,True
desinventar-375105c8-592e-423e-966d-18116d962a19,UNDRR DesInventar Nepal,2001,8,1,Central Region,Mahotari,Bhatauliya,HEAVY RAINS,0,0,0,157,0,46,0,0.0,False,,,,,,,,,,,,,,,True,True,True,True
desinventar-02feba1f-b5c7-4a9e-97f1-5d39d732d96c,UNDRR DesInventar Nepal,2001,8,1,Central Region,Mahotari,Nainhi,HEAVY RAINS,0,0,0,1269,0,190,0,0.0,False,,,,,,,,,,,,,,,True,True,True,True
desinventar-dbf57454-22d5-4e65-ba68-2b24e8611eb8,UNDRR DesInventar Nepal,2001,7,29,Central Region,Makwanpur,SHRIPUR CHATIWAN,HEAVY RAINS,0,0,0,1134,0,0,0,0.0,False,,,,,,,,,,,,,,,True,True,True,True
desinventar-7da35104-582d-4dcd-b352-fdc9f79a6c27,UNDRR DesInventar Nepal,2001,7,27,Eastern Region,Morang,Keron,HEAVY RAINS,0,0,0,38,0,0,0,0.0,False,,,,,,,,,,,,,,,True,True,True,True
desinventar-b8f82808-252d-4a89-a867-119df8e79701,UNDRR DesInventar Nepal,2001,8,1,Eastern Region,Morang,Madhumalla,HEAVY RAINS,0,0,0,54,0,0,0,0.0,False,,,,,,,,,,,,,,,True,True,True,True
desinventar-eae960a4-132f-45a5-969f-4319707e99a2,UNDRR DesInventar Nepal,2001,8,1,Eastern Region,Morang,Urlabari,HEAVY RAINS,0,0,0,54,0,0,0,0.0,False,,,,,,,,,,,,,,,True,True,True,True
desinventar-6a35e6e5-e55d-42e9-a894-efbbf2a7085e,UNDRR DesInventar Nepal,2001,8,1,Eastern Region,Morang,Sundarpur,HEAVY RAINS,0,0,0,59,11,0,0,0.0,False,,,,,,,,,,,,,,,True,True,True,True
desinventar-a0f71c76-67c0-4daa-b5ec-2b8f70f7eb30,UNDRR DesInventar Nepal,2001,10,1,Eastern Region,Morang,Biratnagar Municipality,HEAVY RAINS,0,0,0,140,0,26,0,0.0,False,,,,,,,,,,,,,,,True,True,True,True
desinventar-23a4fa8d-2261-42e8-9942-85e3d28ebe23,UNDRR DesInventar Nepal,2001,7,29,Western Region,Nawalparasi,JAMUNIYA,HEAVY RAINS,0,1,0,367,68,0,0,0.0,False,,,,,,,,,,,,,,,True,True,True,True
desinventar-5a927f2e-b931-4fc5-b2fa-ec8ade7234c4,UNDRR DesInventar Nepal,2001,7,30,Western Region,Nawalparasi,UNKNOWN,HEAVY RAINS,0,0,0,0,0,0,0,0.0,False,,,,,,,,,,,,,,,True,True,True,True
desinventar-8c73a4e4-01b9-4842-842a-e372f7dcbae2,UNDRR DesInventar Nepal,2001,7,28,Western Region,Nawalparasi,SHIVAMANDIR,HEAVY RAINS,0,0,0,76,14,0,0,0.0,False,,,,,,,,,,,,,,,True,True,True,True
desinventar-1092c844-d9ad-4ea4-bf08-037705e8b470,UNDRR DesInventar Nepal,2001,7,28,Western Region,Nawalparasi,JAHADA,HEAVY RAINS,0,0,0,151,12,0,0,0.0,False,,,,,,,,,,,,,,,True,True,True,True
desinventar-d451e4cc-5f3b-4003-9894-28241b760841,UNDRR DesInventar Nepal,2001,8,23,Western Region,Nawalparasi,DIBYAPURI,HEAVY RAINS,1,0,2,162,4,0,0,0.0,False,,,,,,,,,,,,,,,True,True,True,True
desinventar-203ac3e5-5317-427b-ac40-1ba684a51181,UNDRR DesInventar Nepal,2001,8,19,Eastern Region,Okhaldhunga,MAMKHA,HEAVY RAINS,0,0,0,38,7,0,0,0.0,False,,,,,,,,,,,,,,,True,True,True,True
desinventar-74547445-b13b-4ea1-89b3-18c8ddb52dd0,UNDRR DesInventar Nepal,2001,7,31,Central Region,Parsa,Thori,HEAVY RAINS,1,0,0,119,18,0,0,0.0,False,,,,,,,,,,,,,,,True,True,True,True
desinventar-cbe1eda5-7fff-4540-a433-a9d86b88d6b5,UNDRR DesInventar Nepal,2001,7,27,Central Region,Parsa,Sabaithawa,HEAVY RAINS,1,0,0,86,16,0,0,0.0,False,,,,,,,,,,,,,,,True,True,True,True
desinventar-334ca905-5f98-491d-816e-60253db83206,UNDRR DesInventar Nepal,2001,7,27,Central Region,Parsa,Laharthakari,HEAVY RAINS,0,0,0,0,0,0,0,0.0,False,,,,,,,,,,,,,,,True,True,True,True
desinventar-50641133-3273-4f5a-aa14-1f22754252cc,UNDRR DesInventar Nepal,2001,7,30,Central Region,Parsa,Bagahi,HEAVY RAINS,1,0,0,5,0,0,0,0.0,False,,,,,,,,,,,,,,,True,True,True,True
desinventar-f9f569d9-de11-43a1-8609-caaddc6ce96f,UNDRR DesInventar Nepal,2001,7,30,Central Region,Parsa,Mahadevpatti,HEAVY RAINS,1,0,0,259,0,0,0,0.0,False,,,,,,,,,,,,,,,True,True,True,True
desinventar-d4db5915-0541-4b8e-8e65-4eac6a4f9ae9,UNDRR DesInventar Nepal,2001,7,10,Central Region,Rasuwa,Dhunche,HEAVY RAINS,0,0,0,0,0,0,0,0.0,False,,,,,,,,,,,,,,,True,True,True,True
desinventar-caaa5b35-5b74-4954-a625-41aa1812c4da,UNDRR DesInventar Nepal,2001,8,18,Central Region,Rautahat,BHALOHIYA,HEAVY RAINS,1,0,0,5,0,0,0,0.0,False,,,,,,,,,,,,,,,True,True,True,True
desinventar-a9e21342-6618-4cf9-84e4-f36382a3ca8f,UNDRR DesInventar Nepal,2001,8,26,Central Region,Rautahat,GAUR NP,HEAVY RAINS,1,0,0,5,0,1,0,0.0,False,,,,,,,,,,,,,,,True,True,True,True
desinventar-27ff3833-29b4-4de9-aca3-c3f088abe8e2,UNDRR DesInventar Nepal,2001,8,18,Central Region,Rautahat,PIPARIYA,HEAVY RAINS,1,0,0,5,0,0,0,0.0,False,,,,,,,,,,,,,,,True,True,True,True
desinventar-309aabec-41ff-4fca-8439-5f89d553bb1c,UNDRR DesInventar Nepal,2001,8,2,Western Region,Rupandehi,KAMHARIYA,HEAVY RAINS,1,1,2,5,0,0,0,0.0,False,,,,,,,,,,,,,,,True,True,True,True
desinventar-f4078f4d-4e06-452d-86b6-9993075f9868,UNDRR DesInventar Nepal,2001,7,30,Western Region,Rupandehi,MAJHAGAWA,HEAVY RAINS,0,0,0,5,1,0,0,0.0,False,,,,,,,,,,,,,,,True,True,True,True
desinventar-a5716501-9989-4bad-95f7-7bbb1a82aa83,UNDRR DesInventar Nepal,2001,8,20,Central Region,Sindhupalchoke,Nawalpur,HEAVY RAINS,0,0,0,38,2,2,0,0.0,False,,,,,,,,,,,,,,,True,True,True,True
desinventar-60fd1872-ce0c-4e3a-b85f-e2ddef8eb678,UNDRR DesInventar Nepal,2001,10,5,Eastern Region,Siraha,Auorahi,HEAVY RAINS,0,0,0,32,0,6,0,0.0,False,,,,,,,,,,,,,,,True,True,True,True
desinventar-712d52f0-c7a3-4df2-b9d5-c65870edfab3,UNDRR DesInventar Nepal,2001,10,5,Eastern Region,Siraha,Pipra,HEAVY RAINS,0,0,12,5,1,0,0,0.0,False,,,,,,,,,,,,,,,True,True,True,True
desinventar-c6aa3861-fc99-4c9f-b1af-b0f639a0833e,UNDRR DesInventar Nepal,2001,9,30,Eastern Region,Siraha,Bhagawanpur,HEAVY RAINS,0,0,0,351,65,0,0,0.0,False,,,,,,,,,,,,,,,True,True,True,True
desinventar-4d95160d-500b-4116-a3f7-683170100429,UNDRR DesInventar Nepal,2001,9,30,Eastern Region,Siraha,Bhagawatipur Ta. Su.,HEAVY RAINS,0,0,0,162,30,0,0,0.0,False,,,,,,,,,,,,,,,True,True,True,True
desinventar-fffc6dc5-e8b3-44f2-a551-c9979b676566,UNDRR DesInventar Nepal,2001,9,30,Eastern Region,Siraha,Naraha Rigaul,HEAVY RAINS,0,0,0,232,43,0,0,0.0,False,,,,,,,,,,,,,,,True,True,True,True
desinventar-15d14191-6247-47cc-8e96-06348ad8dfb6,UNDRR DesInventar Nepal,2001,9,30,Eastern Region,Siraha,Tenuwapatti,HEAVY RAINS,0,0,0,513,95,0,0,0.0,False,,,,,,,,,,,,,,,True,True,True,True
desinventar-a99db527-a7dd-472f-99fe-844319d5fdbf,UNDRR DesInventar Nepal,2001,9,30,Eastern Region,Siraha,UNKNOWN,HEAVY RAINS,0,0,0,216,40,0,0,0.0,False,,,,,,,,,,,,,,,True,True,True,True
desinventar-f9b967da-d1ca-4510-888b-9b7fc5c55933,UNDRR DesInventar Nepal,2001,9,30,Eastern Region,Siraha,Nawarajpur,HEAVY RAINS,0,0,0,1771,328,0,0,0.0,False,,,,,,,,,,,,,,,True,True,True,True
desinventar-9b41995b-dc88-4acf-abf6-871931502ed9,UNDRR DesInventar Nepal,2001,9,30,Eastern Region,Siraha,Mouwahi,HEAVY RAINS,0,0,0,632,117,0,0,0.0,False,,,,,,,,,,,,,,,True,True,True,True
desinventar-6b5e73a7-479f-49ed-90d9-f7373b62b997,UNDRR DesInventar Nepal,2001,9,30,Eastern Region,Siraha,Majhaira,HEAVY RAINS,0,0,0,1582,293,0,0,0.0,False,,,,,,,,,,,,,,,True,True,True,True
desinventar-fd2f6b88-54f0-45f4-ae82-8bfd04c47d21,UNDRR DesInventar Nepal,2001,9,30,Eastern Region,Siraha,Kachanari,HEAVY RAINS,0,0,0,1156,214,0,0,0.0,False,,,,,,,,,,,,,,,True,True,True,True
desinventar-532591d2-1c21-48ab-8cc3-2ecc4705c7a3,UNDRR DesInventar Nepal,2001,7,30,Central Region,Sarlahi,BRAMHAPURI,HEAVY RAINS,0,0,0,5,0,0,0,0.0,False,,,,,,,,,,,,,,,True,True,True,True
desinventar-5b39df9d-4fcd-4bff-a2d0-e770d4ab792e,UNDRR DesInventar Nepal,2001,7,30,Central Region,Sarlahi,PARSA,HEAVY RAINS,0,0,0,22,0,0,0,0.0,False,,,,,,,,,,,,,,,True,True,True,True
desinventar-77781391-32a8-4aec-8485-7b7f20561011,UNDRR DesInventar Nepal,2001,8,1,Central Region,Sarlahi,BELHI,HEAVY RAINS,0,0,0,0,0,0,0,0.0,False,,,,,,,,,,,,,,,True,True,True,True
desinventar-23a70174-4504-40ed-bf16-ec047c17ccfa,UNDRR DesInventar Nepal,2001,11,1,Central Region,Sarlahi,BELAWAJABDI,HEAVY RAINS,0,0,0,119,22,0,0,0.0,False,,,,,,,,,,,,,,,True,True,True,True
desinventar-93d5ece1-4413-4707-aff0-7444612aded0,UNDRR DesInventar Nepal,2001,9,28,Central Region,Sarlahi,KAIINJOR,HEAVY RAINS,0,0,0,38,7,0,0,0.0,False,,,,,,,,,,,,,,,True,True,True,True
desinventar-85c31a96-22d8-4aab-84be-c1f73fd71916,UNDRR DesInventar Nepal,2001,8,1,Eastern Region,Sunsari,Bakalauri,HEAVY RAINS,0,0,0,76,0,0,0,0.0,False,,,,,,,,,,,,,,,True,True,True,True
desinventar-3f8268dc-5062-47f7-8dfd-e6e72a16005f,UNDRR DesInventar Nepal,2001,8,0,Eastern Region,Sunsari,Bakalauri,HEAVY RAINS,0,0,0,146,27,0,0,0.0,False,,,,,,,,,,,,,,,True,True,True,True
desinventar-d3f9f0f9-0679-4d0f-acd1-3c4b3a5227f3,UNDRR DesInventar Nepal,2001,8,0,Eastern Region,Sunsari,Amaduwa,HEAVY RAINS,0,0,0,38,7,0,0,0.0,False,,,,,,,,,,,,,,,True,True,True,True
desinventar-6317bf4b-3660-4b96-b6fd-b48e12e419be,UNDRR DesInventar Nepal,1993,8,0,Central Region,Makwanpur,BASMADI,HEAVY RAINS,23,0,0,1152,29,54,0,0.0,False,,,,,,,,,,,,,,,True,True,True,True
desinventar-fff8eb8c-407e-45dc-8460-41592054fd54,UNDRR DesInventar Nepal,1993,7,0,Central Region,Makwanpur,PHAPARBARI,FLOOD,20,0,0,9779,104,29,0,0.0,False,,,,,,,,,,,,,,,True,True,True,True
desinventar-3225bb11-cd08-4dee-9723-31f14e59e31b,UNDRR DesInventar Nepal,1993,7,0,Central Region,Makwanpur,NAMTAR,HEAVY RAINS,6,0,0,3260,112,126,0,0.0,False,,,,,,,,,,,,,,,True,True,True,True
desinventar-b1d50ce6-b8ab-46e4-92e0-6b3480bfe68c,UNDRR DesInventar Nepal,1993,7,0,Central Region,Makwanpur,BETINI,HEAVY RAINS,3,0,0,1360,11,6,0,0.0,False,,,,,,,,,,,,,,,True,True,True,True
desinventar-16ee12d9-d637-4b9f-9f5d-7d2fefe50e04,UNDRR DesInventar Nepal,1993,7,0,Central Region,Makwanpur,SHRIPUR CHATIWAN,HEAVY RAINS,2,0,0,1010,15,4,0,0.0,False,,,,,,,,,,,,,,,True,True,True,True
desinventar-16defd37-6fff-4b69-b8b8-6d8a043ae601,UNDRR DesInventar Nepal,1993,7,0,Central Region,Makwanpur,SHIKHARPUR,HEAVY RAINS,2,0,0,1913,7,14,0,0.0,False,,,,,,,,,,,,,,,True,True,True,True
desinventar-d1c3e2eb-ca1e-4c57-ba31-6557d926cd5a,UNDRR DesInventar Nepal,1993,7,0,Central Region,Makwanpur,PHAKHEL,HEAVY RAINS,2,0,0,74,3,3,0,0.0,False,,,,,,,,,,,,,,,True,True,True,True
desinventar-04f6d884-b5f7-4392-a643-658deff5e09b,UNDRR DesInventar Nepal,1993,7,0,Central Region,Makwanpur,NIBUWATAR,HEAVY RAINS,1,0,0,979,39,48,0,0.0,False,,,,,,,,,,,,,,,True,True,True,True
desinventar-b036375d-23da-4883-a0a5-cfb39e97ea23,UNDRR DesInventar Nepal,1993,7,0,Central Region,Makwanpur,CHITLANG,HEAVY RAINS,1,0,0,3295,20,9,0,0.0,False,,,,,,,,,,,,,,,True,True,True,True
desinventar-fa4d9e3e-428a-4fed-ae23-c954f855f7a0,UNDRR DesInventar Nepal,1993,7,0,Central Region,Makwanpur,MANAHARI,HEAVY RAINS,1,0,0,2734,105,13,0,0.0,False,,,,,,,,,,,,,,,True,True,True,True
desinventar-ed016d58-dde8-486d-9125-8f19577014fa,UNDRR DesInventar Nepal,1993,7,0,Central Region,Makwanpur,AMBHANJYANG,HEAVY RAINS,0,0,0,2141,14,44,0,0.0,False,,,,,,,,,,,,,,,True,True,True,True
desinventar-81581929-44c8-435d-8413-ba6eaf4c6554,UNDRR DesInventar Nepal,1993,7,0,Central Region,Makwanpur,HADIKHOLA,HEAVY RAINS,0,0,0,1946,11,5,0,0.0,False,,,,,,,,,,,,,,,True,True,True,True
desinventar-aa3d98eb-6e07-4169-85c5-b143619e1d6a,UNDRR DesInventar Nepal,1993,7,0,Central Region,Makwanpur,HATIYA,HEAVY RAINS,0,0,0,446,0,6,0,0.0,False,,,,,,,,,,,,,,,True,True,True,True
desinventar-399464d5-9763-45eb-ae09-075187510f26,UNDRR DesInventar Nepal,1993,7,0,Central Region,Makwanpur,SUKAURA,HEAVY RAINS,0,0,0,2125,15,7,0,0.0,False,,,,,,,,,,,,,,,True,True,True,True
desinventar-5043271a-36c0-4bef-8186-f726e64387bc,UNDRR DesInventar Nepal,1993,7,0,Central Region,Makwanpur,DHIYAL,HEAVY RAINS,0,0,0,0,7,21,0,0.0,False,,,,,,,,,,,,,,,True,True,True,True
desinventar-08cee941-7996-4ada-a8e4-9ad01e9cdc82,UNDRR DesInventar Nepal,1993,7,0,Central Region,Makwanpur,HARNAMADI,HEAVY RAINS,0,0,0,108,0,0,0,0.0,False,,,,,,,,,,,,,,,True,True,True,True
desinventar-844483f8-f567-4ca9-bc17-e875eecd2540,UNDRR DesInventar Nepal,1993,7,0,Central Region,Makwanpur,PADAM POKHARI,HEAVY RAINS,0,0,0,54,0,0,0,0.0,False,,,,,,,,,,,,,,,True,True,True,True
desinventar-9133ef69-f619-47e4-a967-29e4ece15c3f,UNDRR DesInventar Nepal,1993,7,0,Central Region,Makwanpur,KOGATE,HEAVY RAINS,0,0,0,65,0,3,0,0.0,False,,,,,,,,,,,,,,,True,True,True,True
desinventar-ae09ebf0-42e7-46ad-8d7f-15f004568cf6,UNDRR DesInventar Nepal,1993,7,0,Central Region,Makwanpur,MANTHALI,HEAVY RAINS,0,0,0,685,15,3,0,0.0,False,,,,,,,,,,,,,,,True,True,True,True
desinventar-290d6b97-9f3b-40d2-b0de-a452e6087d5c,UNDRR DesInventar Nepal,1993,7,0,Central Region,Sarlahi,MURTIYA,HEAVY RAINS,79,0,0,2626,303,182,0,0.0,False,,,,,,,,,,,,,,,True,True,True,True
desinventar-bfcb1dde-691d-4917-81e9-e88d7576a13c,UNDRR DesInventar Nepal,1993,7,0,Central Region,Sarlahi,RAJGHAT,HEAVY RAINS,19,0,0,4444,258,710,0,0.0,False,,,,,,,,,,,,,,,True,True,True,True
desinventar-161837a0-d100-475d-8d68-1e2b205b60d0,UNDRR DesInventar Nepal,1993,7,0,Central Region,Sarlahi,HAJARIYA,HEAVY RAINS,16,0,0,6897,433,800,0,0.0,False,,,,,,,,,,,,,,,True,True,True,True
desinventar-061ae60a-bae2-4072-b15e-9ec046e45062,UNDRR DesInventar Nepal,1993,7,0,Central Region,Sarlahi,HATHIAUL,HEAVY RAINS,11,0,0,4433,558,340,0,0.0,False,,,,,,,,,,,,,,,True,True,True,True
desinventar-2bc91f98-97b6-451b-abc8-dc029d47309c,UNDRR DesInventar Nepal,1993,7,0,Central Region,Sarlahi,CHHOTAUL,HEAVY RAINS,10,0,0,2738,238,237,0,0.0,False,,,,,,,,,,,,,,,True,True,True,True
desinventar-bc63ef0b-0c06-4f49-acc3-d1f4d62d60c1,UNDRR DesInventar Nepal,1993,7,0,Central Region,Sarlahi,MANPUR,HEAVY RAINS,6,0,0,2665,448,26,0,0.0,False,,,,,,,,,,,,,,,True,True,True,True
desinventar-627d00d2-4470-4358-8bfe-0f52d5af0e88,UNDRR DesInventar Nepal,1993,7,0,Central Region,Sarlahi,NETRAGANJ,HEAVY RAINS,6,0,0,1171,174,14,0,0.0,False,,,,,,,,,,,,,,,True,True,True,True
desinventar-a9716274-f867-41f4-a2de-57bf8c5940e6,UNDRR DesInventar Nepal,1993,7,0,Central Region,Sarlahi,BALARA,HEAVY RAINS,6,0,0,5305,423,402,0,0.0,False,,,,,,,,,,,,,,,True,True,True,True
desinventar-ae9ccfd6-38bc-4221-8c3e-c066c309330d,UNDRR DesInventar Nepal,1993,7,0,Central Region,Sarlahi,GADHIYA,HEAVY RAINS,6,0,0,3471,117,530,0,0.0,False,,,,,,,,,,,,,,,True,True,True,True
desinventar-3755473c-da8a-4cd6-b5bc-feb995ebb78f,UNDRR DesInventar Nepal,1993,7,0,Central Region,Sarlahi,BHAWANIPUR,HEAVY RAINS,5,0,0,1056,114,51,0,0.0,False,,,,,,,,,,,,,,,True,True,True,True
desinventar-5296c5a4-79ca-4552-b4e5-a12e582e276c,UNDRR DesInventar Nepal,1993,7,0,Central Region,Sarlahi,DHUNGREKHOLA,HEAVY RAINS,3,0,0,179,9,4,0,0.0,False,,,,,,,,,,,,,,,True,True,True,True
desinventar-bbb45022-d95d-446f-ac2d-d43a9c501fe1,UNDRR DesInventar Nepal,2002,7,23,Western Region,Baglung,NARETHANTI,HEAVY RAINS,0,0,0,281,6,0,0,0.0,False,,,,,,,,,,,,,,,True,True,True,True
desinventar-133cae92-700e-490d-a722-ccd25303ea9e,UNDRR DesInventar Nepal,1993,7,0,Central Region,Sarlahi,DUMARIYA,HEAVY RAINS,3,0,0,1399,52,147,0,0.0,False,,,,,,,,,,,,,,,True,True,True,True
desinventar-1c96c15d-fa5f-4c6a-8df7-183acd3cc9d6,UNDRR DesInventar Nepal,1993,7,0,Central Region,Sarlahi,ACHALGADH,HEAVY RAINS,2,0,0,2259,74,273,0,0.0,False,,,,,,,,,,,,,,,True,True,True,True
desinventar-02d91692-ff9d-4001-84cc-1c78aecc75d2,UNDRR DesInventar Nepal,2002,7,20,Central Region,Bara,MANAHARWA,HEAVY RAINS,0,0,0,59,0,0,0,0.0,False,,,,,,,,,,,,,,,True,True,True,True
desinventar-b1891eb8-ab2b-4574-bbb2-423b6e05dd25,UNDRR DesInventar Nepal,1993,7,0,Central Region,Sarlahi,SHREEPUR,HEAVY RAINS,2,0,0,1711,69,238,0,0.0,False,,,,,,,,,,,,,,,True,True,True,True
desinventar-0d813f72-b138-473f-b8e0-7d06f24dc680,UNDRR DesInventar Nepal,2002,7,20,Central Region,Bara,NIJGADH,HEAVY RAINS,0,0,0,254,0,0,0,0.0,False,,,,,,,,,,,,,,,True,True,True,True
desinventar-bc7d9234-7237-47f4-a74e-ed98e7a77686,UNDRR DesInventar Nepal,1993,7,0,Central Region,Sarlahi,LAUKATH,HEAVY RAINS,2,0,0,2818,270,178,0,0.0,False,,,,,,,,,,,,,,,True,True,True,True
desinventar-14e20ec1-a665-4ade-938e-aaaefff08cad,UNDRR DesInventar Nepal,2002,7,20,Central Region,Bara,UNKNOWN,HEAVY RAINS,0,0,0,0,0,0,0,0.0,False,,,,,,,,,,,,,,,True,True,True,True
desinventar-4030c8e5-2146-45c2-8b1e-7f12f961a30e,UNDRR DesInventar Nepal,1993,7,0,Central Region,Sarlahi,JANAKINAGAR,HEAVY RAINS,2,0,0,859,122,17,0,0.0,False,,,,,,,,,,,,,,,True,True,True,True
desinventar-548577dd-0115-4686-8dd6-ffd85382febf,UNDRR DesInventar Nepal,2002,7,20,Central Region,Bara,BARAINIYA,HEAVY RAINS,0,0,0,0,0,0,0,0.0,False,,,,,,,,,,,,,,,True,True,True,True
desinventar-0c3bdd6f-3ac6-4451-be38-dcc2fdaaf1ee,UNDRR DesInventar Nepal,2002,7,24,Central Region,Bara,ITIYAHI,HEAVY RAINS,0,0,0,173,0,0,0,0.0,False,,,,,,,,,,,,,,,True,True,True,True
desinventar-ca41b3d9-b87b-4676-bbca-b6a42c2c5a26,UNDRR DesInventar Nepal,1993,7,0,Central Region,Sarlahi,MIRJAPUR,HEAVY RAINS,2,0,0,2520,407,141,0,0.0,False,,,,,,,,,,,,,,,True,True,True,True
desinventar-8144baec-a389-455a-95b8-fbaa1fdf7ed7,UNDRR DesInventar Nepal,1993,7,0,Central Region,Sarlahi,SUNDARPUR,HEAVY RAINS,2,0,0,3502,239,377,0,0.0,False,,,,,,,,,,,,,,,True,True,True,True
desinventar-b6549ed2-0dbe-422f-a653-618a2b60fbf5,UNDRR DesInventar Nepal,1993,7,0,Central Region,Sarlahi,ARNAHA,HEAVY RAINS,2,0,0,2226,235,156,0,0.0,False,,,,,,,,,,,,,,,True,True,True,True
desinventar-9b6588ff-72a1-45f4-9cf6-c5ab732965ec,UNDRR DesInventar Nepal,1993,7,0,Central Region,Sarlahi,SEKHUNA,HEAVY RAINS,2,0,0,807,26,104,0,0.0,False,,,,,,,,,,,,,,,True,True,True,True
desinventar-b4c33e05-cabf-4ce8-b98a-9127d7e39ab4,UNDRR DesInventar Nepal,1993,7,0,Central Region,Sarlahi,PIDARI,HEAVY RAINS,1,0,0,87,21,0,0,0.0,False,,,,,,,,,,,,,,,True,True,True,True
desinventar-39e6f5c3-ee73-431a-94ca-2f6166f7c589,UNDRR DesInventar Nepal,1993,7,0,Central Region,Sarlahi,SISAUT,HEAVY RAINS,1,0,0,2666,123,285,0,0.0,False,,,,,,,,,,,,,,,True,True,True,True
desinventar-e2eca37f-48a3-4c9c-87d4-af99529f66cc,UNDRR DesInventar Nepal,1993,7,0,Central Region,Sarlahi,KHAIRWA,HEAVY RAINS,1,0,0,961,16,238,0,0.0,False,,,,,,,,,,,,,,,True,True,True,True
desinventar-11f5ebf8-92d9-4e5d-918c-2e79888a83b1,UNDRR DesInventar Nepal,2002,7,27,Eastern Region,Bhojpur,PANCHA,HEAVY RAINS,0,0,0,5,1,0,0,0.0,False,,,,,,,,,,,,,,,True,True,True,True
desinventar-9dcf34fc-1637-42f8-9812-c033ba5d9fa6,UNDRR DesInventar Nepal,1993,7,0,Central Region,Sarlahi,MADHUBANI,HEAVY RAINS,1,0,0,975,58,144,0,0.0,False,,,,,,,,,,,,,,,True,True,True,True
desinventar-864ea986-8dc4-4748-927c-421913295652,UNDRR DesInventar Nepal,2002,7,22,Central Region,Chitawan,PATIHANI,HEAVY RAINS,0,0,3,302,39,0,0,0.0,False,,,,,,,,,,,,,,,True,True,True,True
desinventar-347ec5cc-ea97-4cfc-852e-252dc27b0607,UNDRR DesInventar Nepal,1993,7,0,Central Region,Sarlahi,SUDAMA,HEAVY RAINS,0,0,0,2892,67,363,0,0.0,False,,,,,,,,,,,,,,,True,True,True,True
desinventar-c7840622-4970-44ad-bbc8-b58c4742c1d5,UNDRR DesInventar Nepal,2002,7,22,Central Region,Chitawan,MEGHAULI,HEAVY RAINS,4,0,20,1069,198,0,0,0.0,False,,,,,,,,,,,,,,,True,True,True,True
desinventar-6c3eed6e-4a7d-42eb-9c2e-a62fe6cbe2c0,UNDRR DesInventar Nepal,2002,7,22,Central Region,Chitawan,BHANDARA,HEAVY RAINS,0,2,3,1080,120,0,0,0.0,False,,,,,,,,,,,,,,,True,True,True,True
desinventar-ce6add21-5d4d-481f-b694-478301695cb5,UNDRR DesInventar Nepal,2002,7,22,Central Region,Chitawan,JUTPANI,HEAVY RAINS,1,0,0,648,120,0,0,0.0,False,,,,,,,,,,,,,,,True,True,True,True
desinventar-c8352f57-fc6f-4551-817e-73d309f7301d,UNDRR DesInventar Nepal,1993,7,0,Central Region,Sarlahi,BELAWAJABDI,HEAVY RAINS,0,0,0,1322,181,128,0,0.0,False,,,,,,,,,,,,,,,True,True,True,True
desinventar-cb7812ad-790e-4327-a20b-312f41ba7493,UNDRR DesInventar Nepal,2002,7,22,Central Region,Chitawan,PITHUWA,HEAVY RAINS,0,0,1,211,0,0,0,0.0,False,,,,,,,,,,,,,,,True,True,True,True
desinventar-10a7f7b4-23e4-4bfd-abb6-f5cd5639b73e,UNDRR DesInventar Nepal,1993,7,0,Central Region,Sarlahi,KABILASI,HEAVY RAINS,0,0,0,78,14,2,0,0.0,False,,,,,,,,,,,,,,,True,True,True,True
desinventar-68c5aa05-aa49-4f93-ac48-37fa6ecfc532,UNDRR DesInventar Nepal,2002,7,22,Central Region,Chitawan,SHAKTIKHOR,HEAVY RAINS,0,0,0,621,35,0,0,0.0,False,,,,,,,,,,,,,,,True,True,True,True
desinventar-e593cb97-ca9c-4ecd-aceb-42f90408e604,UNDRR DesInventar Nepal,1993,7,0,Central Region,Sarlahi,SIMARA,HEAVY RAINS,0,0,0,86,15,9,0,0.0,False,,,,,,,,,,,,,,,True,True,True,True
desinventar-7c0da25d-57db-4320-81ec-e4480053f262,UNDRR DesInventar Nepal,2002,7,22,Central Region,Chitawan,CHAINPUR,HEAVY RAINS,0,0,0,243,45,0,0,0.0,False,,,,,,,,,,,,,,,True,True,True,True
desinventar-5cc3dfe5-c4f6-454b-aa26-3bf03a076d6d,UNDRR DesInventar Nepal,1993,7,0,Central Region,Sarlahi,CHHATAUNA,HEAVY RAINS,0,0,0,1892,207,106,0,0.0,False,,,,,,,,,,,,,,,True,True,True,True
desinventar-75e84a9d-9d0a-4518-9da7-53b0a480cab0,UNDRR DesInventar Nepal,2002,7,22,Central Region,Chitawan,LOTHAR,HEAVY RAINS,0,0,4,324,6,0,0,0.0,False,,,,,,,,,,,,,,,True,True,True,True
desinventar-5b859fbe-2f8c-41dc-b7a2-73e55fe369df,UNDRR DesInventar Nepal,1993,7,0,Central Region,Sarlahi,BARAUDHORANA,HEAVY RAINS,0,0,0,2827,203,292,0,0.0,False,,,,,,,,,,,,,,,True,True,True,True
desinventar-eec94b61-242d-470a-8e89-b488dd1e70c5,UNDRR DesInventar Nepal,2002,7,22,Central Region,Chitawan,LOTHAR,HEAVY RAINS,0,0,30,643,117,0,0,0.0,False,,,,,,,,,,,,,,,True,True,True,True
desinventar-07321df3-a6cc-4762-882c-eeb325f71471,UNDRR DesInventar Nepal,2002,7,22,Central Region,Chitawan,DARE CHOWK,HEAVY RAINS,0,0,0,97,18,0,0,0.0,False,,,,,,,,,,,,,,,True,True,True,True
desinventar-19142b70-2144-4d04-9d48-a95dfa13c342,UNDRR DesInventar Nepal,2002,7,22,Central Region,Chitawan,SHUKRA NAGAR,HEAVY RAINS,2,0,0,0,0,0,0,0.0,False,,,,,,,,,,,,,,,True,True,True,True
desinventar-1dd3cf7c-dbc6-4079-9274-dacaaf2faba6,UNDRR DesInventar Nepal,2002,7,22,Central Region,Chitawan,SHARDA NAGAR,HEAVY RAINS,1,0,0,0,0,0,0,0.0,False,,,,,,,,,,,,,,,True,True,True,True
desinventar-775c4cf2-88b2-4c29-bd9c-eae1b450d34f,UNDRR DesInventar Nepal,1993,7,0,Central Region,Sarlahi,SAKRAUL,HEAVY RAINS,0,0,0,193,2,31,0,0.0,False,,,,,,,,,,,,,,,True,True,True,True
desinventar-29bce7b4-b4bd-40b9-821b-750471f1d53b,UNDRR DesInventar Nepal,2002,7,22,Central Region,Chitawan,KUMROJ,HEAVY RAINS,3,0,0,0,0,0,0,0.0,False,,,,,,,,,,,,,,,True,True,True,True
desinventar-8a8cda7c-bb4b-4757-a23c-8a02f0bfb41a,UNDRR DesInventar Nepal,1993,7,0,Central Region,Sarlahi,MADHUBANGOTH,HEAVY RAINS,0,0,0,359,1,78,0,0.0,False,,,,,,,,,,,,,,,True,True,True,True
desinventar-c55d8efa-cd63-49df-bc18-5263749634ba,UNDRR DesInventar Nepal,2002,7,22,Mid-Western Region,Dailekh,BALUWATAR,HEAVY RAINS,0,0,0,92,9,0,0,0.0,False,,,,,,,,,,,,,,,True,True,True,True
desinventar-cca249b7-f668-4b42-8262-4a9be9582e5a,UNDRR DesInventar Nepal,2002,7,22,Mid-Western Region,Dailekh,TOLI,HEAVY RAINS,0,0,0,146,9,9,0,0.0,False,,,,,,,,,,,,,,,True,True,True,True
desinventar-1d09a877-751f-4425-be81-165adb25829c,UNDRR DesInventar Nepal,1993,7,0,Central Region,Sarlahi,BRAMHAPURI,HEAVY RAINS,0,0,0,115,9,14,0,0.0,False,,,,,,,,,,,,,,,True,True,True,True
desinventar-6ebd7175-24ed-44e4-bf0e-c5939359ac35,UNDRR DesInventar Nepal,2002,7,22,Mid-Western Region,Dailekh,KALIKA,HEAVY RAINS,0,0,0,119,4,0,0,0.0,False,,,,,,,,,,,,,,,True,True,True,True
desinventar-8e2cfa90-9f47-453a-9abb-aea6089788c5,UNDRR DesInventar Nepal,1993,7,0,Central Region,Sarlahi,JABDI,HEAVY RAINS,0,0,0,13,1,4,0,0.0,False,,,,,,,,,,,,,,,True,True,True,True
desinventar-366e95a6-fdcc-4680-bf94-e2f54dd5cedc,UNDRR DesInventar Nepal,2002,7,22,Mid-Western Region,Dailekh,NOMULE,HEAVY RAINS,0,0,0,113,13,2,0,0.0,False,,,,,,,,,,,,,,,True,True,True,True
desinventar-6b99bc64-f35a-47f0-92ee-6b2c76194e07,UNDRR DesInventar Nepal,1993,7,0,Central Region,Sarlahi,BELHI,HEAVY RAINS,0,0,0,307,25,54,0,0.0,False,,,,,,,,,,,,,,,True,True,True,True
desinventar-921f1613-8d83-4f36-aefa-785787d7e8a1,UNDRR DesInventar Nepal,2002,7,22,Mid-Western Region,Dailekh,ODHARI,HEAVY RAINS,0,0,0,65,4,0,0,0.0,False,,,,,,,,,,,,,,,True,True,True,True
desinventar-fa0ce6fd-eca6-4756-9e18-a585a8d65490,UNDRR DesInventar Nepal,1993,7,0,Central Region,Sarlahi,PARWANIPUR,HEAVY RAINS,0,0,0,153,14,6,0,0.0,False,,,,,,,,,,,,,,,True,True,True,True
desinventar-8158984a-d834-4771-8709-0439fde797cd,UNDRR DesInventar Nepal,1993,7,0,Central Region,Sarlahi,VELHI,HEAVY RAINS,0,0,0,23,0,3,0,0.0,False,,,,,,,,,,,,,,,True,True,True,True
desinventar-135a8709-08b6-400b-99f1-dde758c11670,UNDRR DesInventar Nepal,2002,7,22,Mid-Western Region,Dailekh,BINDHYBASINI,HEAVY RAINS,0,0,0,38,3,0,0,0.0,False,,,,,,,,,,,,,,,True,True,True,True
desinventar-cd8d6cd8-91d4-4f55-a156-16014f41d2be,UNDRR DesInventar Nepal,1993,7,0,Central Region,Sarlahi,MAHINATHPUR,HEAVY RAINS,0,0,0,1896,295,133,0,0.0,False,,,,,,,,,,,,,,,True,True,True,True
desinventar-3b3da3ed-ae2a-4696-b9b1-3205b6ecd643,UNDRR DesInventar Nepal,1993,7,0,Central Region,Sarlahi,KAIINJOR,HEAVY RAINS,0,0,0,35,7,1,0,0.0,False,,,,,,,,,,,,,,,True,True,True,True
desinventar-e45786f4-18e9-46ff-8f3a-bfc3127cd97d,UNDRR DesInventar Nepal,1993,7,0,Central Region,Sarlahi,TRIBHUWAN NAGAR,HEAVY RAINS,0,0,0,404,0,103,0,0.0,False,,,,,,,,,,,,,,,True,True,True,True
desinventar-eb2b5627-95ba-4e43-820d-d62e0ae23ae5,UNDRR DesInventar Nepal,1993,7,0,Central Region,Sarlahi,NARAYANKHOLA,HEAVY RAINS,0,0,0,182,29,2,0,0.0,False,,,,,,,,,,,,,,,True,True,True,True
desinventar-9968f54f-f2e1-4a0c-8b3d-dd7f9728d355,UNDRR DesInventar Nepal,1993,7,0,Central Region,Sarlahi,RAMNAGAR BHAHUARWA,HEAVY RAINS,0,0,0,1403,73,151,0,0.0,False,,,,,,,,,,,,,,,True,True,True,True
desinventar-6ca756df-65e8-495a-966f-ca03c62e4e06,UNDRR DesInventar Nepal,1993,7,0,Central Region,Sarlahi,BAHADURPUR,HEAVY RAINS,0,0,0,549,130,0,0,0.0,False,,,,,,,,,,,,,,,True,True,True,True
desinventar-73b0f224-4cc9-4de9-81e3-ec0e0fa6f51a,UNDRR DesInventar Nepal,1993,7,0,Central Region,Sarlahi,HARKATHAWA,HEAVY RAINS,0,0,0,3227,153,343,0,0.0,False,,,,,,,,,,,,,,,True,True,True,True
desinventar-87f49bca-fcb4-4ebb-921d-ddaa62711aad,UNDRR DesInventar Nepal,1993,7,0,Central Region,Sarlahi,PARARIYA,HEAVY RAINS,0,0,0,566,93,1,0,0.0,False,,,,,,,,,,,,,,,True,True,True,True
desinventar-e9903d27-885d-43b9-85ac-0c5e3fb9463c,UNDRR DesInventar Nepal,2002,7,21,Central Region,Dhanusa,Phulgama,HEAVY RAINS,0,0,0,54,10,0,0,0.0,False,,,,,,,,,,,,,,,True,True,True,True
desinventar-02a23b89-27db-42f6-890b-6ad4c06d4ea7,UNDRR DesInventar Nepal,2002,7,21,Central Region,Dhanusa,Chakkar,HEAVY RAINS,0,0,0,173,32,0,0,0.0,False,,,,,,,,,,,,,,,True,True,True,True
desinventar-fb284445-807e-47b6-8ba4-6836d26bafce,UNDRR DesInventar Nepal,2002,7,22,Central Region,Dhanusa,Dhanauji,HEAVY RAINS,0,0,0,356,66,0,0,0.0,False,,,,,,,,,,,,,,,True,True,True,True
desinventar-d3b97bce-d8c3-424f-8aa5-180bd5614003,UNDRR DesInventar Nepal,2002,7,22,Central Region,Dhanusa,Tulsi,HEAVY RAINS,0,0,0,49,9,0,0,0.0,False,,,,,,,,,,,,,,,True,True,True,True
desinventar-00478343-1160-4164-8f72-992d4469d042,UNDRR DesInventar Nepal,1993,7,0,Central Region,Rautahat,PAURAI,HEAVY RAINS,44,0,0,1144,181,0,0,0.0,False,,,,,,,,,,,,,,,True,True,True,True
desinventar-94526d6f-8235-447b-b974-47bed5b67c19,UNDRR DesInventar Nepal,2002,7,21,Central Region,Dhanusa,Andhupatti,HEAVY RAINS,0,0,0,470,87,0,0,0.0,False,,,,,,,,,,,,,,,True,True,True,True
desinventar-ef6444ae-6620-445d-95e4-e71cfffada46,UNDRR DesInventar Nepal,2002,7,21,Central Region,Dhanusa,Baheda Bela,HEAVY RAINS,0,0,0,616,114,0,0,0.0,False,,,,,,,,,,,,,,,True,True,True,True
desinventar-a8b4874a-7f17-4390-926d-e1ded3d00125,UNDRR DesInventar Nepal,1993,7,0,Central Region,Rautahat,DHARMAPUR,HEAVY RAINS,36,0,0,3235,547,158,0,0.0,False,,,,,,,,,,,,,,,True,True,True,True
desinventar-742bfc00-bb58-49ca-820e-00dde48bde95,UNDRR DesInventar Nepal,1993,7,0,Central Region,Rautahat,BADHARWA,HEAVY RAINS,8,0,0,3834,468,258,0,0.0,False,,,,,,,,,,,,,,,True,True,True,True
desinventar-0e64ae28-d0d5-41b5-bdb0-c4ec8d38479c,UNDRR DesInventar Nepal,2002,7,21,Central Region,Dhanusa,UNKNOWN,HEAVY RAINS,0,0,0,448,83,0,0,0.0,False,,,,,,,,,,,,,,,True,True,True,True
desinventar-7448299d-162c-4740-8c22-0f7803c188ba,UNDRR DesInventar Nepal,1993,7,0,Central Region,Rautahat,BASATPUR,HEAVY RAINS,8,0,0,4562,150,634,0,0.0,False,,,,,,,,,,,,,,,True,True,True,True
desinventar-dfba9c8f-2f72-4ee2-bdc0-7fb13daab5bb,UNDRR DesInventar Nepal,2002,7,21,Central Region,Dhanusa,Devpura Rupaitha,HEAVY RAINS,0,0,0,265,63,0,0,0.0,False,,,,,,,,,,,,,,,True,True,True,True
desinventar-3ee89d87-04a3-433e-bdcf-038c5f4e4050,UNDRR DesInventar Nepal,2002,7,21,Central Region,Dhanusa,Raghunathpur,HEAVY RAINS,0,0,0,378,70,0,0,0.0,False,,,,,,,,,,,,,,,True,True,True,True
desinventar-08ee6e3a-1fb0-4600-a8ee-1b78a7712e31,UNDRR DesInventar Nepal,2002,7,21,Central Region,Dhanusa,Deuriparbaha,HEAVY RAINS,0,0,0,896,166,0,0,0.0,False,,,,,,,,,,,,,,,True,True,True,True
desinventar-a7c50677-2b50-482d-a142-8450616c79e0,UNDRR DesInventar Nepal,2002,7,21,Central Region,Dhanusa,Nagarain,HEAVY RAINS,0,0,0,675,125,0,0,0.0,False,,,,,,,,,,,,,,,True,True,True,True
desinventar-f5d1e3af-08fd-430a-9a01-69c9c40e34b3,UNDRR DesInventar Nepal,2002,7,21,Central Region,Dhanusa,Singyahi Madan,HEAVY RAINS,0,0,0,686,127,0,0,0.0,False,,,,,,,,,,,,,,,True,True,True,True
desinventar-54f6d051-79a4-41ad-918e-113acbe7cc09,UNDRR DesInventar Nepal,2002,7,23,Central Region,Dhanusa,Aurahi,HEAVY RAINS,0,0,0,319,57,0,0,0.0,False,,,,,,,,,,,,,,,True,True,True,True
desinventar-bd504c6f-6447-4c49-92df-56e49245b633,UNDRR DesInventar Nepal,2002,7,21,Central Region,Dhanusa,Paudeswar,HEAVY RAINS,0,0,0,707,131,0,0,0.0,False,,,,,,,,,,,,,,,True,True,True,True
desinventar-5fa2dfa1-fe6e-4e66-bf76-9cfd84ebc408,UNDRR DesInventar Nepal,1993,7,0,Central Region,Rautahat,BRAMHAPURI,HEAVY RAINS,3,0,0,3464,34,584,0,0.0,False,,,,,,,,,,,,,,,True,True,True,True
desinventar-4b4b323d-3850-4fc4-a804-cf02aeca9fb4,UNDRR DesInventar Nepal,2002,7,21,Central Region,Dhanusa,Kanakpatti,HEAVY RAINS,0,0,0,713,132,0,0,0.0,False,,,,,,,,,,,,,,,True,True,True,True
desinventar-c057c0cb-f5da-4859-bab3-954ce6f39222,UNDRR DesInventar Nepal,1993,7,0,Central Region,Rautahat,KATAHARIYA (B),HEAVY RAINS,2,0,0,1016,1,2,0,0.0,False,,,,,,,,,,,,,,,True,True,True,True
desinventar-1622f2b7-d7ca-411f-96f4-2fa43d9c05db,UNDRR DesInventar Nepal,2002,7,21,Central Region,Dhanusa,Khajuri Chanha,HEAVY RAINS,0,0,0,103,19,0,0,0.0,False,,,,,,,,,,,,,,,True,True,True,True
desinventar-cf3a1596-9fdb-4627-b1b1-3ea5db7af22c,UNDRR DesInventar Nepal,2002,7,21,Central Region,Dhanusa,Enarwa,HEAVY RAINS,0,0,0,216,40,0,0,0.0,False,,,,,,,,,,,,,,,True,True,True,True
desinventar-1b4f4bae-5d6d-41a0-9508-23c416021707,UNDRR DesInventar Nepal,1993,7,0,Central Region,Rautahat,UNKNOWN,HEAVY RAINS,3,0,0,2381,141,286,0,0.0,False,,,,,,,,,,,,,,,True,True,True,True
desinventar-d571d15a-8454-4656-a0bf-9b50c63c6c7c,UNDRR DesInventar Nepal,1993,7,0,Central Region,Rautahat,PIPARA BHAGWANPUR,HEAVY RAINS,1,0,0,2192,27,95,0,0.0,False,,,,,,,,,,,,,,,True,True,True,True
desinventar-321592c0-ad20-405e-8b06-5c8db838d799,UNDRR DesInventar Nepal,1993,7,0,Central Region,Rautahat,RAMPUR KHAP,HEAVY RAINS,1,0,0,3066,45,158,0,0.0,False,,,,,,,,,,,,,,,True,True,True,True
desinventar-638c764a-37a4-47be-b931-b32de781da38,UNDRR DesInventar Nepal,1993,7,0,Central Region,Rautahat,MADANPUR,HEAVY RAINS,1,0,0,1617,8,72,0,0.0,False,,,,,,,,,,,,,,,True,True,True,True
desinventar-71eace59-b7f1-4356-83a5-ebca18980245,UNDRR DesInventar Nepal,1993,7,0,Central Region,Rautahat,RAJDEVI,HEAVY RAINS,1,0,0,1074,22,158,0,0.0,False,,,,,,,,,,,,,,,True,True,True,True
desinventar-6430ee29-6710-4567-b49f-b2b27c75e594,UNDRR DesInventar Nepal,1993,7,0,Central Region,Rautahat,LAKSMIPUR,HEAVY RAINS,0,0,0,2410,14,57,0,0.0,False,,,,,,,,,,,,,,,True,True,True,True
desinventar-f110b013-4a1c-40ef-ab10-01b557f2561f,UNDRR DesInventar Nepal,1993,7,0,Central Region,Rautahat,GAMHARIYA PARSA,HEAVY RAINS,0,0,0,2266,70,169,0,0.0,False,,,,,,,,,,,,,,,True,True,True,True
desinventar-36efeaef-0629-4986-9804-e701338e313a,UNDRR DesInventar Nepal,1993,7,0,Central Region,Rautahat,BHASERWA,HEAVY RAINS,0,0,0,551,0,74,0,0.0,False,,,,,,,,,,,,,,,True,True,True,True
desinventar-9929d2b8-5ee0-4779-bb41-da1ed1878c24,UNDRR DesInventar Nepal,1993,7,0,Central Region,Rautahat,UNKNOWN,HEAVY RAINS,0,0,0,2761,27,151,0,0.0,False,,,,,,,,,,,,,,,True,True,True,True
desinventar-bed4dd09-ca36-498d-b76f-793d258bcefd,UNDRR DesInventar Nepal,1993,7,0,Central Region,Rautahat,JATAHARA,HEAVY RAINS,0,0,0,3485,49,305,0,0.0,False,,,,,,,,,,,,,,,True,True,True,True
desinventar-471bae2a-2e30-4104-8247-f8256e8cee9e,UNDRR DesInventar Nepal,1993,7,0,Central Region,Rautahat,RAJPUR TULSI,HEAVY RAINS,0,0,0,2004,33,43,0,0.0,False,,,,,,,,,,,,,,,True,True,True,True
desinventar-598d5441-d1aa-446c-b2cf-43e7d6a14a8e,UNDRR DesInventar Nepal,1993,7,0,Central Region,Rautahat,DEWAHI,HEAVY RAINS,0,0,0,1743,0,90,0,0.0,False,,,,,,,,,,,,,,,True,True,True,True
desinventar-577aac7d-89fd-4ddf-b270-8695714e9504,UNDRR DesInventar Nepal,2002,7,21,Central Region,Dhanusa,Pra. Ko. Mahuwa,HEAVY RAINS,0,0,0,92,21,0,0,0.0,False,,,,,,,,,,,,,,,True,True,True,True
desinventar-31f93209-2f76-4112-9b22-fb681def1c5c,UNDRR DesInventar Nepal,2002,7,21,Central Region,Dhanusa,Balaha Kathal,HEAVY RAINS,0,0,0,130,24,0,0,0.0,False,,,,,,,,,,,,,,,True,True,True,True
desinventar-f2231294-9aca-43b9-bf54-01a5eb2b2a83,UNDRR DesInventar Nepal,1993,7,0,Central Region,Rautahat,KARUNIVA,HEAVY RAINS,0,0,0,2535,0,28,0,0.0,False,,,,,,,,,,,,,,,True,True,True,True
desinventar-bbf65732-5cb7-4f18-83fd-8110c661d814,UNDRR DesInventar Nepal,1993,7,0,Central Region,Rautahat,JETHARAHIYA,HEAVY RAINS,0,0,0,1861,0,1,0,0.0,False,,,,,,,,,,,,,,,True,True,True,True
desinventar-40230f1e-2e6f-4fcf-a482-6e2f7e448ea8,UNDRR DesInventar Nepal,2002,7,21,Central Region,Dhanusa,Pachaharwa,HEAVY RAINS,0,0,0,292,54,0,0,0.0,False,,,,,,,,,,,,,,,True,True,True,True
desinventar-15a25fd1-f5f4-469a-b830-5ac034a35f08,UNDRR DesInventar Nepal,1993,7,0,Central Region,Rautahat,BHEDIYAHI,HEAVY RAINS,0,0,0,2266,0,0,0,0.0,False,,,,,,,,,,,,,,,True,True,True,True
desinventar-9cfad06e-10bb-4bf8-a52d-24484525a738,UNDRR DesInventar Nepal,2002,7,21,Central Region,Dhanusa,Goth Koyalpur,HEAVY RAINS,0,0,0,270,12,0,0,0.0,False,,,,,,,,,,,,,,,True,True,True,True
desinventar-e52ea4e2-dedb-4a91-92b1-b82d39a2b991,UNDRR DesInventar Nepal,1993,7,0,Central Region,Rautahat,SARAUTHA,HEAVY RAINS,0,0,0,1692,0,12,0,0.0,False,,,,,,,,,,,,,,,True,True,True,True
desinventar-3fbaba1c-5c2f-4252-8270-b76b77f4d283,UNDRR DesInventar Nepal,2002,7,21,Central Region,Dhanusa,Chura Koyalpur,HEAVY RAINS,0,0,0,270,50,0,0,0.0,False,,,,,,,,,,,,,,,True,True,True,True
desinventar-e47f8d1e-584b-45e3-9796-ab1851d82b3a,UNDRR DesInventar Nepal,2002,7,21,Central Region,Dhanusa,Baphai,HEAVY RAINS,0,0,0,270,50,0,0,0.0,False,,,,,,,,,,,,,,,True,True,True,True
desinventar-b1922b10-0e2e-4560-93cc-57f77d36c4e5,UNDRR DesInventar Nepal,2002,9,3,Far Western Region,Doti,GHANGAL,HEAVY RAINS,0,0,0,32,6,0,0,0.0,False,,,,,,,,,,,,,,,True,True,True,True
desinventar-3bd76261-1bb0-4bc0-974b-74267b96c86b,UNDRR DesInventar Nepal,1993,7,0,Central Region,Rautahat,PHATUWA MAHESHPUR,HEAVY RAINS,0,0,0,3305,0,78,0,0.0,False,,,,,,,,,,,,,,,True,True,True,True
desinventar-7b53a56d-28c7-46f4-b9fd-efb1e71809a7,UNDRR DesInventar Nepal,1993,7,0,Central Region,Rautahat,PREMPUR GONAHI,HEAVY RAINS,0,0,0,649,0,3,0,0.0,False,,,,,,,,,,,,,,,True,True,True,True
desinventar-8021e878-96e3-4d7b-b340-f283143ba31a,UNDRR DesInventar Nepal,1993,7,0,Central Region,Rautahat,BASANTAPATTI,HEAVY RAINS,0,0,0,2180,0,16,0,0.0,False,,,,,,,,,,,,,,,True,True,True,True
desinventar-0f6b15dc-2898-418a-b84d-084e0e3a19b5,UNDRR DesInventar Nepal,1993,7,0,Central Region,Rautahat,TEJAPAKAD,HEAVY RAINS,0,0,0,2049,0,15,0,0.0,False,,,,,,,,,,,,,,,True,True,True,True
desinventar-4f53a160-266f-4ea7-85ba-4f69bdd4a1e8,UNDRR DesInventar Nepal,1993,7,0,Central Region,Rautahat,LAUKAHA,HEAVY RAINS,0,0,0,1417,0,21,0,0.0,False,,,,,,,,,,,,,,,True,True,True,True
desinventar-4399cd83-1370-45b8-a0a5-1c59217d19cd,UNDRR DesInventar Nepal,1993,7,0,Central Region,Rautahat,AKOLWA,HEAVY RAINS,0,0,0,270,0,10,0,0.0,False,,,,,,,,,,,,,,,True,True,True,True
desinventar-6ebb7a41-dcde-4654-9990-76889af7c170,UNDRR DesInventar Nepal,1993,7,0,Central Region,Rautahat,BAIRIYA,HEAVY RAINS,0,0,0,2952,0,41,0,0.0,False,,,,,,,,,,,,,,,True,True,True,True
desinventar-d316e2dc-79a3-4d52-83af-5f892ee0b070,UNDRR DesInventar Nepal,1993,7,0,Central Region,Rautahat,RAJPUR PHARHADAWA,HEAVY RAINS,0,0,0,1362,0,20,0,0.0,False,,,,,,,,,,,,,,,True,True,True,True
desinventar-d18776bc-03a6-4b95-9a73-9e939f16ad2a,UNDRR DesInventar Nepal,1993,7,0,Central Region,Rautahat,INARWARI,HEAVY RAINS,0,0,0,677,6,14,0,0.0,False,,,,,,,,,,,,,,,True,True,True,True
desinventar-438eae58-1a26-4f46-84e1-c80a9c716992,UNDRR DesInventar Nepal,1993,7,0,Central Region,Rautahat,AGAIBI,HEAVY RAINS,0,0,0,1360,0,25,0,0.0,False,,,,,,,,,,,,,,,True,True,True,True
desinventar-e97c1eb1-f57a-464e-81c9-e4238aa7f0e9,UNDRR DesInventar Nepal,1993,7,0,Central Region,Rautahat,JIGADAWA BELBICHHAWA,HEAVY RAINS,0,0,0,2802,0,29,0,0.0,False,,,,,,,,,,,,,,,True,True,True,True
desinventar-4a1d0bf3-2bc0-4d6b-b047-2417db1c60ff,UNDRR DesInventar Nepal,1993,7,0,Central Region,Rautahat,BHAWANIPUR,HEAVY RAINS,0,0,0,2956,0,36,0,0.0,False,,,,,,,,,,,,,,,True,True,True,True
desinventar-408b75ff-5ea1-42af-98c7-1df55f722849,UNDRR DesInventar Nepal,1993,7,0,Central Region,Rautahat,AURAIYA,HEAVY RAINS,0,0,0,1971,0,76,0,0.0,False,,,,,,,,,,,,,,,True,True,True,True
desinventar-5f535ef5-ccae-4c40-8da5-a6116f6b8450,UNDRR DesInventar Nepal,1993,7,0,Central Region,Rautahat,DUMARIYA,HEAVY RAINS,0,0,0,649,0,46,0,0.0,False,,,,,,,,,,,,,,,True,True,True,True
desinventar-b939df5a-7fc0-46d4-b9bd-cfc647e98c0d,UNDRR DesInventar Nepal,1993,7,0,Central Region,Rautahat,KANAKPUR,HEAVY RAINS,0,0,0,60,10,3,0,0.0,False,,,,,,,,,,,,,,,True,True,True,True
desinventar-06716e2d-29c7-41bc-92ab-ef01fd370fdb,UNDRR DesInventar Nepal,1993,7,0,Central Region,Rautahat,HAJMINIYA,HEAVY RAINS,0,0,0,2982,8,35,0,0.0,False,,,,,,,,,,,,,,,True,True,True,True
desinventar-71835971-b346-42cc-a6c9-03381c15777a,UNDRR DesInventar Nepal,1993,7,0,Central Region,Rautahat,BHALOHIYA,HEAVY RAINS,0,0,0,2859,11,179,0,0.0,False,,,,,,,,,,,,,,,True,True,True,True
desinventar-44eb974f-fa2e-42b6-b505-e87a850eef61,UNDRR DesInventar Nepal,1993,7,0,Central Region,Rautahat,KARKACH KARMAHIV,HEAVY RAINS,0,0,0,1583,60,57,0,0.0,False,,,,,,,,,,,,,,,True,True,True,True
desinventar-fb4dcb66-85f1-4b14-9c38-3db55c61007f,UNDRR DesInventar Nepal,1993,7,0,Central Region,Sindhuli,Kapilakot,HEAVY RAINS,10,0,0,3760,21,93,0,0.0,False,,,,,,,,,,,,,,,True,True,True,True
desinventar-1732793c-efd0-4f3d-8764-317c787837c7,UNDRR DesInventar Nepal,1993,7,0,Central Region,Sindhuli,UNKNOWN,HEAVY RAINS,8,0,0,1920,21,10,0,0.0,False,,,,,,,,,,,,,,,True,True,True,True
desinventar-87a439a5-4aff-4ac9-bb5a-f68fcc40e58e,UNDRR DesInventar Nepal,1993,7,0,Central Region,Sindhuli,Mahendrajhadi,HEAVY RAINS,6,0,0,2100,15,24,0,0.0,False,,,,,,,,,,,,,,,True,True,True,True
desinventar-70a47020-b985-4cdc-99eb-07e1b0e8215c,UNDRR DesInventar Nepal,1993,7,0,Central Region,Sindhuli,Kyaneswar,HEAVY RAINS,6,0,0,2100,31,15,0,0.0,False,,,,,,,,,,,,,,,True,True,True,True
desinventar-72f20114-084b-4500-906e-709cbdded423,UNDRR DesInventar Nepal,1993,7,0,Central Region,Sindhuli,Belghari,HEAVY RAINS,6,0,0,2040,4,45,0,0.0,False,,,,,,,,,,,,,,,True,True,True,True
desinventar-0ca03f0e-89ab-402a-870a-23be10e27686,UNDRR DesInventar Nepal,1993,7,0,Central Region,Sindhuli,Kalpabriksha,HEAVY RAINS,5,0,0,3810,55,72,0,0.0,False,,,,,,,,,,,,,,,True,True,True,True
desinventar-009e255b-03de-4d53-8a3f-3e86140d1c71,UNDRR DesInventar Nepal,1993,7,0,Central Region,Sindhuli,Ranichuri,HEAVY RAINS,3,0,0,805,53,44,0,0.0,False,,,,,,,,,,,,,,,True,True,True,True
desinventar-ec5870d6-1f17-47c1-aaa0-9e29facbbc66,UNDRR DesInventar Nepal,1993,7,0,Central Region,Sindhuli,Ambote,HEAVY RAINS,2,0,0,1512,22,26,0,0.0,False,,,,,,,,,,,,,,,True,True,True,True
desinventar-fc78f00d-8759-4285-a36d-03dce8097d29,UNDRR DesInventar Nepal,1993,7,0,Central Region,Sindhuli,UNKNOWN,HEAVY RAINS,1,0,0,3705,44,22,0,0.0,False,,,,,,,,,,,,,,,True,True,True,True
desinventar-73678e0f-ae3a-4390-9107-d3505de62839,UNDRR DesInventar Nepal,1993,7,0,Central Region,Sindhuli,Mahadev Danda,HEAVY RAINS,1,0,0,1635,5,72,0,0.0,False,,,,,,,,,,,,,,,True,True,True,True
desinventar-72f23681-e402-4de9-bac7-0ae994a53595,UNDRR DesInventar Nepal,1993,7,0,Central Region,Sindhuli,Shanteswari,HEAVY RAINS,1,0,0,1888,25,117,0,0.0,False,,,,,,,,,,,,,,,True,True,True,True
desinventar-fcc26497-c159-41fd-9500-174a801998f6,UNDRR DesInventar Nepal,1993,7,0,Central Region,Sindhuli,Swalpathana,HEAVY RAINS,1,0,0,1169,1,10,0,0.0,False,,,,,,,,,,,,,,,True,True,True,True
desinventar-a6d080a4-1366-41cb-9101-01f702399c56,UNDRR DesInventar Nepal,1993,7,0,Central Region,Sindhuli,Tinkanya,HEAVY RAINS,1,0,0,1467,43,6,0,0.0,False,,,,,,,,,,,,,,,True,True,True,True
desinventar-6cdf07ee-621c-43f0-be6c-f7764a730811,UNDRR DesInventar Nepal,1993,7,0,Central Region,Sindhuli,UNKNOWN,HEAVY RAINS,1,0,0,870,11,20,0,0.0,False,,,,,,,,,,,,,,,True,True,True,True
desinventar-d6512883-4854-4806-8f0f-0724301e1523,UNDRR DesInventar Nepal,1993,7,0,Central Region,Sindhuli,Bhimsthan,HEAVY RAINS,1,0,0,1261,7,64,0,0.0,False,,,,,,,,,,,,,,,True,True,True,True
desinventar-82b56d52-8df4-40e6-bb84-16e45618aafc,UNDRR DesInventar Nepal,1993,7,0,Central Region,Sindhuli,Ratnawati,HEAVY RAINS,0,0,0,1252,5,17,0,0.0,False,,,,,,,,,,,,,,,True,True,True,True
desinventar-4b3c7dbf-8552-47b6-9412-96a36b9fc3d6,UNDRR DesInventar Nepal,1993,7,0,Central Region,Sindhuli,Sirthauli,HEAVY RAINS,0,0,0,3190,27,10,0,0.0,False,,,,,,,,,,,,,,,True,True,True,True
desinventar-092bb418-82f2-4143-a423-f661686fbd39,UNDRR DesInventar Nepal,1993,7,0,Central Region,Sindhuli,Pipalmadhi,HEAVY RAINS,0,0,0,1326,15,9,0,0.0,False,,,,,,,,,,,,,,,True,True,True,True
desinventar-636f593a-2fc8-4dee-9583-7d014dcdccf8,UNDRR DesInventar Nepal,1993,6,0,Central Region,Sindhuli,Bastipur,HEAVY RAINS,0,0,0,1330,58,30,0,0.0,False,,,,,,,,,,,,,,,True,True,True,True
desinventar-848a1966-561d-4f8c-b877-72e4c8e793b9,UNDRR DesInventar Nepal,1993,7,0,Central Region,Sindhuli,Ranibas,HEAVY RAINS,0,0,0,1765,4,19,0,0.0,False,,,,,,,,,,,,,,,True,True,True,True
desinventar-96dba874-cb81-4851-8394-03f833cff5ff,UNDRR DesInventar Nepal,1993,7,0,Central Region,Sindhuli,UNKNOWN,HEAVY RAINS,0,0,0,870,32,30,0,0.0,False,,,,,,,,,,,,,,,True,True,True,True
desinventar-46da0723-fbeb-4804-a9f2-d185b036ae20,UNDRR DesInventar Nepal,1993,7,0,Central Region,Sindhuli,Ratanchura,HEAVY RAINS,0,0,0,1360,48,29,0,0.0,False,,,,,,,,,,,,,,,True,True,True,True
desinventar-c0275781-a8d7-4fab-94c0-6f696929c67f,UNDRR DesInventar Nepal,1993,7,0,Central Region,Sindhuli,Balajor,HEAVY RAINS,0,0,0,1025,4,24,0,0.0,False,,,,,,,,,,,,,,,True,True,True,True
desinventar-b70d8ea8-09b3-4f08-ab73-53e07b3fd6f9,UNDRR DesInventar Nepal,1993,7,0,Central Region,Sindhuli,Netrakali,HEAVY RAINS,0,0,0,1320,88,19,0,0.0,False,,,,,,,,,,,,,,,True,True,True,True
desinventar-7ae1d6dd-9a7b-4b52-b00e-2a4e0211822a,UNDRR DesInventar Nepal,1993,7,0,Central Region,Sindhuli,Bhadrakali,HEAVY RAINS,0,0,0,1500,52,76,0,0.0,False,,,,,,,,,,,,,,,True,True,True,True
desinventar-c5f4cd01-a3af-4a4c-ad86-04c854816f4a,UNDRR DesInventar Nepal,1993,7,0,Central Region,Sindhuli,Shitalpati,HEAVY RAINS,0,0,0,1732,20,2,0,0.0,False,,,,,,,,,,,,,,,True,True,True,True
desinventar-3ba6646f-7126-4d1c-93be-8ecf7c235443,UNDRR DesInventar Nepal,1993,7,0,Central Region,Sindhuli,Bahun Tilpung,HEAVY RAINS,0,0,0,1150,0,10,0,0.0,False,,,,,,,,,,,,,,,True,True,True,True
desinventar-31780e91-efbb-49a4-9fe8-528727acf295,UNDRR DesInventar Nepal,1993,7,0,Central Region,Sindhuli,Tamajor,HEAVY RAINS,0,0,0,1730,62,21,0,0.0,False,,,,,,,,,,,,,,,True,True,True,True
desinventar-2e760a7e-fe48-433d-8861-4fa58fb600d5,UNDRR DesInventar Nepal,1993,7,0,Central Region,Sindhuli,Tandi,HEAVY RAINS,0,0,0,2235,33,21,0,0.0,False,,,,,,,,,,,,,,,True,True,True,True
desinventar-a834f63b-9633-4e1d-ab9c-126c4d8a48e4,UNDRR DesInventar Nepal,1993,7,0,Central Region,Sindhuli,Arunthakur,HEAVY RAINS,0,0,0,310,12,50,0,0.0,False,,,,,,,,,,,,,,,True,True,True,True
desinventar-0f3bbd7b-8a24-40d1-a09a-c5af468d6e10,UNDRR DesInventar Nepal,1993,7,0,Central Region,Sindhuli,Toshramkhola,HEAVY RAINS,0,0,0,94,0,0,0,0.0,False,,,,,,,,,,,,,,,True,True,True,True
desinventar-50c49a79-8af3-45a9-b22c-100440e1e3a0,UNDRR DesInventar Nepal,1993,7,0,Central Region,Sindhuli,UNKNOWN,HEAVY RAINS,0,0,0,2107,45,37,0,0.0,False,,,,,,,,,,,,,,,True,True,True,True
desinventar-f2f81493-3bb9-4c3f-9471-df4193f7c2b4,UNDRR DesInventar Nepal,1993,7,0,Central Region,Sindhuli,Nipane,HEAVY RAINS,0,0,0,1125,8,29,0,0.0,False,,,,,,,,,,,,,,,True,True,True,True
desinventar-151ff2ce-afe4-4358-b048-a96f7f2bc3ce,UNDRR DesInventar Nepal,1993,7,0,Central Region,Sindhuli,Hariharpur Gadhi,HEAVY RAINS,0,0,0,885,14,15,0,0.0,False,,,,,,,,,,,,,,,True,True,True,True
desinventar-322d5bbc-1c5f-4df3-b0e3-320e4d0478d7,UNDRR DesInventar Nepal,1993,7,0,Central Region,Sindhuli,Majhuwa,HEAVY RAINS,0,0,0,360,15,10,0,0.0,False,,,,,,,,,,,,,,,True,True,True,True
desinventar-8bc93659-746c-4b08-9230-fab1f297345f,UNDRR DesInventar Nepal,1993,7,0,Central Region,Sindhuli,Dund Bhanjyang,HEAVY RAINS,0,0,0,584,1,10,0,0.0,False,,,,,,,,,,,,,,,True,True,True,True
desinventar-d66e5f9d-c87a-4eed-b0c9-7f2b6af5ca14,UNDRR DesInventar Nepal,1993,7,0,Central Region,Sindhuli,Dandi Gurase,HEAVY RAINS,0,0,0,1945,20,33,0,0.0,False,,,,,,,,,,,,,,,True,True,True,True
desinventar-aa1c24f3-2ad3-4bac-9ddd-64c03d1774fc,UNDRR DesInventar Nepal,1993,7,0,Central Region,Sindhuli,Jalkanya,HEAVY RAINS,0,0,0,638,25,11,0,0.0,False,,,,,,,,,,,,,,,True,True,True,True
desinventar-c9caa448-f0e3-4b60-aa6c-4c9b58a76a6b,UNDRR DesInventar Nepal,1993,7,0,Central Region,Sindhuli,Jarayotar,HEAVY RAINS,0,0,0,895,5,45,0,0.0,False,,,,,,,,,,,,,,,True,True,True,True
desinventar-7d14d867-f185-44ba-a29b-2d4b948f7539,UNDRR DesInventar Nepal,1993,7,0,Central Region,Sindhuli,Dudhauli,HEAVY RAINS,0,0,0,2470,14,24,0,0.0,False,,,,,,,,,,,,,,,True,True,True,True
desinventar-b7f12f9c-309d-445e-a159-ba8fa39ba9a0,UNDRR DesInventar Nepal,1993,7,0,Central Region,Sindhuli,Jhangajholi Ratomato,HEAVY RAINS,0,0,0,2860,48,11,0,0.0,False,,,,,,,,,,,,,,,True,True,True,True
desinventar-4ada58be-93f8-4a50-959a-c0f6d38eea7b,UNDRR DesInventar Nepal,1993,7,0,Central Region,Sindhuli,Jinakhu,HEAVY RAINS,0,0,0,295,15,44,0,0.0,False,,,,,,,,,,,,,,,True,True,True,True
desinventar-b66e7e6d-0f43-43cf-b078-e6b4aae2a890,UNDRR DesInventar Nepal,1993,7,0,Central Region,Sindhuli,Kakurthakur,HEAVY RAINS,0,0,0,1030,3,5,0,0.0,False,,,,,,,,,,,,,,,True,True,True,True
desinventar-2d9e70bb-7c3d-4507-a925-a412a19a1409,UNDRR DesInventar Nepal,1993,7,0,Central Region,Sindhuli,Harshahi,HEAVY RAINS,0,0,0,2224,3,6,0,0.0,False,,,,,,,,,,,,,,,True,True,True,True
desinventar-aea34c07-d092-4f06-ad74-37cac50287a1,UNDRR DesInventar Nepal,1993,7,0,Central Region,Sindhuli,Bhimeshwar Khurkot,HEAVY RAINS,0,0,0,990,17,10,0,0.0,False,,,,,,,,,,,,,,,True,True,True,True
desinventar-78d7e4db-9112-445a-8c2a-1b04f4f1b995,UNDRR DesInventar Nepal,1993,7,0,Central Region,Sindhuli,Khansang,HEAVY RAINS,0,0,0,430,1,13,0,0.0,False,,,,,,,,,,,,,,,True,True,True,True
desinventar-d7afe58d-5617-4809-8b13-526e124d88ff,UNDRR DesInventar Nepal,1993,7,0,Central Region,Sindhuli,Amale,HEAVY RAINS,0,0,0,1120,28,35,0,0.0,False,,,,,,,,,,,,,,,True,True,True,True
desinventar-0a4c0eb3-40c9-42ee-a924-9450b782f19c,UNDRR DesInventar Nepal,1993,7,0,Central Region,Sindhuli,Bitijor,HEAVY RAINS,0,0,0,140,10,1,0,0.0,False,,,,,,,,,,,,,,,True,True,True,True
desinventar-5aa0a0fe-fc55-4dca-a0e9-68d0c7a9336e,UNDRR DesInventar Nepal,1993,7,0,Central Region,Sindhuli,Ladabhir,HEAVY RAINS,0,0,0,872,5,5,0,0.0,False,,,,,,,,,,,,,,,True,True,True,True
desinventar-0441af32-206a-4d7c-be72-705316eb1252,UNDRR DesInventar Nepal,1993,7,0,Central Region,Sindhuli,Lampantar,HEAVY RAINS,0,0,0,1825,25,3,0,0.0,False,,,,,,,,,,,,,,,True,True,True,True
desinventar-8d1f8861-06c6-4b76-92b5-51970972c09f,UNDRR DesInventar Nepal,1993,7,0,Central Region,Sindhuli,Mahadevsthan,HEAVY RAINS,0,0,0,630,31,24,0,0.0,False,,,,,,,,,,,,,,,True,True,True,True
desinventar-c37c784a-a828-4894-a625-e347ad3965f8,UNDRR DesInventar Nepal,1993,7,0,Central Region,Sindhuli,Kholagaon,HEAVY RAINS,0,0,0,775,1,10,0,0.0,False,,,,,,,,,,,,,,,True,True,True,True
desinventar-4b63ec5e-ddf3-416d-9e16-86f8c5586ffe,UNDRR DesInventar Nepal,1993,7,0,Central Region,Kavre,SALDHARA,HEAVY RAINS,12,0,0,675,23,0,0,0.0,False,,,,,,,,,,,,,,,True,True,True,True
desinventar-2d6c6e73-2e49-4149-b50e-60d1558f32f8,UNDRR DesInventar Nepal,1993,7,0,Central Region,Kavre,UNKNOWN,HEAVY RAINS,6,0,0,1071,49,14,0,0.0,False,,,,,,,,,,,,,,,True,True,True,True
desinventar-2f9e151e-461b-4adf-b3dd-c4b653fb6f85,UNDRR DesInventar Nepal,1993,7,0,Central Region,Kavre,BEKHSIMLE,HEAVY RAINS,1,0,0,3132,68,0,0,0.0,False,,,,,,,,,,,,,,,True,True,True,True
desinventar-4f931e26-41c9-4167-a0d8-722e14926799,UNDRR DesInventar Nepal,1993,7,0,Central Region,Kavre,MAHADEVSTHAN MANDAN,HEAVY RAINS,1,0,0,109,0,0,0,0.0,False,,,,,,,,,,,,,,,True,True,True,True
desinventar-1df1937d-965b-4434-9b72-90b9cebf22e0,UNDRR DesInventar Nepal,2002,8,21,Eastern Region,Jhapa,KOHABARA,HEAVY RAINS,0,0,0,340,0,0,0,0.0,False,,,,,,,,,,,,,,,True,True,True,True
desinventar-d71e429e-724d-48bd-996e-bcdd672aa720,UNDRR DesInventar Nepal,2002,8,21,Eastern Region,Jhapa,SATASIDHAM,HEAVY RAINS,0,0,0,157,0,0,0,0.0,False,,,,,,,,,,,,,,,True,True,True,True
desinventar-555f338a-cf35-4f8f-8542-ea70cc06e64e,UNDRR DesInventar Nepal,2002,8,21,Eastern Region,Jhapa,GARAMANI,HEAVY RAINS,0,0,0,0,0,0,0,0.0,False,,,,,,,,,,,,,,,True,True,True,True
desinventar-3ba1420f-ef15-4912-960b-a58c20b9152a,UNDRR DesInventar Nepal,2002,8,21,Eastern Region,Jhapa,GHAILADUWA,HEAVY RAINS,0,0,0,2700,8,0,0,0.0,False,,,,,,,,,,,,,,,True,True,True,True
desinventar-fcbea08c-8300-4feb-830c-0ab0c8f464ce,UNDRR DesInventar Nepal,2002,8,21,Eastern Region,Jhapa,DUHAGADHI,HEAVY RAINS,0,0,0,2700,8,0,0,0.0,False,,,,,,,,,,,,,,,True,True,True,True
desinventar-db3cb0f1-cb22-47cf-a4c3-7016108f7d37,UNDRR DesInventar Nepal,2002,9,4,Far Western Region,Kanchanpur,DAIJEE,HEAVY RAINS,1,0,0,5,0,0,0,0.0,False,,,,,,,,,,,,,,,True,True,True,True
desinventar-f9d57538-5192-4dff-8617-85a53198c24e,UNDRR DesInventar Nepal,2002,8,25,Far Western Region,Kanchanpur,KRISHNAPUR,HEAVY RAINS,1,0,0,373,17,0,0,0.0,False,,,,,,,,,,,,,,,True,True,True,True
desinventar-fe215be3-988c-4046-ac7f-7dde16d9b571,UNDRR DesInventar Nepal,2002,7,5,Western Region,Kaski,MIJUREDANDA,HEAVY RAINS,0,0,0,351,1,0,0,0.0,False,,,,,,,,,,,,,,,True,True,True,True
desinventar-d2d5373c-3dff-40d8-95fd-5a24b4820ad5,UNDRR DesInventar Nepal,2002,8,11,Western Region,Kaski,LWANGGHALELL,HEAVY RAINS,2,0,0,97,1,0,0,0.0,False,,,,,,,,,,,,,,,True,True,True,True
desinventar-92b9520c-01ca-476f-8ef4-5339371a5385,UNDRR DesInventar Nepal,2002,7,23,Central Region,Kathmandu,MATATIRTHA,HEAVY RAINS,11,0,3,59,11,0,0,0.0,False,,,,,,,,,,,,,,,True,True,True,True
desinventar-9969a1ab-860f-4907-b98f-7f0184cd316a,UNDRR DesInventar Nepal,2002,7,26,Central Region,Kathmandu,DHAPASHI,HEAVY RAINS,2,0,2,5,1,0,0,0.0,False,,,,,,,,,,,,,,,True,True,True,True
desinventar-5e1eedb1-f936-4820-ba9c-6aadb792b735,UNDRR DesInventar Nepal,2002,7,26,Central Region,Kathmandu,KATHMANDU METROPOLITAN CITY,HEAVY RAINS,1,0,0,5,1,0,0,0.0,False,,,,,,,,,,,,,,,True,True,True,True
desinventar-9abbc7eb-c638-4845-b36f-53ca4d853a94,UNDRR DesInventar Nepal,2002,7,21,Central Region,Kavre,MILCHE,HEAVY RAINS,0,0,0,59,11,0,0,0.0,False,,,,,,,,,,,,,,,True,True,True,True
desinventar-885855ae-3239-44ec-ad08-3c9c695da262,UNDRR DesInventar Nepal,2002,7,22,Central Region,Kavre,UNKNOWN,HEAVY RAINS,0,0,0,265,49,0,0,0.0,False,,,,,,,,,,,,,,,True,True,True,True
desinventar-305bb63e-2d09-4613-95db-7ea70451e34b,UNDRR DesInventar Nepal,1993,7,0,Central Region,Kavre,BALTING,HEAVY RAINS,0,0,0,72,0,11,0,0.0,False,,,,,,,,,,,,,,,True,True,True,True
desinventar-ee02f038-9c71-4393-ab4f-935392840e63,UNDRR DesInventar Nepal,2002,7,23,Central Region,Lalitpur,Thecho,HEAVY RAINS,1,0,0,5,1,0,0,0.0,False,,,,,,,,,,,,,,,True,True,True,True
desinventar-0392431e-5719-4366-9353-c25e4ce3b6b6,UNDRR DesInventar Nepal,2002,7,23,Central Region,Lalitpur,Harisiddhi,HEAVY RAINS,0,0,0,16,3,0,0,0.0,False,,,,,,,,,,,,,,,True,True,True,True
desinventar-c6eaa734-0616-4fb9-a952-2aaf3b24ad2b,UNDRR DesInventar Nepal,2002,7,23,Central Region,Lalitpur,Siddhipur,HEAVY RAINS,1,0,0,5,0,0,0,0.0,False,,,,,,,,,,,,,,,True,True,True,True
desinventar-ab63c58d-4cb7-4dbf-aad6-5b7185d8a0e5,UNDRR DesInventar Nepal,2002,7,23,Central Region,Lalitpur,Thaiba,HEAVY RAINS,0,0,0,16,0,0,0,0.0,False,,,,,,,,,,,,,,,True,True,True,True
desinventar-b552fadf-0ad2-4c60-8aaa-aa2e0d76ac1c,UNDRR DesInventar Nepal,2002,7,23,Central Region,Lalitpur,Jharuwarasi,HEAVY RAINS,0,0,0,11,1,0,0,0.0,False,,,,,,,,,,,,,,,True,True,True,True
desinventar-01b14956-491d-4894-9f35-5b7539d380eb,UNDRR DesInventar Nepal,2002,7,23,Central Region,Lalitpur,Thaiba,HEAVY RAINS,0,0,0,5,1,0,0,0.0,False,,,,,,,,,,,,,,,True,True,True,True
desinventar-8944b5f4-7331-4513-bab2-71fefc3b22e7,UNDRR DesInventar Nepal,2002,7,23,Central Region,Lalitpur,Imadol,HEAVY RAINS,0,0,0,27,5,0,0,0.0,False,,,,,,,,,,,,,,,True,True,True,True
desinventar-6c0bf7b8-1e6b-455f-aaa7-1d78670fb9e1,UNDRR DesInventar Nepal,2002,7,23,Central Region,Lalitpur,Lubhu,HEAVY RAINS,0,0,0,5,1,0,0,0.0,False,,,,,,,,,,,,,,,True,True,True,True
desinventar-d541583e-1fe4-4ec3-8423-0b85c0032e0a,UNDRR DesInventar Nepal,2002,7,23,Central Region,Lalitpur,Godamchaur,HEAVY RAINS,0,0,0,27,2,0,0,0.0,False,,,,,,,,,,,,,,,True,True,True,True
desinventar-db28514c-07f1-4164-bd3c-b7c47fd03c74,UNDRR DesInventar Nepal,2002,7,23,Central Region,Lalitpur,Godawari,HEAVY RAINS,0,0,0,5,1,0,0,0.0,False,,,,,,,,,,,,,,,True,True,True,True
desinventar-d0ecf7c9-87bd-477a-b5e6-aea0dfec2c49,UNDRR DesInventar Nepal,2002,7,23,Central Region,Lalitpur,UNKNOWN,HEAVY RAINS,0,0,0,5,1,0,0,0.0,False,,,,,,,,,,,,,,,True,True,True,True
desinventar-3e9d443e-3315-4742-9985-0a351b6fe550,UNDRR DesInventar Nepal,2002,7,23,Central Region,Lalitpur,Badikhel,HEAVY RAINS,0,0,0,11,0,0,0,0.0,False,,,,,,,,,,,,,,,True,True,True,True
desinventar-d6cd6ab9-d52c-4fec-8a7d-98a7aeb25f8b,UNDRR DesInventar Nepal,2002,7,23,Central Region,Lalitpur,Bishankhunarayan,HEAVY RAINS,0,0,0,11,2,0,0,0.0,False,,,,,,,,,,,,,,,True,True,True,True
desinventar-0402b38f-1323-4cf1-977e-0c205faed585,UNDRR DesInventar Nepal,2002,7,23,Central Region,Lalitpur,Saibu,HEAVY RAINS,0,0,0,11,2,0,0,0.0,False,,,,,,,,,,,,,,,True,True,True,True
desinventar-91470ef5-04ee-4ad1-ba59-c6c65d80fdf8,UNDRR DesInventar Nepal,2002,7,23,Central Region,Lalitpur,Lamatar,HEAVY RAINS,0,0,0,38,4,0,0,0.0,False,,,,,,,,,,,,,,,True,True,True,True
desinventar-177f4bf6-8b9f-40be-a4ce-374f60d4210b,UNDRR DesInventar Nepal,2002,7,23,Central Region,Lalitpur,Gimdi,HEAVY RAINS,5,4,0,5,1,0,0,0.0,False,,,,,,,,,,,,,,,True,True,True,True
desinventar-69d41ab9-fa5f-434b-8653-769b017edfdb,UNDRR DesInventar Nepal,2002,7,22,Central Region,Lalitpur,Devichaur,HEAVY RAINS,2,0,0,11,2,0,0,0.0,False,,,,,,,,,,,,,,,True,True,True,True
desinventar-6a43e0ed-053c-43e6-818f-75df65249404,UNDRR DesInventar Nepal,2002,7,21,Central Region,Mahotari,UNKNOWN,HEAVY RAINS,0,0,0,81,114,0,0,0.0,False,,,,,,,,,,,,,,,True,True,True,True
desinventar-5cb6dcaa-0ea9-40c6-968e-e7ea34bd8e0e,UNDRR DesInventar Nepal,2002,7,21,Central Region,Mahotari,Ankar,HEAVY RAINS,0,0,0,1177,1339,0,0,0.0,False,,,,,,,,,,,,,,,True,True,True,True
desinventar-ada7a7ef-bc63-474a-a636-22e15347ced5,UNDRR DesInventar Nepal,2002,7,21,Central Region,Mahotari,Bhatauliya,HEAVY RAINS,0,0,0,32,26,0,0,0.0,False,,,,,,,,,,,,,,,True,True,True,True
desinventar-618f4be7-f038-4bf4-832c-e85597f8a81b,UNDRR DesInventar Nepal,2002,7,21,Central Region,Mahotari,UNKNOWN,HEAVY RAINS,0,0,0,32,29,0,0,0.0,False,,,,,,,,,,,,,,,True,True,True,True
desinventar-9081a3c2-07ba-4e15-9202-19c4464f0834,UNDRR DesInventar Nepal,2002,7,21,Central Region,Mahotari,Halkhori,HEAVY RAINS,0,0,0,65,86,0,0,0.0,False,,,,,,,,,,,,,,,True,True,True,True
desinventar-0e0c0dcc-622f-471b-855d-d5d937ef971f,UNDRR DesInventar Nepal,2002,7,21,Central Region,Mahotari,UNKNOWN,HEAVY RAINS,0,0,0,8,53,0,0,0.0,False,,,,,,,,,,,,,,,True,True,True,True
desinventar-3915a778-00fe-4cad-8602-3635837a7512,UNDRR DesInventar Nepal,2002,7,21,Central Region,Mahotari,Sisawa Kataiya,HEAVY RAINS,0,0,0,70,76,0,0,0.0,False,,,,,,,,,,,,,,,True,True,True,True
desinventar-3d448995-fde4-4eec-9a5a-d1d200931708,UNDRR DesInventar Nepal,2002,7,21,Central Region,Mahotari,Ekdara Bela,HEAVY RAINS,0,0,0,49,67,0,0,0.0,False,,,,,,,,,,,,,,,True,True,True,True
desinventar-90a6491f-a6dd-4779-b18b-51f13ee565c5,UNDRR DesInventar Nepal,2002,7,22,Central Region,Mahotari,Sundarpur,HEAVY RAINS,0,0,0,616,114,0,0,0.0,False,,,,,,,,,,,,,,,True,True,True,True
desinventar-c0d58760-3e0f-4fda-a71c-7acde0bfa571,UNDRR DesInventar Nepal,2002,7,26,Eastern Region,Morang,Letang,HEAVY RAINS,1,0,0,19,19,0,0,0.0,False,,,,,,,,,,,,,,,True,True,True,True
desinventar-44675b8d-2fe8-426c-9612-25d1505ff055,UNDRR DesInventar Nepal,2002,7,28,Eastern Region,Morang,Haraicha,HEAVY RAINS,0,0,0,38,0,0,0,0.0,False,,,,,,,,,,,,,,,True,True,True,True
desinventar-026a294f-18c6-4208-a8e0-10a849bad29a,UNDRR DesInventar Nepal,2002,7,27,Eastern Region,Morang,Sanischare,HEAVY RAINS,0,0,0,11,0,0,0,0.0,False,,,,,,,,,,,,,,,True,True,True,True
desinventar-110e1d90-7b61-42e1-a6dd-067205646a58,UNDRR DesInventar Nepal,2002,7,29,Eastern Region,Morang,Amardaha,HEAVY RAINS,0,0,1,5,0,0,0,0.0,False,,,,,,,,,,,,,,,True,True,True,True
desinventar-23dab1b6-6b33-43c4-9923-d1657e113e29,UNDRR DesInventar Nepal,2002,7,25,Western Region,Nawalparasi,KOLHUWA,HEAVY RAINS,1,0,0,5,0,0,0,0.0,False,,,,,,,,,,,,,,,True,True,True,True
desinventar-610c9174-2996-4cb0-b2e4-53c379927fd7,UNDRR DesInventar Nepal,2002,7,25,Western Region,Nawalparasi,UNKNOWN,HEAVY RAINS,0,0,0,6761,107,0,0,0.0,False,,,,,,,,,,,,,,,True,True,True,True
desinventar-7490fa3a-6936-423d-9241-8e8bf1701d24,UNDRR DesInventar Nepal,1993,7,0,Central Region,Chitawan,BACHHEULI,HEAVY RAINS,6,0,0,3396,219,0,0,0.0,False,,,,,,,,,,,,,,,True,True,True,True
desinventar-f2ffa1bf-12e3-48da-9f0a-741f8ea34be6,UNDRR DesInventar Nepal,1993,7,0,Central Region,Chitawan,KATHAR,HEAVY RAINS,4,0,0,9691,459,0,0,0.0,False,,,,,,,,,,,,,,,True,True,True,True
desinventar-4bc930dc-829f-4d24-9436-5ff2adb60460,UNDRR DesInventar Nepal,1993,7,0,Central Region,Chitawan,KUMROJ,HEAVY RAINS,2,0,0,6349,330,0,0,0.0,False,,,,,,,,,,,,,,,True,True,True,True
desinventar-adcdc84a-e23a-466e-bba8-63347d276e4f,UNDRR DesInventar Nepal,1993,7,0,Central Region,Chitawan,PADMPUR,HEAVY RAINS,1,0,0,2805,163,0,0,0.0,False,,,,,,,,,,,,,,,True,True,True,True
desinventar-bba2022f-b756-4471-b84c-2147734743ff,UNDRR DesInventar Nepal,1993,7,0,Central Region,Chitawan,PIPLE,HEAVY RAINS,0,0,0,1540,150,0,0,0.0,False,,,,,,,,,,,,,,,True,True,True,True
desinventar-1a446941-be2c-407b-a796-86e0cec6b8fc,UNDRR DesInventar Nepal,1993,7,0,Central Region,Mahotari,UNKNOWN,HEAVY RAINS,8,0,3,0,0,0,0,0.0,False,,,,,,,,,,,,,,,True,True,True,True
desinventar-154228e2-1b9d-42b7-b506-6be47403c350,UNDRR DesInventar Nepal,1993,7,0,Central Region,Dhanusa,UNKNOWN,HEAVY RAINS,0,0,0,17280,477,1620,0,0.0,False,,,,,,,,,,,,,,,True,True,True,True
desinventar-817d608a-236a-4a06-a651-2a51cf539c57,UNDRR DesInventar Nepal,1993,7,0,Central Region,Bara,UNKNOWN,HEAVY RAINS,2,0,0,0,0,0,0,0.0,False,,,,,,,,,,,,,,,True,True,True,True
desinventar-23c4a6ea-8f29-47f8-a3ec-bc51d4006159,UNDRR DesInventar Nepal,1993,7,0,Central Region,Parsa,UNKNOWN,HEAVY RAINS,2,0,0,4460,131,107,0,0.0,False,,,,,,,,,,,,,,,True,True,True,True
desinventar-84e2d3ed-a6c1-4166-a7c0-09b2b33fdb6a,UNDRR DesInventar Nepal,1993,7,0,Central Region,Lalitpur,UNKNOWN,HEAVY RAINS,7,0,12,1355,51,51,0,0.0,True,,,,,,,,,,,,,,,True,True,True,True
desinventar-ed927461-3a2e-4543-8974-f0be9095dbac,UNDRR DesInventar Nepal,1993,7,0,Central Region,Kathmandu,UNKNOWN,HEAVY RAINS,1,0,3,0,0,0,0,0.0,False,,,,,,,,,,,,,,,True,True,True,True
desinventar-7af5e653-fdb6-4678-bff2-21af46a202c3,UNDRR DesInventar Nepal,1993,7,0,Western Region,Rupandehi,UNKNOWN,HEAVY RAINS,1,0,0,1080,0,191,0,0.0,True,,,,,,,,,,,,,,,True,True,True,True
desinventar-f19b60af-29af-4910-91f6-a52fabc5eac4,UNDRR DesInventar Nepal,2002,7,22,Central Region,Parsa,Gadi,HEAVY RAINS,0,0,0,22,4,0,0,0.0,False,,,,,,,,,,,,,,,True,True,True,True
desinventar-a7cd3ded-b809-4dab-a9e5-8f721785e7e8,UNDRR DesInventar Nepal,2002,7,23,Central Region,Parsa,UNKNOWN,HEAVY RAINS,0,0,0,22,4,0,0,0.0,False,,,,,,,,,,,,,,,True,True,True,True
desinventar-bdd63e1b-3a1e-4f1c-b357-324c4e162ed4,UNDRR DesInventar Nepal,2002,7,23,Central Region,Parsa,UNKNOWN,HEAVY RAINS,0,0,0,16,2,0,0,0.0,False,,,,,,,,,,,,,,,True,True,True,True
desinventar-6b1fc750-fb6d-4fec-9f49-c6c660df425d,UNDRR DesInventar Nepal,2002,7,23,Central Region,Parsa,Mahadevpatti,HEAVY RAINS,0,0,0,5,1,0,0,0.0,False,,,,,,,,,,,,,,,True,True,True,True
desinventar-ea1d01d4-a7cb-4207-b336-24988c7eef45,UNDRR DesInventar Nepal,2002,7,23,Central Region,Parsa,Pindari Guthi,HEAVY RAINS,0,0,0,5,0,0,0,0.0,False,,,,,,,,,,,,,,,True,True,True,True
desinventar-0adcd722-02bf-473e-ba13-1944d2fd4eea,UNDRR DesInventar Nepal,2002,7,23,Central Region,Parsa,UNKNOWN,HEAVY RAINS,0,0,0,103,0,0,0,0.0,False,,,,,,,,,,,,,,,True,True,True,True
desinventar-9fb96c4b-9de5-442e-ac94-7c2a4d1e375b,UNDRR DesInventar Nepal,2002,7,20,Central Region,Parsa,Belwa,HEAVY RAINS,0,0,0,49,2,0,0,0.0,False,,,,,,,,,,,,,,,True,True,True,True
desinventar-204b947d-7ebd-4f29-b6f0-10c0dc0eb136,UNDRR DesInventar Nepal,2002,7,23,Central Region,Parsa,UNKNOWN,HEAVY RAINS,0,0,0,130,0,0,0,0.0,False,,,,,,,,,,,,,,,True,True,True,True
desinventar-81c1e3e1-3742-4294-a9d5-c56204568c32,UNDRR DesInventar Nepal,2002,7,23,Central Region,Rautahat,GAUR NP,HEAVY RAINS,1,0,0,1269,26,98,0,0.0,False,,,,,,,,,,,,,,,True,True,True,True
desinventar-f952da56-1ec7-4e1e-8d5d-a89c969b674d,UNDRR DesInventar Nepal,2002,7,23,Central Region,Rautahat,BHALOHIYA,HEAVY RAINS,0,0,0,1085,32,35,0,0.0,False,,,,,,,,,,,,,,,True,True,True,True
desinventar-a28cdb47-e4e1-46a6-811a-de2085c88b00,UNDRR DesInventar Nepal,2002,7,23,Central Region,Rautahat,GANGAPIPARA,HEAVY RAINS,0,0,0,297,8,35,0,0.0,False,,,,,,,,,,,,,,,True,True,True,True
desinventar-756b5bfa-8b72-4d7a-a64c-fdb3b7ac9c34,UNDRR DesInventar Nepal,2002,7,23,Central Region,Rautahat,MATSARI,HEAVY RAINS,0,0,0,313,8,35,0,0.0,False,,,,,,,,,,,,,,,True,True,True,True
desinventar-316f312c-8ec7-4720-9a2a-30f1952ae43c,UNDRR DesInventar Nepal,2002,7,23,Central Region,Rautahat,RAJPUR TULSI,HEAVY RAINS,0,0,0,340,10,30,0,0.0,False,,,,,,,,,,,,,,,True,True,True,True
desinventar-a689c648-3d43-48eb-be84-a510b7b62f75,UNDRR DesInventar Nepal,2002,7,23,Central Region,Rautahat,PHATUWA MAHESHPUR,HEAVY RAINS,0,0,0,248,9,23,0,0.0,False,,,,,,,,,,,,,,,True,True,True,True
desinventar-8e7e3875-5589-41e9-b1b3-940dece25c6f,UNDRR DesInventar Nepal,2002,7,23,Central Region,Rautahat,PIPARA BHAGWANPUR,HEAVY RAINS,0,0,0,0,0,0,0,0.0,False,,,,,,,,,,,,,,,True,True,True,True
desinventar-f48ba792-7205-4541-bbac-3725f7113b37,UNDRR DesInventar Nepal,2002,7,23,Central Region,Rautahat,PACHRUKHI,HEAVY RAINS,0,0,0,130,3,2,0,0.0,False,,,,,,,,,,,,,,,True,True,True,True
desinventar-b7bcd705-e2f6-4ce8-9a57-5d95cc6d1f47,UNDRR DesInventar Nepal,2002,7,23,Central Region,Rautahat,BADHARWA,HEAVY RAINS,0,0,0,1404,12,90,0,0.0,False,,,,,,,,,,,,,,,True,True,True,True
desinventar-3511fb40-c775-4715-ab3d-acd05fa6997f,UNDRR DesInventar Nepal,2002,7,23,Central Region,Rautahat,BRAMHAPURI,HEAVY RAINS,0,0,0,1669,54,125,0,0.0,False,,,,,,,,,,,,,,,True,True,True,True
desinventar-517ceebb-77eb-4866-951f-ca47c70b7c50,UNDRR DesInventar Nepal,2002,7,23,Central Region,Rautahat,MUDBALAWA,HEAVY RAINS,0,0,0,1431,27,45,0,0.0,False,,,,,,,,,,,,,,,True,True,True,True
desinventar-088e4abe-0d27-4ede-8404-7b5ad0d484ec,UNDRR DesInventar Nepal,2002,7,23,Central Region,Rautahat,LAKSMIPUR,HEAVY RAINS,0,0,0,2333,37,70,0,0.0,False,,,,,,,,,,,,,,,True,True,True,True
desinventar-1751e184-4fce-4bdc-9510-fe96cb281d8e,UNDRR DesInventar Nepal,2002,7,23,Central Region,Rautahat,RAJDEVI,HEAVY RAINS,0,0,0,1156,31,90,0,0.0,False,,,,,,,,,,,,,,,True,True,True,True
desinventar-3a27be66-8f88-4499-9f9f-8616f4da894b,UNDRR DesInventar Nepal,2002,7,23,Central Region,Rautahat,BANJARHA,HEAVY RAINS,0,0,0,616,35,55,0,0.0,False,,,,,,,,,,,,,,,True,True,True,True
desinventar-c1a9c8d5-9a8e-4e74-a141-7d23e2bb2486,UNDRR DesInventar Nepal,2002,7,23,Central Region,Rautahat,BHEDIYAHI,HEAVY RAINS,0,0,0,405,14,10,0,0.0,False,,,,,,,,,,,,,,,True,True,True,True
desinventar-2f972718-d076-4563-bb1d-be7842abedc7,UNDRR DesInventar Nepal,2002,7,23,Central Region,Rautahat,DEWAHI,HEAVY RAINS,0,0,0,178,5,10,0,0.0,False,,,,,,,,,,,,,,,True,True,True,True
desinventar-f1f32654-3b38-4671-a486-b0b8a7b2ccc8,UNDRR DesInventar Nepal,2002,7,23,Central Region,Rautahat,GEDAHI GUTHI,HEAVY RAINS,0,0,0,27,1,10,0,0.0,False,,,,,,,,,,,,,,,True,True,True,True
desinventar-773106b2-78a7-4bc5-9808-fc3d0fa757ce,UNDRR DesInventar Nepal,2002,7,23,Central Region,Rautahat,PIPARA RAJBARA,HEAVY RAINS,0,0,0,180,80,90,0,0.0,False,,,,,,,,,,,,,,,True,True,True,True
desinventar-e9cd2067-d88d-41dc-b6dc-b2b730428326,UNDRR DesInventar Nepal,2002,7,23,Central Region,Rautahat,UNKNOWN,HEAVY RAINS,0,0,0,54,0,10,0,0.0,False,,,,,,,,,,,,,,,True,True,True,True
desinventar-725ddd48-9321-4775-97da-dcbbd8a3dca6,UNDRR DesInventar Nepal,2002,7,23,Central Region,Rautahat,DHARMAPUR,HEAVY RAINS,0,0,0,1647,95,105,0,0.0,False,,,,,,,,,,,,,,,True,True,True,True
desinventar-069da1c5-7e92-4646-b06f-485eb5dba3c0,UNDRR DesInventar Nepal,2002,7,23,Central Region,Rautahat,MADANPUR,HEAVY RAINS,0,0,0,97,18,20,0,0.0,False,,,,,,,,,,,,,,,True,True,True,True
desinventar-5638d5e2-21bf-45cd-8f8d-411373c776b1,UNDRR DesInventar Nepal,2002,7,23,Central Region,Rautahat,BASATPUR,HEAVY RAINS,0,0,0,1987,48,30,0,0.0,False,,,,,,,,,,,,,,,True,True,True,True
desinventar-9f83b510-7d47-42a0-8b01-66eb7c74f4e4,UNDRR DesInventar Nepal,2002,7,23,Central Region,Rautahat,INARWARI,HEAVY RAINS,0,0,0,103,0,9,0,0.0,False,,,,,,,,,,,,,,,True,True,True,True
desinventar-eb404db4-70c3-4b8f-90d2-f482051422d0,UNDRR DesInventar Nepal,2002,7,23,Central Region,Rautahat,TEJAPAKAD,HEAVY RAINS,0,0,0,108,3,7,0,0.0,False,,,,,,,,,,,,,,,True,True,True,True
desinventar-53882a05-7e3f-4e70-b3fc-8fd57e4e8bec,UNDRR DesInventar Nepal,2002,7,23,Central Region,Rautahat,INERWA,HEAVY RAINS,0,0,0,49,1,35,0,0.0,False,,,,,,,,,,,,,,,True,True,True,True
desinventar-448bd45a-63ad-4981-bc20-dc971ec640f7,UNDRR DesInventar Nepal,2002,7,23,Central Region,Rautahat,AGAIBI,HEAVY RAINS,0,0,0,32,0,6,0,0.0,False,,,,,,,,,,,,,,,True,True,True,True
desinventar-c373ca4a-1d75-4a85-bd24-0bd319f0434f,UNDRR DesInventar Nepal,2002,7,23,Central Region,Rautahat,PIPARIYA,HEAVY RAINS,0,0,0,27,0,5,0,0.0,False,,,,,,,,,,,,,,,True,True,True,True
desinventar-d8cdad05-a472-45e8-9bea-a7629c730c3f,UNDRR DesInventar Nepal,2002,7,23,Central Region,Rautahat,KARKACH KARMAHIV,HEAVY RAINS,0,0,0,173,14,8,0,0.0,False,,,,,,,,,,,,,,,True,True,True,True
desinventar-8f789635-5918-4d38-9076-a5eb3d6c3859,UNDRR DesInventar Nepal,2002,7,23,Central Region,Rautahat,CHANDRANIGAHPUR,HEAVY RAINS,0,0,0,54,0,9,0,0.0,False,,,,,,,,,,,,,,,True,True,True,True
desinventar-e5069b03-3007-448b-a989-c9f0adc2f0ae,UNDRR DesInventar Nepal,2002,7,23,Central Region,Rautahat,PATHARA BUDHARAM,HEAVY RAINS,0,0,0,16,0,10,0,0.0,False,,,,,,,,,,,,,,,True,True,True,True
desinventar-a1616ee1-c259-4254-b56d-e4768799a34c,UNDRR DesInventar Nepal,2002,7,23,Central Region,Rautahat,GAMHARIYA PARSA,HEAVY RAINS,2,0,0,2419,60,100,0,0.0,False,,,,,,,,,,,,,,,True,True,True,True
desinventar-31a24c1f-d3a2-4243-aecd-bf1b8f32b971,UNDRR DesInventar Nepal,2002,7,23,Central Region,Rautahat,UNKNOWN,HEAVY RAINS,0,0,0,837,28,50,0,0.0,False,,,,,,,,,,,,,,,True,True,True,True
desinventar-99b9107a-10a7-4d65-b211-fe15af606b77,UNDRR DesInventar Nepal,2002,7,23,Central Region,Rautahat,HAJMINIYA,HEAVY RAINS,0,0,0,702,15,30,0,0.0,False,,,,,,,,,,,,,,,True,True,True,True
desinventar-3448a057-2dd7-458e-9763-aa5c8c28614c,UNDRR DesInventar Nepal,2002,7,23,Central Region,Rautahat,GAMHARIYABIRTA,HEAVY RAINS,0,0,0,756,15,55,0,0.0,False,,,,,,,,,,,,,,,True,True,True,True
desinventar-c657ccfa-a76c-4baa-8b69-7711a9cba330,UNDRR DesInventar Nepal,2002,7,23,Central Region,Rautahat,BASBITTI,HEAVY RAINS,0,0,0,286,7,5,0,0.0,False,,,,,,,,,,,,,,,True,True,True,True
desinventar-eb482986-b885-41d6-83e6-9e6efa18f939,UNDRR DesInventar Nepal,2002,7,23,Central Region,Rautahat,JIGADAWA BELBICHHAWA,HEAVY RAINS,0,0,0,270,8,20,0,0.0,False,,,,,,,,,,,,,,,True,True,True,True
desinventar-3f542df9-7d68-4839-aac1-2c0acef8a008,UNDRR DesInventar Nepal,2002,7,23,Central Region,Rautahat,BAIRIYA,HEAVY RAINS,0,0,0,578,13,52,0,0.0,False,,,,,,,,,,,,,,,True,True,True,True
desinventar-1ec1b40c-5a33-41ca-ad5f-66c30107194c,UNDRR DesInventar Nepal,2002,7,23,Central Region,Rautahat,AKOLWA,HEAVY RAINS,0,0,0,43,1,10,0,0.0,False,,,,,,,,,,,,,,,True,True,True,True
desinventar-cce99fde-f7f4-4e88-bae8-8a788eda06e0,UNDRR DesInventar Nepal,2002,7,23,Central Region,Rautahat,KARUNIVA,HEAVY RAINS,0,0,0,38,1,12,0,0.0,False,,,,,,,,,,,,,,,True,True,True,True
desinventar-0b4d40c4-1419-49a6-9ad0-c3647e19e124,UNDRR DesInventar Nepal,2002,7,23,Central Region,Rautahat,LAUKAHA,HEAVY RAINS,0,0,0,49,2,15,0,0.0,False,,,,,,,,,,,,,,,True,True,True,True
desinventar-8fd0277b-5520-4dab-9716-703ecbdfec1a,UNDRR DesInventar Nepal,2002,7,23,Central Region,Rautahat,JETHARAHIYA,HEAVY RAINS,0,0,0,140,4,15,0,0.0,False,,,,,,,,,,,,,,,True,True,True,True
desinventar-ebe42846-5855-458c-9d8d-f7cae72e851b,UNDRR DesInventar Nepal,2002,7,23,Central Region,Rautahat,KHESARAHIYA,HEAVY RAINS,0,0,0,227,8,14,0,0.0,False,,,,,,,,,,,,,,,True,True,True,True
desinventar-9c3480c8-f6e0-48eb-97b8-0fe8c3435e41,UNDRR DesInventar Nepal,2002,7,23,Central Region,Rautahat,JAYANAGAR,HEAVY RAINS,0,0,0,135,5,6,0,0.0,False,,,,,,,,,,,,,,,True,True,True,True
desinventar-a30c0ed7-86d4-488a-b26b-11509987c16a,UNDRR DesInventar Nepal,2002,7,23,Central Region,Rautahat,SAKHUAWA,HEAVY RAINS,0,0,0,475,15,18,0,0.0,False,,,,,,,,,,,,,,,True,True,True,True
desinventar-102911a6-9054-4438-837c-7d1680eea399,UNDRR DesInventar Nepal,2002,7,23,Central Region,Rautahat,MITHUWA,HEAVY RAINS,0,0,1,551,11,21,0,0.0,False,,,,,,,,,,,,,,,True,True,True,True
desinventar-82c83412-8bb8-4b3a-a43e-1a8fd37f8df9,UNDRR DesInventar Nepal,2002,7,23,Central Region,Rautahat,MADHOPUR,HEAVY RAINS,0,0,0,502,10,45,0,0.0,False,,,,,,,,,,,,,,,True,True,True,True
desinventar-e4f6b3ec-3af5-4a6c-90ef-205306e54ebf,UNDRR DesInventar Nepal,2002,7,23,Central Region,Rautahat,LAKSMINIYA,HEAVY RAINS,0,0,0,49,9,4,0,0.0,False,,,,,,,,,,,,,,,True,True,True,True
desinventar-2679bb8c-2b4a-4b10-a111-aa9775ffed48,UNDRR DesInventar Nepal,2002,7,0,Mid-Western Region,Rukum,UNKNOWN,HEAVY RAINS,0,0,0,513,0,0,0,0.0,False,,,,,,,,,,,,,,,True,True,True,True
desinventar-0954ac14-909a-4133-b294-cd36ed5524f0,UNDRR DesInventar Nepal,2002,7,28,Eastern Region,Sankhuwasabha,Khadbari Municipali,HEAVY RAINS,0,0,0,113,0,6,0,0.0,False,,,,,,,,,,,,,,,True,True,True,True
desinventar-228ad3d5-9571-4245-ae24-69131bae5435,UNDRR DesInventar Nepal,2002,7,21,Eastern Region,Saptari,BANARAJHULA,HEAVY RAINS,0,0,0,59,11,0,0,0.0,False,,,,,,,,,,,,,,,True,True,True,True
desinventar-6af20484-9abe-47ca-9872-9baa75407302,UNDRR DesInventar Nepal,2002,7,21,Eastern Region,Saptari,RAMPUR JAMUWA,HEAVY RAINS,0,0,0,5,1,0,0,0.0,False,,,,,,,,,,,,,,,True,True,True,True
desinventar-90efcf0c-1b38-4ed0-8e65-2064c8a3cb06,UNDRR DesInventar Nepal,2002,7,21,Eastern Region,Saptari,KHOKSAR PARBAHA,HEAVY RAINS,0,0,0,11,2,0,0,0.0,False,,,,,,,,,,,,,,,True,True,True,True
desinventar-fad28b1f-2e6e-491b-985b-ca4f987c5251,UNDRR DesInventar Nepal,2002,7,21,Eastern Region,Saptari,KATAIYA,HEAVY RAINS,0,0,0,167,31,0,0,0.0,False,,,,,,,,,,,,,,,True,True,True,True
desinventar-d505b6cd-6021-42bd-bdac-e2107ac91033,UNDRR DesInventar Nepal,2002,7,21,Eastern Region,Saptari,BARSAIN,HEAVY RAINS,0,0,0,443,82,0,0,0.0,False,,,,,,,,,,,,,,,True,True,True,True
desinventar-66d71f92-c55b-4a9b-9eae-8cdad7706939,UNDRR DesInventar Nepal,2002,7,21,Eastern Region,Saptari,MALAHANIYA,HEAVY RAINS,0,0,0,491,91,0,0,0.0,False,,,,,,,,,,,,,,,True,True,True,True
desinventar-f6f5c61d-dd95-4573-bf44-214c801a552a,UNDRR DesInventar Nepal,2002,7,21,Eastern Region,Saptari,KOILADI,HEAVY RAINS,0,0,0,367,68,0,0,0.0,False,,,,,,,,,,,,,,,True,True,True,True
desinventar-2b181d81-bf7e-41e5-bcf9-bc1da971ec72,UNDRR DesInventar Nepal,2002,7,21,Eastern Region,Saptari,JOGINIYA,HEAVY RAINS,0,0,0,86,0,0,0,0.0,False,,,,,,,,,,,,,,,True,True,True,True
desinventar-19e298e0-ea05-4d2f-a474-9dcc31ca488e,UNDRR DesInventar Nepal,2002,7,21,Eastern Region,Saptari,INARWA,HEAVY RAINS,0,0,0,65,12,0,0,0.0,False,,,,,,,,,,,,,,,True,True,True,True
desinventar-8a84a194-b208-459f-a3d5-e87f378d6c08,UNDRR DesInventar Nepal,2002,7,21,Eastern Region,Saptari,HANUMAN NAGAR,HEAVY RAINS,0,0,0,135,25,0,0,0.0,False,,,,,,,,,,,,,,,True,True,True,True
desinventar-5f92a2ea-5b4c-4e41-aa39-9ffff6e84922,UNDRR DesInventar Nepal,2002,7,21,Eastern Region,Saptari,KOCHABAKHARI,HEAVY RAINS,0,0,0,189,35,0,0,0.0,False,,,,,,,,,,,,,,,True,True,True,True
desinventar-bc6d83db-7481-444d-a293-a19d11605a91,UNDRR DesInventar Nepal,2002,7,21,Eastern Region,Saptari,SAKARTPUR,HEAVY RAINS,0,0,0,2970,550,0,0,0.0,False,,,,,,,,,,,,,,,True,True,True,True
desinventar-4fb688b7-f0a6-4ddd-be7b-e36073bc0bc7,UNDRR DesInventar Nepal,2002,7,21,Eastern Region,Saptari,RAMPUR JAMUWA,HEAVY RAINS,0,0,0,4882,904,0,0,0.0,False,,,,,,,,,,,,,,,True,True,True,True
desinventar-26982efa-a8e4-44bf-990f-f107e89273ce,UNDRR DesInventar Nepal,2002,7,21,Eastern Region,Saptari,LAUNIYA,HEAVY RAINS,0,0,0,1436,266,0,0,0.0,False,,,,,,,,,,,,,,,True,True,True,True
desinventar-a91b84c7-2133-4ed7-b17a-f47ea8eae9ed,UNDRR DesInventar Nepal,2002,7,21,Eastern Region,Saptari,TILATHI,HEAVY RAINS,0,0,0,713,132,0,0,0.0,False,,,,,,,,,,,,,,,True,True,True,True
desinventar-aaff816b-fe6f-4fd6-8414-216eed39d5c2,UNDRR DesInventar Nepal,2002,7,21,Eastern Region,Saptari,BAMANGAMA KATTI,HEAVY RAINS,0,0,0,27,5,0,0,0.0,False,,,,,,,,,,,,,,,True,True,True,True
desinventar-2d3bc657-fbe1-46ab-b480-a491cf370428,UNDRR DesInventar Nepal,2002,7,21,Eastern Region,Saptari,PAKARI,HEAVY RAINS,0,0,0,16,3,0,0,0.0,False,,,,,,,,,,,,,,,True,True,True,True
desinventar-56111d3e-87bf-4ba5-ad59-96247b7e70c7,UNDRR DesInventar Nepal,2002,7,21,Eastern Region,Saptari,MALAHANIYA,HEAVY RAINS,0,0,0,221,41,0,0,0.0,False,,,,,,,,,,,,,,,True,True,True,True
desinventar-f3f39a9c-2e1a-4781-a1a4-1676be97d678,UNDRR DesInventar Nepal,2002,7,21,Eastern Region,Saptari,BELHI,HEAVY RAINS,0,0,0,5,2,0,0,0.0,False,,,,,,,,,,,,,,,True,True,True,True
desinventar-420da2e0-07e2-4380-9af6-50f2ab42d7fb,UNDRR DesInventar Nepal,2002,7,21,Eastern Region,Saptari,KACHAN,HEAVY RAINS,0,0,0,146,27,0,0,0.0,False,,,,,,,,,,,,,,,True,True,True,True
desinventar-13dd3ec6-5f43-4f76-9773-5efee4f7fa5d,UNDRR DesInventar Nepal,2002,7,21,Eastern Region,Saptari,UNKNOWN,HEAVY RAINS,0,0,0,194,33,0,0,0.0,False,,,,,,,,,,,,,,,True,True,True,True
desinventar-3798b495-ff7f-4da1-a7b9-a5239044ec76,UNDRR DesInventar Nepal,2002,7,21,Eastern Region,Saptari,KUSHAHA,HEAVY RAINS,0,0,0,0,0,0,0,0.0,False,,,,,,,,,,,,,,,True,True,True,True
desinventar-222e46d0-cb1c-4e05-a5ab-20ea30fc880a,UNDRR DesInventar Nepal,2002,7,21,Eastern Region,Saptari,RAYPUR,HEAVY RAINS,0,0,0,124,23,0,0,0.0,False,,,,,,,,,,,,,,,True,True,True,True
desinventar-3f71074e-34fa-46c5-afe7-736e59f637eb,UNDRR DesInventar Nepal,2002,7,21,Eastern Region,Saptari,RAUTAHAT,HEAVY RAINS,0,0,0,43,0,0,0,0.0,False,,,,,,,,,,,,,,,True,True,True,True
desinventar-0caf8360-1565-412e-a82e-dbd3f15858d0,UNDRR DesInventar Nepal,2002,7,21,Eastern Region,Saptari,BHARDAHA,HEAVY RAINS,1,0,0,5,0,0,0,0.0,False,,,,,,,,,,,,,,,True,True,True,True
desinventar-ea10c8cb-39a4-447a-aa93-aff9575faceb,UNDRR DesInventar Nepal,2002,7,21,Eastern Region,Saptari,GOBARGADHA,HEAVY RAINS,0,0,0,216,40,0,0,0.0,False,,,,,,,,,,,,,,,True,True,True,True
desinventar-15e56180-c22c-49b1-8eff-c9eef972285d,UNDRR DesInventar Nepal,2002,7,21,Eastern Region,Saptari,BAMANGAMA KATTI,HEAVY RAINS,0,0,0,211,39,0,0,0.0,False,,,,,,,,,,,,,,,True,True,True,True
desinventar-a98e3021-7941-4567-9bec-7ed3e8208ba6,UNDRR DesInventar Nepal,2002,7,21,Eastern Region,Saptari,JOGINIYA,HEAVY RAINS,0,0,0,76,14,0,0,0.0,False,,,,,,,,,,,,,,,True,True,True,True
desinventar-69c09a27-e842-476d-8845-7ecec25f5c69,UNDRR DesInventar Nepal,2002,7,21,Eastern Region,Saptari,LAUNIYA,HEAVY RAINS,0,0,0,216,40,0,0,0.0,False,,,,,,,,,,,,,,,True,True,True,True
desinventar-3d4ec68e-c531-42d7-b374-203de69bb4d7,UNDRR DesInventar Nepal,2002,7,21,Central Region,Sarlahi,BELHI,HEAVY RAINS,0,0,0,2781,35,171,0,0.0,False,,,,,,,,,,,,,,,True,True,True,True
desinventar-25b79df8-9c59-4155-bbee-b15bdd518482,UNDRR DesInventar Nepal,2002,7,23,Central Region,Sarlahi,GODAITA,HEAVY RAINS,0,0,0,4660,18,34,0,0.0,False,,,,,,,,,,,,,,,True,True,True,True
desinventar-583d0ddd-78c3-4d12-9ea3-f4600bff6c95,UNDRR DesInventar Nepal,2002,7,23,Central Region,Sarlahi,PARARIYA,HEAVY RAINS,0,0,0,4201,7,49,0,0.0,False,,,,,,,,,,,,,,,True,True,True,True
desinventar-21fc61e7-8527-40d1-868b-671491c2b51c,UNDRR DesInventar Nepal,2002,7,23,Central Region,Sarlahi,KAUDENA,HEAVY RAINS,0,0,0,3586,31,75,0,0.0,False,,,,,,,,,,,,,,,True,True,True,True
desinventar-8ae77f30-6856-44ec-8dba-dbea1cc8fa71,UNDRR DesInventar Nepal,2002,7,23,Central Region,Sarlahi,SAKRAUL,HEAVY RAINS,0,0,0,3008,31,14,0,0.0,False,,,,,,,,,,,,,,,True,True,True,True
desinventar-7c809a94-32be-4883-ab3e-1b481e2bcb22,UNDRR DesInventar Nepal,2002,7,23,Central Region,Sarlahi,LAKSMIPUR (KO),HEAVY RAINS,0,0,0,4703,28,8,0,0.0,False,,,,,,,,,,,,,,,True,True,True,True
desinventar-808c12ac-d2ba-4d8b-b615-9c019ac1b4f4,UNDRR DesInventar Nepal,2002,7,23,Central Region,Sarlahi,UNKNOWN,HEAVY RAINS,0,0,0,2695,6,40,0,0.0,False,,,,,,,,,,,,,,,True,True,True,True
desinventar-6e89c67b-59e2-4314-9ca5-f8f4ecfc2929,UNDRR DesInventar Nepal,2002,7,23,Central Region,Sarlahi,SUNDARPUR,HEAVY RAINS,0,0,0,4055,24,83,0,0.0,False,,,,,,,,,,,,,,,True,True,True,True
desinventar-2df6da28-48fc-4fd7-b88b-b8b8632e8018,UNDRR DesInventar Nepal,2002,7,23,Central Region,Sarlahi,BATRAUL,HEAVY RAINS,0,0,0,3488,13,0,0,0.0,False,,,,,,,,,,,,,,,True,True,True,True
desinventar-a3990d96-7ac8-4641-91f2-9602c5e7d0a4,UNDRR DesInventar Nepal,2002,7,23,Central Region,Sarlahi,SHREEPUR,HEAVY RAINS,0,0,0,200,0,0,0,0.0,False,,,,,,,,,,,,,,,True,True,True,True
desinventar-d8b86022-a843-4e49-8c32-fb75890f612c,UNDRR DesInventar Nepal,2002,7,23,Central Region,Sarlahi,NETRAGANJ,HEAVY RAINS,0,0,0,1944,0,70,0,0.0,False,,,,,,,,,,,,,,,True,True,True,True
desinventar-e80b7a42-6635-4a7c-8944-d44c32fd7f9c,UNDRR DesInventar Nepal,2002,7,23,Central Region,Sarlahi,RAJGHAT,HEAVY RAINS,0,0,0,2970,1,1,0,0.0,False,,,,,,,,,,,,,,,True,True,True,True
desinventar-8dc69105-50a1-4ca4-9137-6c2d446a275b,UNDRR DesInventar Nepal,2002,7,23,Central Region,Sarlahi,MAHINATHPUR,HEAVY RAINS,0,0,0,3332,4,537,0,0.0,False,,,,,,,,,,,,,,,True,True,True,True
desinventar-ab10386f-d2a9-4acd-919c-9c8de47a7f62,UNDRR DesInventar Nepal,2002,7,23,Central Region,Sarlahi,DHUNGREKHOLA,HEAVY RAINS,0,0,0,22,0,4,0,0.0,False,,,,,,,,,,,,,,,True,True,True,True
desinventar-bcf97338-0c0c-40e9-81bc-a81a1014a47e,UNDRR DesInventar Nepal,2002,7,23,Central Region,Sarlahi,DUMARIYA,HEAVY RAINS,0,0,0,3613,35,259,0,0.0,False,,,,,,,,,,,,,,,True,True,True,True
desinventar-6f10b44c-be95-4c43-85ba-4ff10aecc2d1,UNDRR DesInventar Nepal,2002,7,23,Central Region,Sarlahi,GADHIYA,HEAVY RAINS,0,0,0,4833,8,36,0,0.0,False,,,,,,,,,,,,,,,True,True,True,True
desinventar-9a28b44d-8a56-4a2d-bc4d-cbaf7e5b73e1,UNDRR DesInventar Nepal,2002,7,23,Central Region,Sarlahi,KARMAIYA,HEAVY RAINS,0,0,0,1366,0,0,0,0.0,False,,,,,,,,,,,,,,,True,True,True,True
desinventar-8379e6b5-1810-4be0-99f8-c6f4f92378c4,UNDRR DesInventar Nepal,2002,7,23,Central Region,Sarlahi,SISAUT,HEAVY RAINS,0,0,0,2608,38,45,0,0.0,False,,,,,,,,,,,,,,,True,True,True,True
desinventar-d53aa9ed-d57a-4785-a825-7061087705ad,UNDRR DesInventar Nepal,2002,7,23,Central Region,Sarlahi,BELHI,HEAVY RAINS,0,0,0,2970,7,33,0,0.0,False,,,,,,,,,,,,,,,True,True,True,True
desinventar-2941a222-ff52-4688-aa92-bb40e829733b,UNDRR DesInventar Nepal,2002,7,23,Central Region,Sarlahi,TRIBHUWAN NAGAR,HEAVY RAINS,0,0,0,1998,4,10,0,0.0,False,,,,,,,,,,,,,,,True,True,True,True
desinventar-dc2792e0-b2f8-44fb-8729-c84605df23b8,UNDRR DesInventar Nepal,2002,7,23,Central Region,Sarlahi,HARKATHAWA,HEAVY RAINS,0,0,0,2738,57,127,0,0.0,False,,,,,,,,,,,,,,,True,True,True,True
desinventar-69ae3f5f-d0f2-468b-a45a-e373be3dc909,UNDRR DesInventar Nepal,2002,7,23,Central Region,Sarlahi,CHHOTAUL,HEAVY RAINS,0,0,0,6529,31,62,0,0.0,False,,,,,,,,,,,,,,,True,True,True,True
desinventar-7d4dcbc8-aef9-4104-83a0-1b7bd57c12d5,UNDRR DesInventar Nepal,2002,7,23,Central Region,Sarlahi,SUNDARPUR,HEAVY RAINS,0,0,0,8915,15,62,0,0.0,False,,,,,,,,,,,,,,,True,True,True,True
desinventar-704e13a4-b3a3-4d6c-aa0e-b9c95880b98a,UNDRR DesInventar Nepal,2002,7,23,Central Region,Sarlahi,RAMNAGAR BHAHUARWA,HEAVY RAINS,0,0,0,5632,40,28,0,0.0,False,,,,,,,,,,,,,,,True,True,True,True
desinventar-a5e7dbf6-501e-4bf8-b866-57e36c839325,UNDRR DesInventar Nepal,2002,7,23,Central Region,Sarlahi,RAMNAGAR BHAHUARWA,HEAVY RAINS,0,0,0,9169,67,115,0,0.0,False,,,,,,,,,,,,,,,True,True,True,True
desinventar-b4111462-ed81-4f95-9d54-16649ecdca98,UNDRR DesInventar Nepal,2002,7,23,Central Region,Sarlahi,MANPUR,HEAVY RAINS,0,1,0,2916,40,31,0,0.0,False,,,,,,,,,,,,,,,True,True,True,True
desinventar-d1394ff5-9a36-48a7-8768-89de5a4032df,UNDRR DesInventar Nepal,2002,7,23,Central Region,Sarlahi,BHANDSAR,HEAVY RAINS,0,0,0,2430,10,11,0,0.0,False,,,,,,,,,,,,,,,True,True,True,True
desinventar-dd271b19-1717-4a82-a30f-b927fbd4cfb1,UNDRR DesInventar Nepal,2002,7,20,Central Region,Sindhuli,Kamalamai Municipality,HEAVY RAINS,0,0,0,216,1,0,0,0.0,False,,,,,,,,,,,,,,,True,True,True,True
desinventar-b127545b-d93c-437e-9147-7712c42953ce,UNDRR DesInventar Nepal,2002,7,23,Central Region,Sindhuli,Kamalamai Municipality,HEAVY RAINS,0,0,0,259,0,0,0,0.0,False,,,,,,,,,,,,,,,True,True,True,True
desinventar-26eb69c6-75db-4ef8-a9bd-6467e97af129,UNDRR DesInventar Nepal,2002,7,20,Eastern Region,Siraha,Jijhaul,HEAVY RAINS,0,0,0,38,2,0,0,0.0,False,,,,,,,,,,,,,,,True,True,True,True
desinventar-d908600e-f00f-4a06-a10e-4d69790e58c6,UNDRR DesInventar Nepal,2002,7,21,Eastern Region,Siraha,Harkatti,HEAVY RAINS,0,0,0,259,48,0,0,0.0,False,,,,,,,,,,,,,,,True,True,True,True
desinventar-c9a7dffd-0c6d-419b-bf21-15928bc2e347,UNDRR DesInventar Nepal,2002,7,21,Eastern Region,Siraha,Dhangadhi,HEAVY RAINS,0,0,0,11,2,0,0,0.0,False,,,,,,,,,,,,,,,True,True,True,True
desinventar-f259614a-f0ac-48a4-a91a-e64b2c6a3d61,UNDRR DesInventar Nepal,2002,7,21,Eastern Region,Siraha,Kalyanpur,HEAVY RAINS,0,0,0,22,4,0,0,0.0,False,,,,,,,,,,,,,,,True,True,True,True
desinventar-39d9ed24-4075-45e8-9b66-bdc56e3f167b,UNDRR DesInventar Nepal,2002,7,21,Eastern Region,Siraha,Siraha Municapility,HEAVY RAINS,0,0,0,27,5,0,0,0.0,False,,,,,,,,,,,,,,,True,True,True,True
desinventar-4f64c43c-ad84-4108-af18-ad48b7f45309,UNDRR DesInventar Nepal,2002,7,21,Eastern Region,Siraha,Harkatti,HEAVY RAINS,0,0,0,49,9,0,0,0.0,False,,,,,,,,,,,,,,,True,True,True,True
desinventar-98b52efd-f2f2-41ae-a0d6-19e5f23b19dd,UNDRR DesInventar Nepal,2002,7,21,Eastern Region,Siraha,Siraha Municapility,HEAVY RAINS,0,0,0,43,8,0,0,0.0,False,,,,,,,,,,,,,,,True,True,True,True
desinventar-d4dc6657-044b-4488-9cab-de61e1521783,UNDRR DesInventar Nepal,2002,7,21,Eastern Region,Siraha,Vishnupur,HEAVY RAINS,0,0,0,38,7,0,0,0.0,False,,,,,,,,,,,,,,,True,True,True,True
desinventar-bc1ab926-2fa7-4da9-bd67-973cea3e9499,UNDRR DesInventar Nepal,2002,7,21,Eastern Region,Siraha,Luxmipur Patari,HEAVY RAINS,0,0,0,11,2,0,0,0.0,False,,,,,,,,,,,,,,,True,True,True,True
desinventar-2b7ffa5c-2405-4d57-bee6-1c9f25e271fa,UNDRR DesInventar Nepal,2002,7,21,Eastern Region,Siraha,Jijhaul,HEAVY RAINS,0,0,0,59,11,0,0,0.0,False,,,,,,,,,,,,,,,True,True,True,True
desinventar-202c04f7-eee5-4b19-805f-94796b0639dd,UNDRR DesInventar Nepal,2002,7,21,Eastern Region,Siraha,Majhaira,HEAVY RAINS,0,0,0,27,5,0,0,0.0,False,,,,,,,,,,,,,,,True,True,True,True
desinventar-0da541f9-cf90-4eff-a30c-951f2b2ddb2d,UNDRR DesInventar Nepal,2002,7,21,Eastern Region,Siraha,UNKNOWN,HEAVY RAINS,0,0,0,5,1,0,0,0.0,False,,,,,,,,,,,,,,,True,True,True,True
desinventar-fa8841ec-c596-41e1-808b-32e876c75ce7,UNDRR DesInventar Nepal,2002,7,21,Eastern Region,Siraha,Betaun,HEAVY RAINS,0,0,0,5,1,0,0,0.0,False,,,,,,,,,,,,,,,True,True,True,True
desinventar-22b3ebf0-89b9-48ac-9598-8508140e314a,UNDRR DesInventar Nepal,2002,7,21,Eastern Region,Siraha,Sakhuwa Nankarkatti,HEAVY RAINS,0,0,0,59,11,0,0,0.0,False,,,,,,,,,,,,,,,True,True,True,True
desinventar-f5f59726-655b-4ac9-9cf1-edf928244d67,UNDRR DesInventar Nepal,2002,7,21,Eastern Region,Siraha,Madar,HEAVY RAINS,0,0,0,65,12,0,0,0.0,False,,,,,,,,,,,,,,,True,True,True,True
desinventar-e95c5f26-336b-4283-8b74-f002782ff4e6,UNDRR DesInventar Nepal,2002,7,21,Eastern Region,Siraha,Khirauna,HEAVY RAINS,0,0,0,205,38,0,0,0.0,False,,,,,,,,,,,,,,,True,True,True,True
desinventar-f91d9c2e-a592-48c1-8793-ba50d7b01eba,UNDRR DesInventar Nepal,2002,7,21,Eastern Region,Siraha,Dhangadhi,HEAVY RAINS,0,0,0,16,3,0,0,0.0,False,,,,,,,,,,,,,,,True,True,True,True
desinventar-19784c2d-f43a-4776-a88b-29bc3ea07f46,UNDRR DesInventar Nepal,2002,7,21,Eastern Region,Siraha,Siraha Municapility,HEAVY RAINS,0,0,0,16,3,0,0,0.0,False,,,,,,,,,,,,,,,True,True,True,True
desinventar-4637afaa-10cb-44f0-99bc-56620da683d8,UNDRR DesInventar Nepal,2002,7,21,Eastern Region,Siraha,Pipra,HEAVY RAINS,0,0,0,11,2,0,0,0.0,False,,,,,,,,,,,,,,,True,True,True,True
desinventar-a6cd1fca-7c81-4644-afa8-06b31c0ea80e,UNDRR DesInventar Nepal,2002,7,21,Eastern Region,Siraha,UNKNOWN,HEAVY RAINS,0,0,0,11,2,0,0,0.0,False,,,,,,,,,,,,,,,True,True,True,True
desinventar-4b6cfe9f-65dd-4c64-b9fa-dcce0132c7e8,UNDRR DesInventar Nepal,2002,7,21,Eastern Region,Siraha,Vishnupur,HEAVY RAINS,0,0,0,16,3,0,0,0.0,False,,,,,,,,,,,,,,,True,True,True,True
desinventar-d5aad286-4efc-432d-8fb1-1946cf768c65,UNDRR DesInventar Nepal,2002,7,21,Eastern Region,Siraha,Rajpur,HEAVY RAINS,0,0,0,5,1,0,0,0.0,False,,,,,,,,,,,,,,,True,True,True,True
desinventar-febb4690-74ee-494f-b758-daeaa16a40d7,UNDRR DesInventar Nepal,2002,7,21,Eastern Region,Siraha,Thalha Kataha,HEAVY RAINS,0,0,0,32,6,0,0,0.0,False,,,,,,,,,,,,,,,True,True,True,True
desinventar-305ad151-761f-44ee-96c0-dd3290f4ec0b,UNDRR DesInventar Nepal,2002,7,21,Eastern Region,Siraha,Harkatti,HEAVY RAINS,0,0,0,5,1,0,0,0.0,False,,,,,,,,,,,,,,,True,True,True,True
desinventar-7555cf35-fe3d-42cb-83cb-5b11cb1d5ce1,UNDRR DesInventar Nepal,2002,7,21,Eastern Region,Siraha,UNKNOWN,HEAVY RAINS,0,0,0,11,2,0,0,0.0,False,,,,,,,,,,,,,,,True,True,True,True
desinventar-cbff6e78-dcae-4c07-a141-db67c4aa8830,UNDRR DesInventar Nepal,2002,7,21,Eastern Region,Siraha,Bariya Patti,HEAVY RAINS,0,0,0,32,6,0,0,0.0,False,,,,,,,,,,,,,,,True,True,True,True
desinventar-d5e13e0e-5307-40ba-91aa-9d5ea384b135,UNDRR DesInventar Nepal,2002,7,21,Eastern Region,Siraha,Betaun,HEAVY RAINS,0,0,0,92,17,0,0,0.0,False,,,,,,,,,,,,,,,True,True,True,True
desinventar-6dd1f2cb-2c22-4b1b-894d-7578e3e02e69,UNDRR DesInventar Nepal,2002,7,21,Eastern Region,Siraha,UNKNOWN,HEAVY RAINS,0,0,0,275,51,0,0,0.0,False,,,,,,,,,,,,,,,True,True,True,True
desinventar-c5554523-6f6b-4ba0-9507-2b73893bc403,UNDRR DesInventar Nepal,2002,7,21,Eastern Region,Siraha,Luxminiya,HEAVY RAINS,0,0,0,103,19,0,0,0.0,False,,,,,,,,,,,,,,,True,True,True,True
desinventar-625f4bb4-54f8-4f34-ae3e-ae82e74702fe,UNDRR DesInventar Nepal,2002,7,21,Eastern Region,Siraha,Sarswar,HEAVY RAINS,0,0,0,135,25,0,0,0.0,False,,,,,,,,,,,,,,,True,True,True,True
desinventar-c07cf6c5-47fc-41ed-978d-5f208a7b71c5,UNDRR DesInventar Nepal,2002,8,23,Eastern Region,Siraha,Sikraun,HEAVY RAINS,0,0,0,691,128,0,0,0.0,False,,,,,,,,,,,,,,,True,True,True,True
desinventar-1fd96e01-8311-4ca4-b859-dadb657690c4,UNDRR DesInventar Nepal,2002,8,23,Eastern Region,Siraha,Lagadi Gadyani,HEAVY RAINS,0,0,0,923,171,0,0,0.0,False,,,,,,,,,,,,,,,True,True,True,True
desinventar-75edad1a-e804-4b65-8451-9a344759a2d9,UNDRR DesInventar Nepal,2002,8,23,Eastern Region,Siraha,Lagadigoth,HEAVY RAINS,0,0,0,167,31,0,0,0.0,False,,,,,,,,,,,,,,,True,True,True,True
desinventar-248565a4-c152-4f7a-b9f7-a79bc92a80b5,UNDRR DesInventar Nepal,2002,8,23,Eastern Region,Siraha,UNKNOWN,HEAVY RAINS,0,0,0,767,142,0,0,0.0,False,,,,,,,,,,,,,,,True,True,True,True
desinventar-526c5660-9d7e-4624-886f-b070609fc9c8,UNDRR DesInventar Nepal,2002,8,23,Eastern Region,Siraha,Sukhachaina,HEAVY RAINS,0,0,0,140,26,0,0,0.0,False,,,,,,,,,,,,,,,True,True,True,True
desinventar-4911e50d-1cfc-408f-beae-823ae936399c,UNDRR DesInventar Nepal,2002,8,23,Eastern Region,Siraha,Auorahi,HEAVY RAINS,0,0,0,1026,190,0,0,0.0,False,,,,,,,,,,,,,,,True,True,True,True
desinventar-de1ec6e7-0a86-40b9-9859-fc0c49f0f209,UNDRR DesInventar Nepal,2002,8,23,Eastern Region,Siraha,UNKNOWN,HEAVY RAINS,0,0,0,535,99,0,0,0.0,False,,,,,,,,,,,,,,,True,True,True,True
desinventar-3940589f-5082-4212-ad0d-679b6893d26d,UNDRR DesInventar Nepal,2002,8,23,Eastern Region,Siraha,Badaharamal,HEAVY RAINS,0,0,0,524,97,0,0,0.0,False,,,,,,,,,,,,,,,True,True,True,True
desinventar-e1d5a3da-61d7-4b6c-9134-e251865cb366,UNDRR DesInventar Nepal,2002,8,23,Eastern Region,Siraha,Ramnagar Mirchaiya,HEAVY RAINS,0,0,0,432,80,0,0,0.0,False,,,,,,,,,,,,,,,True,True,True,True
desinventar-d2e17aef-5f3d-40c4-9926-e67d915610db,UNDRR DesInventar Nepal,2002,8,23,Eastern Region,Siraha,Khirauna,HEAVY RAINS,0,0,0,1183,219,0,0,0.0,False,,,,,,,,,,,,,,,True,True,True,True
desinventar-3577b101-cb60-4f8d-bce6-73fb8ad51bab,UNDRR DesInventar Nepal,2002,8,23,Eastern Region,Siraha,Siraha Municapility,HEAVY RAINS,0,0,0,718,133,0,0,0.0,False,,,,,,,,,,,,,,,True,True,True,True
desinventar-43a825ac-1b6b-4b8f-9c70-00dbfd26f0de,UNDRR DesInventar Nepal,2002,7,23,Eastern Region,Sunsari,Sonapur,HEAVY RAINS,0,1,0,5,0,0,0,0.0,False,,,,,,,,,,,,,,,True,True,True,True
desinventar-f7f7bcef-98e3-43a3-a421-792654cc449c,UNDRR DesInventar Nepal,2002,7,23,Eastern Region,Sunsari,Babiya,HEAVY RAINS,0,1,1,11,0,0,0,0.0,False,,,,,,,,,,,,,,,True,True,True,True
desinventar-9e6aefa0-d0d8-4aca-96a6-cc2f22cb0244,UNDRR DesInventar Nepal,2002,7,25,Eastern Region,Sunsari,Narshinhatappu,HEAVY RAINS,0,0,0,22,4,0,0,0.0,False,,,,,,,,,,,,,,,True,True,True,True
desinventar-56d38d24-47f2-4ff9-9cec-9abbcdf714dd,UNDRR DesInventar Nepal,2002,7,25,Eastern Region,Sunsari,Amaduwa,HEAVY RAINS,0,0,0,176,3,0,0,0.0,False,,,,,,,,,,,,,,,True,True,True,True
desinventar-d9134deb-d64a-4233-a371-1fe9c0f2711a,UNDRR DesInventar Nepal,2002,7,25,Eastern Region,Sunsari,Duhabi,HEAVY RAINS,0,0,0,11,2,0,0,0.0,False,,,,,,,,,,,,,,,True,True,True,True
desinventar-79239506-2868-4d8b-97f0-ec3163f1fb4e,UNDRR DesInventar Nepal,2002,7,29,Eastern Region,Sunsari,Itahari Municipality,HEAVY RAINS,0,1,0,5,0,0,0,0.0,False,,,,,,,,,,,,,,,True,True,True,True
desinventar-0cf82634-3123-48aa-9bb5-0e6a6006570c,UNDRR DesInventar Nepal,2002,7,26,Eastern Region,Sunsari,Duhabi,HEAVY RAINS,1,0,0,5,0,0,0,0.0,False,,,,,,,,,,,,,,,True,True,True,True
desinventar-8a444bd1-2b39-4c97-a327-725fa4880ec1,UNDRR DesInventar Nepal,2002,7,26,Eastern Region,Sunsari,Sahebganj,HEAVY RAINS,0,0,0,43,8,0,0,0.0,False,,,,,,,,,,,,,,,True,True,True,True
desinventar-f55ba86a-64db-452a-b679-bec7022f0ab8,UNDRR DesInventar Nepal,2002,7,30,Eastern Region,Sunsari,Amaduwa,HEAVY RAINS,0,0,0,32,6,0,0,0.0,False,,,,,,,,,,,,,,,True,True,True,True
desinventar-61c5816a-9978-4cc1-8d7c-be265b21aa4a,UNDRR DesInventar Nepal,2002,7,30,Eastern Region,Sunsari,Itahari Municipality,HEAVY RAINS,0,0,0,5,1,0,0,0.0,False,,,,,,,,,,,,,,,True,True,True,True
desinventar-f713bd35-f445-42c9-ba2e-5665f0e45ef0,UNDRR DesInventar Nepal,2002,7,30,Eastern Region,Sunsari,Inaruwa Municipality,HEAVY RAINS,0,0,0,11,2,0,0,0.0,False,,,,,,,,,,,,,,,True,True,True,True
desinventar-08a558de-d1eb-4f26-ade7-8309fbbb834e,UNDRR DesInventar Nepal,2002,7,30,Eastern Region,Sunsari,UNKNOWN,HEAVY RAINS,0,0,0,308,57,0,0,0.0,False,,,,,,,,,,,,,,,True,True,True,True
desinventar-2bd1c890-6927-4e4f-8212-25d7935075b4,UNDRR DesInventar Nepal,2002,7,30,Eastern Region,Sunsari,Harinagar,HEAVY RAINS,0,0,0,16,3,0,0,0.0,False,,,,,,,,,,,,,,,True,True,True,True
desinventar-ba6e561e-37df-4d65-99cd-96a0e6b16f10,UNDRR DesInventar Nepal,2002,7,30,Eastern Region,Sunsari,UNKNOWN,HEAVY RAINS,0,0,0,11,2,0,0,0.0,False,,,,,,,,,,,,,,,True,True,True,True
desinventar-ed075ed1-489b-45fb-a7f7-1d68cb9ff3e1,UNDRR DesInventar Nepal,2002,7,30,Eastern Region,Sunsari,Basantapur,HEAVY RAINS,0,0,0,513,95,0,0,0.0,False,,,,,,,,,,,,,,,True,True,True,True
desinventar-3f9c702a-2538-4bdc-a5dd-20985940fcb1,UNDRR DesInventar Nepal,2002,7,30,Eastern Region,Sunsari,Panchakanya,HEAVY RAINS,0,0,0,59,11,0,0,0.0,False,,,,,,,,,,,,,,,True,True,True,True
desinventar-583671a5-2ea1-4e60-86a6-5d2942951fbe,UNDRR DesInventar Nepal,2002,7,27,Western Region,Rupandehi,UNKNOWN,HEAVY RAINS,0,0,0,5,1,0,0,0.0,False,,,,,,,,,,,,,,,True,True,True,True
desinventar-1ef27e12-cbf9-4d3a-9ce7-a08abfa8acf1,UNDRR DesInventar Nepal,2002,7,22,Western Region,Rupandehi,UNKNOWN,HEAVY RAINS,0,0,0,11,2,0,0,0.0,False,,,,,,,,,,,,,,,True,True,True,True
desinventar-c800dade-43d7-44de-8691-9e4f352a5240,UNDRR DesInventar Nepal,2002,7,26,Western Region,Rupandehi,UNKNOWN,HEAVY RAINS,0,0,0,22,4,0,0,0.0,False,,,,,,,,,,,,,,,True,True,True,True
desinventar-45fc378b-224d-438d-bba2-412531665bda,UNDRR DesInventar Nepal,2002,7,20,Western Region,Tanahu,MAJHAKOT,HEAVY RAINS,0,0,0,167,0,0,0,0.0,False,,,,,,,,,,,,,,,True,True,True,True
desinventar-f48c704b-bc00-41b5-b705-8f422473254d,UNDRR DesInventar Nepal,2002,8,7,Eastern Region,Taplejung,PHURUMBU,HEAVY RAINS,8,0,4,734,20,27,0,0.0,False,,,,,,,,,,,,,,,True,True,True,True
desinventar-361cd68a-0078-4c4c-9cd1-af1801fbccc5,UNDRR DesInventar Nepal,2002,8,7,Eastern Region,Taplejung,LINKHIM,HEAVY RAINS,13,0,3,815,41,41,0,0.0,False,,,,,,,,,,,,,,,True,True,True,True
desinventar-ad848323-be4c-4199-9dbd-aea694f98c1a,UNDRR DesInventar Nepal,2002,8,7,Eastern Region,Taplejung,SAWADIN,HEAVY RAINS,0,0,0,913,41,35,0,0.0,False,,,,,,,,,,,,,,,True,True,True,True
desinventar-8ffce729-8235-4d8b-b6c7-946d9790f2fd,UNDRR DesInventar Nepal,2002,7,21,Eastern Region,Udayapur,Katari,HEAVY RAINS,0,0,0,11,0,0,0,0.0,False,,,,,,,,,,,,,,,True,True,True,True
desinventar-fc43cad7-e9ed-4fba-a64c-9e36753086a4,UNDRR DesInventar Nepal,2002,7,21,Eastern Region,Udayapur,Sundarpur,HEAVY RAINS,0,0,0,49,0,0,0,0.0,False,,,,,,,,,,,,,,,True,True,True,True
desinventar-8d1f3419-b666-4ed3-a7d6-863e942b44f6,UNDRR DesInventar Nepal,2002,7,25,Eastern Region,Udayapur,Tapeshwari,HEAVY RAINS,0,0,0,81,0,0,0,0.0,False,,,,,,,,,,,,,,,True,True,True,True
desinventar-423543fb-0200-4bc1-9fba-e45c21f4170a,UNDRR DesInventar Nepal,2002,7,25,Eastern Region,Udayapur,Tapeshwari,HEAVY RAINS,0,0,0,27,0,0,0,0.0,False,,,,,,,,,,,,,,,True,True,True,True
desinventar-9125138f-06f2-4a61-ba3e-974141ec7d9b,UNDRR DesInventar Nepal,2002,7,25,Eastern Region,Udayapur,Sundarpur,HEAVY RAINS,0,0,0,270,0,0,0,0.0,False,,,,,,,,,,,,,,,True,True,True,True
desinventar-432a47c9-87e1-4009-9374-9245734e3837,UNDRR DesInventar Nepal,2002,7,25,Eastern Region,Udayapur,Hadiya,HEAVY RAINS,0,0,0,43,0,0,0,0.0,False,,,,,,,,,,,,,,,True,True,True,True
desinventar-add6ef22-98fd-4f8a-880a-0f67106c8ca2,UNDRR DesInventar Nepal,2002,7,28,Eastern Region,Udayapur,Hadiya,HEAVY RAINS,0,0,0,324,0,0,0,0.0,False,,,,,,,,,,,,,,,True,True,True,True
desinventar-273e6926-a221-4c21-a7bc-5c73c83a4e20,UNDRR DesInventar Nepal,2002,7,21,Eastern Region,Udayapur,Tribeni,HEAVY RAINS,0,0,0,5,1,0,0,0.0,False,,,,,,,,,,,,,,,True,True,True,True
desinventar-6c625217-5f1e-4928-baa3-6c9840753bbc,UNDRR DesInventar Nepal,1995,7,0,Eastern Region,Bhojpur,UNKNOWN,HEAVY RAINS,0,0,0,0,6,0,0,0.0,False,,,,,,,,,,,,,,,True,True,True,True
desinventar-819b6f44-be6b-4647-a90c-4f5b8650e920,UNDRR DesInventar Nepal,1995,7,0,Central Region,Mahotari,UNKNOWN,HEAVY RAINS,2,0,1,285560,1286,4903,0,0.0,False,,,,,,,,,,,,,,,True,True,True,True
desinventar-95b4c3a3-aaab-4375-99f4-db6620b8de6f,UNDRR DesInventar Nepal,1995,7,0,Central Region,Makwanpur,UNKNOWN,HEAVY RAINS,0,0,1,6,1,1,0,0.0,False,,,,,,,,,,,,,,,True,True,True,True
desinventar-abf97290-f5a2-4019-8e4b-049e4adf6a2a,UNDRR DesInventar Nepal,1995,7,0,Central Region,Makwanpur,UNKNOWN,HEAVY RAINS,0,0,0,258,2,6,0,0.0,False,,,,,,,,,,,,,,,True,True,True,True
desinventar-6248e8df-367e-44f8-aef9-0fcf39ca98ad,UNDRR DesInventar Nepal,1995,7,0,Central Region,Parsa,UNKNOWN,HEAVY RAINS,0,0,2,151,0,0,0,0.0,False,,,,,,,,,,,,,,,True,True,True,True
desinventar-2838fa37-331b-4f28-9f9f-1a70b1eaafc6,UNDRR DesInventar Nepal,1995,7,0,Central Region,Rasuwa,UNKNOWN,HEAVY RAINS,0,0,0,0,0,0,0,0.0,False,,,,,,,,,,,,,,,True,True,True,True
desinventar-911c6331-8a5a-4976-b843-f92ab51e5b81,UNDRR DesInventar Nepal,1995,7,0,Western Region,Rupandehi,UNKNOWN,HEAVY RAINS,1,0,0,6,0,0,0,0.0,False,,,,,,,,,,,,,,,True,True,True,True
desinventar-a43aceae-689e-4916-9304-28e6f76e26b3,UNDRR DesInventar Nepal,1995,7,0,Mid-Western Region,Bardiya,UNKNOWN,HEAVY RAINS,6,0,0,18194,492,1276,0,0.0,False,,,,,,,,,,,,,,,True,True,True,True
desinventar-ceefc58b-e48f-45ad-adbf-20fbb9df66b9,UNDRR DesInventar Nepal,1995,7,0,Central Region,Dhanusa,UNKNOWN,HEAVY RAINS,0,0,2,206869,908,4695,0,0.0,False,,,,,,,,,,,,,,,True,True,True,True
desinventar-60e5a921-e150-4740-bb84-1b7436320087,UNDRR DesInventar Nepal,1995,7,0,Eastern Region,Jhapa,UNKNOWN,HEAVY RAINS,0,0,0,2240,83,0,0,0.0,False,,,,,,,,,,,,,,,True,True,True,True
desinventar-90cca4ae-9fd6-4c46-9ee0-601bac6cf859,UNDRR DesInventar Nepal,1995,7,0,Western Region,Nawalparasi,UNKNOWN,HEAVY RAINS,2,0,0,505,4,415,0,0.0,False,,,,,,,,,,,,,,,True,True,True,True
desinventar-730b4121-04a1-4d7c-9b8f-e48d8273f157,UNDRR DesInventar Nepal,1995,7,0,Eastern Region,Saptari,UNKNOWN,HEAVY RAINS,0,0,0,706,0,27,0,0.0,False,,,,,,,,,,,,,,,True,True,True,True
desinventar-8559262f-6d2b-43cf-8b7f-7ba8eb6edc25,UNDRR DesInventar Nepal,1995,7,0,Central Region,Sarlahi,UNKNOWN,HEAVY RAINS,0,0,0,83600,815,2905,0,0.0,False,,,,,,,,,,,,,,,True,True,True,True
desinventar-8f49aced-97d9-40a0-977c-f6c5199854f1,UNDRR DesInventar Nepal,1995,7,0,Central Region,Sindhuli,UNKNOWN,HEAVY RAINS,0,0,0,95,16,0,0,0.0,False,,,,,,,,,,,,,,,True,True,True,True
desinventar-c9c3308f-0aba-4ab9-a874-26fba8c34519,UNDRR DesInventar Nepal,1995,7,0,Eastern Region,Siraha,UNKNOWN,HEAVY RAINS,2,0,0,10954,0,0,0,0.0,False,,,,,,,,,,,,,,,True,True,True,True
desinventar-54d73d53-571d-4ed6-ad62-bbfc99c93eb7,UNDRR DesInventar Nepal,1997,7,0,Eastern Region,Bhojpur,UNKNOWN,HEAVY RAINS,5,0,0,967,1,0,0,0.0,False,,,,,,,,,,,,,,,True,True,True,True
desinventar-6ede5ad0-0f92-42c2-bdf9-c272f5ab0ee2,UNDRR DesInventar Nepal,1997,7,0,Eastern Region,Khotang,UNKNOWN,HEAVY RAINS,2,0,0,1723,9,17,0,0.0,False,,,,,,,,,,,,,,,True,True,True,True
desinventar-928744df-7f48-47b4-8bc2-eef559594f76,UNDRR DesInventar Nepal,1997,7,0,Eastern Region,Morang,UNKNOWN,HEAVY RAINS,0,0,0,38,0,0,0,0.0,False,,,,,,,,,,,,,,,True,True,True,True
desinventar-85107ff7-2a77-40f3-ab0f-242d7e479704,UNDRR DesInventar Nepal,1997,7,0,Eastern Region,Okhaldhunga,UNKNOWN,HEAVY RAINS,0,0,0,1447,105,33,0,0.0,False,,,,,,,,,,,,,,,True,True,True,True
desinventar-c5d24892-85b8-4eae-b1f6-65f77a648e6a,UNDRR DesInventar Nepal,1997,7,0,Eastern Region,Saptari,UNKNOWN,HEAVY RAINS,0,0,0,518,14,0,0,0.0,False,,,,,,,,,,,,,,,True,True,True,True
desinventar-9f18103f-a5e3-43dc-8500-85f0b9f019d8,UNDRR DesInventar Nepal,1997,7,0,Eastern Region,Solukhumbu,UNKNOWN,LANDSLIDE,0,0,1,27,3,0,0,0.0,False,,,,,,,,,,,,,,,True,True,True,True
desinventar-12d45b08-29be-47aa-82bf-cc70d995db6f,UNDRR DesInventar Nepal,1997,7,0,Central Region,Bara,UNKNOWN,HEAVY RAINS,0,0,0,0,1,0,0,0.0,False,,,,,,,,,,,,,,,True,True,True,True
desinventar-fc9a8205-5167-44cf-b92d-b1f15a7d6cc4,UNDRR DesInventar Nepal,1997,7,0,Central Region,Bhaktapur,UNKNOWN,HEAVY RAINS,0,0,0,810,34,88,0,0.0,False,,,,,,,,,,,,,,,True,True,True,True
desinventar-28f50a3f-f3d7-4d06-9506-b523bf04e7f1,UNDRR DesInventar Nepal,1997,7,0,Central Region,Dhading,UNKNOWN,HEAVY RAINS,3,0,0,38,3,3,0,0.0,False,,,,,,,,,,,,,,,True,True,True,True
desinventar-459d71ce-15da-494b-9f61-746f73ce48ee,UNDRR DesInventar Nepal,1997,7,0,Central Region,Parsa,UNKNOWN,HEAVY RAINS,0,0,0,49,9,0,0,0.0,False,,,,,,,,,,,,,,,True,True,True,True
desinventar-35355dfc-e53f-40fc-ae50-e4148a7803fa,UNDRR DesInventar Nepal,1997,7,0,Central Region,Rautahat,UNKNOWN,HEAVY RAINS,0,0,0,1652,1,0,0,0.0,False,,,,,,,,,,,,,,,True,True,True,True
desinventar-14c3697f-3113-4e95-8213-217cb6903f08,UNDRR DesInventar Nepal,1997,7,0,Western Region,Parbat,UNKNOWN,HEAVY RAINS,0,0,0,324,12,10,0,0.0,False,,,,,,,,,,,,,,,True,True,True,True
desinventar-86d2496f-ac9a-4bf4-989f-ad76f95f369d,UNDRR DesInventar Nepal,1997,7,0,Mid-Western Region,Banke,UNKNOWN,HEAVY RAINS,0,0,0,535,20,0,0,0.0,False,,,,,,,,,,,,,,,True,True,True,True
desinventar-2523955b-a8e1-4824-9d24-6f03963adbc3,UNDRR DesInventar Nepal,1997,7,0,Mid-Western Region,Rolpa,UNKNOWN,HEAVY RAINS,3,0,2,351,17,0,0,0.0,False,,,,,,,,,,,,,,,True,True,True,True
desinventar-d0992428-6a33-4f2a-9de1-0b916274c819,UNDRR DesInventar Nepal,1997,7,0,Far Western Region,Baitadi,UNKNOWN,HEAVY RAINS,0,0,0,4498,10,0,0,0.0,False,,,,,,,,,,,,,,,True,True,True,True
desinventar-1318a8a5-62c4-42ae-8cf1-85ef0e936b06,UNDRR DesInventar Nepal,1997,7,0,Far Western Region,Bajhang,UNKNOWN,HEAVY RAINS,0,0,0,1588,32,7,0,0.0,False,,,,,,,,,,,,,,,True,True,True,True
desinventar-0df8a4e9-73e7-48ad-a048-c923122e24f3,UNDRR DesInventar Nepal,1997,7,0,Far Western Region,Doti,UNKNOWN,HEAVY RAINS,0,0,0,313,3,74,0,0.0,False,,,,,,,,,,,,,,,True,True,True,True
desinventar-f52d88ec-1742-45ee-b2f1-8c7ae066728e,UNDRR DesInventar Nepal,1997,7,0,Central Region,Chitawan,UNKNOWN,HEAVY RAINS,0,0,0,297,0,0,0,0.0,False,,,,,,,,,,,,,,,True,True,True,True
desinventar-effd65ea-8804-4eaa-8deb-8f911be7a724,UNDRR DesInventar Nepal,1997,7,0,Central Region,Ramechhap,UNKNOWN,HEAVY RAINS,2,0,0,670,13,4,0,0.0,False,,,,,,,,,,,,,,,True,True,True,True
desinventar-0674e438-aa3f-49ab-b119-899919ab47af,UNDRR DesInventar Nepal,1997,7,0,Central Region,Sarlahi,UNKNOWN,HEAVY RAINS,0,0,0,1566,103,155,0,0.0,False,,,,,,,,,,,,,,,True,True,True,True
desinventar-e911dc3f-fad5-4ff9-bb7d-533bbfe19201,UNDRR DesInventar Nepal,1997,7,0,Western Region,Baglung,UNKNOWN,HEAVY RAINS,0,0,0,2138,33,1,0,0.0,False,,,,,,,,,,,,,,,True,True,True,True
desinventar-b4e6739b-5a6e-417b-98c0-3b0defa9f856,UNDRR DesInventar Nepal,1997,7,0,Western Region,Kaski,UNKNOWN,HEAVY RAINS,0,0,3,0,0,18,0,0.0,False,,,,,,,,,,,,,,,True,True,True,True
desinventar-2480a02e-e8f7-40bb-8888-d001eb1ea778,UNDRR DesInventar Nepal,1996,7,0,Eastern Region,Saptari,UNKNOWN,HEAVY RAINS,0,0,1,241137,3929,12,0,0.0,False,,,,,,,,,,,,,,,True,True,True,True
desinventar-8546c07a-d73d-442c-a885-15605a25cde3,UNDRR DesInventar Nepal,1997,7,0,Western Region,Syangja,UNKNOWN,HEAVY RAINS,1,0,0,102,0,0,0,0.0,False,,,,,,,,,,,,,,,True,True,True,True
desinventar-52e58115-fce9-41c4-af77-644071309418,UNDRR DesInventar Nepal,1997,7,0,Mid-Western Region,Dang,UNKNOWN,HEAVY RAINS,1,0,0,5,0,0,0,0.0,False,,,,,,,,,,,,,,,True,True,True,True
desinventar-fe652d84-d522-4380-9426-75cf1dadbbf2,UNDRR DesInventar Nepal,1997,7,0,Mid-Western Region,Bardiya,UNKNOWN,HEAVY RAINS,0,0,0,65,0,0,0,0.0,False,,,,,,,,,,,,,,,True,True,True,True
desinventar-8be7f2c1-1d51-4499-acb0-36e334c10210,UNDRR DesInventar Nepal,1997,7,0,Far Western Region,Bajura,UNKNOWN,HEAVY RAINS,1,0,0,16,0,0,0,0.0,False,,,,,,,,,,,,,,,True,True,True,True
desinventar-e00670ac-e79e-478e-bea2-e11e2f41f3de,UNDRR DesInventar Nepal,1997,7,0,Far Western Region,Darchula,UNKNOWN,HEAVY RAINS,1,0,0,0,0,0,0,0.0,False,,,,,,,,,,,,,,,True,True,True,True
desinventar-8f8076f5-9acf-404a-8ab5-a46c321eafa4,UNDRR DesInventar Nepal,1997,7,0,Far Western Region,Kanchanpur,UNKNOWN,HEAVY RAINS,1,0,0,464,0,27,0,0.0,False,,,,,,,,,,,,,,,True,True,True,True
desinventar-d2366a9e-4b5f-4568-a08f-9c662082d458,UNDRR DesInventar Nepal,1996,7,0,Central Region,Bara,UNKNOWN,HEAVY RAINS,0,0,0,269,0,0,0,0.0,False,,,,,,,,,,,,,,,True,True,True,True
desinventar-da85c0ac-89e4-46b9-ab0e-6f3eec2b4b4a,UNDRR DesInventar Nepal,1996,7,0,Central Region,Bhaktapur,UNKNOWN,HEAVY RAINS,0,0,0,62,11,0,0,0.0,False,,,,,,,,,,,,,,,True,True,True,True
desinventar-74b7a64c-2750-4ab9-a3ba-9020d8665681,UNDRR DesInventar Nepal,1996,7,0,Central Region,Chitawan,UNKNOWN,HEAVY RAINS,0,0,0,67,0,0,0,0.0,False,,,,,,,,,,,,,,,True,True,True,True
desinventar-ca8c4c93-b402-44b8-8750-6bd0dbdf2070,UNDRR DesInventar Nepal,1996,7,0,Central Region,Lalitpur,UNKNOWN,HEAVY RAINS,2,0,0,17,1,0,0,0.0,False,,,,,,,,,,,,,,,True,True,True,True
desinventar-7443a926-3e78-414f-a02d-b40f2ae44e0f,UNDRR DesInventar Nepal,1996,7,0,Central Region,Mahotari,UNKNOWN,HEAVY RAINS,0,0,0,90,6,0,0,0.0,False,,,,,,,,,,,,,,,True,True,True,True
desinventar-c4e869b1-ed32-4cf4-ad38-ed15bacff709,UNDRR DesInventar Nepal,1996,7,0,Central Region,Makwanpur,UNKNOWN,HEAVY RAINS,1,0,0,6,0,0,0,0.0,False,,,,,,,,,,,,,,,True,True,True,True
desinventar-a5c946e8-02d0-433d-9aa2-ef0fbdd7841e,UNDRR DesInventar Nepal,1996,7,0,Central Region,Rautahat,UNKNOWN,HEAVY RAINS,1,0,0,224,15,0,0,0.0,False,,,,,,,,,,,,,,,True,True,True,True
desinventar-18863b90-e623-44a2-bbf2-ff9722ef83ee,UNDRR DesInventar Nepal,1996,7,0,Central Region,Sarlahi,UNKNOWN,HEAVY RAINS,0,0,0,1310,82,166,0,0.0,False,,,,,,,,,,,,,,,True,True,True,True
desinventar-6a917af5-5dc9-423a-8d00-a84a63a2a4e5,UNDRR DesInventar Nepal,1996,7,0,Eastern Region,Jhapa,UNKNOWN,OTHER,3,0,0,5532,431,214,0,0.0,False,,,,,,,,,,,,,,,True,True,True,True
desinventar-66f4067d-7d8c-4f34-b6f5-f66b80a552d5,UNDRR DesInventar Nepal,1996,7,0,Eastern Region,Morang,UNKNOWN,OTHER,8,0,0,12645,371,1876,0,0.0,False,,,,,,,,,,,,,,,True,True,True,True
desinventar-c1ae7ba4-a429-4c6e-9955-dcb4f6dbcdf8,UNDRR DesInventar Nepal,1996,7,0,Eastern Region,Siraha,UNKNOWN,OTHER,0,0,0,11586,297,1149,0,0.0,False,,,,,,,,,,,,,,,True,True,True,True
desinventar-329ec219-ade6-4b0f-aaf1-e5c321d6fdcb,UNDRR DesInventar Nepal,1996,7,0,Eastern Region,Sunsari,UNKNOWN,OTHER,3,0,0,56358,2938,6341,0,0.0,False,,,,,,,,,,,,,,,True,True,True,True
desinventar-771a0ee3-9623-48ec-8c96-7b55ed78fc98,UNDRR DesInventar Nepal,1996,7,0,Eastern Region,Udayapur,UNKNOWN,OTHER,4,0,0,39089,808,53,0,0.0,False,,,,,,,,,,,,,,,True,True,True,True
desinventar-1749e9f9-a9bf-4f9c-8ddc-d74b258660a2,UNDRR DesInventar Nepal,1996,7,0,Central Region,Kathmandu,UNKNOWN,OTHER,2,0,2,73,11,1,0,0.0,False,,,,,,,,,,,,,,,True,True,True,True
desinventar-a452b9f4-e8c3-4181-840d-5df6ac8c1b0b,UNDRR DesInventar Nepal,1996,7,0,Mid-Western Region,Banke,UNKNOWN,OTHER,0,0,0,123,5,17,0,0.0,False,,,,,,,,,,,,,,,True,True,True,True
desinventar-c9c7535d-09b7-4d8d-a12f-43c470142181,UNDRR DesInventar Nepal,1996,7,0,Mid-Western Region,Bardiya,UNKNOWN,OTHER,1,0,0,1232,27,40,0,0.0,False,,,,,,,,,,,,,,,True,True,True,True
desinventar-f4fe4b20-0d0a-485f-97a9-885edc40079b,UNDRR DesInventar Nepal,1996,7,0,Mid-Western Region,Dang,UNKNOWN,OTHER,0,0,0,185,6,9,0,0.0,False,,,,,,,,,,,,,,,True,True,True,True
desinventar-328e0f7e-7bb1-404a-98cf-64071289ea34,UNDRR DesInventar Nepal,1998,7,1,Eastern Region,Udayapur,UNKNOWN,HEAVY RAINS,0,0,4,481,1,0,0,0.0,False,,,,,,,,,,,,,,,True,True,True,True
desinventar-eb7dc337-22d9-495f-ba1a-7a06ad7bebd6,UNDRR DesInventar Nepal,1998,7,0,Eastern Region,Jhapa,UNKNOWN,HEAVY RAINS,1,0,0,1858,263,0,0,0.0,False,,,,,,,,,,,,,,,True,True,True,True
desinventar-c45e21f5-8c14-4e64-8e6b-172420c0f984,UNDRR DesInventar Nepal,1998,7,0,Eastern Region,Sunsari,UNKNOWN,HEAVY RAINS,0,0,0,8570,1211,0,0,0.0,False,,,,,,,,,,,,,,,True,True,True,True
desinventar-53e1d666-4ac9-4f11-9707-992fb04a2be1,UNDRR DesInventar Nepal,1998,7,0,Eastern Region,Bhojpur,UNKNOWN,HEAVY RAINS,2,0,0,2041,26,0,0,0.0,False,,,,,,,,,,,,,,,True,True,True,True
desinventar-74655c94-9981-448b-b981-c952d0803833,UNDRR DesInventar Nepal,1998,7,0,Central Region,Kavre,UNKNOWN,HEAVY RAINS,0,0,0,200,37,0,0,0.0,False,,,,,,,,,,,,,,,True,True,True,True
desinventar-4704b100-6d1b-472b-b660-267b3bc62109,UNDRR DesInventar Nepal,1998,7,0,Central Region,Rasuwa,UNKNOWN,HEAVY RAINS,1,0,1,529,31,0,0,0.0,False,,,,,,,,,,,,,,,True,True,True,True
desinventar-1d56cc8b-7a99-4a24-bb6f-22657b31beca,UNDRR DesInventar Nepal,1998,7,0,Central Region,Ramechhap,UNKNOWN,HEAVY RAINS,3,0,0,16,1,0,0,0.0,False,,,,,,,,,,,,,,,True,True,True,True
desinventar-1d371839-258d-42ab-975d-84e64b0e208e,UNDRR DesInventar Nepal,1998,7,0,Central Region,Dhanusa,UNKNOWN,HEAVY RAINS,0,0,0,0,0,0,0,0.0,False,,,,,,,,,,,,,,,True,True,True,True
desinventar-0887cdc1-0891-4aa2-b0a0-3f1d4f32baa3,UNDRR DesInventar Nepal,1998,7,0,Eastern Region,Saptari,UNKNOWN,HEAVY RAINS,0,0,20,57094,1909,0,0,0.0,False,,,,,,,,,,,,,,,True,True,True,True
desinventar-161b1517-09a2-46a2-8502-11780697805b,UNDRR DesInventar Nepal,1998,7,0,Eastern Region,Siraha,UNKNOWN,HEAVY RAINS,1,0,0,1588,1,0,0,0.0,False,,,,,,,,,,,,,,,True,True,True,True
desinventar-05f1d995-0c57-46e5-9c77-93f9a7ccd607,UNDRR DesInventar Nepal,1998,7,0,Far Western Region,Kanchanpur,UNKNOWN,HEAVY RAINS,2,0,0,1706,0,0,0,0.0,False,,,,,,,,,,,,,,,True,True,True,True
desinventar-41e2c861-d09a-4724-b4a9-acf7624dff66,UNDRR DesInventar Nepal,1998,7,0,Central Region,Makwanpur,UNKNOWN,HEAVY RAINS,4,0,0,227,7,0,0,0.0,False,,,,,,,,,,,,,,,True,True,True,True
desinventar-b681b64d-cc9a-4f10-9668-d9a5c9250760,UNDRR DesInventar Nepal,1998,7,0,Central Region,Parsa,UNKNOWN,HEAVY RAINS,4,0,0,2776,0,0,0,0.0,False,,,,,,,,,,,,,,,True,True,True,True
desinventar-8211b8ce-cdf5-4f0b-8ce2-828cd18339c9,UNDRR DesInventar Nepal,1998,7,0,Central Region,Rautahat,UNKNOWN,HEAVY RAINS,2,0,0,59,0,0,0,0.0,False,,,,,,,,,,,,,,,True,True,True,True
desinventar-e644df72-00e4-4a03-855c-e92a4a26a59d,UNDRR DesInventar Nepal,1998,7,0,Central Region,Sarlahi,UNKNOWN,HEAVY RAINS,4,0,0,18306,3142,0,0,0.0,False,,,,,,,,,,,,,,,True,True,True,True
desinventar-a88fa06d-45cd-44d3-8304-e304e5bb653d,UNDRR DesInventar Nepal,1998,7,0,Western Region,Kapilbastu,UNKNOWN,HEAVY RAINS,4,0,0,16266,3184,0,0,0.0,False,,,,,,,,,,,,,,,True,True,True,True
desinventar-fae63cbd-986b-4da9-8ea1-4bc7b8232762,UNDRR DesInventar Nepal,1998,7,0,Western Region,Gorkha,UNKNOWN,HEAVY RAINS,2,0,1,400,13,0,0,0.0,False,,,,,,,,,,,,,,,True,True,True,True
desinventar-55ebcb02-0789-4526-b601-ece6b144b25c,UNDRR DesInventar Nepal,1998,7,0,Western Region,Tanahu,UNKNOWN,HEAVY RAINS,0,0,16,1150,12,0,0,0.0,False,,,,,,,,,,,,,,,True,True,True,True
desinventar-38b6ca5a-7377-4b0d-8fc0-90f8aa01636a,UNDRR DesInventar Nepal,1998,7,0,Western Region,Nawalparasi,UNKNOWN,HEAVY RAINS,0,0,0,1423,0,0,0,0.0,False,,,,,,,,,,,,,,,True,True,True,True
desinventar-d7926801-7950-4987-9d0d-bba3acb5af15,UNDRR DesInventar Nepal,1998,7,0,Western Region,Rupandehi,UNKNOWN,HEAVY RAINS,14,0,4,6458,68,0,0,0.0,False,,,,,,,,,,,,,,,True,True,True,True
desinventar-d51e098a-1018-430e-83d2-11c434d739e2,UNDRR DesInventar Nepal,1998,7,0,Western Region,Syangja,UNKNOWN,HEAVY RAINS,20,0,0,9445,575,0,0,0.0,False,,,,,,,,,,,,,,,True,True,True,True
desinventar-81511933-df1b-4819-8450-9f4848d1dcfc,UNDRR DesInventar Nepal,1998,7,0,Mid-Western Region,Banke,UNKNOWN,HEAVY RAINS,1,0,0,2614,39,0,0,0.0,False,,,,,,,,,,,,,,,True,True,True,True
desinventar-77f9ba3d-cae1-4638-9c39-3cfa8ce3b1d4,UNDRR DesInventar Nepal,1998,7,0,Mid-Western Region,Bardiya,UNKNOWN,HEAVY RAINS,1,0,0,5,0,0,0,0.0,False,,,,,,,,,,,,,,,True,True,True,True
desinventar-a7418f9a-c4a1-47e8-a3bc-7af2a2c642ea,UNDRR DesInventar Nepal,1998,7,0,Mid-Western Region,Dang,UNKNOWN,HEAVY RAINS,3,0,0,54,0,0,0,0.0,False,,,,,,,,,,,,,,,True,True,True,True
desinventar-1f06eb72-8e75-4a3b-ad32-7e62f38c53a4,UNDRR DesInventar Nepal,1998,7,0,Mid-Western Region,Dolpa,UNKNOWN,HEAVY RAINS,0,0,3,113,0,0,0,0.0,False,,,,,,,,,,,,,,,True,True,True,True
desinventar-27a5cb7c-7fd9-4d44-bff3-8f992c56ea54,UNDRR DesInventar Nepal,1998,7,0,Mid-Western Region,Humla,UNKNOWN,HEAVY RAINS,1,0,3,27,4,0,0,0.0,False,,,,,,,,,,,,,,,True,True,True,True
desinventar-1ff4b6ae-8dcc-4f63-8402-59c662ed8e5b,UNDRR DesInventar Nepal,1998,7,0,Mid-Western Region,Rukum,UNKNOWN,HEAVY RAINS,0,0,0,297,0,0,0,0.0,False,,,,,,,,,,,,,,,True,True,True,True
desinventar-b68706d0-27ba-441f-8ae1-6b45421a8c7a,UNDRR DesInventar Nepal,1998,7,0,Mid-Western Region,Surkhet,UNKNOWN,HEAVY RAINS,0,0,0,351,12,0,0,0.0,False,,,,,,,,,,,,,,,True,True,True,True
desinventar-21795d25-0426-4869-aabd-e413a26748e4,UNDRR DesInventar Nepal,1998,7,0,Far Western Region,Baitadi,UNKNOWN,HEAVY RAINS,1,0,0,1247,20,0,0,0.0,False,,,,,,,,,,,,,,,True,True,True,True
desinventar-59e28966-27bc-4446-af16-1eb685722846,UNDRR DesInventar Nepal,1999,7,0,Central Region,Bara,UNKNOWN,HEAVY RAINS,0,0,0,280,36,0,0,0.0,False,,,,,,,,,,,,,,,True,True,True,True
desinventar-5ff0a1ce-65d1-4df9-89e5-a8ffba05eec2,UNDRR DesInventar Nepal,1999,7,0,Central Region,Lalitpur,UNKNOWN,HEAVY RAINS,1,0,3,11,1,0,0,0.0,False,,,,,,,,,,,,,,,True,True,True,True
desinventar-4c1ede54-4c70-4f33-bedf-b231c49f5f7f,UNDRR DesInventar Nepal,1999,7,0,Eastern Region,Saptari,UNKNOWN,HEAVY RAINS,1,0,0,252,1,0,0,0.0,False,,,,,,,,,,,,,,,True,True,True,True
desinventar-3efd7a18-f558-402b-9195-40a3c429a6d2,UNDRR DesInventar Nepal,1999,7,0,Central Region,Dhanusa,UNKNOWN,HEAVY RAINS,2,0,3,134,22,0,0,0.0,False,,,,,,,,,,,,,,,True,True,True,True
desinventar-36fc3fa2-434e-4732-bda6-421674e29b36,UNDRR DesInventar Nepal,1999,7,0,Central Region,Mahotari,UNKNOWN,HEAVY RAINS,1,0,0,8943,442,0,0,0.0,False,,,,,,,,,,,,,,,True,True,True,True
desinventar-99043353-ee04-4039-99c5-a1adedafd8d2,UNDRR DesInventar Nepal,1999,7,0,Eastern Region,Udayapur,UNKNOWN,HEAVY RAINS,11,0,1,2794,41,1,0,0.0,False,,,,,,,,,,,,,,,True,True,True,True
desinventar-abf186c2-6f65-447f-acc0-b9fc4a304186,UNDRR DesInventar Nepal,1999,7,0,Eastern Region,Siraha,UNKNOWN,HEAVY RAINS,0,0,0,801,2,0,0,0.0,False,,,,,,,,,,,,,,,True,True,True,True
desinventar-731d3cef-591b-4648-9929-c724f26a088d,UNDRR DesInventar Nepal,1999,7,0,Central Region,Sindhuli,UNKNOWN,HEAVY RAINS,5,0,0,1170,62,0,0,0.0,False,,,,,,,,,,,,,,,True,True,True,True
desinventar-df19f37f-691a-414d-8e18-26d40336add8,UNDRR DesInventar Nepal,1999,7,0,Western Region,Arghakanchi,UNKNOWN,HEAVY RAINS,2,0,0,991,97,99,0,0.0,False,,,,,,,,,,,,,,,True,True,True,True
desinventar-3c5e8e61-c616-4ce8-8dad-65d683cb75b9,UNDRR DesInventar Nepal,1999,7,0,Eastern Region,Jhapa,UNKNOWN,HEAVY RAINS,4,0,0,4771,160,91,0,0.0,False,,,,,,,,,,,,,,,True,True,True,True
desinventar-e799903c-4986-4741-87fc-f67f6e1ac31c,UNDRR DesInventar Nepal,1999,7,0,Eastern Region,Ilam,UNKNOWN,HEAVY RAINS,0,0,0,291,16,0,0,0.0,False,,,,,,,,,,,,,,,True,True,True,True
desinventar-c2a067f5-e154-4811-8de6-9a796236306a,UNDRR DesInventar Nepal,1999,7,0,Eastern Region,Sunsari,UNKNOWN,HEAVY RAINS,0,0,0,6,0,0,0,0.0,False,,,,,,,,,,,,,,,True,True,True,True
desinventar-f7807ab5-34ea-4230-9bdc-209302af832b,UNDRR DesInventar Nepal,1999,7,0,Central Region,Chitawan,UNKNOWN,HEAVY RAINS,13,0,0,4714,0,0,0,0.0,False,,,,,,,,,,,,,,,True,True,True,True
desinventar-6a140da1-aa59-494d-82c4-b9c682e5bdd8,UNDRR DesInventar Nepal,1999,7,0,Central Region,Parsa,UNKNOWN,HEAVY RAINS,0,0,0,893,1,13,0,0.0,False,,,,,,,,,,,,,,,True,True,True,True
desinventar-7e455f84-279e-4587-893d-58ee12436b31,UNDRR DesInventar Nepal,1999,7,0,Central Region,Rautahat,UNKNOWN,HEAVY RAINS,1,0,0,129,18,0,0,0.0,False,,,,,,,,,,,,,,,True,True,True,True
desinventar-ff59a061-7d10-4107-9574-08f56f1b3c87,UNDRR DesInventar Nepal,1999,7,0,Central Region,Sarlahi,UNKNOWN,HEAVY RAINS,0,0,1,11,1,0,0,0.0,False,,,,,,,,,,,,,,,True,True,True,True
desinventar-6dc055e1-d365-4438-9f87-ff8af89d3c5a,UNDRR DesInventar Nepal,1999,7,0,Western Region,Nawalparasi,UNKNOWN,HEAVY RAINS,2,0,0,913,1,0,0,0.0,False,,,,,,,,,,,,,,,True,True,True,True
desinventar-7bac2efa-a0d5-4490-a0f5-9eb5f4c27e15,UNDRR DesInventar Nepal,1999,7,0,Western Region,Rupandehi,UNKNOWN,HEAVY RAINS,3,0,1,185,5,25,0,0.0,False,,,,,,,,,,,,,,,True,True,True,True
desinventar-bc301252-e8ce-4f93-9bd4-aa95c200e84f,UNDRR DesInventar Nepal,1999,7,0,Western Region,Syangja,UNKNOWN,HEAVY RAINS,3,0,6,1848,63,7,0,0.0,False,,,,,,,,,,,,,,,True,True,True,True
desinventar-34bcac02-fd14-4119-8839-9b1b86707bff,UNDRR DesInventar Nepal,1999,7,0,Mid-Western Region,Bardiya,UNKNOWN,HEAVY RAINS,0,0,0,230,0,0,0,0.0,False,,,,,,,,,,,,,,,True,True,True,True
desinventar-b5e60717-d566-44a2-a3d0-a33c2dc8fd44,UNDRR DesInventar Nepal,1999,7,0,Mid-Western Region,Humla,UNKNOWN,HEAVY RAINS,0,0,0,2615,25,3,0,0.0,False,,,,,,,,,,,,,,,True,True,True,True
desinventar-83f91b57-6252-4999-b19c-b54ae4303de8,UNDRR DesInventar Nepal,1974,8,3,Eastern Region,Dhankuta,RAJARANI,HEAVY RAINS,0,0,0,0,0,0,0,0.0,False,,,,,,,,,,,,,,,True,True,True,True
desinventar-f2834ae4-d99b-49cc-b309-c96714a5a4b6,UNDRR DesInventar Nepal,2007,7,25,Mid-Western Region,Dang,DHIKPUR,HEAVY RAINS,1,0,0,0,0,0,0,0.0,False,,,,,,,,,,,,,,,True,True,True,True
desinventar-48c6ffb3-1b60-488b-9850-49d4098751b8,UNDRR DesInventar Nepal,2005,10,15,Mid-Western Region,Jajarkot,UNKNOWN,OTHER,0,0,0,0,0,0,0,0.0,False,,,,,,,,,,,,,,,True,True,True,True
desinventar-7bdc3b16-1fb2-4cb8-a367-52f077ce7738,UNDRR DesInventar Nepal,2005,8,15,Central Region,Sarlahi,UNKNOWN,RAIN,0,0,0,0,0,0,0,0.0,False,,,,,,,,,,,,,,,True,True,True,True
desinventar-023eeeab-8415-4084-b5e5-d19a0b495162,UNDRR DesInventar Nepal,2005,8,26,Central Region,Sindhuli,Kusheswar Dumja,RAIN,2,0,0,0,0,0,0,0.0,False,,,,,,,,,,,,,,,True,True,True,True
desinventar-6ac8dec8-6b53-46d7-b953-c6da024f10eb,UNDRR DesInventar Nepal,2005,8,20,Central Region,Kavre,MAHADEVSTHAN MANDAN,RAIN,1,0,0,0,0,0,0,0.0,False,,,,,,,,,,,,,,,True,True,True,True
desinventar-49b41bff-50d8-415a-ba24-9ae056b8c9e6,UNDRR DesInventar Nepal,2005,8,25,Mid-Western Region,Pyuthan,MARANTHANA,OTHER,1,0,0,0,0,0,0,0.0,False,,,,,,,,,,,,,,,True,True,True,True
desinventar-fc418981-48f5-4df9-a968-c9b7b44a9f9a,UNDRR DesInventar Nepal,2005,8,26,Eastern Region,Siraha,Lahan Municipality,RAIN,0,0,0,0,2,0,0,0.0,False,,,,,,,,,,,,,,,True,True,True,True
desinventar-506051d1-8a77-4f3a-b08c-c33955a69966,UNDRR DesInventar Nepal,2005,8,26,Eastern Region,Siraha,Bariya Patti,RAIN,0,0,0,0,0,0,0,100.0,True,,,,,,,,,,,,,,,True,True,True,True
desinventar-97253aef-9fc0-4e1a-b3a4-095ad901550d,UNDRR DesInventar Nepal,2005,8,27,Eastern Region,Morang,UNKNOWN,RAIN,0,0,0,0,0,0,0,0.0,True,,,,,,,,,,,,,,,True,True,True,True
desinventar-4b9ac2f6-ab0a-4b88-811c-ee471a251b4d,UNDRR DesInventar Nepal,2005,8,27,Eastern Region,Sunsari,UNKNOWN,RAIN,0,0,0,0,0,0,0,0.0,False,,,,,,,,,,,,,,,True,True,True,True
desinventar-245c2e07-9c6e-4a47-b9d9-3cfa5f5f93b4,UNDRR DesInventar Nepal,2005,8,27,Central Region,Dhanusa,Janakpur Municipality,RAIN,0,0,0,0,0,0,0,0.0,True,,,,,,,,,,,,,,,True,True,True,True
desinventar-37fccea3-cd1a-459e-9b43-3092580e75ee,UNDRR DesInventar Nepal,2005,8,27,Central Region,Mahotari,Sarpallo,RAIN,0,0,0,0,0,0,0,20.0,True,,,,,,,,,,,,,,,True,True,True,True
desinventar-5954a07f-1c7b-4a20-ab36-884da77dfd2c,UNDRR DesInventar Nepal,2005,8,26,Central Region,Makwanpur,SUKAURA,RAIN,0,0,0,5,1,0,0,0.0,True,,,,,,,,,,,,,,,True,True,True,True
desinventar-02920f77-e5d9-4797-81cf-861f25a3a042,UNDRR DesInventar Nepal,2005,8,26,Central Region,Makwanpur,THINGAN,RAIN,0,0,0,0,1,0,0,0.0,False,,,,,,,,,,,,,,,True,True,True,True
desinventar-5cd432be-53c3-484d-a56d-11a1eb88655a,UNDRR DesInventar Nepal,2005,8,26,Central Region,Makwanpur,BASMADI,RAIN,0,0,0,5,1,0,0,0.0,False,,,,,,,,,,,,,,,True,True,True,True
desinventar-d7d6e6e6-57cd-404b-bf4f-17bb59869c28,UNDRR DesInventar Nepal,2005,8,27,Central Region,Makwanpur,CHITLANG,RAIN,0,0,0,20,4,0,0,0.0,False,,,,,,,,,,,,,,,True,True,True,True
desinventar-8f958857-027c-4c10-bbfb-fa96a2cb8874,UNDRR DesInventar Nepal,2005,8,16,Central Region,Bara,PIPARA,RAIN,0,0,0,10000,0,0,0,0.0,False,,,,,,,,,,,,,,,True,True,True,True
desinventar-5b283a5f-a730-4ec8-85f2-05881d1affd1,UNDRR DesInventar Nepal,2005,9,25,Far Western Region,Kanchanpur,MAHENDRA NAGAR N.P.,OTHER,0,0,0,0,0,43,0,0.0,False,,,,,,,,,,,,,,,True,True,True,True
desinventar-d7fc06f5-757c-469a-936e-a4db7a8eea22,UNDRR DesInventar Nepal,2005,10,19,Mid-Western Region,Dang,UNKNOWN,UNKNOWN,1,0,0,0,24,0,0,0.0,False,,,,,,,,,,,,,,,True,True,True,True
desinventar-ea2fa34f-51a5-47e6-8fb4-21fe7bfc163b,UNDRR DesInventar Nepal,2005,10,28,Central Region,Dhading,JYAMRUNG,OTHER,2,0,1,0,0,0,0,0.0,False,,,,,,,,,,,,,,,True,True,True,True
desinventar-80b497c5-0067-4918-8a51-c3625562f697,UNDRR DesInventar Nepal,2005,7,4,Eastern Region,Saptari,UNKNOWN,RAIN,0,0,0,0,0,0,0,0.0,False,,,,,,,,,,,,,,,True,True,True,True
desinventar-2b9e03e8-b052-4ad8-ae00-cd4a1d7682f2,UNDRR DesInventar Nepal,2005,6,22,Eastern Region,Udayapur,Trijuga Municipality,RAIN,0,0,0,0,0,0,0,0.0,True,,,,,,,,,,,,,,,True,True,True,True
desinventar-7de65624-0f44-48e1-a1fa-3da23bd93eef,UNDRR DesInventar Nepal,2005,6,27,Eastern Region,Jhapa,UNKNOWN,RAIN,0,0,0,0,0,0,0,12000.0,True,,,,,,,,,,,,,,,True,True,True,True
desinventar-ed4612c6-7278-4cd8-93af-b8d30898bf3b,UNDRR DesInventar Nepal,2005,7,3,Eastern Region,Morang,Rangeli,RAIN,1,0,0,0,0,0,0,0.0,False,,,,,,,,,,,,,,,True,True,True,True
desinventar-0fb6cfdc-3a83-4927-a01a-a5850d201f22,UNDRR DesInventar Nepal,2005,7,13,Far Western Region,Kanchanpur,UNKNOWN,RAIN,0,0,0,250,50,0,0,0.0,False,,,,,,,,,,,,,,,True,True,True,True
desinventar-1eeba314-2483-4557-8b99-ee5dddc132a0,UNDRR DesInventar Nepal,2005,6,1,Mid-Western Region,Pyuthan,UNKNOWN,RAIN,2,0,0,0,0,0,0,0.0,False,,,,,,,,,,,,,,,True,True,True,True
desinventar-5a9cb436-a196-4dbf-9d4e-f65e71494193,UNDRR DesInventar Nepal,2005,6,21,Eastern Region,Saptari,UNKNOWN,RAIN,0,0,0,0,0,0,0,0.0,True,,,,,,,,,,,,,,,True,True,True,True
desinventar-d93ccb40-e78d-435f-ba61-c9d8f483bb62,UNDRR DesInventar Nepal,2005,6,21,Eastern Region,Saptari,GOBARGADHA,RAIN,0,0,0,0,30,0,0,0.0,False,,,,,,,,,,,,,,,True,True,True,True
desinventar-5ec1f74f-574a-416f-bf45-926b6432baa7,UNDRR DesInventar Nepal,2005,7,26,Western Region,Lamjung,DHODENI,RAIN,0,0,0,0,0,0,0,0.0,False,,,,,,,,,,,,,,,True,True,True,True
desinventar-da1902bb-8541-4e6f-bb39-751516778b65,UNDRR DesInventar Nepal,2005,8,7,Eastern Region,Jhapa,DAMAK MUN.,RAIN,0,0,0,655,0,0,85,0.0,False,,,,,,,,,,,,,,,True,True,True,True
desinventar-e7a0466b-0f68-4bc3-a904-052e7a5f13f8,UNDRR DesInventar Nepal,2008,7,8,Eastern Region,Udayapur,Sundarpur,RAIN,1,0,0,0,0,0,0,0.0,False,,,,,,,,,,,,,,,True,True,True,True
desinventar-eb4c3b95-7cd5-4bdc-8f6c-d0ccd140bc49,UNDRR DesInventar Nepal,2005,8,13,Eastern Region,Morang,Amardaha,RAIN,2,0,0,0,0,0,0,0.0,False,,,,,,,,,,,,,,,True,True,True,True
desinventar-962dcdfb-406e-428a-bfde-cdd74380dcab,UNDRR DesInventar Nepal,2005,8,14,Far Western Region,Doti,DIPAYAL SILGADHI,RAIN,0,0,0,12,0,0,0,0.0,False,,,,,,,,,,,,,,,True,True,True,True
desinventar-a9acc428-75da-4ff2-b886-bbbea68b3a82,UNDRR DesInventar Nepal,2005,7,19,Far Western Region,Kanchanpur,PIPALADI,RAIN,0,0,0,300,0,0,0,0.0,False,,,,,,,,,,,,,,,True,True,True,True
desinventar-23db3066-53ed-44b2-bf02-621b1ed157a9,UNDRR DesInventar Nepal,2005,7,22,Eastern Region,Udayapur,Laphagau,RAIN,1,0,0,0,0,0,0,0.0,False,,,,,,,,,,,,,,,True,True,True,True
desinventar-52be053f-c992-4fa7-84ab-1f3984773e75,UNDRR DesInventar Nepal,2005,8,6,Central Region,Kavre,BANEPA MUNICIPALITY,RAIN,1,0,0,0,0,0,0,0.0,False,,,,,,,,,,,,,,,True,True,True,True
desinventar-de375988-af8f-427a-b9ca-d9ae0807be4d,UNDRR DesInventar Nepal,2005,7,30,Eastern Region,Taplejung,PHAWAKHOLA,RAIN,0,0,0,0,0,0,0,0.0,True,,,,,,,,,,,,,,,True,True,True,True
desinventar-42374a6d-899d-4087-a524-edaadeed8cd6,UNDRR DesInventar Nepal,2004,8,23,Central Region,Dhading,SATYADEVI,RAIN,0,0,0,500,12,0,0,0.0,False,,,,,,,,,,,,,,,True,True,True,True
desinventar-6c376108-b9c8-4ef3-8024-c3ce88887f73,UNDRR DesInventar Nepal,2004,7,30,Mid-Western Region,Bardiya,UNKNOWN,UNKNOWN,0,0,0,0,0,0,0,0.0,False,,,,,,,,,,,,,,,True,True,True,True
desinventar-2d562c3d-5cb1-40f3-b9b4-e7f6aef3db47,UNDRR DesInventar Nepal,2004,8,20,Western Region,Nawalparasi,KOLHUWA,RAIN,0,0,0,140,0,0,0,0.0,False,,,,,,,,,,,,,,,True,True,True,True
desinventar-9e7b14af-0fd9-4253-9019-0c8ab245ec58,UNDRR DesInventar Nepal,2004,7,28,Central Region,Ramechhap,Ramechhap,RAIN,6,0,0,0,0,880,0,0.0,False,,,,,,,,,,,,,,,True,True,True,True
desinventar-b5293ba5-43f6-4dee-bbfa-4f1de0024e81,UNDRR DesInventar Nepal,2004,7,26,Central Region,Sarlahi,UNKNOWN,UNKNOWN,0,0,0,25000,0,0,0,0.0,False,,,,,,,,,,,,,,,True,True,True,True
desinventar-8e37c5fe-3ba9-4c9c-9e49-cf3438f38904,UNDRR DesInventar Nepal,2004,7,26,Eastern Region,Udayapur,Panchwati,RAIN,1,0,0,0,0,0,0,0.0,False,,,,,,,,,,,,,,,True,True,True,True
desinventar-29363303-e208-4637-a0b4-6f3762000874,UNDRR DesInventar Nepal,2004,8,6,Eastern Region,Udayapur,Rampur,RAIN,1,0,0,0,0,0,0,0.0,False,,,,,,,,,,,,,,,True,True,True,True
desinventar-4282c13d-c8ac-4db7-abf7-1a751e97bbba,UNDRR DesInventar Nepal,2004,9,12,Western Region,Lamjung,CHANDRESHWAR,RAIN,0,0,0,0,0,0,0,0.0,False,,,,,,,,,,,,,,,True,True,True,True
desinventar-dca2b65e-a4ff-4ec5-98c6-19cca87c3a42,UNDRR DesInventar Nepal,2004,9,11,Western Region,Myagdi,UNKNOWN,UNKNOWN,0,0,0,0,0,0,0,0.0,True,,,,,,,,,,,,,,,True,True,True,True
desinventar-a0c503aa-3793-4967-bca6-0856de6dfe97,UNDRR DesInventar Nepal,2004,9,11,Western Region,Syangja,BHATKHOLA,RAIN,0,2,0,0,2,0,0,0.0,False,,,,,,,,,,,,,,,True,True,True,True
desinventar-49709083-5610-423a-9a9e-ff568a7c4b2d,UNDRR DesInventar Nepal,2004,9,11,Western Region,Syangja,PHEDIKHOLA,RAIN,1,0,0,0,1,0,0,200.0,True,,,,,,,,,,,,,,,True,True,True,True
desinventar-b5b52dd3-492d-4eb4-ae95-1edbe9800f6a,UNDRR DesInventar Nepal,2004,9,15,Far Western Region,Baitadi,SIDDHESWOR,RAIN,2,4,0,0,0,0,0,0.0,False,,,,,,,,,,,,,,,True,True,True,True
desinventar-3af217c7-a534-47e2-99cf-0d681cbc07cb,UNDRR DesInventar Nepal,2004,9,14,Western Region,Kaski,LEKHNATH_MP,RAIN,0,0,0,0,0,0,0,0.0,False,,,,,,,,,,,,,,,True,True,True,True
desinventar-c6ffcaa7-018c-49ad-9316-e1b57848be77,UNDRR DesInventar Nepal,2004,9,12,Central Region,Nuwakot,GERKHU,RAIN,1,0,0,50,3,0,0,0.0,True,,,,,,,,,,,,,,,True,True,True,True
desinventar-51a50da2-1f3d-4b31-90c7-7fecc680be7a,UNDRR DesInventar Nepal,2004,9,8,Eastern Region,Sunsari,Mahendranagar,RAIN,0,0,0,0,1,0,0,0.0,False,,,,,,,,,,,,,,,True,True,True,True
desinventar-2b2497c0-0bbe-45f0-aeca-7eff11406a3b,UNDRR DesInventar Nepal,2004,9,6,Eastern Region,Udayapur,Hadiya,RAIN,1,0,0,0,0,0,0,0.0,False,,,,,,,,,,,,,,,True,True,True,True
desinventar-5329b2ff-c786-46e8-a5e5-05e2fb1c1ae6,UNDRR DesInventar Nepal,2004,9,9,Western Region,Rupandehi,BUTAWAL_NP,RAIN,0,0,0,0,0,0,0,0.0,False,,,,,,,,,,,,,,,True,True,True,True
desinventar-aef34fae-80d5-4969-b7e9-dee63f1b25f4,UNDRR DesInventar Nepal,2004,10,8,Mid-Western Region,Dang,TRIBHUVANNAGAR_MUNI.,RAIN,1,0,0,0,0,0,0,0.0,False,,,,,,,,,,,,,,,True,True,True,True
desinventar-4d706f1b-2f3f-45fd-8c83-340d94e888ea,UNDRR DesInventar Nepal,2004,10,7,Mid-Western Region,Dang,DHARNA,RAIN,1,0,0,0,0,0,0,0.0,False,,,,,,,,,,,,,,,True,True,True,True
desinventar-9cd7f8b6-8458-45b0-8b37-a2dbfe8f0947,UNDRR DesInventar Nepal,2004,10,7,Mid-Western Region,Dang,TRIBHUVANNAGAR_MUNI.,RAIN,0,0,0,0,0,0,0,0.0,False,,,,,,,,,,,,,,,True,True,True,True
desinventar-fb733554-f6f2-49be-84b6-5934108868e8,UNDRR DesInventar Nepal,2004,10,7,Mid-Western Region,Dang,UNKNOWN,RAIN,0,0,0,0,0,0,0,0.0,False,,,,,,,,,,,,,,,True,True,True,True
desinventar-4f0dbd25-40bf-41f0-a28b-15fd1cb4c7f4,UNDRR DesInventar Nepal,2004,9,20,Central Region,Dhading,SERTUNG,RAIN,0,2,0,0,0,0,0,0.0,False,,,,,,,,,,,,,,,True,True,True,True
desinventar-d5ca1fe3-426a-4570-82c6-a85814d92947,UNDRR DesInventar Nepal,2004,10,5,Eastern Region,Udayapur,Beltar,RAIN,0,0,0,5000,0,0,0,400.0,True,,,,,,,,,,,,,,,True,True,True,True
desinventar-f7b121fb-28ba-4f4b-acc3-436028220ce6,UNDRR DesInventar Nepal,2004,4,12,Western Region,Tanahu,DULEGAUNDA,HEAVY RAINS,1,0,0,0,0,0,0,0.0,False,,,,,,,,,,,,,,,True,True,True,True
desinventar-8aed5b63-5402-422b-8c77-5350a5ad3595,UNDRR DesInventar Nepal,2004,3,15,Central Region,Sindhuli,UNKNOWN,HEAVY RAINS,0,0,0,0,0,0,8,0.0,False,,,,,,,,,,,,,,,True,True,True,True
desinventar-b4bcd072-7ec9-43bc-8262-0936f76afc03,UNDRR DesInventar Nepal,2004,5,15,Central Region,Nuwakot,BIDUR MUNICIPALITY,UNKNOWN,0,0,0,0,0,0,0,0.0,False,,,,,,,,,,,,,,,True,True,True,True
desinventar-d09a5981-6350-4c6c-ae07-f13d22c30d1b,UNDRR DesInventar Nepal,2004,5,28,Mid-Western Region,Mugu,ROWA,HEAVY RAINS,0,0,0,550,0,0,0,0.0,False,,,,,,,,,,,,,,,True,True,True,True
desinventar-9132a634-8d46-46cb-a314-5ac5276ac62c,UNDRR DesInventar Nepal,2004,5,18,Central Region,Nuwakot,CHHAP,OTHER,2,0,0,0,0,0,0,0.0,False,,,,,,,,,,,,,,,True,True,True,True
desinventar-33d81cb2-4087-40ed-8b8b-81243ac90fcd,UNDRR DesInventar Nepal,2004,5,21,Central Region,Dhading,UNKNOWN,HEAVY RAINS,0,0,0,0,0,0,0,0.0,True,,,,,,,,,,,,,,,True,True,True,True
desinventar-07cb7159-68d4-4321-ace0-604874f7857c,UNDRR DesInventar Nepal,2004,7,12,Central Region,Rautahat,DUMARIYA,RAIN,1,0,0,0,0,0,0,0.0,False,,,,,,,,,,,,,,,True,True,True,True
desinventar-8ba2317e-4ccb-465c-80e7-9158ea1ee9bb,UNDRR DesInventar Nepal,2004,7,12,Central Region,Sarlahi,UNKNOWN,RAIN,0,0,0,1500,0,104,0,0.0,True,,,,,,,,,,,,,,,True,True,True,True
desinventar-87a9707e-1218-4da5-88ef-5d0dd16d1539,UNDRR DesInventar Nepal,2004,7,11,Eastern Region,Morang,Hoklabari,RAIN,0,0,0,0,0,0,0,0.0,False,,,,,,,,,,,,,,,True,True,True,True
desinventar-eebdf4db-ccba-481b-b80e-0a7708add774,UNDRR DesInventar Nepal,2004,7,11,Eastern Region,Morang,Bahuni,RAIN,0,0,0,750,0,0,0,0.0,False,,,,,,,,,,,,,,,True,True,True,True
desinventar-13ab1208-7c2d-4786-b42e-09cbdd4ec765,UNDRR DesInventar Nepal,2004,7,10,Eastern Region,Udayapur,Rampur,RAIN,0,0,0,0,9,0,0,0.0,False,,,,,,,,,,,,,,,True,True,True,True
desinventar-1fc30c8a-a77f-42dd-99f3-6b6b14a4b0fd,UNDRR DesInventar Nepal,2004,7,10,Eastern Region,Udayapur,Katari,RAIN,0,0,0,0,17,0,0,0.0,True,,,,,,,,,,,,,,,True,True,True,True
desinventar-267baeb3-7110-49e5-8959-98c7dee14696,UNDRR DesInventar Nepal,2004,7,12,Central Region,Rautahat,BANJARHA,RAIN,2,5,0,0,0,0,0,0.0,False,,,,,,,,,,,,,,,True,True,True,True
desinventar-cb199c59-dfd5-438a-bfe4-12efb27b4d07,UNDRR DesInventar Nepal,2004,7,11,Central Region,Sarlahi,SUNDARPUR,RAIN,3,0,0,0,0,0,0,0.0,False,,,,,,,,,,,,,,,True,True,True,True
desinventar-e11664dc-b500-41b9-9016-b460d69fbacb,UNDRR DesInventar Nepal,2004,7,10,Central Region,Bara,INARWASIRA,RAIN,1,0,0,0,0,0,0,0.0,False,,,,,,,,,,,,,,,True,True,True,True
desinventar-8ab49366-f1f2-4796-b544-d5d25589c5d1,UNDRR DesInventar Nepal,2004,7,11,Central Region,Bara,PATERWA,RAIN,1,0,0,0,0,0,0,0.0,False,,,,,,,,,,,,,,,True,True,True,True
desinventar-53a5d549-d761-453b-99c4-052404e3a331,UNDRR DesInventar Nepal,2004,7,11,Eastern Region,Udayapur,Hadiya,RAIN,0,1,0,0,0,0,0,0.0,False,,,,,,,,,,,,,,,True,True,True,True
desinventar-e2797692-3298-4af9-88d1-c89cc09483bc,UNDRR DesInventar Nepal,2004,7,11,Eastern Region,Udayapur,Risku,RAIN,1,0,0,0,0,0,0,0.0,False,,,,,,,,,,,,,,,True,True,True,True
desinventar-ee4010ca-f4f6-4ba8-9537-1a53d2864eb0,UNDRR DesInventar Nepal,2004,7,12,Central Region,Dhanusa,Enarwa,RAIN,1,0,0,0,0,0,0,0.0,False,,,,,,,,,,,,,,,True,True,True,True
desinventar-7539521e-6660-4a4b-850b-a3de1c49f9a8,UNDRR DesInventar Nepal,2004,7,12,Central Region,Sarlahi,HARIPUR,RAIN,0,0,0,0,0,0,0,0.0,True,,,,,,,,,,,,,,,True,True,True,True
desinventar-1e3d3798-c4df-4091-a674-9278f52562b7,UNDRR DesInventar Nepal,2004,7,7,Eastern Region,Jhapa,GHAILADUWA,RAIN,0,0,0,1000,0,0,0,0.0,True,,,,,,,,,,,,,,,True,True,True,True
desinventar-0346f373-7556-4f0a-8ea0-51cbc9aca6a8,UNDRR DesInventar Nepal,2004,7,13,Eastern Region,Okhaldhunga,HARKAPUR,RAIN,0,2,0,355,0,0,0,0.0,False,,,,,,,,,,,,,,,True,True,True,True
desinventar-c9f14834-755c-4d0b-a1ac-8fe6e3e6922e,UNDRR DesInventar Nepal,2004,7,12,Eastern Region,Okhaldhunga,THAKLE,RAIN,0,1,0,0,0,0,0,0.0,False,,,,,,,,,,,,,,,True,True,True,True
desinventar-23545b83-28fe-4cea-907f-bb51114c9a24,UNDRR DesInventar Nepal,2004,7,14,Eastern Region,Siraha,Bariya Patti,RAIN,1,0,0,0,0,0,0,0.0,True,,,,,,,,,,,,,,,True,True,True,True
desinventar-71cec34e-89ea-48cb-ad49-bc5b60a29963,UNDRR DesInventar Nepal,2004,7,13,Eastern Region,Saptari,BADAGAMA,RAIN,0,1,0,0,0,0,0,0.0,False,,,,,,,,,,,,,,,True,True,True,True
desinventar-4886bf3a-8cae-4cdd-bcd9-6d2b1afa82e7,UNDRR DesInventar Nepal,2004,7,12,Central Region,Dhanusa,UNKNOWN,RAIN,0,0,0,0,0,0,0,0.0,False,,,,,,,,,,,,,,,True,True,True,True
desinventar-603fd75b-bcb3-469a-b8a1-19d115dbc740,UNDRR DesInventar Nepal,2004,7,12,Central Region,Rautahat,INARWARI,RAIN,2,0,0,0,0,0,0,0.0,False,,,,,,,,,,,,,,,True,True,True,True
desinventar-05f81ba7-ba19-423e-bd20-1e6c8f71144c,UNDRR DesInventar Nepal,2004,7,12,Eastern Region,Udayapur,Risku,RAIN,1,0,0,0,0,0,0,0.0,False,,,,,,,,,,,,,,,True,True,True,True
desinventar-66870410-a714-4efd-9291-b107abe42d55,UNDRR DesInventar Nepal,2004,7,12,Eastern Region,Siraha,Lahan Municipality,RAIN,0,0,0,0,0,0,0,0.0,False,,,,,,,,,,,,,,,True,True,True,True
desinventar-7e9ed481-b407-4690-b61c-4a08ce246e55,UNDRR DesInventar Nepal,2004,7,12,Eastern Region,Morang,Majhare,RAIN,1,0,0,0,0,0,0,0.0,False,,,,,,,,,,,,,,,True,True,True,True
desinventar-4f6972a1-1db6-4c2a-a933-8e97acc520b4,UNDRR DesInventar Nepal,2004,7,12,Eastern Region,Morang,Hasanda,RAIN,0,0,0,0,0,0,0,0.0,False,,,,,,,,,,,,,,,True,True,True,True
desinventar-f64a9163-c14d-42c0-8a58-382dca72ed7d,UNDRR DesInventar Nepal,2004,7,12,Central Region,Mahotari,Gonarpura,RAIN,1,0,0,0,0,0,0,0.0,False,,,,,,,,,,,,,,,True,True,True,True
desinventar-e98ee12c-22ab-4d3d-95fc-bd618c3d65b5,UNDRR DesInventar Nepal,2004,7,12,Central Region,Sarlahi,JABDI,RAIN,1,0,0,0,0,0,0,0.0,False,,,,,,,,,,,,,,,True,True,True,True
desinventar-2a2e820f-eccc-4e1b-bf36-8b5a36be4f33,UNDRR DesInventar Nepal,2004,7,12,Eastern Region,Siraha,Badaharamal,UNKNOWN,0,0,0,195,39,0,0,0.0,False,,,,,,,,,,,,,,,True,True,True,True
desinventar-0430be8c-471b-4f99-b9ea-6b03f61e2a51,UNDRR DesInventar Nepal,2004,7,12,Eastern Region,Siraha,Dhodhana,UNKNOWN,1,0,0,0,0,0,0,0.0,False,,,,,,,,,,,,,,,True,True,True,True
desinventar-b7db5d98-dc6d-4504-8c0e-17f81c859fef,UNDRR DesInventar Nepal,2004,7,12,Eastern Region,Udayapur,Chilaune,RAIN,1,0,0,0,0,0,0,0.0,False,,,,,,,,,,,,,,,True,True,True,True
desinventar-d11b0b99-0957-40d2-b923-5331674e0c9d,UNDRR DesInventar Nepal,2004,7,9,Eastern Region,Jhapa,GOLDHAP,RAIN,0,1,0,0,0,0,0,0.0,False,,,,,,,,,,,,,,,True,True,True,True
desinventar-6b55b42a-37c4-46f7-b414-4a18c5cbd4a9,UNDRR DesInventar Nepal,2004,7,11,Eastern Region,Sunsari,Panchakanya,RAIN,0,0,0,0,0,0,0,0.0,True,,,,,,,,,,,,,,,True,True,True,True
desinventar-c6227ecf-5e20-4d42-80a8-6a8631c92f33,UNDRR DesInventar Nepal,2004,7,11,Central Region,Mahotari,Shreepur,RAIN,1,0,0,0,0,0,0,0.0,False,,,,,,,,,,,,,,,True,True,True,True
desinventar-09d9ca8a-0abc-49a9-a920-f19f3ba86b56,UNDRR DesInventar Nepal,2004,7,11,Central Region,Mahotari,Aurahi,RAIN,2,0,0,0,0,0,0,0.0,False,,,,,,,,,,,,,,,True,True,True,True
desinventar-d9e7928c-1911-4706-9fc6-626e39e9646e,UNDRR DesInventar Nepal,2004,7,0,Mid-Western Region,Kalikot,MUMRA,UNKNOWN,0,0,0,0,0,0,0,0.0,False,,,,,,,,,,,,,,,True,True,True,True
desinventar-4cc0d544-92f9-46e2-b0c6-890fd1657719,UNDRR DesInventar Nepal,2004,7,11,Central Region,Sindhuli,Kusheswar Dumja,RAIN,1,0,0,250,100,0,0,0.0,True,,,,,,,,,,,,,,,True,True,True,True
desinventar-8d95ea1a-c763-43c5-9e52-6d455f78612c,UNDRR DesInventar Nepal,2004,7,7,Eastern Region,Ilam,MAHAMAI,RAIN,1,0,0,0,0,0,0,0.0,False,,,,,,,,,,,,,,,True,True,True,True
desinventar-ea578cca-98e4-4e8f-8971-a9f06762c30c,UNDRR DesInventar Nepal,2004,7,12,Eastern Region,Udayapur,Risku,RAIN,1,0,0,0,0,0,0,0.0,False,,,,,,,,,,,,,,,True,True,True,True
desinventar-5c6c21be-a9ff-40a9-86b7-cc90bcd25be6,UNDRR DesInventar Nepal,2004,7,10,Central Region,Makwanpur,HETAUDA MUNICIPALITY,RAIN,0,0,0,0,0,0,0,0.0,False,,,,,,,,,,,,,,,True,True,True,True
desinventar-fcf1cb6c-0c7b-4b93-a0d3-caf3ef6fb681,UNDRR DesInventar Nepal,2004,7,9,Western Region,Tanahu,AANBUKHAIRENI,RAIN,0,0,0,0,0,0,0,0.0,True,,,,,,,,,,,,,,,True,True,True,True
desinventar-e445421b-f20d-4746-a128-422dc7b40fc5,UNDRR DesInventar Nepal,2004,7,9,Central Region,Chitawan,UNKNOWN,RAIN,0,0,0,0,0,0,0,0.0,False,,,,,,,,,,,,,,,True,True,True,True
desinventar-782a4ab4-4604-487f-8626-581a3b992e0d,UNDRR DesInventar Nepal,2004,7,8,Eastern Region,Siraha,Lahan Municipality,RAIN,0,0,0,2500,0,0,0,0.0,True,,,,,,,,,,,,,,,True,True,True,True
desinventar-16294cec-a823-45d9-bd4e-97eabfac6a29,UNDRR DesInventar Nepal,2004,7,7,Eastern Region,Jhapa,GHAILADUWA,RAIN,0,0,0,0,0,0,0,0.0,True,,,,,,,,,,,,,,,True,True,True,True
desinventar-1b284dd5-6e11-4d64-bfc7-378e09057a67,UNDRR DesInventar Nepal,2004,7,11,Central Region,Mahotari,Bathnaha,RAIN,2,0,0,0,0,0,0,0.0,False,,,,,,,,,,,,,,,True,True,True,True
desinventar-128e2563-780c-4927-8b0e-dbe03a84c18c,UNDRR DesInventar Nepal,2004,7,10,Central Region,Ramechhap,Okhreni,RAIN,1,0,0,0,0,0,0,0.0,True,,,,,,,,,,,,,,,True,True,True,True
desinventar-f03f1902-6cf0-4c0a-874f-3fe79a788bd6,UNDRR DesInventar Nepal,2004,7,11,Central Region,Chitawan,KUMROJ,UNKNOWN,0,1,0,0,0,0,0,0.0,False,,,,,,,,,,,,,,,True,True,True,True
desinventar-646ffb0b-c9f4-4f2c-bb56-3ac39acba2b9,UNDRR DesInventar Nepal,2004,7,11,Central Region,Chitawan,BHANDARA,RAIN,1,0,0,0,0,0,0,0.0,False,,,,,,,,,,,,,,,True,True,True,True
desinventar-fdebd637-0cb3-49ad-93a2-fcf132203c47,UNDRR DesInventar Nepal,2004,7,10,Central Region,Rautahat,SANTAPUR MOTIYON,RAIN,1,0,0,0,1,0,0,0.0,False,,,,,,,,,,,,,,,True,True,True,True
desinventar-b5af0d17-b4c2-4c2e-bca6-3f18bdfe4872,UNDRR DesInventar Nepal,2004,7,8,Central Region,Bara,BHALUHI BHARWALIYA,RAIN,0,0,0,625,4,0,0,0.0,False,,,,,,,,,,,,,,,True,True,True,True
desinventar-5a51e582-4335-4e58-ac68-5ec77ca28fe9,UNDRR DesInventar Nepal,2004,7,10,Central Region,Sindhuli,Kamalamai Municipality,RAIN,0,0,0,12000,0,0,0,0.0,False,,,,,,,,,,,,,,,True,True,True,True
desinventar-65a9f780-61ca-47f1-848b-329db2fdd51a,UNDRR DesInventar Nepal,2004,7,10,Central Region,Sindhuli,Bhimsthan,RAIN,0,0,0,0,0,0,0,0.0,True,,,,,,,,,,,,,,,True,True,True,True
desinventar-4e8e71e9-4e4e-4158-ae30-39b044526272,UNDRR DesInventar Nepal,2004,7,10,Central Region,Sarlahi,SHANKAPUR,RAIN,0,5,0,0,0,0,0,0.0,False,,,,,,,,,,,,,,,True,True,True,True
desinventar-b7a148a5-884e-4e8a-8747-2ab3aed81ac7,UNDRR DesInventar Nepal,2004,7,12,Central Region,Sarlahi,LAKSMIPUR (KO),RAIN,2,0,0,0,0,0,0,0.0,False,,,,,,,,,,,,,,,True,True,True,True
desinventar-6c1836a6-f553-40c4-8c55-07414e2c150f,UNDRR DesInventar Nepal,2004,7,11,Central Region,Makwanpur,CHURIMAI,RAIN,0,0,0,0,0,0,0,200.0,True,,,,,,,,,,,,,,,True,True,True,True
desinventar-5aa94efc-f23f-4fc7-be52-f9803f752dc2,UNDRR DesInventar Nepal,2004,7,9,Central Region,Rautahat,UNKNOWN,UNKNOWN,0,0,0,0,0,0,0,25.0,True,,,,,,,,,,,,,,,True,True,True,True
desinventar-e0ee8629-9e04-4997-a62e-d7b0225f886e,UNDRR DesInventar Nepal,2004,7,0,Central Region,Sarlahi,SAKRAUL,RAIN,1,0,0,0,0,0,0,0.0,False,,,,,,,,,,,,,,,True,True,True,True
desinventar-1fc7e0da-ba80-4352-88dc-9873e89bee6b,UNDRR DesInventar Nepal,2004,7,14,Central Region,Sindhuli,Basheswor,RAIN,1,0,0,0,0,0,0,0.0,False,,,,,,,,,,,,,,,True,True,True,True
desinventar-a09688b6-513f-4eb8-9201-1485d90eebcb,UNDRR DesInventar Nepal,2004,7,13,Central Region,Sarlahi,DHUNGREKHOLA,RAIN,1,0,0,0,0,0,0,0.0,False,,,,,,,,,,,,,,,True,True,True,True
desinventar-b6c59f65-ad2a-4d13-bebb-dcc4cbc748ce,UNDRR DesInventar Nepal,2004,7,14,Central Region,Sarlahi,ACHALGADH,RAIN,1,0,0,0,0,0,0,0.0,False,,,,,,,,,,,,,,,True,True,True,True
desinventar-75c8445d-9269-426c-a109-c0cc6173495a,UNDRR DesInventar Nepal,2004,7,14,Central Region,Mahotari,Khayarmara,RAIN,1,0,0,0,0,0,0,0.0,False,,,,,,,,,,,,,,,True,True,True,True
desinventar-4b7d0b4a-9ae8-4298-8a46-1dd6d9c5d1e7,UNDRR DesInventar Nepal,2004,7,14,Central Region,Mahotari,Halkhori,RAIN,1,0,0,0,0,0,0,0.0,False,,,,,,,,,,,,,,,True,True,True,True
desinventar-cd3f5ea0-44f0-43ef-ba26-016348e5f636,UNDRR DesInventar Nepal,2004,7,15,Central Region,Mahotari,Khutta Piparadhi,RAIN,1,0,0,0,0,0,0,0.0,False,,,,,,,,,,,,,,,True,True,True,True
desinventar-c4d22509-73ff-4309-b97a-c60423a15905,UNDRR DesInventar Nepal,2004,7,22,Eastern Region,Saptari,TARAHI,RAIN,0,0,0,0,200,0,0,0.0,True,,,,,,,,,,,,,,,True,True,True,True
desinventar-b76cd02e-a30f-4c76-89a5-152576067668,UNDRR DesInventar Nepal,2004,7,17,Western Region,Nawalparasi,UNKNOWN,RAIN,0,0,0,0,0,0,0,0.0,False,,,,,,,,,,,,,,,True,True,True,True
desinventar-3ad5f39c-522e-445e-9f5d-d6f86ced9d87,UNDRR DesInventar Nepal,2004,7,13,Eastern Region,Okhaldhunga,TARKERABARI,RAIN,0,1,0,0,0,0,0,0.0,False,,,,,,,,,,,,,,,True,True,True,True
desinventar-885b6123-0314-40ec-812b-f927506b1d4f,UNDRR DesInventar Nepal,2004,7,17,Western Region,Gulmi,ARKHALE,UNKNOWN,0,0,0,500,0,0,0,0.0,False,,,,,,,,,,,,,,,True,True,True,True
desinventar-abd584d5-579d-4a38-beef-5ce91a1d64da,UNDRR DesInventar Nepal,2004,7,22,Western Region,Nawalparasi,KOLHUWA,RAIN,0,0,0,0,0,0,205,0.0,False,,,,,,,,,,,,,,,True,True,True,True
desinventar-6cb8304a-b24b-48ae-820a-2dbc1a37c93c,UNDRR DesInventar Nepal,2004,7,15,Far Western Region,Achham,MASTAMANDU,RAIN,1,0,0,0,0,0,0,0.0,False,,,,,,,,,,,,,,,True,True,True,True
desinventar-55016238-0892-48d6-b7ad-65acb28ca9a7,UNDRR DesInventar Nepal,2004,7,17,Western Region,Gulmi,DHURKOT RAJSTHAL,RAIN,0,0,0,0,0,0,0,0.0,False,,,,,,,,,,,,,,,True,True,True,True
desinventar-6f8c173f-2cec-4911-ac34-3fb521fc39e6,UNDRR DesInventar Nepal,2004,7,18,Eastern Region,Jhapa,GARAMANI,RAIN,1,0,0,0,0,0,0,0.0,False,,,,,,,,,,,,,,,True,True,True,True
desinventar-bb7c879c-810e-4883-a183-c35dc6b4b339,UNDRR DesInventar Nepal,2004,7,17,Western Region,Kapilbastu,UNKNOWN,RAIN,0,0,0,0,0,0,0,0.0,False,,,,,,,,,,,,,,,True,True,True,True
desinventar-fca83c3d-9186-4faf-8401-b2c92f1cc1f7,UNDRR DesInventar Nepal,2004,7,16,Central Region,Sindhuli,Majhuwa,RAIN,1,0,0,0,0,0,0,0.0,False,,,,,,,,,,,,,,,True,True,True,True
desinventar-d4490104-c6d8-4477-9cdb-24c8e6740255,UNDRR DesInventar Nepal,2004,7,14,Western Region,Nawalparasi,KOLHUWA,RAIN,0,0,0,0,0,0,0,0.0,False,,,,,,,,,,,,,,,True,True,True,True
desinventar-a2e85720-1a80-4d97-83db-1bf3eaf2784f,UNDRR DesInventar Nepal,2004,7,12,Eastern Region,Saptari,DAULATPUR,UNKNOWN,0,0,0,75,0,0,0,0.0,False,,,,,,,,,,,,,,,True,True,True,True
desinventar-7814f2c7-21b1-46ba-bd9f-7ac8c108128b,UNDRR DesInventar Nepal,2004,7,14,Central Region,Dhanusa,Baphai,RAIN,1,0,0,0,0,0,0,0.0,False,,,,,,,,,,,,,,,True,True,True,True
desinventar-0c70ba38-f605-4a1f-9576-3008d9feeae7,UNDRR DesInventar Nepal,2004,7,16,Central Region,Sindhuli,Bhimeshwar Khurkot,RAIN,1,0,0,0,0,0,0,0.0,False,,,,,,,,,,,,,,,True,True,True,True
desinventar-3601090a-4930-465a-9bd0-a44676353aac,UNDRR DesInventar Nepal,2004,7,20,Eastern Region,Siraha,UNKNOWN,UNKNOWN,0,0,0,0,0,0,0,0.0,False,,,,,,,,,,,,,,,True,True,True,True
desinventar-4c5ea9bc-3672-4619-8aaf-8259b97249d2,UNDRR DesInventar Nepal,2004,7,20,Central Region,Dhanusa,UNKNOWN,RAIN,0,0,0,0,0,0,0,0.0,False,,,,,,,,,,,,,,,True,True,True,True
desinventar-7f6c4dff-023c-44be-b7bf-617b41b0c764,UNDRR DesInventar Nepal,2004,7,20,Western Region,Nawalparasi,RAMGRAM NP,RAIN,2,0,0,0,0,0,0,0.0,False,,,,,,,,,,,,,,,True,True,True,True
desinventar-0968b1e3-8de8-48ee-b69f-e6357c100780,UNDRR DesInventar Nepal,2004,7,11,Central Region,Sindhuli,Hatpate,RAIN,0,0,0,2500,0,0,0,500.0,True,,,,,,,,,,,,,,,True,True,True,True
desinventar-4a36cd2f-e9e8-41a3-bf21-f3054e316d2c,UNDRR DesInventar Nepal,2004,7,21,Central Region,Dhanusa,Janakpur Municipality,RAIN,0,0,0,0,0,0,0,0.0,False,,,,,,,,,,,,,,,True,True,True,True
desinventar-32430d7f-404d-4aca-89a0-5c53844143f8,UNDRR DesInventar Nepal,2004,7,20,Central Region,Mahotari,UNKNOWN,RAIN,0,0,0,150000,0,0,0,0.0,False,,,,,,,,,,,,,,,True,True,True,True
desinventar-d14e299b-facb-4a9e-848e-9017327f25e2,UNDRR DesInventar Nepal,2004,7,18,Eastern Region,Saptari,BARSAIN,RAIN,1,0,0,0,0,0,0,0.0,False,,,,,,,,,,,,,,,True,True,True,True
desinventar-42c23d8b-6023-4537-8d16-69fd8ee22789,UNDRR DesInventar Nepal,2004,6,29,Eastern Region,Taplejung,THECHAMBU,HEAVY RAINS,0,0,0,0,0,0,0,0.0,False,,,,,,,,,,,,,,,True,True,True,True
desinventar-046cde57-ed9f-4e7a-927f-16ac70ce4bfe,UNDRR DesInventar Nepal,2004,7,5,Central Region,Mahotari,Jaleswar Municipalit,HEAVY RAINS,0,0,0,0,0,0,0,0.0,True,,,,,,,,,,,,,,,True,True,True,True
desinventar-f3df4c89-959c-4253-a6c1-ab52386d6d4c,UNDRR DesInventar Nepal,2004,7,6,Eastern Region,Siraha,Bhawanipur Ka. Ba.,RAIN,0,0,0,200,0,0,0,0.0,False,,,,,,,,,,,,,,,True,True,True,True
desinventar-12bef0f7-3a08-4529-846a-2aa572238727,UNDRR DesInventar Nepal,2004,5,30,Central Region,Bara,GANJ BHAWANIPUR,HEAVY RAINS,0,0,0,1300,0,0,0,0.0,True,,,,,,,,,,,,,,,True,True,True,True
desinventar-2f89a567-677a-4090-9459-17e6562a032b,UNDRR DesInventar Nepal,2004,6,7,Mid-Western Region,Jumla,BIRTA,HEAVY RAINS,2,0,0,0,0,0,0,0.0,False,,,,,,,,,,,,,,,True,True,True,True
desinventar-cbc14c66-c5e1-4d24-b0f8-8e70c102a590,UNDRR DesInventar Nepal,2004,7,7,Eastern Region,Jhapa,DAMAK MUN.,RAIN,0,0,0,0,0,0,0,0.0,False,,,,,,,,,,,,,,,True,True,True,True
desinventar-901ae873-7238-407b-9fb7-37119c558959,UNDRR DesInventar Nepal,2004,5,25,Far Western Region,Baitadi,SILANGA,HEAVY RAINS,0,0,0,300,0,0,0,0.0,False,,,,,,,,,,,,,,,True,True,True,True
desinventar-ae7f6bb2-9a08-4639-85ae-90cab16bce23,UNDRR DesInventar Nepal,2004,6,7,Mid-Western Region,Jumla,KANADA SUNDARI,HEAVY RAINS,0,0,0,0,2,0,0,0.0,False,,,,,,,,,,,,,,,True,True,True,True
desinventar-1a94b28c-99e3-4175-bb1f-8ce608569255,UNDRR DesInventar Nepal,2004,7,9,Central Region,Bara,NIJGADH,HEAVY RAINS,0,2,0,0,0,0,0,0.0,False,,,,,,,,,,,,,,,True,True,True,True
desinventar-d916998f-3a71-4100-8685-82854da3c6ad,UNDRR DesInventar Nepal,2004,7,9,Central Region,Makwanpur,BHAISE,RAIN,0,0,3,15,3,9,0,0.0,False,,,,,,,,,,,,,,,True,True,True,True
desinventar-c6eb5a11-b113-4c88-ac38-d5d24b2fe8a6,UNDRR DesInventar Nepal,2004,7,9,Central Region,Makwanpur,MAKWANPUR GADI,RAIN,0,5,0,0,11,0,0,0.0,False,,,,,,,,,,,,,,,True,True,True,True
desinventar-5128021b-b4c2-4291-b5f8-bdd5eaa456a2,UNDRR DesInventar Nepal,2004,7,8,Eastern Region,Siraha,Lalpur,RAIN,1,0,0,0,0,0,0,0.0,False,,,,,,,,,,,,,,,True,True,True,True
desinventar-afa53797-a441-49d1-ae36-be8d5dba5cab,UNDRR DesInventar Nepal,2004,7,8,Central Region,Dhanusa,Tulsiyahi Jabdi,RAIN,0,0,2,0,1,0,0,0.0,False,,,,,,,,,,,,,,,True,True,True,True
desinventar-2da26268-1b1f-49ac-babc-132aabe6a661,UNDRR DesInventar Nepal,2004,7,8,Central Region,Dhanusa,Ghodghash,RAIN,1,0,0,0,1,0,0,0.0,False,,,,,,,,,,,,,,,True,True,True,True
desinventar-414ffdee-78ae-44a6-b42e-6c0ff58756b9,UNDRR DesInventar Nepal,2004,7,8,Central Region,Dhanusa,Janakpur Municipality,RAIN,1,0,0,0,1,0,0,0.0,True,,,,,,,,,,,,,,,True,True,True,True
desinventar-fda0d7f7-f7ec-4482-9f96-0e150de3227a,UNDRR DesInventar Nepal,2004,7,10,Central Region,Bara,AMLEKHGANJ,RAIN,0,0,0,125,0,0,0,0.0,False,,,,,,,,,,,,,,,True,True,True,True
desinventar-3dcf7063-98f7-49c7-b677-210311f0283c,UNDRR DesInventar Nepal,2004,7,10,Central Region,Bara,BHALUHI BHARWALIYA,RAIN,0,0,0,20,4,0,0,0.0,False,,,,,,,,,,,,,,,True,True,True,True
desinventar-84a8dff4-ef8a-4621-a8e1-92f67834fde2,UNDRR DesInventar Nepal,2004,7,9,Central Region,Bara,PIPARA SIMARA,RAIN,0,0,0,0,0,0,0,0.0,False,,,,,,,,,,,,,,,True,True,True,True
desinventar-fee6199a-d109-43ec-b9a5-e2e702e1eeef,UNDRR DesInventar Nepal,2004,7,10,Eastern Region,Siraha,Siraha Municapility,RAIN,0,1,0,0,0,0,0,0.0,False,,,,,,,,,,,,,,,True,True,True,True
desinventar-9bdccd34-3ce1-431d-bee6-12834848d6ef,UNDRR DesInventar Nepal,2004,7,10,Central Region,Makwanpur,MANAHARI,RAIN,0,0,0,0,0,0,0,0.0,False,,,,,,,,,,,,,,,True,True,True,True
desinventar-75a8e0f8-810c-43ab-a4ed-a56f3ff8e8ac,UNDRR DesInventar Nepal,2004,7,10,Central Region,Sindhuli,UNKNOWN,RAIN,0,0,0,0,22,15,0,0.0,True,,,,,,,,,,,,,,,True,True,True,True
desinventar-6d031309-284e-4787-871d-bcaa8667b957,UNDRR DesInventar Nepal,2004,7,8,Central Region,Makwanpur,HETAUDA MUNICIPALITY,RAIN,0,0,0,625,0,125,0,40.0,True,,,,,,,,,,,,,,,True,True,True,True
desinventar-5ce66885-cc47-48db-9e64-9de110dd8dca,UNDRR DesInventar Nepal,2004,7,8,Central Region,Dhanusa,Bagchauda,UNKNOWN,1,0,0,0,0,0,0,0.0,True,,,,,,,,,,,,,,,True,True,True,True
desinventar-586653f2-3986-4d6b-85df-589dabec2d13,UNDRR DesInventar Nepal,2004,7,8,Eastern Region,Sunsari,UNKNOWN,RAIN,0,0,0,0,0,0,0,40.0,True,,,,,,,,,,,,,,,True,True,True,True
desinventar-91aa7f2a-961d-407c-ae98-98b7d28bf178,UNDRR DesInventar Nepal,2004,7,8,Central Region,Makwanpur,UNKNOWN,UNKNOWN,0,0,0,0,0,0,0,0.0,True,,,,,,,,,,,,,,,True,True,True,True
desinventar-9f0699c0-8344-4049-9a0b-f71343509a9f,UNDRR DesInventar Nepal,2004,7,10,Central Region,Bara,TELKUWA,RAIN,0,0,0,15,3,0,0,0.0,False,,,,,,,,,,,,,,,True,True,True,True
desinventar-2e6d66ed-c2dc-43c2-8f3b-93afab496e34,UNDRR DesInventar Nepal,2004,7,9,Central Region,Makwanpur,UNKNOWN,RAIN,0,0,0,70,0,14,0,0.0,False,,,,,,,,,,,,,,,True,True,True,True
desinventar-8133bab4-644e-481b-b87b-5bcfc08dd44a,UNDRR DesInventar Nepal,2004,7,8,Eastern Region,Jhapa,HALDIBARI,RAIN,0,0,0,15,1,0,0,0.0,False,,,,,,,,,,,,,,,True,True,True,True
desinventar-e66547a9-6619-44f9-a4b1-758821737ea4,UNDRR DesInventar Nepal,2004,7,9,Eastern Region,Udayapur,Katari,RAIN,0,0,0,0,0,0,0,0.0,False,,,,,,,,,,,,,,,True,True,True,True
desinventar-0c88191b-81df-44c0-83ce-280a3d199ef5,UNDRR DesInventar Nepal,2004,7,9,Eastern Region,Udayapur,Hadiya,RAIN,0,0,0,0,0,0,0,0.0,False,,,,,,,,,,,,,,,True,True,True,True
desinventar-e41f0c71-8cd5-401f-91d3-0645cefbbc29,UNDRR DesInventar Nepal,2004,7,9,Eastern Region,Udayapur,Beltar,RAIN,0,0,0,15000,0,0,0,0.0,False,,,,,,,,,,,,,,,True,True,True,True
desinventar-32a03bab-212e-41fc-86e3-09b0fee76bf5,UNDRR DesInventar Nepal,2004,7,9,Eastern Region,Udayapur,Sundarpur,RAIN,0,0,0,590,36,22,0,0.0,False,,,,,,,,,,,,,,,True,True,True,True
desinventar-16c36c59-6dc7-4605-99e9-8c747050183d,UNDRR DesInventar Nepal,2004,7,9,Eastern Region,Udayapur,Trijuga Municipality,RAIN,0,0,0,75,15,0,0,0.0,False,,,,,,,,,,,,,,,True,True,True,True
desinventar-88f9982a-ac1c-45e0-b71b-16a731889e6b,UNDRR DesInventar Nepal,2004,7,9,Eastern Region,Udayapur,Tapeshwari,RAIN,0,0,0,500,0,100,0,0.0,False,,,,,,,,,,,,,,,True,True,True,True
desinventar-30d3a6b6-38e2-450c-9fa3-38eaf8ba871d,UNDRR DesInventar Nepal,2004,7,9,Central Region,Makwanpur,UNKNOWN,RAIN,0,0,0,80,0,0,0,0.0,False,,,,,,,,,,,,,,,True,True,True,True
desinventar-e7386f54-1e5e-4b7a-8ede-8728fe320f91,UNDRR DesInventar Nepal,2004,7,9,Eastern Region,Jhapa,GAURADAHA,RAIN,1,0,0,0,0,0,0,0.0,False,,,,,,,,,,,,,,,True,True,True,True
desinventar-5bba0f22-8e8a-4d19-ab8e-c8436dde3f92,UNDRR DesInventar Nepal,2004,7,9,Eastern Region,Saptari,BAMANGAMA KATTI,RAIN,0,0,0,1500,1,300,0,0.0,False,,,,,,,,,,,,,,,True,True,True,True
desinventar-2b688014-2f64-4d6c-a0cf-e15cd7b6953f,UNDRR DesInventar Nepal,2004,7,9,Central Region,Makwanpur,AMBHANJYANG,RAIN,0,0,0,60,0,12,0,0.0,False,,,,,,,,,,,,,,,True,True,True,True
desinventar-a31a236f-27b0-4d33-82c2-73e6a140df85,UNDRR DesInventar Nepal,2004,7,9,Central Region,Makwanpur,MANAHARI,RAIN,0,0,0,45,0,0,0,0.0,False,,,,,,,,,,,,,,,True,True,True,True
desinventar-e790f2ee-7bee-4f51-af55-d4a317513aae,UNDRR DesInventar Nepal,2004,7,10,Central Region,Makwanpur,HADIKHOLA,RAIN,0,0,0,75,0,15,0,0.0,False,,,,,,,,,,,,,,,True,True,True,True
desinventar-38940410-4dde-403f-ac62-83623598bef3,UNDRR DesInventar Nepal,2004,7,10,Central Region,Makwanpur,HETAUDA MUNICIPALITY,RAIN,0,0,0,760,0,0,0,0.0,False,,,,,,,,,,,,,,,True,True,True,True
desinventar-0820b591-8e81-48fe-9d8c-cb593eb0d571,UNDRR DesInventar Nepal,2004,7,9,Eastern Region,Saptari,UNKNOWN,RAIN,0,0,0,0,0,0,0,0.0,False,,,,,,,,,,,,,,,True,True,True,True
desinventar-27a981af-2715-4bca-ab07-2b0fccee5c4e,UNDRR DesInventar Nepal,2004,7,9,Central Region,Sarlahi,NETRAGANJ,RAIN,0,0,0,0,0,0,0,0.0,True,,,,,,,,,,,,,,,True,True,True,True
desinventar-6034b389-6494-437e-8d88-87cfbc4309b5,UNDRR DesInventar Nepal,2004,7,8,Central Region,Sarlahi,MALANGAWA MUN,RAIN,0,0,0,0,0,0,0,0.0,True,,,,,,,,,,,,,,,True,True,True,True
desinventar-2d0aa254-17bb-406a-a796-ca21f001a95a,UNDRR DesInventar Nepal,2004,7,10,Central Region,Sarlahi,ISHWORPUR,RAIN,1,0,0,0,0,0,0,0.0,False,,,,,,,,,,,,,,,True,True,True,True
desinventar-a77b9aad-1aee-42e2-9d7e-9eae4979179f,UNDRR DesInventar Nepal,2004,7,9,Eastern Region,Udayapur,Chilaune,RAIN,0,1,0,0,0,0,0,0.0,False,,,,,,,,,,,,,,,True,True,True,True
desinventar-a9f53b2b-7c11-4335-90bf-2cb9c51bc68c,UNDRR DesInventar Nepal,2004,7,9,Central Region,Makwanpur,UNKNOWN,RAIN,0,0,0,0,0,0,0,0.0,False,,,,,,,,,,,,,,,True,True,True,True
desinventar-98d8cd5f-89ad-44a8-8006-747ce84a015f,UNDRR DesInventar Nepal,2004,7,7,Central Region,Sarlahi,HARIPUR,RAIN,0,0,0,0,0,1,0,0.0,True,,,,,,,,,,,,,,,True,True,True,True
desinventar-1fcfb947-96bd-414e-b76c-1144969b50e7,UNDRR DesInventar Nepal,2004,7,6,Eastern Region,Sunsari,Narshinhatappu,HEAVY RAINS,0,0,0,1500,0,300,0,0.0,False,,,,,,,,,,,,,,,True,True,True,True
desinventar-62db064b-ee1b-4d2b-89cf-34670d9ecbfd,UNDRR DesInventar Nepal,2004,7,7,Central Region,Sarlahi,MALANGAWA MUN,RAIN,0,0,0,0,0,0,0,0.0,False,,,,,,,,,,,,,,,True,True,True,True
desinventar-0c51624d-6d77-43eb-bc09-7027c650c9ed,UNDRR DesInventar Nepal,2004,7,7,Central Region,Sarlahi,SISAUTIYA,RAIN,0,0,0,1500,0,300,0,0.0,True,,,,,,,,,,,,,,,True,True,True,True
desinventar-3f371d0e-1de0-4701-8b4e-1b5a8bd2e67a,UNDRR DesInventar Nepal,2004,7,7,Central Region,Mahotari,UNKNOWN,HEAVY RAINS,0,0,0,25000,0,0,0,0.0,False,,,,,,,,,,,,,,,True,True,True,True
desinventar-2be285fe-1a16-4ca6-841a-4e37f2d22629,UNDRR DesInventar Nepal,2004,7,7,Central Region,Rautahat,BHAWANIPUR,RAIN,0,0,0,0,0,0,0,0.0,True,,,,,,,,,,,,,,,True,True,True,True
desinventar-7dc301a0-1773-476a-b803-5b9fd0ebd5f0,UNDRR DesInventar Nepal,2004,7,6,Central Region,Rautahat,BHALOHIYA,RAIN,1,0,0,0,5,0,0,0.0,False,,,,,,,,,,,,,,,True,True,True,True
desinventar-f0fb32b6-036a-404b-97a8-eccdd81d4119,UNDRR DesInventar Nepal,2004,7,8,Central Region,Rautahat,HAJMINIYA,RAIN,0,0,0,0,0,0,0,0.0,False,,,,,,,,,,,,,,,True,True,True,True
desinventar-405be425-b763-4c34-8523-e6d1c7ac131f,UNDRR DesInventar Nepal,2004,7,8,Central Region,Makwanpur,UNKNOWN,RAIN,0,0,0,0,0,0,0,0.0,False,,,,,,,,,,,,,,,True,True,True,True
desinventar-7a5c1f0e-581c-42a5-85d3-6e2fa9c2aea3,UNDRR DesInventar Nepal,2004,7,9,Eastern Region,Udayapur,Sundarpur,RAIN,0,0,0,110,0,22,0,0.0,False,,,,,,,,,,,,,,,True,True,True,True
desinventar-51c4a820-4dbd-42bf-90d6-c2acb80eb1c1,UNDRR DesInventar Nepal,2004,6,7,Eastern Region,Udayapur,Tribeni,RAIN,1,0,0,0,0,0,0,0.0,True,,,,,,,,,,,,,,,True,True,True,True
desinventar-c6dd1e32-1639-45d8-b75d-70daa892b40b,UNDRR DesInventar Nepal,2004,7,6,Eastern Region,Udayapur,Trijuga Municipality,RAIN,1,0,0,0,0,0,0,0.0,True,,,,,,,,,,,,,,,True,True,True,True
desinventar-4489be51-a469-462f-899b-787ada9da86a,UNDRR DesInventar Nepal,2004,7,6,Eastern Region,Udayapur,Hadiya,RAIN,0,0,0,200,0,35,0,0.0,True,,,,,,,,,,,,,,,True,True,True,True
desinventar-8712c10a-3008-4c53-bb38-69303782621a,UNDRR DesInventar Nepal,2004,7,6,Eastern Region,Siraha,Brahman Gorchhari,RAIN,0,0,0,200,0,0,0,0.0,False,,,,,,,,,,,,,,,True,True,True,True
desinventar-649a492c-2fa1-4fd7-b048-a836bfe49b19,UNDRR DesInventar Nepal,2004,7,8,Eastern Region,Sunsari,Khanar,RAIN,0,0,0,0,0,0,0,0.0,False,,,,,,,,,,,,,,,True,True,True,True
desinventar-de04f926-3ea7-4f82-bff1-124952542ee9,UNDRR DesInventar Nepal,2004,7,7,Eastern Region,Sunsari,Itahari Municipality,RAIN,1,0,0,0,0,0,0,0.0,True,,,,,,,,,,,,,,,True,True,True,True
desinventar-37a7efac-bc96-4911-98e7-a09a1bedd6e0,UNDRR DesInventar Nepal,2004,7,6,Central Region,Bara,BHALUHI BHARWALIYA,RAIN,0,0,0,0,1,2,0,200.0,True,,,,,,,,,,,,,,,True,True,True,True
desinventar-d4fb2718-6a89-4014-9266-f19d0c99957c,UNDRR DesInventar Nepal,2004,7,7,Central Region,Mahotari,Jaleswar Municipalit,HEAVY RAINS,0,0,0,500,0,0,0,0.0,False,,,,,,,,,,,,,,,True,True,True,True
desinventar-32929de9-53f2-4496-9015-49e30cc3bce4,UNDRR DesInventar Nepal,2004,7,6,Central Region,Dhanusa,Manupatti,RAIN,0,0,0,200,0,0,0,0.0,False,,,,,,,,,,,,,,,True,True,True,True
desinventar-4fd7cb66-ab5f-426b-b425-22e7fe7d7fe1,UNDRR DesInventar Nepal,2004,7,6,Central Region,Dhanusa,UNKNOWN,UNKNOWN,0,0,0,4000,0,0,0,0.0,False,,,,,,,,,,,,,,,True,True,True,True
desinventar-c5dbab9e-2e62-40a1-9d5e-c193b8e28ee5,UNDRR DesInventar Nepal,2004,7,6,Eastern Region,Siraha,Siraha Municapility,RAIN,0,0,0,25,0,0,0,0.0,False,,,,,,,,,,,,,,,True,True,True,True
desinventar-fa3a9c72-a1e4-4c33-8885-7e499690ac17,UNDRR DesInventar Nepal,2004,7,6,Central Region,Bara,KALAIYA MUNICIPALITY,RAIN,0,0,0,0,0,0,0,0.0,False,,,,,,,,,,,,,,,True,True,True,True
desinventar-41c94e4a-1d19-43f5-bdbf-13fd41fb0dab,UNDRR DesInventar Nepal,2004,7,6,Eastern Region,Siraha,Khirauna,RAIN,0,0,0,1000,0,0,0,0.0,False,,,,,,,,,,,,,,,True,True,True,True
desinventar-75d57845-960a-4b26-b78c-923aad9fe677,UNDRR DesInventar Nepal,2004,7,6,Eastern Region,Siraha,Harkatti,HEAVY RAINS,0,0,0,500,0,0,0,0.0,False,,,,,,,,,,,,,,,True,True,True,True
desinventar-6ba5d09e-8c49-426a-87a0-9b84d0a45332,UNDRR DesInventar Nepal,2004,7,6,Eastern Region,Siraha,Bariya Patti,HEAVY RAINS,0,0,0,0,0,0,0,0.0,False,,,,,,,,,,,,,,,True,True,True,True
desinventar-4778253d-db3c-4dee-9475-8b31b43f2639,UNDRR DesInventar Nepal,2004,7,8,Eastern Region,Saptari,BHARDAHA,RAIN,0,0,0,0,0,0,0,0.0,False,,,,,,,,,,,,,,,True,True,True,True
desinventar-64eb3373-b8d0-46b4-9111-654f75474712,UNDRR DesInventar Nepal,2004,7,7,Central Region,Bara,UNKNOWN,HEAVY RAINS,0,0,0,0,0,0,0,0.0,True,,,,,,,,,,,,,,,True,True,True,True
desinventar-4d3b69fb-ce6d-47e4-823a-49071546dd60,UNDRR DesInventar Nepal,2006,5,6,Western Region,Parbat,ARTHAR,OTHER,7,0,3,0,1,0,0,0.0,False,,,,,,,,,,,,,,,True,True,True,True
desinventar-bdcda957-cfbe-45bc-88eb-460ca29e6152,UNDRR DesInventar Nepal,2006,5,8,Far Western Region,Bajhang,UNKNOWN,OTHER,0,0,0,0,12,0,0,0.0,True,,,,,,,,,,,,,,,True,True,True,True
desinventar-f513a799-aa53-46e4-8387-880e21689f72,UNDRR DesInventar Nepal,2006,5,6,Mid-Western Region,Mugu,ROWA,HEAVY RAINS,0,0,0,0,0,0,0,0.0,False,,,,,,,,,,,,,,,True,True,True,True
desinventar-8791176d-eddc-4014-a7bf-a07e08d72a0c,UNDRR DesInventar Nepal,2006,5,7,Western Region,Baglung,ADHIKARICHAUR,HEAVY RAINS,6,0,0,0,1,0,0,0.0,False,,,,,,,,,,,,,,,True,True,True,True
desinventar-ca313d2c-bdf6-4780-a9f5-d1432f0209bd,UNDRR DesInventar Nepal,2006,5,30,Central Region,Ramechhap,Salupati,HEAVY RAINS,1,0,0,0,0,0,0,0.0,False,,,,,,,,,,,,,,,True,True,True,True
desinventar-94fe92b8-549e-48bf-811e-d0cd86f2a8ab,UNDRR DesInventar Nepal,2006,6,11,Eastern Region,Taplejung,UNKNOWN,HEAVY RAINS,0,0,0,0,0,0,0,0.0,False,,,,,,,,,,,,,,,True,True,True,True
desinventar-2458bff9-9be9-440f-93c9-d56812de3927,UNDRR DesInventar Nepal,2006,8,2,Mid-Western Region,Jumla,TATOPANI,RAIN,0,0,0,0,0,0,0,0.0,True,,,,,,,,,,,,,,,True,True,True,True
desinventar-5fc078b3-26bb-4f5e-928e-b4b8ea1815c9,UNDRR DesInventar Nepal,2006,8,2,Central Region,Ramechhap,UNKNOWN,RAIN,0,0,0,0,0,0,0,15.0,True,,,,,,,,,,,,,,,True,True,True,True
desinventar-d735702c-5848-4de6-9095-45fd29305ed1,UNDRR DesInventar Nepal,2006,8,3,Central Region,Rasuwa,Yarsa,HEAVY RAINS,10,0,0,0,3,0,0,0.0,True,,,,,,,,,,,,,,,True,True,True,True
desinventar-1dc445e9-628a-492b-bfcc-7ccdaf48a4bc,UNDRR DesInventar Nepal,2006,8,8,Far Western Region,Achham,NAWATHANA,HEAVY RAINS,0,0,0,480,0,0,0,0.0,True,,,,,,,,,,,,,,,True,True,True,True
desinventar-2a9b2e42-d899-4974-9eb3-2a337b94e019,UNDRR DesInventar Nepal,2006,8,2,Far Western Region,Achham,CHANDIKALI,HEAVY RAINS,0,0,0,0,0,7,0,0.0,False,,,,,,,,,,,,,,,True,True,True,True
desinventar-fd16b079-c0d3-406c-ab31-1f04c582a8a2,UNDRR DesInventar Nepal,2006,8,2,Far Western Region,Achham,SANTADA,HEAVY RAINS,0,0,0,0,0,25,0,0.0,False,,,,,,,,,,,,,,,True,True,True,True
desinventar-dcdeb11d-2f65-4c8e-9c30-792d5de842fd,UNDRR DesInventar Nepal,2006,8,8,Far Western Region,Achham,BHAGYASWARI,HEAVY RAINS,0,0,0,140,0,0,0,0.0,False,,,,,,,,,,,,,,,True,True,True,True
desinventar-f7a4a06c-4394-443a-bf4f-a35b8565f91d,UNDRR DesInventar Nepal,2006,8,8,Far Western Region,Achham,RIDIKOT,RAIN,0,0,0,35,0,0,0,0.0,False,,,,,,,,,,,,,,,True,True,True,True
desinventar-ba2e5718-f2f4-46a6-83a6-ab9aed914b4f,UNDRR DesInventar Nepal,2006,8,8,Far Western Region,Achham,GAJRA,HEAVY RAINS,0,0,0,130,0,0,0,0.0,False,,,,,,,,,,,,,,,True,True,True,True
desinventar-7e335213-b8ef-4b65-8679-0646562fdaa3,UNDRR DesInventar Nepal,2006,8,8,Far Western Region,Achham,MASTAMANDU,HEAVY RAINS,0,0,0,180,0,0,0,0.0,False,,,,,,,,,,,,,,,True,True,True,True
desinventar-240a4b8a-fe1a-43c2-91fd-dc38105d8c64,UNDRR DesInventar Nepal,2006,8,22,Central Region,Nuwakot,SHIKHARBESHI,RAIN,0,0,0,0,0,0,0,0.0,False,,,,,,,,,,,,,,,True,True,True,True
desinventar-f638429c-aab5-4b3e-a087-3c5f8d159935,UNDRR DesInventar Nepal,2006,8,28,Western Region,Nawalparasi,UNKNOWN,HEAVY RAINS,1,2,0,0,0,60,0,0.0,False,,,,,,,,,,,,,,,True,True,True,True
desinventar-643ac656-b911-4f5c-8155-48fa4d3710d7,UNDRR DesInventar Nepal,2006,8,29,Western Region,Mustang,LETE,HEAVY RAINS,9,0,0,0,0,0,0,0.0,False,,,,,,,,,,,,,,,True,True,True,True
desinventar-ecb840c3-f090-410a-bb7a-1a08de1f4936,UNDRR DesInventar Nepal,2006,8,29,Mid-Western Region,Jajarkot,Majhakot,RAIN,3,0,0,0,36,0,0,0.0,True,,,,,,,,,,,,,,,True,True,True,True
desinventar-7f2a3fcc-116e-49e0-bc76-97b4f6bda037,UNDRR DesInventar Nepal,2006,6,5,Central Region,Makwanpur,SARIKHETA PALASE,HEAVY RAINS,1,0,0,0,0,0,0,0.0,False,,,,,,,,,,,,,,,True,True,True,True
desinventar-b231a825-47c5-4070-995b-e7371ea6a7fe,UNDRR DesInventar Nepal,2006,6,27,Western Region,Kaski,MAUJA,OTHER,1,0,0,0,0,0,0,0.0,False,,,,,,,,,,,,,,,True,True,True,True
desinventar-d60c4c2f-6b51-44f9-9eec-9b514d70cd29,UNDRR DesInventar Nepal,2006,6,27,Central Region,Rautahat,UNKNOWN,HEAVY RAINS,0,0,0,0,25,0,0,0.0,False,,,,,,,,,,,,,,,True,True,True,True
desinventar-ddb355b0-4af9-4a46-bfda-959df24b3823,UNDRR DesInventar Nepal,2006,7,10,Central Region,Mahotari,Jaleswar Municipalit,HEAVY RAINS,0,0,1,0,3,0,0,0.0,False,,,,,,,,,,,,,,,True,True,True,True
desinventar-d1358e28-5e29-40af-b903-399b777eb408,UNDRR DesInventar Nepal,2006,7,9,Mid-Western Region,Banke,HOLIA,HEAVY RAINS,0,0,0,0,0,0,0,0.0,False,,,,,,,,,,,,,,,True,True,True,True
desinventar-2a174f98-8608-46eb-a08d-9863791f94df,UNDRR DesInventar Nepal,2006,7,13,Western Region,Manang,DHARAPANI,OTHER,0,0,0,0,0,0,0,0.0,True,,,,,,,,,,,,,,,True,True,True,True
desinventar-e8e25bd1-6d44-43c5-8558-4a12e8f192fc,UNDRR DesInventar Nepal,2006,7,13,Central Region,Rautahat,KARUNIVA,OTHER,0,0,0,0,0,0,0,0.0,False,,,,,,,,,,,,,,,True,True,True,True
desinventar-b8895703-d774-4016-ad0f-21d2b71a4f74,UNDRR DesInventar Nepal,2006,7,13,Eastern Region,Solukhumbu,Bhankanje,HEAVY RAINS,0,0,0,0,0,70,0,0.0,True,,,,,,,,,,,,,,,True,True,True,True
desinventar-10f1f8a1-b6ac-4322-8441-89d64e815a8e,UNDRR DesInventar Nepal,2006,7,21,Mid-Western Region,Dang,TULSIPUR_MUNICIPALIT,HUMAN MISTAKE,1,0,0,0,0,0,0,0.0,False,,,,,,,,,,,,,,,True,True,True,True
desinventar-99e3de1a-2ad9-41cc-bce4-6275310b0fdd,UNDRR DesInventar Nepal,2006,7,12,Eastern Region,Sunsari,Santerjhora,OTHER,1,0,0,0,0,0,0,0.0,False,,,,,,,,,,,,,,,True,True,True,True
desinventar-8dde466f-a228-4378-98f6-87e21d48c2a0,UNDRR DesInventar Nepal,2006,7,18,Western Region,Tanahu,KYAMIN,HUMAN MISTAKE,1,0,0,0,0,0,0,0.0,False,,,,,,,,,,,,,,,True,True,True,True
desinventar-d0fd2dcd-02d8-448e-8bf3-38a67b7e06eb,UNDRR DesInventar Nepal,2006,7,19,Central Region,Nuwakot,RALUKA DEVI,OTHER,1,0,0,0,0,0,0,0.0,False,,,,,,,,,,,,,,,True,True,True,True
desinventar-a5d8819e-4fb4-4608-ad90-4fbb2d482417,UNDRR DesInventar Nepal,2006,7,20,Central Region,Chitawan,UNKNOWN,HUMAN MISTAKE,1,1,0,0,0,0,0,0.0,False,,,,,,,,,,,,,,,True,True,True,True
desinventar-54548c1d-b66c-473e-a24b-76ff2963dc92,UNDRR DesInventar Nepal,2006,7,21,Central Region,Nuwakot,DANGSING,RAIN,0,0,0,0,0,0,0,0.0,False,,,,,,,,,,,,,,,True,True,True,True
desinventar-5f1b9c77-521e-4393-a626-ef545b09ffda,UNDRR DesInventar Nepal,2006,7,23,Western Region,Syangja,PEIAKOT,HUMAN MISTAKE,1,0,0,0,0,0,0,0.0,False,,,,,,,,,,,,,,,True,True,True,True
desinventar-af7259ed-bd8b-4aa9-9af2-5ea75f7d5b84,UNDRR DesInventar Nepal,2006,7,23,Western Region,Rupandehi,MAKRAHAR,RAIN,0,0,0,0,0,0,0,0.0,False,,,,,,,,,,,,,,,True,True,True,True
desinventar-558d0238-a7b0-4c5c-be4f-bac68e03e7e0,UNDRR DesInventar Nepal,2006,7,16,Western Region,Manang,THOCHE,RAIN,0,0,0,0,2,0,0,0.0,True,,,,,,,,,,,,,,,True,True,True,True
desinventar-327795df-8140-4de0-abe4-a1a78fdf53f4,UNDRR DesInventar Nepal,2006,7,16,Western Region,Manang,DHARAPANI,HEAVY RAINS,0,0,0,0,0,0,0,0.0,True,,,,,,,,,,,,,,,True,True,True,True
desinventar-7a6ca87d-cd44-4d87-9257-2c374fb63bd1,UNDRR DesInventar Nepal,2006,7,16,Mid-Western Region,Dang,TARIGAUN,OTHER,2,0,0,0,0,0,0,0.0,False,,,,,,,,,,,,,,,True,True,True,True
desinventar-0b5594d5-bcaf-4fd6-bf5d-d0eeb2df06ad,UNDRR DesInventar Nepal,2006,7,18,Central Region,Nuwakot,KHANI GAUN,HEAVY RAINS,1,0,0,0,0,0,0,0.0,False,,,,,,,,,,,,,,,True,True,True,True
desinventar-33d52e48-21f5-465b-8f06-7edae2d59fdd,UNDRR DesInventar Nepal,2006,7,24,Central Region,Rautahat,BHALOHIYA,HEAVY RAINS,0,0,0,0,0,0,0,0.0,False,,,,,,,,,,,,,,,True,True,True,True
desinventar-a1f24ceb-ec8c-441c-a253-75926c321ccf,UNDRR DesInventar Nepal,2006,7,28,Central Region,Bara,MADHURJABDI,HEAVY RAINS,0,0,0,0,0,0,0,0.0,False,,,,,,,,,,,,,,,True,True,True,True
desinventar-846a8cbc-3d66-474c-8cfa-bbbe7653c8cb,UNDRR DesInventar Nepal,2006,7,28,Central Region,Sindhuli,Hatpate,OTHER,1,0,0,0,0,0,0,0.0,False,,,,,,,,,,,,,,,True,True,True,True
desinventar-81c14cc4-eaa4-40d4-814c-98d99c102761,UNDRR DesInventar Nepal,2006,9,8,Mid-Western Region,Bardiya,UNKNOWN,HEAVY RAINS,0,0,0,0,800,7515,0,0.0,False,,,,,,,,,,,,,,,True,True,True,True
desinventar-99ada4b3-cfd7-4c16-80fb-32c3f18b3d82,UNDRR DesInventar Nepal,2006,9,9,Central Region,Chitawan,UNKNOWN,HEAVY RAINS,1,0,0,0,20,300,0,0.0,True,,,,,,,,,,,,,,,True,True,True,True
desinventar-7d3941a1-2ed7-4786-9554-ba47b5ec4613,UNDRR DesInventar Nepal,2006,9,8,Western Region,Nawalparasi,GAINDAKOT,HEAVY RAINS,0,0,0,0,0,21,0,0.0,False,,,,,,,,,,,,,,,True,True,True,True
desinventar-99604025-4edb-4cfa-be23-fafeebb76385,UNDRR DesInventar Nepal,2006,9,10,Central Region,Rautahat,GAUR NP,RAIN,1,0,0,0,7,0,0,0.0,True,,,,,,,,,,,,,,,True,True,True,True
desinventar-bc5ca8ce-2e81-46ea-af82-26002ea4903a,UNDRR DesInventar Nepal,2006,9,11,Mid-Western Region,Surkhet,LATIKOILI,HEAVY RAINS,0,0,0,0,0,100,0,0.0,False,,,,,,,,,,,,,,,True,True,True,True
desinventar-0edc636b-e7c5-4051-a387-2588fe0a1315,UNDRR DesInventar Nepal,2006,9,13,Central Region,Sindhuli,Dudhauli,RAIN,1,0,0,0,0,0,0,0.0,False,,,,,,,,,,,,,,,True,True,True,True
desinventar-f0bbf940-3336-4a65-8455-d90ae93a81af,UNDRR DesInventar Nepal,2006,9,15,Central Region,Makwanpur,AMBHANJYANG,RAIN,0,0,0,0,0,0,0,0.0,False,,,,,,,,,,,,,,,True,True,True,True
desinventar-539e6f46-5630-4061-baa3-699d494026e0,UNDRR DesInventar Nepal,2007,3,8,Eastern Region,Taplejung,KHOKLING,OTHER,1,0,0,0,0,0,0,0.0,False,,,,,,,,,,,,,,,True,True,True,True
desinventar-ca741a74-aa9c-4cff-b0d8-e19734b32c37,UNDRR DesInventar Nepal,2007,4,19,Far Western Region,Doti,GHANTESHWAR,HEAVY RAINS,2,0,0,0,0,0,0,0.0,False,,,,,,,,,,,,,,,True,True,True,True
desinventar-9b83890e-7740-4313-916e-a3cde0ea2594,UNDRR DesInventar Nepal,2007,4,18,Far Western Region,Doti,UNKNOWN,HEAVY RAINS,2,1,0,0,0,0,0,0.0,False,,,,,,,,,,,,,,,True,True,True,True
desinventar-52cbaf7f-2038-4674-ad0a-3aa64e9cff86,UNDRR DesInventar Nepal,2007,5,1,Central Region,Makwanpur,UNKNOWN,OTHER,1,0,0,0,0,0,0,0.0,False,,,,,,,,,,,,,,,True,True,True,True
desinventar-5568baea-4aed-4611-adbf-639f60b5be69,UNDRR DesInventar Nepal,2007,8,1,Mid-Western Region,Bardiya,MOTIPUR,HEAVY RAINS,1,0,0,0,0,0,0,0.0,False,,,,,,,,,,,,,,,True,True,True,True
desinventar-b573f403-3c33-405f-a4d8-c9e91d447e81,UNDRR DesInventar Nepal,2007,5,16,Mid-Western Region,Dang,UNKNOWN,HEAVY RAINS,0,0,0,1000,0,0,0,0.0,True,,,,,,,,,,,,,,,True,True,True,True
desinventar-f2999c5a-ef83-4705-95ae-595fcfcc7d2c,UNDRR DesInventar Nepal,2007,5,20,Central Region,Nuwakot,HALDE KALIKA,UNKNOWN,0,2,0,0,0,0,0,0.0,False,,,,,,,,,,,,,,,True,True,True,True
desinventar-6384f069-572c-459d-ad2e-de94dc954741,UNDRR DesInventar Nepal,2007,5,12,Western Region,Myagdi,BIM,FLOOD,0,0,0,300,25,0,0,0.0,False,,,,,,,,,,,,,,,True,True,True,True
desinventar-38b1e289-5394-4d67-a8b2-39a568af526b,UNDRR DesInventar Nepal,2007,6,17,Central Region,Rautahat,UNKNOWN,HEAVY RAINS,0,0,0,0,0,0,0,0.0,False,,,,,,,,,,,,,,,True,True,True,True
desinventar-5e890357-1ecb-4fa2-9aa5-2d0bc633e8f0,UNDRR DesInventar Nepal,2007,6,18,Central Region,Rautahat,UNKNOWN,FLOOD,0,2,0,0,0,0,0,0.0,False,,,,,,,,,,,,,,,True,True,True,True
desinventar-1a6fd396-58b8-42bb-ac45-3dfce65c1135,UNDRR DesInventar Nepal,2007,6,19,Western Region,Tanahu,RUPAKOT,UNKNOWN,0,0,0,0,8,0,0,0.0,False,,,,,,,,,,,,,,,True,True,True,True
desinventar-6d5e050d-ed39-4e7d-b0af-371c9600a615,UNDRR DesInventar Nepal,2007,6,20,Eastern Region,Jhapa,MAHABHARA,HEAVY RAINS,0,0,0,0,0,0,0,0.0,False,,,,,,,,,,,,,,,True,True,True,True
desinventar-ff9f9143-b984-4023-91e0-b33be71ed111,UNDRR DesInventar Nepal,2007,6,20,Western Region,Tanahu,RUPAKOT,HEAVY RAINS,0,0,0,400,0,0,0,0.0,False,,,,,,,,,,,,,,,True,True,True,True
desinventar-a12c17c2-e4f7-4013-ae86-84962372b60f,UNDRR DesInventar Nepal,2007,6,11,Central Region,Sindhupalchoke,Barahbise,HEAVY RAINS,0,0,0,100,0,0,0,0.0,False,,,,,,,,,,,,,,,True,True,True,True
desinventar-5b2a8109-6249-41dc-b642-0c0e45d91383,UNDRR DesInventar Nepal,2007,6,26,Western Region,Tanahu,RUPAKOT,HEAVY RAINS,0,0,0,0,7,0,0,0.0,False,,,,,,,,,,,,,,,True,True,True,True
desinventar-771fcc91-fa74-4609-bce8-5357dfe641b9,UNDRR DesInventar Nepal,2007,6,25,Far Western Region,Baitadi,TALLA DEHI,UNKNOWN,0,0,9,0,0,0,0,0.0,False,,,,,,,,,,,,,,,True,True,True,True
desinventar-c181f5a9-e7e6-47e0-b41e-abfd0c17adff,UNDRR DesInventar Nepal,2007,6,30,Western Region,Kaski,POKHARA_SMP,FLOOD,1,0,1,0,0,0,0,0.0,False,,,,,,,,,,,,,,,True,True,True,True
desinventar-13e68ec4-243a-4750-b939-f01c4b911d04,UNDRR DesInventar Nepal,2007,7,9,Western Region,Mustang,KOBANG,UNKNOWN,1,0,0,0,7,0,0,0.0,False,,,,,,,,,,,,,,,True,True,True,True
desinventar-61452e2f-1fdf-45a3-8b98-265303d62afe,UNDRR DesInventar Nepal,2007,7,8,Western Region,Kapilbastu,NIGALIHAWA,UNKNOWN,1,0,0,0,0,0,0,0.0,False,,,,,,,,,,,,,,,True,True,True,True
desinventar-a7ac9cf6-c56e-4624-9082-13e451373313,UNDRR DesInventar Nepal,2007,7,16,Mid-Western Region,Kalikot,LALU,UNKNOWN,0,0,0,0,0,0,0,0.0,False,,,,,,,,,,,,,,,True,True,True,True
desinventar-6314a4b2-fe28-43ad-bc63-86f06c858ace,UNDRR DesInventar Nepal,2007,7,19,Central Region,Nuwakot,BHALCHE,HEAVY RAINS,0,0,0,0,1,0,0,0.0,False,,,,,,,,,,,,,,,True,True,True,True
desinventar-a66d7482-10c6-41eb-8fef-4bf7eaed6270,UNDRR DesInventar Nepal,2007,7,20,Mid-Western Region,Banke,UNKNOWN,HEAVY RAINS,0,0,0,0,200,0,0,0.0,False,,,,,,,,,,,,,,,True,True,True,True
desinventar-04cde125-5110-4902-85f5-9566c1831079,UNDRR DesInventar Nepal,2007,7,24,Central Region,Sarlahi,CHHOTAUL,HEAVY RAINS,0,0,0,0,24,0,0,0.0,False,,,,,,,,,,,,,,,True,True,True,True
desinventar-97952ae3-dfd9-46d2-b40f-3b7576191dde,UNDRR DesInventar Nepal,2007,7,22,Far Western Region,Kailali,UNKNOWN,HEAVY RAINS,0,0,0,0,0,0,0,0.0,True,,,,,,,,,,,,,,,True,True,True,True
desinventar-2b27db17-f27e-40fe-b4b3-21a9736a4ce6,UNDRR DesInventar Nepal,2007,7,26,Eastern Region,Saptari,UNKNOWN,OTHER,0,0,0,0,300,0,0,0.0,False,,,,,,,,,,,,,,,True,True,True,True
desinventar-7af792c5-20ee-4bf8-a00d-31a0b2a73e1b,UNDRR DesInventar Nepal,2007,7,26,Eastern Region,Saptari,UNKNOWN,UNKNOWN,0,0,0,0,200,0,0,0.0,False,,,,,,,,,,,,,,,True,True,True,True
desinventar-e6eb5fd5-94c1-4e59-b742-e702e2e72219,UNDRR DesInventar Nepal,2007,7,25,Eastern Region,Saptari,THELIYA,UNKNOWN,0,0,0,0,200,0,0,0.0,False,,,,,,,,,,,,,,,True,True,True,True
desinventar-bbdca14a-0c31-446b-936d-f716b84a2bcf,UNDRR DesInventar Nepal,2007,7,25,Eastern Region,Saptari,UNKNOWN,UNKNOWN,0,0,0,0,40,0,0,0.0,False,,,,,,,,,,,,,,,True,True,True,True
desinventar-cb645c50-7f3d-4c8a-b128-9872edaa237c,UNDRR DesInventar Nepal,2007,7,26,Mid-Western Region,Dang,HALWAR,HEAVY RAINS,1,0,0,0,0,0,0,0.0,True,,,,,,,,,,,,,,,True,True,True,True
desinventar-568674ce-e59e-4597-9f6a-f5353b1634db,UNDRR DesInventar Nepal,2007,7,26,Western Region,Nawalparasi,KUDIYA,HEAVY RAINS,0,0,0,0,0,0,0,0.0,False,,,,,,,,,,,,,,,True,True,True,True
desinventar-dc067668-f489-4918-95de-dbad7564d237,UNDRR DesInventar Nepal,2007,7,28,Western Region,Gulmi,HANSARA,UNKNOWN,7,0,0,0,1,0,0,0.0,False,,,,,,,,,,,,,,,True,True,True,True
desinventar-8088ed28-e128-4192-8f4e-1cabec7e4718,UNDRR DesInventar Nepal,2007,7,28,Central Region,Sarlahi,UNKNOWN,UNKNOWN,0,0,0,0,7,0,0,0.0,False,,,,,,,,,,,,,,,True,True,True,True
desinventar-993c19a7-7760-417b-b1e6-e043e2b71a15,UNDRR DesInventar Nepal,2007,7,28,Mid-Western Region,Banke,UNKNOWN,UNKNOWN,0,0,0,0,0,0,0,0.0,False,,,,,,,,,,,,,,,True,True,True,True
desinventar-7a8a90d5-a939-4c38-a747-d5d7cfa5ea64,UNDRR DesInventar Nepal,2007,7,28,Mid-Western Region,Banke,NEPALGANJ N.P.,UNKNOWN,0,0,0,0,22,0,0,0.0,False,,,,,,,,,,,,,,,True,True,True,True
desinventar-37591e46-d12e-4450-9e58-dda8d67ec57e,UNDRR DesInventar Nepal,2007,7,28,Mid-Western Region,Bardiya,UNKNOWN,UNKNOWN,0,0,0,0,5000,0,0,0.0,False,,,,,,,,,,,,,,,True,True,True,True
desinventar-5869bdd6-188a-47d5-aa63-453b9665aaf8,UNDRR DesInventar Nepal,2007,7,28,Mid-Western Region,Bardiya,RAJAPUR,HEAVY RAINS,0,0,0,0,0,0,0,0.0,False,,,,,,,,,,,,,,,True,True,True,True
desinventar-ac449f61-657f-4946-baed-861f8d1940fa,UNDRR DesInventar Nepal,2007,7,28,Eastern Region,Jhapa,DHARMPUR,UNKNOWN,0,0,0,0,6,0,0,0.0,False,,,,,,,,,,,,,,,True,True,True,True
desinventar-214fde51-e191-40f1-8e05-f15091591ac9,UNDRR DesInventar Nepal,2007,7,28,Eastern Region,Jhapa,MAHABHARA,HEAVY RAINS,0,0,0,0,5,0,0,0.0,False,,,,,,,,,,,,,,,True,True,True,True
desinventar-1624000d-7d30-407a-892c-bc0615f952af,UNDRR DesInventar Nepal,2007,7,28,Eastern Region,Sunsari,UNKNOWN,HEAVY RAINS,0,0,0,0,250,0,0,0.0,False,,,,,,,,,,,,,,,True,True,True,True
desinventar-48b717ed-b5ca-4e17-82d6-9310cbb8446b,UNDRR DesInventar Nepal,2007,7,28,Eastern Region,Sunsari,UNKNOWN,HEAVY RAINS,0,0,0,0,300,0,0,0.0,False,,,,,,,,,,,,,,,True,True,True,True
desinventar-f618e87e-7442-42f3-8b71-d3fb892063df,UNDRR DesInventar Nepal,2007,7,28,Western Region,Baglung,UNKNOWN,UNKNOWN,0,0,0,0,0,0,0,0.0,True,,,,,,,,,,,,,,,True,True,True,True
desinventar-1c329de7-380f-45e5-9f86-f79c38504790,UNDRR DesInventar Nepal,2007,7,28,Eastern Region,Morang,Sijuwa,HEAVY RAINS,0,0,0,0,6,0,0,0.0,False,,,,,,,,,,,,,,,True,True,True,True
desinventar-422fdb94-fdc3-4309-8e5a-f6afe935aba4,UNDRR DesInventar Nepal,2007,7,28,Eastern Region,Morang,Banigama,HEAVY RAINS,0,0,0,0,0,0,0,0.0,False,,,,,,,,,,,,,,,True,True,True,True
desinventar-9cb65daf-2389-48cb-9e41-535615f9556f,UNDRR DesInventar Nepal,2007,7,28,Far Western Region,Kailali,UNKNOWN,HEAVY RAINS,0,0,0,0,0,0,0,0.0,False,,,,,,,,,,,,,,,True,True,True,True
desinventar-351c1a8a-762d-4009-86a9-c49cd3c9a66f,UNDRR DesInventar Nepal,2007,7,29,Eastern Region,Morang,UNKNOWN,HEAVY RAINS,0,0,0,0,0,0,0,0.0,False,,,,,,,,,,,,,,,True,True,True,True
desinventar-9fe83ade-08bd-413b-987e-575829dcf4c0,UNDRR DesInventar Nepal,2007,7,30,Western Region,Nawalparasi,SOMANI,HEAVY RAINS,0,3,0,0,0,0,0,0.0,False,,,,,,,,,,,,,,,True,True,True,True
desinventar-232b641f-3ad5-4390-8c54-cad4fbed9acc,UNDRR DesInventar Nepal,2007,7,30,Mid-Western Region,Surkhet,LEKHPARAJUL,UNKNOWN,0,0,0,0,27,0,0,0.0,False,,,,,,,,,,,,,,,True,True,True,True
desinventar-2ba02f12-7ea0-4306-89e4-0cef9d14a57f,UNDRR DesInventar Nepal,2007,7,30,Far Western Region,Kailali,THAPAPUR,HEAVY RAINS,2,0,0,0,125,0,0,0.0,False,,,,,,,,,,,,,,,True,True,True,True
desinventar-09b5bd29-763a-49ee-b029-ea3f7445402e,UNDRR DesInventar Nepal,2007,7,30,Central Region,Chitawan,UNKNOWN,HEAVY RAINS,0,1,0,0,0,0,0,0.0,False,,,,,,,,,,,,,,,True,True,True,True
desinventar-9a121e10-7aec-4169-ba9a-1ba7d4be688b,UNDRR DesInventar Nepal,2007,7,12,Mid-Western Region,Dailekh,UNKNOWN,HEAVY RAINS,0,0,36,0,0,0,0,0.0,False,,,,,,,,,,,,,,,True,True,True,True
desinventar-2330fd01-0c8a-4300-939e-4fe5a4e1e1f7,UNDRR DesInventar Nepal,2007,7,14,Mid-Western Region,Surkhet,UNKNOWN,UNKNOWN,0,0,0,0,0,0,0,0.0,False,,,,,,,,,,,,,,,True,True,True,True
desinventar-63640c8e-848a-492e-b311-e1f541fcca27,UNDRR DesInventar Nepal,2007,7,24,Central Region,Sindhuli,Ratnawati,FLOOD,0,1,0,0,0,0,0,0.0,False,,,,,,,,,,,,,,,True,True,True,True
desinventar-ab79c7b2-7c56-44bc-874b-2c6a540aae40,UNDRR DesInventar Nepal,2007,8,1,Mid-Western Region,Bardiya,KALIKA,HEAVY RAINS,1,0,0,0,0,0,0,0.0,False,,,,,,,,,,,,,,,True,True,True,True
desinventar-8d32e93f-7080-4f74-8c8c-4e4d5ce315fb,UNDRR DesInventar Nepal,2007,8,4,Central Region,Dolakha,Gaurishankar,HEAVY RAINS,1,0,0,0,0,0,0,0.0,True,,,,,,,,,,,,,,,True,True,True,True
desinventar-09af344c-8631-49d8-bda6-9b389f812b4d,UNDRR DesInventar Nepal,2007,8,4,Central Region,Chitawan,UNKNOWN,HEAVY RAINS,0,0,0,0,0,0,0,0.0,True,,,,,,,,,,,,,,,True,True,True,True
desinventar-f1657024-fdc1-4ce4-8582-7ce5d1a02da4,UNDRR DesInventar Nepal,2007,8,5,Central Region,Dhanusa,UNKNOWN,HEAVY RAINS,0,0,0,5000,0,0,0,0.0,False,,,,,,,,,,,,,,,True,True,True,True
desinventar-5d8488d7-bf08-48ca-9c18-079e94ad5946,UNDRR DesInventar Nepal,2007,8,5,Central Region,Nuwakot,BIDUR MUNICIPALITY,HEAVY RAINS,0,0,0,0,0,0,0,0.0,False,,,,,,,,,,,,,,,True,True,True,True
desinventar-f30a2819-1bff-479a-93b0-bc058817dd66,UNDRR DesInventar Nepal,2007,8,5,Central Region,Rautahat,MATSARI,UNKNOWN,0,0,0,0,0,0,0,0.0,True,,,,,,,,,,,,,,,True,True,True,True
desinventar-50de6fb9-ac16-4f48-84c7-d1d8bcdc9964,UNDRR DesInventar Nepal,2007,8,5,Mid-Western Region,Rolpa,NUWAGAU,UNKNOWN,0,0,0,0,0,0,0,0.0,False,,,,,,,,,,,,,,,True,True,True,True
desinventar-2f0d6fee-9687-4182-89a2-f3a64c8e5a99,UNDRR DesInventar Nepal,2007,8,5,Mid-Western Region,Rolpa,GAIRIGAU,HEAVY RAINS,0,0,0,0,0,0,0,0.0,False,,,,,,,,,,,,,,,True,True,True,True
desinventar-4e192996-74d3-4561-9bc9-91240cb2596c,UNDRR DesInventar Nepal,2007,8,5,Mid-Western Region,Jajarkot,Daha,HEAVY RAINS,2,0,0,0,0,0,0,0.0,False,,,,,,,,,,,,,,,True,True,True,True
desinventar-b2ba8e73-a9cc-4507-b3be-84c4e1f05bc7,UNDRR DesInventar Nepal,2007,8,6,Mid-Western Region,Surkhet,UNKNOWN,HEAVY RAINS,0,0,0,0,0,0,0,0.0,False,,,,,,,,,,,,,,,True,True,True,True
desinventar-80a2c37d-4571-41ff-bddd-23e6fb0e1510,UNDRR DesInventar Nepal,2007,8,7,Mid-Western Region,Banke,UNKNOWN,UNKNOWN,0,0,0,0,0,0,0,0.0,False,,,,,,,,,,,,,,,True,True,True,True
desinventar-fee7b6ac-7b1b-470a-9414-e34d6164447c,UNDRR DesInventar Nepal,2007,8,7,Mid-Western Region,Bardiya,UNKNOWN,HEAVY RAINS,0,0,0,0,0,0,0,0.0,False,,,,,,,,,,,,,,,True,True,True,True
desinventar-2b0e2516-2d3d-4c5a-8376-ae7cbb60861e,UNDRR DesInventar Nepal,2007,8,7,Central Region,Dhanusa,UNKNOWN,HEAVY RAINS,0,0,0,0,0,0,0,0.0,False,,,,,,,,,,,,,,,True,True,True,True
desinventar-dbc0b6d4-ec1e-4f43-a338-fbaabf24df45,UNDRR DesInventar Nepal,2007,8,7,Central Region,Bara,UNKNOWN,HEAVY RAINS,0,0,0,0,0,0,0,0.0,False,,,,,,,,,,,,,,,True,True,True,True
desinventar-ebe1c1a2-4244-4262-ac9d-c23e0431b432,UNDRR DesInventar Nepal,2007,8,7,Central Region,Parsa,UNKNOWN,HEAVY RAINS,0,0,0,0,0,0,0,0.0,False,,,,,,,,,,,,,,,True,True,True,True
desinventar-31835939-0a7f-454d-8a37-3c3bbf940775,UNDRR DesInventar Nepal,2007,8,7,Far Western Region,Kailali,UNKNOWN,HEAVY RAINS,0,0,0,0,0,0,0,0.0,False,,,,,,,,,,,,,,,True,True,True,True
desinventar-d2593bd9-4370-475c-9113-511abc766735,UNDRR DesInventar Nepal,2007,8,7,Far Western Region,Kanchanpur,UNKNOWN,HEAVY RAINS,0,0,0,0,0,0,0,0.0,False,,,,,,,,,,,,,,,True,True,True,True
desinventar-6e98d532-9611-477b-839d-11f595519b69,UNDRR DesInventar Nepal,2007,8,7,Central Region,Chitawan,UNKNOWN,HEAVY RAINS,0,0,0,0,0,0,0,0.0,False,,,,,,,,,,,,,,,True,True,True,True
desinventar-f2434db7-03ae-4b68-a191-6af3a22cb4bd,UNDRR DesInventar Nepal,2007,8,9,Mid-Western Region,Surkhet,BIRENDRANAGAR NP,HEAVY RAINS,1,2,0,0,0,0,0,0.0,False,,,,,,,,,,,,,,,True,True,True,True
desinventar-53394571-235f-4cc9-8f99-e0a9e7a092e0,UNDRR DesInventar Nepal,2007,8,11,Eastern Region,Saptari,UNKNOWN,HEAVY RAINS,0,0,0,0,0,0,0,0.0,False,,,,,,,,,,,,,,,True,True,True,True
desinventar-21dfb4b7-e0b8-47a5-81d6-9f784d1fe90c,UNDRR DesInventar Nepal,2007,8,12,Far Western Region,Kailali,RAMSIKHAR JHALA,HEAVY RAINS,0,2,0,0,0,0,0,0.0,False,,,,,,,,,,,,,,,True,True,True,True
desinventar-a0cecf31-6b25-4270-8745-a857fb33f886,UNDRR DesInventar Nepal,2007,8,13,Central Region,Rautahat,MADANPUR,UNKNOWN,0,1,0,0,0,0,0,0.0,False,,,,,,,,,,,,,,,True,True,True,True
desinventar-03455499-354e-4fe6-abe4-3e9c77494214,UNDRR DesInventar Nepal,2007,8,16,Western Region,Nawalparasi,KUDIYA,HEAVY RAINS,0,0,0,0,0,0,0,0.0,False,,,,,,,,,,,,,,,True,True,True,True
desinventar-36907918-1b1b-48aa-88ef-62c5d59647c1,UNDRR DesInventar Nepal,2007,8,16,Eastern Region,Ilam,UNKNOWN,HEAVY RAINS,0,0,0,0,32,0,0,0.0,False,,,,,,,,,,,,,,,True,True,True,True
desinventar-c62deafc-5f23-467e-9b86-a33a13b093ff,UNDRR DesInventar Nepal,2007,8,16,Mid-Western Region,Bardiya,UNKNOWN,HEAVY RAINS,0,0,0,0,200,0,0,0.0,False,,,,,,,,,,,,,,,True,True,True,True
desinventar-fab30a21-a400-4b18-b944-1a7f33052766,UNDRR DesInventar Nepal,2007,8,16,Mid-Western Region,Bardiya,MAINA POKHARI,HEAVY RAINS,0,0,0,0,0,0,0,0.0,False,,,,,,,,,,,,,,,True,True,True,True
desinventar-7e0e78f7-6d55-4e81-9d99-a6c43f68c1af,UNDRR DesInventar Nepal,2007,8,16,Mid-Western Region,Bardiya,MAHAMADPUR,HEAVY RAINS,0,1,0,0,0,0,0,0.0,False,,,,,,,,,,,,,,,True,True,True,True
desinventar-f64719f0-54f9-4fe8-a9e0-48e011a27f59,UNDRR DesInventar Nepal,2007,8,16,Far Western Region,Kanchanpur,MAHENDRA NAGAR N.P.,HEAVY RAINS,0,0,0,0,22,0,0,0.0,False,,,,,,,,,,,,,,,True,True,True,True
desinventar-72bbc088-6a6f-466b-b806-ab197617df2c,UNDRR DesInventar Nepal,2007,8,17,Central Region,Dhanusa,Balaha Kathal,HEAVY RAINS,0,0,0,0,0,0,0,0.0,False,,,,,,,,,,,,,,,True,True,True,True
desinventar-44e41d4b-3d6d-4e02-a975-089f5675e3dd,UNDRR DesInventar Nepal,2007,8,17,Central Region,Mahotari,Jaleswar Municipalit,HEAVY RAINS,0,0,0,0,0,0,0,0.0,True,,,,,,,,,,,,,,,True,True,True,True
desinventar-a76bc784-ccfc-4726-9065-25a2a58104f2,UNDRR DesInventar Nepal,2007,8,17,Western Region,Mustang,TUKUCHE,HEAVY RAINS,0,0,0,0,3,0,0,0.0,False,,,,,,,,,,,,,,,True,True,True,True
desinventar-14f528ff-940e-43b4-8416-8fd23829eaaa,UNDRR DesInventar Nepal,2007,8,17,Eastern Region,Saptari,UNKNOWN,HEAVY RAINS,0,0,0,0,0,1000,0,0.0,False,,,,,,,,,,,,,,,True,True,True,True
desinventar-230c41d0-caa1-4e5a-81db-679dbda91a40,UNDRR DesInventar Nepal,2007,8,17,Central Region,Rautahat,MADANPUR,HEAVY RAINS,0,0,0,0,10,0,0,0.0,False,,,,,,,,,,,,,,,True,True,True,True
desinventar-27f299b5-ccc1-41ff-9cc8-f83c31ed5e70,UNDRR DesInventar Nepal,2007,8,18,Eastern Region,Siraha,UNKNOWN,HEAVY RAINS,0,0,0,0,0,0,0,0.0,False,,,,,,,,,,,,,,,True,True,True,True
desinventar-33f74144-f65e-48f6-8918-e40f1aae1cfa,UNDRR DesInventar Nepal,2007,8,18,Far Western Region,Kailali,UNKNOWN,HEAVY RAINS,0,0,0,41000,0,0,0,0.0,False,,,,,,,,,,,,,,,True,True,True,True
desinventar-c663e80b-d1b8-4d6f-a852-64ef8d53f69f,UNDRR DesInventar Nepal,2007,8,18,Eastern Region,Saptari,PAKARI,UNKNOWN,0,0,0,0,0,0,0,0.0,False,,,,,,,,,,,,,,,True,True,True,True
desinventar-ceb75934-d32e-4de1-8f30-b53780c4dfbf,UNDRR DesInventar Nepal,2007,8,25,Eastern Region,Sunsari,UNKNOWN,HEAVY RAINS,0,0,0,5000,0,0,0,0.0,False,,,,,,,,,,,,,,,True,True,True,True
desinventar-33cd96f0-c38f-4ab2-b880-40d3f10e9366,UNDRR DesInventar Nepal,2007,8,26,Central Region,Mahotari,Jaleswar Municipalit,HEAVY RAINS,0,0,0,0,0,0,0,0.0,False,,,,,,,,,,,,,,,True,True,True,True
desinventar-a10e23c4-5e5c-4635-b26d-7ba5df5961ca,UNDRR DesInventar Nepal,2007,8,2,Central Region,Lalitpur,Bukhel,UNKNOWN,1,1,0,0,0,0,0,0.0,False,,,,,,,,,,,,,,,True,True,True,True
desinventar-5c0de914-3fe9-465b-9ca5-e88588b6c3ca,UNDRR DesInventar Nepal,2007,8,8,Mid-Western Region,Bardiya,UNKNOWN,HEAVY RAINS,0,0,0,0,0,0,0,0.0,False,,,,,,,,,,,,,,,True,True,True,True
desinventar-f9e61b06-8221-4ec6-96e2-6c57caf1aa0c,UNDRR DesInventar Nepal,2007,8,15,Mid-Western Region,Kalikot,BHASTA,HEAVY RAINS,0,2,0,0,0,0,0,0.0,False,,,,,,,,,,,,,,,True,True,True,True
desinventar-63bca9a5-b309-46d4-ac86-ba27b7c15b81,UNDRR DesInventar Nepal,2007,8,18,Far Western Region,Kailali,UNKNOWN,HEAVY RAINS,0,0,0,0,0,0,0,0.0,True,,,,,,,,,,,,,,,True,True,True,True
desinventar-f6d4c6ab-a9d7-40ca-ab62-09e62fcae20c,UNDRR DesInventar Nepal,2007,8,20,Mid-Western Region,Dolpa,TINGE,HEAVY RAINS,0,0,0,0,0,0,0,0.0,False,,,,,,,,,,,,,,,True,True,True,True
desinventar-2658c9ab-f0c0-4c9e-b251-0fc08d8b1a50,UNDRR DesInventar Nepal,2007,9,1,Mid-Western Region,Banke,HOLIA,HEAVY RAINS,3,0,0,0,0,0,0,0.0,False,,,,,,,,,,,,,,,True,True,True,True
desinventar-b9310a8b-a3c8-4e8b-aeba-71d9aaee969e,UNDRR DesInventar Nepal,2007,9,3,Eastern Region,Sunsari,Itahari Municipality,HEAVY RAINS,0,0,0,0,150,0,0,0.0,False,,,,,,,,,,,,,,,True,True,True,True
desinventar-47e62034-76b8-421d-8f75-b5aa36cac2ef,UNDRR DesInventar Nepal,2007,9,3,Mid-Western Region,Dang,UNKNOWN,HEAVY RAINS,0,0,0,0,8,0,0,0.0,False,,,,,,,,,,,,,,,True,True,True,True
desinventar-a99d7f81-f9a1-4bff-8f09-840a9f655f64,UNDRR DesInventar Nepal,2007,9,4,Western Region,Rupandehi,UNKNOWN,HEAVY RAINS,0,0,0,0,0,0,0,0.0,False,,,,,,,,,,,,,,,True,True,True,True
desinventar-0426dc27-e146-4015-9eb1-cd5ae6b56529,UNDRR DesInventar Nepal,2007,9,7,Western Region,Nawalparasi,UNKNOWN,HEAVY RAINS,0,0,0,0,1200,0,0,0.0,True,,,,,,,,,,,,,,,True,True,True,True
desinventar-605e6d9d-b31a-4a08-b0de-00f810578f28,UNDRR DesInventar Nepal,2009,7,27,Western Region,Gulmi,HASTICHAUR,HEAVY RAINS,0,0,3,0,1,0,0,0.0,False,,,,,,,,,,,,,,,True,True,True,True
desinventar-06dfcba9-2ad1-46ca-ac76-352758dc38ef,UNDRR DesInventar Nepal,2007,9,8,Far Western Region,Kanchanpur,PIPALADI,HEAVY RAINS,0,0,0,0,0,0,0,0.0,False,,,,,,,,,,,,,,,True,True,True,True
desinventar-8939a6c8-6237-49e1-aed7-32101740d699,UNDRR DesInventar Nepal,2007,9,8,Western Region,Rupandehi,UNKNOWN,HEAVY RAINS,0,0,0,0,0,0,0,0.0,False,,,,,,,,,,,,,,,True,True,True,True
desinventar-8b001534-010e-459b-bc12-3be29dbc7cc8,UNDRR DesInventar Nepal,2007,9,10,Central Region,Sindhuli,Sirthauli,UNKNOWN,2,0,2,0,0,0,0,0.0,False,,,,,,,,,,,,,,,True,True,True,True
desinventar-eac01acd-2eed-4d74-98db-bdc902ab6b36,UNDRR DesInventar Nepal,2007,9,11,Eastern Region,Udayapur,Lekhgau,HEAVY RAINS,1,0,2,0,0,0,0,0.0,False,,,,,,,,,,,,,,,True,True,True,True
desinventar-7923b3c2-a9dd-4bcd-82c6-fe45a2fe5834,UNDRR DesInventar Nepal,2007,9,10,Eastern Region,Udayapur,UNKNOWN,HEAVY RAINS,1,0,0,0,2,0,0,0.0,False,,,,,,,,,,,,,,,True,True,True,True
desinventar-4ecc34a7-0954-4f1c-8130-63d3aaf90be2,UNDRR DesInventar Nepal,2007,9,11,Central Region,Makwanpur,DHIYAL,HEAVY RAINS,0,0,0,0,300,0,0,0.0,False,,,,,,,,,,,,,,,True,True,True,True
desinventar-d8f9b37a-7838-4a6f-b1ec-c1e6671fab06,UNDRR DesInventar Nepal,2007,9,12,Far Western Region,Dadeldhura,JOGBUDA,UNKNOWN,0,0,0,300,0,0,0,0.0,False,,,,,,,,,,,,,,,True,True,True,True
desinventar-6f3024e2-394b-4d70-8908-3d093fa24717,UNDRR DesInventar Nepal,2007,9,25,Mid-Western Region,Banke,UNKNOWN,HEAVY RAINS,0,0,0,0,0,0,0,0.0,False,,,,,,,,,,,,,,,True,True,True,True
desinventar-2ea1a4e3-09c0-48b0-a50b-2dd8bfc9f3c1,UNDRR DesInventar Nepal,2007,9,26,Eastern Region,Ilam,AMCHOK,HEAVY RAINS,0,0,0,0,5,0,0,0.0,False,,,,,,,,,,,,,,,True,True,True,True
desinventar-74a8ce7e-b594-4e02-a883-a01172c87c77,UNDRR DesInventar Nepal,2007,9,28,Mid-Western Region,Surkhet,MEHELKUNA,HEAVY RAINS,0,0,0,0,0,40,0,0.0,False,,,,,,,,,,,,,,,True,True,True,True
desinventar-4c12c02b-ec32-42e5-b50b-f0eaabb283c3,UNDRR DesInventar Nepal,2007,9,28,Mid-Western Region,Surkhet,UNKNOWN,HEAVY RAINS,0,0,0,0,0,30,0,0.0,False,,,,,,,,,,,,,,,True,True,True,True
desinventar-28ffcac0-65be-4fee-bc52-336e18065117,UNDRR DesInventar Nepal,2007,9,29,Western Region,Nawalparasi,SUNAWAL,HEAVY RAINS,0,0,0,0,0,0,0,0.0,False,,,,,,,,,,,,,,,True,True,True,True
desinventar-68a65d84-a773-4f42-b4b9-ca530e1682f4,UNDRR DesInventar Nepal,2007,9,29,Far Western Region,Dadeldhura,UNKNOWN,HEAVY RAINS,0,0,0,0,0,0,0,0.0,False,,,,,,,,,,,,,,,True,True,True,True
desinventar-2e12c9be-d496-486b-ab1f-5bd7ffe621fe,UNDRR DesInventar Nepal,2007,8,31,Western Region,Syangja,BANSIN DEOUARI,HEAVY RAINS,0,2,0,0,0,0,0,0.0,False,,,,,,,,,,,,,,,True,True,True,True
desinventar-5028b83b-4612-41a4-b427-5500d4470faf,UNDRR DesInventar Nepal,2007,8,31,Western Region,Myagdi,BARANJA,HEAVY RAINS,0,1,0,0,0,0,0,0.0,False,,,,,,,,,,,,,,,True,True,True,True
desinventar-c4d7c578-eaa9-44f5-9502-d4dfd760ec69,UNDRR DesInventar Nepal,2007,9,5,Central Region,Chitawan,BAGHAUDA,HEAVY RAINS,0,0,0,0,0,0,0,0.0,False,,,,,,,,,,,,,,,True,True,True,True
desinventar-c8052ef1-1b57-4c9d-b691-157e47a40316,UNDRR DesInventar Nepal,2007,9,6,Western Region,Kaski,KASKIKOT,HEAVY RAINS,0,0,0,0,0,50,0,0.0,False,,,,,,,,,,,,,,,True,True,True,True
desinventar-e2a87227-2fc4-4ff0-b150-271a86980717,UNDRR DesInventar Nepal,2007,9,6,Mid-Western Region,Dang,MANPUR,HEAVY RAINS,2,0,0,0,0,0,0,0.0,False,,,,,,,,,,,,,,,True,True,True,True
desinventar-cac962ff-caae-448b-aeff-9434a36ab977,UNDRR DesInventar Nepal,2007,9,7,Central Region,Rautahat,UNKNOWN,HEAVY RAINS,5,0,0,0,0,0,0,0.0,False,,,,,,,,,,,,,,,True,True,True,True
desinventar-a8d29fd9-48d3-4c26-b753-19d88325640c,UNDRR DesInventar Nepal,2007,9,13,Eastern Region,Khotang,Likuwa Pokhari,HEAVY RAINS,1,0,0,0,0,0,0,0.0,False,,,,,,,,,,,,,,,True,True,True,True
desinventar-137fa96f-389f-44ad-9b50-0c5dd148f4b6,UNDRR DesInventar Nepal,2007,9,13,Eastern Region,Khotang,Arkhaule,HEAVY RAINS,1,0,1,0,0,0,0,0.0,False,,,,,,,,,,,,,,,True,True,True,True
desinventar-1bada110-88ac-4841-9466-926d70b140b8,UNDRR DesInventar Nepal,2007,9,30,Far Western Region,Bajhang,Dahabagar,UNKNOWN,1,0,0,0,0,0,0,0.0,False,,,,,,,,,,,,,,,True,True,True,True
desinventar-6ff059d7-620d-4470-bd3a-6399c6c89e54,UNDRR DesInventar Nepal,2007,9,30,Mid-Western Region,Dang,TARIGAUN,HEAVY RAINS,1,0,0,0,0,0,0,0.0,False,,,,,,,,,,,,,,,True,True,True,True
desinventar-b877ba37-3350-44c2-9861-84f463735c52,UNDRR DesInventar Nepal,2007,12,20,Western Region,Tanahu,VYAS_NP_(DAMAULI),OTHER,2,1,0,0,0,0,0,0.0,False,,,,,,,,,,,,,,,True,True,True,True
desinventar-51a3384a-2be4-489a-87d0-3efaec7f2858,UNDRR DesInventar Nepal,2008,3,4,Eastern Region,Ilam,JAMUNA,HEAVY RAINS,0,0,0,0,0,0,0,0.0,False,,,,,,,,,,,,,,,True,True,True,True
desinventar-acc3f593-ec1d-482f-85da-a1e3e1353033,UNDRR DesInventar Nepal,2008,3,23,Mid-Western Region,Pyuthan,AKHRA,HEAVY RAINS,1,0,0,0,0,0,0,0.0,False,,,,,,,,,,,,,,,True,True,True,True
desinventar-3956bef2-9125-4209-a49a-bc80e9512a46,UNDRR DesInventar Nepal,2009,8,18,Mid-Western Region,Jajarkot,UNKNOWN,HEAVY RAINS,0,0,0,0,0,43,0,0.0,False,,,,,,,,,,,,,,,True,True,True,True
desinventar-3baf81c9-4593-4c06-a96e-86867d435ffe,UNDRR DesInventar Nepal,2008,5,4,Eastern Region,Okhaldhunga,MAMKHA,OTHER,1,0,0,0,0,0,0,0.0,False,,,,,,,,,,,,,,,True,True,True,True
desinventar-fd1f07e6-e1cc-4964-b951-f88be8381f67,UNDRR DesInventar Nepal,2008,5,24,Eastern Region,Panchthar,CHOKMAGU,HEAVY RAINS,0,0,0,0,0,7,0,0.0,False,,,,,,,,,,,,,,,True,True,True,True
desinventar-97ab7d73-1a58-45f0-9e64-578c1d064170,UNDRR DesInventar Nepal,2008,5,24,Eastern Region,Panchthar,UNKNOWN,HEAVY RAINS,1,0,0,0,0,0,0,0.0,False,,,,,,,,,,,,,,,True,True,True,True
desinventar-c2a2d78c-7f80-4627-be2f-1c9cb8b53522,UNDRR DesInventar Nepal,2008,6,2,Far Western Region,Baitadi,MELAULI,HUMAN MISTAKE,1,0,0,0,0,0,0,0.0,False,,,,,,,,,,,,,,,True,True,True,True
desinventar-5595633b-9482-4f94-a2d8-dd1b2e59fb4d,UNDRR DesInventar Nepal,2008,5,30,Western Region,Arghakanchi,KHAN,FLOOD,1,0,0,0,0,0,0,0.0,False,,,,,,,,,,,,,,,True,True,True,True
desinventar-7b1f0bcb-4272-4c30-b6e9-a599c9bf64a8,UNDRR DesInventar Nepal,2008,6,8,Central Region,Rautahat,GANGAPIPARA,HEAVY RAINS,1,0,0,0,0,0,0,0.0,False,,,,,,,,,,,,,,,True,True,True,True
desinventar-174c9de4-a54a-43e5-8be4-f37c140f383d,UNDRR DesInventar Nepal,2008,6,16,Far Western Region,Kailali,DHANGADHI MUNICIPALITY,HEAVY RAINS,0,0,0,200,2,35,0,0.0,False,,,,,,,,,,,,,,,True,True,True,True
desinventar-684aff0c-617c-403f-b170-4a33219420b3,UNDRR DesInventar Nepal,2008,6,11,Eastern Region,Khotang,Nerpa,HEAVY RAINS,0,0,11,0,0,0,0,0.0,False,,,,,,,,,,,,,,,True,True,True,True
desinventar-40f0ff92-13d1-4baa-a4fa-46b9d134bcad,UNDRR DesInventar Nepal,2008,6,15,Central Region,Mahotari,UNKNOWN,RAIN,0,0,0,0,0,0,0,0.0,False,,,,,,,,,,,,,,,True,True,True,True
desinventar-f648b59c-8066-4a8e-8696-e74fecdf283d,UNDRR DesInventar Nepal,2008,6,15,Far Western Region,Bajhang,Kotbhairab,HEAVY RAINS,0,0,0,0,12,0,0,0.0,False,,,,,,,,,,,,,,,True,True,True,True
desinventar-1a77df86-8d3d-46ef-8871-9027fdeb6492,UNDRR DesInventar Nepal,2008,6,16,Far Western Region,Kailali,LALBOJHI,HEAVY RAINS,0,0,0,0,30,0,0,0.0,False,,,,,,,,,,,,,,,True,True,True,True
desinventar-21601d98-f40b-460b-be87-71945da44acf,UNDRR DesInventar Nepal,2008,6,15,Western Region,Manang,FU,RAIN,0,0,0,0,0,0,0,0.0,False,,,,,,,,,,,,,,,True,True,True,True
desinventar-30016c6b-a715-43c9-abf1-6698da111dce,UNDRR DesInventar Nepal,2008,6,15,Far Western Region,Bajhang,Chaudhari,RAIN,0,0,0,0,1,0,0,0.0,False,,,,,,,,,,,,,,,True,True,True,True
desinventar-cbcd2ab7-65ab-4ef8-8a9f-6bfdeb07b33c,UNDRR DesInventar Nepal,2008,6,23,Mid-Western Region,Humla,MANDANA,HEAVY RAINS,0,0,0,0,0,0,0,0.0,False,,,,,,,,,,,,,,,True,True,True,True
desinventar-7f6c56cc-6bd7-44c0-b208-7838b80b4a17,UNDRR DesInventar Nepal,2008,6,19,Mid-Western Region,Dailekh,KUSAPANI,HEAVY RAINS,0,0,0,0,2,0,0,0.0,False,,,,,,,,,,,,,,,True,True,True,True
desinventar-b5bfa481-958b-4ad5-83b6-cb323afb5745,UNDRR DesInventar Nepal,2008,6,19,Mid-Western Region,Dailekh,RANIBAN,HEAVY RAINS,0,0,0,0,1,0,0,0.0,False,,,,,,,,,,,,,,,True,True,True,True
desinventar-827202aa-0703-452e-82d8-c1e8c34b3f0c,UNDRR DesInventar Nepal,2008,6,19,Mid-Western Region,Dailekh,NARAYA N.P.,HEAVY RAINS,2,0,0,0,0,0,0,0.0,False,,,,,,,,,,,,,,,True,True,True,True
desinventar-14630797-9637-401b-b6dd-6474fe8381f6,UNDRR DesInventar Nepal,2008,6,25,Mid-Western Region,Jajarkot,Garkhakot,HEAVY RAINS,1,0,0,0,0,0,0,0.0,False,,,,,,,,,,,,,,,True,True,True,True
desinventar-6503e8ed-f993-478d-9840-3e848925e6c2,UNDRR DesInventar Nepal,2008,7,6,Eastern Region,Morang,Sanischare,RAIN,2,0,0,0,0,0,0,0.0,False,,,,,,,,,,,,,,,True,True,True,True
desinventar-47d7cee8-cb8e-4ee4-9af0-dc35bcf23447,UNDRR DesInventar Nepal,2008,6,27,Central Region,Mahotari,Jaleswar Municipalit,HEAVY RAINS,1,0,0,0,0,0,0,0.0,False,,,,,,,,,,,,,,,True,True,True,True
desinventar-e94c5263-0e64-494d-b0e6-1e7ae3572d5a,UNDRR DesInventar Nepal,2008,6,27,Western Region,Baglung,TARA,HEAVY RAINS,0,0,0,351,19,46,0,0.0,True,,,,,,,,,,,,,,,True,True,True,True
desinventar-24459f46-3647-41b6-b4ef-4b9936be8324,UNDRR DesInventar Nepal,2008,6,27,Western Region,Myagdi,RUM,HEAVY RAINS,1,0,0,0,10,0,0,0.0,False,,,,,,,,,,,,,,,True,True,True,True
desinventar-774c92cb-090e-4324-9056-a2416c4e5cff,UNDRR DesInventar Nepal,2008,6,26,Western Region,Baglung,TARA,HEAVY RAINS,0,0,0,0,0,0,0,0.0,True,,,,,,,,,,,,,,,True,True,True,True
desinventar-2a4757bf-eb29-4f7b-a6b7-6922ccb00ad7,UNDRR DesInventar Nepal,2008,6,29,Western Region,Baglung,KHUNGA,HEAVY RAINS,0,0,0,17,1,2,0,0.0,True,,,,,,,,,,,,,,,True,True,True,True
desinventar-ffb03a2a-6ee1-4625-919c-6da67ad0af1c,UNDRR DesInventar Nepal,2008,7,5,Eastern Region,Siraha,Majhauliyar,RAIN,0,0,0,3240,0,0,0,0.0,False,,,,,,,,,,,,,,,True,True,True,True
desinventar-22b78d9c-4a0c-412c-9080-fb216486970a,UNDRR DesInventar Nepal,2008,7,6,Eastern Region,Jhapa,MAHABHARA,RAIN,0,0,0,153,0,0,0,0.0,False,,,,,,,,,,,,,,,True,True,True,True
desinventar-1a9787b0-058b-4dd4-a630-6fffd2e3f4ff,UNDRR DesInventar Nepal,2008,7,3,Far Western Region,Dadeldhura,JOGBUDA,RAIN,0,0,0,216,0,0,0,0.0,False,,,,,,,,,,,,,,,True,True,True,True
desinventar-eb9ebf72-c379-46c7-abca-19d920bbb7e5,UNDRR DesInventar Nepal,2008,7,9,Mid-Western Region,Dailekh,AWAL PARAJUL,HEAVY RAINS,0,0,0,12,1,0,0,0.0,False,,,,,,,,,,,,,,,True,True,True,True
desinventar-1ceaef35-25d7-4657-b382-a7c8b71cb86a,UNDRR DesInventar Nepal,2008,7,6,Central Region,Dolakha,Gaurishankar,HEAVY RAINS,0,0,0,0,0,0,0,0.0,True,,,,,,,,,,,,,,,True,True,True,True
desinventar-76752b62-dd63-4b64-be2f-237fc4ed0f61,UNDRR DesInventar Nepal,2008,7,8,Far Western Region,Kanchanpur,DEKHATBHULI,HEAVY RAINS,0,0,0,33,0,0,0,0.0,False,,,,,,,,,,,,,,,True,True,True,True
desinventar-1f215092-ab3f-4341-b22a-3fd659a95642,UNDRR DesInventar Nepal,2008,7,2,Far Western Region,Dadeldhura,JOGBUDA,RAIN,1,0,0,824,0,0,0,0.0,False,,,,,,,,,,,,,,,True,True,True,True
desinventar-80c847a0-fb83-4027-b0e5-a0dbf7a28674,UNDRR DesInventar Nepal,2008,7,2,Far Western Region,Dadeldhura,ALITAL,HEAVY RAINS,0,0,0,17,0,0,0,0.0,False,,,,,,,,,,,,,,,True,True,True,True
desinventar-ef6de221-b775-45cf-be3a-23602aaa5f2f,UNDRR DesInventar Nepal,2008,7,2,Far Western Region,Dadeldhura,SIRSHA,HEAVY RAINS,0,0,0,108,12,0,0,0.0,False,,,,,,,,,,,,,,,True,True,True,True
desinventar-0dc1df36-616b-4e2e-8494-8f72e7f91f2a,UNDRR DesInventar Nepal,2008,7,9,Central Region,Sindhuli,Mahadevsthan,RAIN,0,1,0,0,0,0,0,0.0,False,,,,,,,,,,,,,,,True,True,True,True
desinventar-c9f4ab8a-855c-431c-aab3-9c25e09e7c58,UNDRR DesInventar Nepal,2008,7,11,Far Western Region,Baitadi,SITAD,HEAVY RAINS,0,0,0,0,0,0,0,0.0,False,,,,,,,,,,,,,,,True,True,True,True
desinventar-aa79e0db-e639-4330-8e3f-707e38e18758,UNDRR DesInventar Nepal,2008,7,12,Western Region,Nawalparasi,UNKNOWN,HEAVY RAINS,0,0,0,66,0,12,0,0.0,False,,,,,,,,,,,,,,,True,True,True,True
desinventar-21ff3333-72cd-4777-b03f-b2ce3ca85b70,UNDRR DesInventar Nepal,2008,7,14,Central Region,Sindhupalchoke,Helambu,HEAVY RAINS,0,0,0,0,0,0,0,0.0,True,,,,,,,,,,,,,,,True,True,True,True
desinventar-68209d82-b389-42ba-9e4a-46d2b5bac992,UNDRR DesInventar Nepal,2008,7,15,Eastern Region,Sunsari,Itahari Municipality,HEAVY RAINS,1,0,0,0,0,0,0,0.0,False,,,,,,,,,,,,,,,True,True,True,True
desinventar-9f5a76d1-7ddb-4ebd-8418-8b25039dc632,UNDRR DesInventar Nepal,2008,7,7,Far Western Region,Dadeldhura,SIRSHA,HEAVY RAINS,0,0,0,1000,0,1,0,0.0,True,,,,,,,,,,,,,,,True,True,True,True
desinventar-45e1eab3-bed0-452a-a0b2-2126614f1b2f,UNDRR DesInventar Nepal,2008,7,5,Far Western Region,Kailali,BALIYA,RAIN,0,0,0,27,1,6,0,0.0,True,,,,,,,,,,,,,,,True,True,True,True
desinventar-0e62371f-9706-4ba6-96f4-b7c0d44203aa,UNDRR DesInventar Nepal,2008,7,16,Central Region,Sarlahi,SUNDARPUR,HEAVY RAINS,0,0,0,130,0,15,0,0.0,False,,,,,,,,,,,,,,,True,True,True,True
desinventar-6abc6906-0e49-48c9-8070-8926a44f6867,UNDRR DesInventar Nepal,2008,7,16,Central Region,Sarlahi,LAKSMIPUR (KO),HEAVY RAINS,0,0,0,0,0,0,0,0.0,False,,,,,,,,,,,,,,,True,True,True,True
desinventar-cfb1aba9-57cf-4a86-bfdc-064d61b71176,UNDRR DesInventar Nepal,2008,7,16,Eastern Region,Jhapa,DAMAK MUN.,RAIN,0,0,0,65,0,1,0,0.0,False,,,,,,,,,,,,,,,True,True,True,True
desinventar-fe12fe4e-ef57-4d0f-b17f-555fef4069db,UNDRR DesInventar Nepal,2008,7,5,Far Western Region,Kanchanpur,KALIKA,RAIN,0,0,0,0,0,0,0,0.0,False,,,,,,,,,,,,,,,True,True,True,True
desinventar-f8691bf1-e2d9-42c3-98bb-4b41b99eb2a1,UNDRR DesInventar Nepal,2008,7,19,Central Region,Mahotari,Jaleswar Municipalit,HEAVY RAINS,0,0,0,224,0,0,0,0.0,True,,,,,,,,,,,,,,,True,True,True,True
desinventar-d8d07f0d-114a-4668-83a6-0a3e8f67651d,UNDRR DesInventar Nepal,2008,7,20,Far Western Region,Kailali,SUGARKHAL,HEAVY RAINS,0,0,0,5,1,0,0,0.0,False,,,,,,,,,,,,,,,True,True,True,True
desinventar-87370c81-2c67-49d5-a6d1-d3076c6cb69b,UNDRR DesInventar Nepal,2008,7,20,Far Western Region,Kailali,PANDUN,HEAVY RAINS,0,0,0,5,1,0,0,0.0,False,,,,,,,,,,,,,,,True,True,True,True
desinventar-009bf0d8-be7e-4445-a66b-bdfecaf164a6,UNDRR DesInventar Nepal,2008,7,20,Mid-Western Region,Kalikot,BHASTA,HEAVY RAINS,0,0,0,0,0,0,0,0.0,False,,,,,,,,,,,,,,,True,True,True,True
desinventar-230b5b8a-2a76-4a6e-929f-1e7430b86d04,UNDRR DesInventar Nepal,2008,7,22,Eastern Region,Udayapur,Katari,RAIN,0,0,0,0,0,0,0,20.0,True,,,,,,,,,,,,,,,True,True,True,True
desinventar-3fd5539d-cfb8-4fbd-abc9-f7124e205020,UNDRR DesInventar Nepal,2008,7,22,Central Region,Mahotari,Ekdara Bela,HEAVY RAINS,0,0,0,0,0,0,0,0.0,False,,,,,,,,,,,,,,,True,True,True,True
desinventar-c6884597-92af-41c2-a1cf-f2a84197717c,UNDRR DesInventar Nepal,2008,7,22,Central Region,Mahotari,Dhirapur,HEAVY RAINS,0,0,0,0,0,0,0,0.0,False,,,,,,,,,,,,,,,True,True,True,True
desinventar-141412b8-cc17-4359-bc9c-8c93fa2f6bc1,UNDRR DesInventar Nepal,2008,7,22,Central Region,Mahotari,Jaleswar Municipalit,HEAVY RAINS,0,0,0,75,0,0,0,0.0,False,,,,,,,,,,,,,,,True,True,True,True
desinventar-55f6aa6c-34d6-4bb0-832d-c4c671f5bc15,UNDRR DesInventar Nepal,2008,7,23,Eastern Region,Jhapa,GHAILADUWA,HEAVY RAINS,0,0,0,147,0,27,0,0.0,False,,,,,,,,,,,,,,,True,True,True,True
desinventar-827ffc89-00f5-4189-89f6-22aa04a0ec6c,UNDRR DesInventar Nepal,2008,7,23,Eastern Region,Udayapur,Beltar,HEAVY RAINS,0,0,0,0,0,0,0,0.0,True,,,,,,,,,,,,,,,True,True,True,True
desinventar-664bd19e-a390-453d-bb0e-ecdb460f4426,UNDRR DesInventar Nepal,2008,7,23,Eastern Region,Sunsari,Narshinhatappu,HEAVY RAINS,0,0,0,400,0,0,0,0.0,False,,,,,,,,,,,,,,,True,True,True,True
desinventar-9fbc973f-b025-4b1a-86c7-c9891b61447f,UNDRR DesInventar Nepal,2008,7,23,Central Region,Rautahat,HARSAHA PHATUHA (B),HEAVY RAINS,0,0,0,540,0,100,0,0.0,False,,,,,,,,,,,,,,,True,True,True,True
desinventar-127a15b5-0b48-41ab-9b8a-0cafd8ca366a,UNDRR DesInventar Nepal,2008,7,23,Eastern Region,Jhapa,BAIGUNDHARA,HEAVY RAINS,0,0,0,45,0,3,0,0.0,False,,,,,,,,,,,,,,,True,True,True,True
desinventar-f9e1254c-2300-47b2-a356-41a1847440f0,UNDRR DesInventar Nepal,2008,7,23,Eastern Region,Saptari,TILATHI,HEAVY RAINS,0,0,0,17,3,0,0,0.0,False,,,,,,,,,,,,,,,True,True,True,True
desinventar-2635e9b9-94c7-4ca7-8d96-3d21bbaefaeb,UNDRR DesInventar Nepal,2008,7,23,Eastern Region,Sunsari,Itahari Municipality,HEAVY RAINS,0,0,0,400,0,50,0,0.0,False,,,,,,,,,,,,,,,True,True,True,True
desinventar-c96311cf-39af-47fe-a498-5e5c8af8aa6f,UNDRR DesInventar Nepal,2008,7,23,Eastern Region,Sunsari,Laukahi,HEAVY RAINS,0,0,0,400,0,75,0,0.0,False,,,,,,,,,,,,,,,True,True,True,True
desinventar-67fcc705-2e6f-49bd-873d-63558b7854fb,UNDRR DesInventar Nepal,2008,7,23,Eastern Region,Sunsari,Paschim Kusaha,HEAVY RAINS,0,0,0,400,0,0,0,0.0,False,,,,,,,,,,,,,,,True,True,True,True
desinventar-c2ec6036-dc7a-4199-ae7c-88064ed0dc4b,UNDRR DesInventar Nepal,2008,7,23,Eastern Region,Sunsari,Bhokraha,HEAVY RAINS,0,0,0,400,0,0,0,0.0,False,,,,,,,,,,,,,,,True,True,True,True
desinventar-47df1802-3ce8-4c8e-aa8b-980fc5f7e3f3,UNDRR DesInventar Nepal,2008,7,13,Eastern Region,Sunsari,Haripur,HEAVY RAINS,0,0,0,400,0,0,0,0.0,False,,,,,,,,,,,,,,,True,True,True,True
desinventar-f3eb6336-e690-493c-904f-f813953f4761,UNDRR DesInventar Nepal,2008,7,23,Eastern Region,Sunsari,Sripurjabdi,HEAVY RAINS,0,0,0,400,0,0,0,0.0,False,,,,,,,,,,,,,,,True,True,True,True
desinventar-fdca6257-6cc8-48a8-a859-0df395d3614f,UNDRR DesInventar Nepal,2008,7,23,Eastern Region,Sunsari,Ranganj Sinawari,HEAVY RAINS,0,0,0,400,0,0,0,0.0,False,,,,,,,,,,,,,,,True,True,True,True
desinventar-32746643-d1e2-47d4-8b2f-251018ab8f35,UNDRR DesInventar Nepal,2008,7,23,Eastern Region,Sunsari,Chimdi,HEAVY RAINS,0,0,0,400,0,0,0,0.0,False,,,,,,,,,,,,,,,True,True,True,True
desinventar-a5662b5f-d280-48df-9807-12d79fd8b044,UNDRR DesInventar Nepal,2008,7,23,Eastern Region,Sunsari,Gautampur,HEAVY RAINS,0,0,0,400,0,0,0,0.0,False,,,,,,,,,,,,,,,True,True,True,True
desinventar-1574cbe5-7664-41a4-bd54-0d3011556d39,UNDRR DesInventar Nepal,2008,7,23,Eastern Region,Sunsari,Santerjhora,HEAVY RAINS,0,0,0,400,0,0,0,0.0,False,,,,,,,,,,,,,,,True,True,True,True
desinventar-eb4f069e-9789-4e78-86f6-16aa40f92d2d,UNDRR DesInventar Nepal,2008,7,23,Eastern Region,Sunsari,Parkashpur,HEAVY RAINS,0,0,0,400,0,0,0,0.0,False,,,,,,,,,,,,,,,True,True,True,True
desinventar-f3d6d00f-3fd6-4af3-979b-8f63fb12a6ef,UNDRR DesInventar Nepal,2008,7,23,Eastern Region,Saptari,RAJBIRAJ MUNICIPALITY,HEAVY RAINS,0,0,0,1500,0,0,0,0.0,False,,,,,,,,,,,,,,,True,True,True,True
desinventar-1649baf6-6edc-4c0f-a68f-81506f3024bb,UNDRR DesInventar Nepal,2008,7,24,Western Region,Nawalparasi,RAMPURVA,HEAVY RAINS,0,0,0,0,0,0,0,0.0,False,,,,,,,,,,,,,,,True,True,True,True
desinventar-bd8d2349-5bcc-4733-9919-9e361d8fc0c8,UNDRR DesInventar Nepal,2008,7,24,Eastern Region,Udayapur,Sundarpur,HEAVY RAINS,0,0,0,324,0,0,0,0.0,False,,,,,,,,,,,,,,,True,True,True,True
desinventar-46ff97c5-c664-42f5-b6bb-c71229a90e85,UNDRR DesInventar Nepal,2008,7,24,Central Region,Rautahat,JHUNKHUNMA,HEAVY RAINS,0,0,0,11,2,0,0,0.0,False,,,,,,,,,,,,,,,True,True,True,True
desinventar-acbd0182-34e3-45fd-b5f2-b7ebbfa07727,UNDRR DesInventar Nepal,2008,7,24,Eastern Region,Udayapur,Hadiya,HEAVY RAINS,0,0,0,54,0,0,0,0.0,False,,,,,,,,,,,,,,,True,True,True,True
desinventar-e721e96f-4cb7-4110-b01c-c4c152d8c011,UNDRR DesInventar Nepal,2008,7,24,Eastern Region,Morang,Rajghat,HEAVY RAINS,0,0,0,64,0,0,0,0.0,False,,,,,,,,,,,,,,,True,True,True,True
desinventar-de9fa47c-fb10-4f9b-9a7c-a887ffe70a5b,UNDRR DesInventar Nepal,2008,7,27,Central Region,Dhanusa,Kanakpatti,HEAVY RAINS,0,0,0,0,0,0,0,0.0,False,,,,,,,,,,,,,,,True,True,True,True
desinventar-d030db50-fb34-4c83-9c87-a28f6a9e9f3d,UNDRR DesInventar Nepal,2008,7,24,Eastern Region,Sunsari,Ramnagar,HEAVY RAINS,0,0,0,1090,0,0,0,0.0,False,,,,,,,,,,,,,,,True,True,True,True
desinventar-a9edc815-06ae-4e3e-a6e7-3553dea04191,UNDRR DesInventar Nepal,2008,7,24,Eastern Region,Sunsari,Amaduwa,HEAVY RAINS,0,0,0,1090,0,0,0,0.0,False,,,,,,,,,,,,,,,True,True,True,True
desinventar-23469293-6e56-4313-97b9-7f9c49327ff2,UNDRR DesInventar Nepal,2008,7,25,Mid-Western Region,Salyan,NIGALACHULI,HEAVY RAINS,1,0,0,0,0,0,0,0.0,False,,,,,,,,,,,,,,,True,True,True,True
desinventar-54c1c88f-9cae-4867-bdfe-b1c5aa9dd1d1,UNDRR DesInventar Nepal,2008,7,25,Western Region,Baglung,KHUNGA,UNKNOWN,0,0,0,0,1,0,0,0.0,False,,,,,,,,,,,,,,,True,True,True,True
desinventar-8566cb45-8d56-4178-b240-e254eb2d3274,UNDRR DesInventar Nepal,2008,7,25,Western Region,Nawalparasi,KOLHUWA,HEAVY RAINS,0,0,0,10900,0,0,0,0.0,False,,,,,,,,,,,,,,,True,True,True,True
desinventar-6ad811c0-83f2-46b1-af0d-b898eb463e3d,UNDRR DesInventar Nepal,2008,7,26,Mid-Western Region,Bardiya,PADNAHA,HEAVY RAINS,0,0,0,129,0,0,0,0.0,False,,,,,,,,,,,,,,,True,True,True,True
desinventar-0681229c-3383-48ec-8a17-edf733c8b789,UNDRR DesInventar Nepal,2008,7,27,Central Region,Dhanusa,Andhupatti,HEAVY RAINS,0,0,0,0,0,0,0,0.0,False,,,,,,,,,,,,,,,True,True,True,True
desinventar-499b1031-e4b4-46d9-becd-e8b1cd641fcd,UNDRR DesInventar Nepal,2008,7,27,Central Region,Sarlahi,LAKSMIPUR (KO),HEAVY RAINS,0,0,0,0,0,0,0,0.0,False,,,,,,,,,,,,,,,True,True,True,True
desinventar-a618560d-ba74-4217-81f0-6d17d6a8bf64,UNDRR DesInventar Nepal,2008,7,27,Central Region,Sarlahi,BELHI,HEAVY RAINS,0,0,0,0,0,0,0,0.0,False,,,,,,,,,,,,,,,True,True,True,True
desinventar-6bc2f00b-0633-43a9-9e8e-7d56147ca9fc,UNDRR DesInventar Nepal,2008,7,27,Central Region,Sarlahi,SUNDARPUR,HEAVY RAINS,0,0,0,0,0,0,0,0.0,False,,,,,,,,,,,,,,,True,True,True,True
desinventar-ce12ae1f-b73c-4968-b58b-6a370acc819c,UNDRR DesInventar Nepal,2008,7,27,Central Region,Sarlahi,PHULPARASI,HEAVY RAINS,0,0,0,0,0,0,0,0.0,False,,,,,,,,,,,,,,,True,True,True,True
desinventar-1b28ac55-67bc-4b8a-b857-5c87579aa4ff,UNDRR DesInventar Nepal,2008,7,27,Central Region,Sarlahi,SAKRAUL,HEAVY RAINS,0,0,0,0,0,0,0,0.0,False,,,,,,,,,,,,,,,True,True,True,True
desinventar-95f57a19-5166-4ee1-9a1f-65ff534a7163,UNDRR DesInventar Nepal,2008,7,27,Eastern Region,Saptari,RAJBIRAJ MUNICIPALITY,HEAVY RAINS,0,0,0,500,0,0,0,0.0,False,,,,,,,,,,,,,,,True,True,True,True
desinventar-33bb053e-e359-4e43-9db9-57368f72a25f,UNDRR DesInventar Nepal,2008,7,27,Eastern Region,Sunsari,Basantapur,HEAVY RAINS,0,0,0,2160,0,0,0,0.0,False,,,,,,,,,,,,,,,True,True,True,True
desinventar-ed67324b-1a09-4857-84b5-99ef33a160fe,UNDRR DesInventar Nepal,2008,7,27,Eastern Region,Sunsari,Inaruwa Municipality,HEAVY RAINS,0,0,0,38,0,0,0,0.0,False,,,,,,,,,,,,,,,True,True,True,True
desinventar-453d002c-2bf1-4443-ba50-c0b9bf4eaccb,UNDRR DesInventar Nepal,2008,7,27,Eastern Region,Saptari,DEURI VARUWA,HEAVY RAINS,0,0,0,2160,0,0,0,0.0,False,,,,,,,,,,,,,,,True,True,True,True
desinventar-d04979d3-9178-452a-aab5-dffca28e639c,UNDRR DesInventar Nepal,2008,7,27,Eastern Region,Sunsari,Narshinhatappu,HEAVY RAINS,0,0,0,2160,0,0,0,0.0,False,,,,,,,,,,,,,,,True,True,True,True
desinventar-298ecabe-37ae-436a-bc81-d8ae01948a65,UNDRR DesInventar Nepal,2008,7,27,Central Region,Dhanusa,Deuriparbaha,HEAVY RAINS,0,0,0,2160,0,0,0,0.0,False,,,,,,,,,,,,,,,True,True,True,True
desinventar-45cd1fe5-e758-4215-b38e-f1c857a7198d,UNDRR DesInventar Nepal,2008,7,27,Central Region,Dhanusa,Enarwa,HEAVY RAINS,0,0,0,0,0,0,0,0.0,False,,,,,,,,,,,,,,,True,True,True,True
desinventar-d9779b99-90c5-4e7a-ae1f-64ce80f20708,UNDRR DesInventar Nepal,2008,7,27,Central Region,Dhanusa,Balsha Saghara,HEAVY RAINS,0,0,0,0,0,0,0,0.0,False,,,,,,,,,,,,,,,True,True,True,True
desinventar-cb9b62a5-9bae-49fd-9884-eac633d73e2d,UNDRR DesInventar Nepal,2008,7,27,Central Region,Dhanusa,Harine,HEAVY RAINS,0,0,0,0,0,0,0,0.0,False,,,,,,,,,,,,,,,True,True,True,True
desinventar-7d2846d3-9e36-419c-b731-50eb749f8138,UNDRR DesInventar Nepal,2008,7,27,Central Region,Dhanusa,Singyahi Madan,HEAVY RAINS,0,0,0,0,0,0,0,0.0,False,,,,,,,,,,,,,,,True,True,True,True
desinventar-75aa7738-3a01-4908-8629-1fd0e41ea9a7,UNDRR DesInventar Nepal,2008,7,27,Central Region,Sindhuli,Kamalamai Municipality,HEAVY RAINS,1,0,0,0,0,0,0,0.0,False,,,,,,,,,,,,,,,True,True,True,True
desinventar-db62a44f-7937-4940-ac4f-1bf7fec4b2c7,UNDRR DesInventar Nepal,2008,7,27,Eastern Region,Sunsari,Dharan Municiplality,HEAVY RAINS,0,0,0,0,0,0,0,0.0,False,,,,,,,,,,,,,,,True,True,True,True
desinventar-5fa0fbd3-b3b7-4636-b445-36de7cefb261,UNDRR DesInventar Nepal,2008,7,27,Eastern Region,Saptari,PORTAHA,HEAVY RAINS,0,0,0,2160,0,0,0,0.0,False,,,,,,,,,,,,,,,True,True,True,True
desinventar-80896f4c-28b7-40a9-add7-62d952b271b6,UNDRR DesInventar Nepal,2008,7,27,Eastern Region,Saptari,MAUWAHA,HEAVY RAINS,0,0,0,2160,0,0,0,0.0,False,,,,,,,,,,,,,,,True,True,True,True
desinventar-29d64109-c87f-46da-994f-0c232754bd92,UNDRR DesInventar Nepal,2008,7,27,Eastern Region,Saptari,BELAHI CHAPENA,HEAVY RAINS,0,0,0,2160,0,0,0,0.0,False,,,,,,,,,,,,,,,True,True,True,True
desinventar-6d85cf9a-d40f-404c-a235-61064a7c0cb1,UNDRR DesInventar Nepal,2008,7,27,Eastern Region,Saptari,JOGINIYA,HEAVY RAINS,0,0,0,2160,0,0,0,0.0,False,,,,,,,,,,,,,,,True,True,True,True
desinventar-aab71a1a-834c-4b05-bbfe-dd607929c5fd,UNDRR DesInventar Nepal,2008,7,27,Eastern Region,Saptari,GOBARGADHA,HEAVY RAINS,0,0,0,2160,0,0,0,0.0,False,,,,,,,,,,,,,,,True,True,True,True
desinventar-f8e6bb0c-aaae-4725-9ddf-c4e8dfe3c247,UNDRR DesInventar Nepal,2008,7,27,Eastern Region,Saptari,BHARDAHA,HEAVY RAINS,0,0,0,2160,0,0,0,0.0,False,,,,,,,,,,,,,,,True,True,True,True
desinventar-d3d9145e-3c62-4e48-80d8-7d5c244f9437,UNDRR DesInventar Nepal,2008,7,27,Eastern Region,Saptari,HANUMAN NAGAR,HEAVY RAINS,0,0,0,2160,0,0,0,0.0,False,,,,,,,,,,,,,,,True,True,True,True
desinventar-11234d6b-306b-420a-8130-ee9b5edc33e8,UNDRR DesInventar Nepal,2008,7,27,Eastern Region,Saptari,INARWA,HEAVY RAINS,0,0,0,2160,0,0,0,0.0,False,,,,,,,,,,,,,,,True,True,True,True
desinventar-4d395d9e-d732-4cea-b5d3-acedebfba0cf,UNDRR DesInventar Nepal,2008,7,27,Eastern Region,Saptari,KOILADI,HEAVY RAINS,0,0,0,2160,0,0,0,0.0,False,,,,,,,,,,,,,,,True,True,True,True
desinventar-f58d2531-c94e-4b06-b038-6cc5dba0578b,UNDRR DesInventar Nepal,2008,7,28,Eastern Region,Saptari,SAKARTPUR,HEAVY RAINS,0,0,0,2160,0,0,0,0.0,False,,,,,,,,,,,,,,,True,True,True,True
desinventar-d5a6377c-43f8-4606-aa30-f1160578122e,UNDRR DesInventar Nepal,2008,7,27,Eastern Region,Saptari,RAMPURA MALAHANIYA,HEAVY RAINS,0,0,0,2160,0,0,0,0.0,False,,,,,,,,,,,,,,,True,True,True,True
desinventar-cf6fc771-b8a3-4ccd-9d03-431f1947d7cb,UNDRR DesInventar Nepal,2008,7,27,Eastern Region,Saptari,TILATHI,HEAVY RAINS,0,0,0,2160,0,0,0,0.0,False,,,,,,,,,,,,,,,True,True,True,True
desinventar-f6710fdb-5a3d-4b8d-9ec5-045a9bcab9c4,UNDRR DesInventar Nepal,2008,7,27,Eastern Region,Sunsari,Dewanganj,HEAVY RAINS,2,0,0,0,0,0,0,0.0,False,,,,,,,,,,,,,,,True,True,True,True
desinventar-fdfd82c9-55b5-4c69-a0e6-d701b6cdfd55,UNDRR DesInventar Nepal,2008,7,27,Eastern Region,Sunsari,Dumaraha,HEAVY RAINS,0,0,0,273,0,0,0,0.0,False,,,,,,,,,,,,,,,True,True,True,True
desinventar-816b5dc4-79a8-407a-aff3-d370345cae1a,UNDRR DesInventar Nepal,2008,7,27,Eastern Region,Sunsari,Babiya,HEAVY RAINS,0,0,0,273,0,0,0,0.0,False,,,,,,,,,,,,,,,True,True,True,True
desinventar-3767dcc3-850a-40eb-bf15-f1ec3ad03453,UNDRR DesInventar Nepal,2008,7,27,Eastern Region,Sunsari,Bhokraha,HEAVY RAINS,0,0,0,540,0,0,0,0.0,False,,,,,,,,,,,,,,,True,True,True,True
desinventar-1a3e45ae-f0f2-4cb1-bc39-8f66b2da252e,UNDRR DesInventar Nepal,2008,7,27,Eastern Region,Sunsari,Ghuski',HEAVY RAINS,0,0,0,540,0,0,0,0.0,False,,,,,,,,,,,,,,,True,True,True,True
desinventar-ffcec1db-4ac2-45e6-b744-536a1748a1de,UNDRR DesInventar Nepal,2008,7,27,Eastern Region,Sunsari,Jalpapur,HEAVY RAINS,0,0,0,540,0,0,0,0.0,False,,,,,,,,,,,,,,,True,True,True,True
desinventar-9664c8de-236d-4a57-9982-46743ece65e5,UNDRR DesInventar Nepal,2008,7,23,Eastern Region,Sunsari,Narshinhatappu,HEAVY RAINS,0,0,0,540,0,0,0,0.0,False,,,,,,,,,,,,,,,True,True,True,True
desinventar-f313aa84-df7f-4f4a-9df8-f0dc7b04f0ff,UNDRR DesInventar Nepal,2008,7,27,Far Western Region,Kanchanpur,TRIBHUWANBAST,HEAVY RAINS,0,0,0,1620,0,0,0,0.0,False,,,,,,,,,,,,,,,True,True,True,True
desinventar-a8b30e9d-413e-421b-953f-cfc1733b9e22,UNDRR DesInventar Nepal,2008,7,1,Mid-Western Region,Salyan,KALCHE RAMPUR,RAIN,0,0,0,22,4,0,0,0.0,False,,,,,,,,,,,,,,,True,True,True,True
desinventar-deffb9b5-b7d8-4038-8046-000de926e9de,UNDRR DesInventar Nepal,2008,7,26,Far Western Region,Kanchanpur,JHALARI,HEAVY RAINS,2,0,0,0,0,0,0,0.0,False,,,,,,,,,,,,,,,True,True,True,True
desinventar-c8150d55-1409-40aa-bbae-f650e5456414,UNDRR DesInventar Nepal,2008,7,18,Far Western Region,Bajhang,Sunkuda,HEAVY RAINS,0,0,0,162,0,0,0,0.0,False,,,,,,,,,,,,,,,True,True,True,True
desinventar-41754647-13fb-47b9-ab28-794e1563356d,UNDRR DesInventar Nepal,2008,7,24,Central Region,Parsa,Bairiya Birta,HEAVY RAINS,1,0,0,0,0,0,0,0.0,False,,,,,,,,,,,,,,,True,True,True,True
desinventar-3bf96a62-de01-4f55-83c9-8b4cf7f292d2,UNDRR DesInventar Nepal,2008,7,18,Central Region,Rautahat,PATAURA,HEAVY RAINS,2,0,0,64,12,0,0,0.0,False,,,,,,,,,,,,,,,True,True,True,True
desinventar-d33c29f6-eb25-4b9a-a04d-484139ff658a,UNDRR DesInventar Nepal,2008,7,22,Eastern Region,Jhapa,KOHABARA,HEAVY RAINS,1,0,0,22,0,4,0,0.0,False,,,,,,,,,,,,,,,True,True,True,True
desinventar-c68fcd6f-683b-4431-9013-a9d1f643ea99,UNDRR DesInventar Nepal,2009,8,18,Far Western Region,Kailali,DHANGADHI MUNICIPALITY,HEAVY RAINS,0,0,0,113,0,0,0,0.0,False,,,,,,,,,,,,,,,True,True,True,True
desinventar-88a9a84f-7bc4-402a-9402-3f64e8ceed57,UNDRR DesInventar Nepal,2008,7,24,Eastern Region,Morang,Amardaha,HEAVY RAINS,1,0,0,0,0,0,0,0.0,False,,,,,,,,,,,,,,,True,True,True,True
desinventar-05f1b859-c706-44fa-b036-d9067c52a221,UNDRR DesInventar Nepal,2008,7,27,Far Western Region,Kailali,PHULWARI,HEAVY RAINS,4,6,0,0,0,0,0,0.0,False,,,,,,,,,,,,,,,True,True,True,True
desinventar-358b2781-3bc7-4a20-b939-2d8a4789234d,UNDRR DesInventar Nepal,2008,7,27,Far Western Region,Kanchanpur,DEKHATBHULI,HEAVY RAINS,2,0,0,132,0,19,0,0.0,False,,,,,,,,,,,,,,,True,True,True,True
desinventar-9f712316-2979-4ad9-9676-65525077d882,UNDRR DesInventar Nepal,2008,7,27,Far Western Region,Kailali,PAWERA,HEAVY RAINS,1,0,0,0,0,0,0,0.0,False,,,,,,,,,,,,,,,True,True,True,True
desinventar-96b75ec9-5772-4aea-8f5e-524b448df688,UNDRR DesInventar Nepal,2008,7,30,Mid-Western Region,Surkhet,KUNATHARI,HEAVY RAINS,0,0,0,0,0,0,0,0.0,False,,,,,,,,,,,,,,,True,True,True,True
desinventar-80e14a23-ff7f-4b3e-a82a-a8ba6ae58c40,UNDRR DesInventar Nepal,2008,7,30,Mid-Western Region,Dailekh,BINDHYBASINI,HEAVY RAINS,0,0,0,65,2,1,0,0.0,False,,,,,,,,,,,,,,,True,True,True,True
desinventar-278be400-ecf7-496e-8471-418c4ceda79e,UNDRR DesInventar Nepal,2008,7,15,Mid-Western Region,Dailekh,DADA PARAJUL,HEAVY RAINS,0,0,0,36,0,0,0,0.0,False,,,,,,,,,,,,,,,True,True,True,True
desinventar-c391e2d7-2d39-4451-9d83-ab28c85a4abe,UNDRR DesInventar Nepal,2008,7,28,Mid-Western Region,Dailekh,BANSI,HEAVY RAINS,0,0,0,15,1,1,0,0.0,False,,,,,,,,,,,,,,,True,True,True,True
desinventar-874627d5-9530-49a0-9702-e021b968870e,UNDRR DesInventar Nepal,2008,8,4,Central Region,Bara,KALAIYA MUNICIPALITY,HEAVY RAINS,0,0,0,21,0,1,0,0.0,False,,,,,,,,,,,,,,,True,True,True,True
desinventar-9292d203-df64-437e-9ed9-3d1987b68e83,UNDRR DesInventar Nepal,2008,8,4,Central Region,Bara,BARIYARPUR,HEAVY RAINS,0,0,0,7,1,0,0,0.0,False,,,,,,,,,,,,,,,True,True,True,True
desinventar-99a31cd7-b0bf-4646-92ea-a433475a5a72,UNDRR DesInventar Nepal,2008,8,4,Central Region,Parsa,Bashantapur,RAIN,0,0,0,38,0,0,0,0.0,False,,,,,,,,,,,,,,,True,True,True,True
desinventar-e9505334-6222-4597-b1aa-8810f7eb95fe,UNDRR DesInventar Nepal,2008,8,4,Central Region,Parsa,Bahuarwabhata,RAIN,0,0,0,469,0,0,0,0.0,False,,,,,,,,,,,,,,,True,True,True,True
desinventar-9642518f-9d66-4f29-82c3-36e934988a08,UNDRR DesInventar Nepal,2008,8,4,Central Region,Parsa,Ram Nagari,RAIN,0,0,0,371,0,0,0,0.0,False,,,,,,,,,,,,,,,True,True,True,True
desinventar-e2d4b9ba-00a1-4259-908d-95cbc6fe6894,UNDRR DesInventar Nepal,2008,8,4,Central Region,Parsa,Deurbana,RAIN,0,0,0,98,0,0,0,0.0,False,,,,,,,,,,,,,,,True,True,True,True
desinventar-43b66ac0-e51f-45e8-b71e-cf00ca4d97c3,UNDRR DesInventar Nepal,2008,8,4,Central Region,Parsa,Langadi,RAIN,0,0,0,251,0,0,0,0.0,False,,,,,,,,,,,,,,,True,True,True,True
desinventar-05b98ca9-081c-4d87-9308-bc56cd2d15b4,UNDRR DesInventar Nepal,2008,8,4,Central Region,Parsa,Mudali,RAIN,0,0,0,278,0,0,0,0.0,False,,,,,,,,,,,,,,,True,True,True,True
desinventar-e01c07c5-6518-4f70-9332-0bc78b5063d4,UNDRR DesInventar Nepal,2008,8,4,Central Region,Parsa,Mirjapur,RAIN,0,0,0,659,0,0,0,0.0,False,,,,,,,,,,,,,,,True,True,True,True
desinventar-e8c323c4-290f-4b19-b8dd-95a3a5d1850c,UNDRR DesInventar Nepal,2008,8,4,Central Region,Parsa,Dhobini,RAIN,0,0,0,210,0,0,0,0.0,False,,,,,,,,,,,,,,,True,True,True,True
desinventar-80ec6c91-2432-41e0-a6fc-983f87aaa0ad,UNDRR DesInventar Nepal,2008,8,4,Central Region,Parsa,Jayamangalapur,RAIN,0,0,0,408,0,0,0,0.0,False,,,,,,,,,,,,,,,True,True,True,True
desinventar-368d409b-909c-4725-9a76-9f149d345c4f,UNDRR DesInventar Nepal,2008,8,4,Central Region,Parsa,Bhiswa,RAIN,0,0,0,447,0,0,0,0.0,False,,,,,,,,,,,,,,,True,True,True,True
desinventar-039120e5-fc7b-4e4d-9d87-804164a31650,UNDRR DesInventar Nepal,2008,8,4,Central Region,Parsa,Hariharpurbirta,RAIN,0,0,0,196,0,0,0,0.0,False,,,,,,,,,,,,,,,True,True,True,True
desinventar-ad05da6c-6f8f-4b4a-8e17-5ff7fa20a52b,UNDRR DesInventar Nepal,2008,8,4,Central Region,Parsa,Bhediyari,RAIN,0,0,0,164,0,0,0,0.0,False,,,,,,,,,,,,,,,True,True,True,True
desinventar-b0a5d323-f801-40c4-ae59-3eb4cc8d0139,UNDRR DesInventar Nepal,2008,8,4,Central Region,Parsa,Sabaithawa,RAIN,0,0,0,300,0,0,0,0.0,False,,,,,,,,,,,,,,,True,True,True,True
desinventar-a2d1030a-5fd5-4947-bad3-087051cf0aed,UNDRR DesInventar Nepal,2008,8,4,Central Region,Parsa,Laharthakari,RAIN,0,0,0,752,0,0,0,0.0,False,,,,,,,,,,,,,,,True,True,True,True
desinventar-3e4ee5eb-68f0-4943-90ee-9b9786a8e9bd,UNDRR DesInventar Nepal,2008,8,4,Central Region,Parsa,Pakahamainapur,RAIN,0,0,0,305,0,0,0,0.0,False,,,,,,,,,,,,,,,True,True,True,True
desinventar-36d19805-27b5-495c-993d-23b0d9ee828a,UNDRR DesInventar Nepal,2008,8,4,Central Region,Parsa,Hariharpur,RAIN,0,0,0,44,0,0,0,0.0,False,,,,,,,,,,,,,,,True,True,True,True
desinventar-d1146d1d-c145-4013-a513-8f5928c6e671,UNDRR DesInventar Nepal,2008,8,4,Central Region,Parsa,Ghore,RAIN,0,0,0,65,0,0,0,0.0,False,,,,,,,,,,,,,,,True,True,True,True
desinventar-80984305-ba58-4c80-9974-fe813bb37a8a,UNDRR DesInventar Nepal,2008,8,4,Central Region,Parsa,Amarpatti,RAIN,1,0,0,1188,0,0,0,0.0,False,,,,,,,,,,,,,,,True,True,True,True
desinventar-a3aaf973-db0d-4deb-a0dc-70d7b5742fbf,UNDRR DesInventar Nepal,2008,8,4,Central Region,Parsa,Jhauwaguthi,RAIN,0,0,0,142,0,0,0,0.0,False,,,,,,,,,,,,,,,True,True,True,True
desinventar-6bf4c346-b0f6-4ec7-8d83-46bea4f9427b,UNDRR DesInventar Nepal,2008,8,4,Central Region,Parsa,Bindabasini,RAIN,0,0,0,44,0,0,0,0.0,False,,,,,,,,,,,,,,,True,True,True,True
desinventar-d693d130-e6f2-4e7b-b546-6cc6a0ecc8e7,UNDRR DesInventar Nepal,2008,8,4,Central Region,Parsa,Alau,RAIN,0,0,0,5,0,0,0,0.0,False,,,,,,,,,,,,,,,True,True,True,True
desinventar-3a77c162-6911-4cef-a4f5-5a4c2fc58b8d,UNDRR DesInventar Nepal,2008,8,4,Central Region,Parsa,Pokhariya,RAIN,0,0,0,0,0,0,0,0.0,False,,,,,,,,,,,,,,,True,True,True,True
desinventar-ed1d49ba-dfa3-482d-b4bd-a274c162cf33,UNDRR DesInventar Nepal,2008,8,7,Far Western Region,Bajura,Bramhatola,RAIN,9,0,0,65,0,12,0,0.0,False,,,,,,,,,,,,,,,True,True,True,True
desinventar-a6f3d75d-b2e6-4a89-85e4-7dba8fd0d2e5,UNDRR DesInventar Nepal,2008,8,1,Mid-Western Region,Banke,NAUBASTA,RAIN,1,0,0,0,0,0,0,0.0,False,,,,,,,,,,,,,,,True,True,True,True
desinventar-35174f89-081a-469d-82aa-039faf96ef20,UNDRR DesInventar Nepal,2008,8,1,Far Western Region,Darchula,Gokuleswar,RAIN,0,0,0,0,0,0,0,0.0,True,,,,,,,,,,,,,,,True,True,True,True
desinventar-2fc7f6d6-02a1-446e-95b0-1bdf3a93431f,UNDRR DesInventar Nepal,2008,8,2,Far Western Region,Doti,DIPAYAL SILGADHI,RAIN,1,0,0,0,0,0,0,0.0,False,,,,,,,,,,,,,,,True,True,True,True
desinventar-3ab08a81-8073-4068-9aa1-7bbdd3015b5f,UNDRR DesInventar Nepal,2009,10,6,Far Western Region,Doti,GAJARI,HEAVY RAINS,5,1,12,697,80,0,0,0.0,False,,,,,,,,,,,,,,,True,True,True,True
desinventar-a604e1eb-b34d-4cd1-8582-f19bf2429b02,UNDRR DesInventar Nepal,2008,8,8,Mid-Western Region,Dailekh,CHAURATHA,RAIN,0,0,0,28,1,1,0,0.0,False,,,,,,,,,,,,,,,True,True,True,True
desinventar-12ceaaf0-b6a2-4cd9-a7d5-ac7d21e5b8c5,UNDRR DesInventar Nepal,2008,8,10,Mid-Western Region,Dailekh,RAKAM KARNALI,RAIN,0,0,0,122,1,1,0,0.0,False,,,,,,,,,,,,,,,True,True,True,True
desinventar-5649d637-f29c-4862-b106-b687cc88d123,UNDRR DesInventar Nepal,2008,8,6,Central Region,Bara,BARAINIYA,RAIN,0,0,0,159,7,12,0,0.0,False,,,,,,,,,,,,,,,True,True,True,True
desinventar-44c7ce5d-a2d2-49ae-a39c-3f42bdb69a77,UNDRR DesInventar Nepal,2008,8,8,Mid-Western Region,Dailekh,BWANI,RAIN,0,0,0,75,1,1,0,0.0,False,,,,,,,,,,,,,,,True,True,True,True
desinventar-411a1b05-ac61-41e1-b86d-a62f056770a0,UNDRR DesInventar Nepal,2008,8,9,Mid-Western Region,Dailekh,RAWAL KOT,RAIN,1,0,0,12,0,0,0,0.0,False,,,,,,,,,,,,,,,True,True,True,True
desinventar-59599e05-2278-4c66-a594-3e5ef1e7a9dc,UNDRR DesInventar Nepal,2008,8,10,Mid-Western Region,Dailekh,PADUKASTHAN,RAIN,0,0,0,24,2,1,0,0.0,False,,,,,,,,,,,,,,,True,True,True,True
desinventar-4483da12-cb9f-47e8-9609-21c0bc27d2dc,UNDRR DesInventar Nepal,2008,8,11,Mid-Western Region,Dailekh,MAIRI KALIKATHUM,RAIN,1,0,0,18,0,0,0,0.0,False,,,,,,,,,,,,,,,True,True,True,True
desinventar-2a7c91be-69f2-4fd9-a2ca-3ec8ee2eb844,UNDRR DesInventar Nepal,2008,8,10,Far Western Region,Baitadi,THALAKADA,OTHER,0,1,0,0,0,0,0,0.0,False,,,,,,,,,,,,,,,True,True,True,True
desinventar-41c7b35e-66da-4617-812f-f4b49b4e83ae,UNDRR DesInventar Nepal,2008,8,6,Far Western Region,Bajhang,Bhatekhola,RAIN,1,0,0,0,0,0,0,0.0,False,,,,,,,,,,,,,,,True,True,True,True
desinventar-776ca4c1-1c0b-44c4-8b1d-a22da1ef2766,UNDRR DesInventar Nepal,2008,8,7,Mid-Western Region,Salyan,DAMACHAUR,RAIN,0,0,0,63,0,0,0,0.0,False,,,,,,,,,,,,,,,True,True,True,True
desinventar-b0057bc6-bde3-40a7-8ac2-b516b4ec9132,UNDRR DesInventar Nepal,2008,8,8,Mid-Western Region,Banke,NEPALGANJ N.P.,RAIN,0,0,0,121,0,23,0,0.0,False,,,,,,,,,,,,,,,True,True,True,True
desinventar-d64caccb-23e2-45c1-bda6-4e388df11adb,UNDRR DesInventar Nepal,2008,8,8,Mid-Western Region,Banke,SONPUR,RAIN,0,0,0,358,0,68,0,0.0,False,,,,,,,,,,,,,,,True,True,True,True
desinventar-792e6f3e-3ad0-482d-a1fe-e49ffec1463d,UNDRR DesInventar Nepal,2008,8,10,Mid-Western Region,Rukum,KHARA,RAIN,1,1,0,0,0,0,0,0.0,False,,,,,,,,,,,,,,,True,True,True,True
desinventar-8a2c83f9-04c7-4ccb-85a8-d832b107b813,UNDRR DesInventar Nepal,2008,8,17,Eastern Region,Jhapa,MAHABHARA,RAIN,0,0,0,0,0,0,0,0.0,False,,,,,,,,,,,,,,,True,True,True,True
desinventar-21ec6d0c-1c63-463b-84fc-c96259fff3cf,UNDRR DesInventar Nepal,2008,8,18,Mid-Western Region,Dailekh,SIGAUDI,RAIN,0,0,0,81,0,15,0,0.0,False,,,,,,,,,,,,,,,True,True,True,True
desinventar-bf472bdb-af31-43e8-9f9d-0e6e7251732f,UNDRR DesInventar Nepal,2008,8,18,Eastern Region,Sunsari,Haripur,HEAVY RAINS,0,0,0,8238,1469,0,0,0.0,False,,,,,,,,,,,,,,,True,True,True,True
desinventar-66ee19d7-bf9e-4e6a-b9cc-68d1a6a3b37a,UNDRR DesInventar Nepal,2008,8,18,Eastern Region,Sunsari,Laukahi,HEAVY RAINS,0,0,0,2770,775,0,0,0.0,True,,,,,,,,,,,,,,,True,True,True,True
desinventar-ca663cc1-11c1-47e8-add5-d1386777409c,UNDRR DesInventar Nepal,2008,8,19,Western Region,Rupandehi,BUTAWAL_NP,RAIN,0,2,0,0,0,48,0,0.0,False,,,,,,,,,,,,,,,True,True,True,True
desinventar-d65fe96a-c9d2-43f9-aac4-db80e7bb839a,UNDRR DesInventar Nepal,2008,8,18,Eastern Region,Sunsari,Paschim Kusaha,HEAVY RAINS,0,0,0,5974,1589,0,0,0.0,False,,,,,,,,,,,,,,,True,True,True,True
desinventar-287db04c-b104-481a-a69f-a1f4ea2a810f,UNDRR DesInventar Nepal,2008,8,18,Eastern Region,Sunsari,Ghuski',HEAVY RAINS,0,0,0,0,526,0,0,0.0,False,,,,,,,,,,,,,,,True,True,True,True
desinventar-f1eeea9f-9e7c-490d-a140-afbc88d5935a,UNDRR DesInventar Nepal,2008,8,18,Eastern Region,Sunsari,Narshinhatappu,HEAVY RAINS,0,0,0,0,526,0,0,0.0,False,,,,,,,,,,,,,,,True,True,True,True
desinventar-d348d17d-1d64-49dc-afcf-2d6fbd0c5b6e,UNDRR DesInventar Nepal,2008,8,18,Eastern Region,Sunsari,Madhuwan,HEAVY RAINS,0,0,0,0,526,0,0,0.0,True,,,,,,,,,,,,,,,True,True,True,True
desinventar-25247acc-de23-4f34-8d32-127ba28694f5,UNDRR DesInventar Nepal,2008,8,18,Eastern Region,Sunsari,Sripurjabdi,HEAVY RAINS,0,0,0,15527,1954,0,0,0.0,True,,,,,,,,,,,,,,,True,True,True,True
desinventar-ea8e2a0a-a769-4f0d-bf68-87902d043e6a,UNDRR DesInventar Nepal,2008,8,18,Eastern Region,Sunsari,Basantapur,HEAVY RAINS,0,0,0,4500,526,0,0,0.0,True,,,,,,,,,,,,,,,True,True,True,True
desinventar-19c307be-4222-47af-984b-3f5a1579507d,UNDRR DesInventar Nepal,2008,8,19,Western Region,Nawalparasi,UNKNOWN,HEAVY RAINS,0,0,0,1578,0,0,0,0.0,False,,,,,,,,,,,,,,,True,True,True,True
desinventar-a03b68a3-8880-48f9-87f1-9579e389279c,UNDRR DesInventar Nepal,2008,8,17,Mid-Western Region,Kalikot,ODANKU,RAIN,1,0,0,0,0,0,0,0.0,False,,,,,,,,,,,,,,,True,True,True,True
desinventar-a26021d5-2046-4988-a779-65895d608281,UNDRR DesInventar Nepal,2009,8,20,Far Western Region,Kailali,PANDUN,HEAVY RAINS,1,0,0,0,0,0,0,0.0,False,,,,,,,,,,,,,,,True,True,True,True
desinventar-8f294442-c754-401a-b7a0-fff902a763bb,UNDRR DesInventar Nepal,2008,8,17,Western Region,Rupandehi,BUTAWAL_NP,RAIN,0,2,0,1052,12,0,0,0.0,False,,,,,,,,,,,,,,,True,True,True,True
desinventar-113a3477-2181-46e8-a5b1-3a8e29344ffb,UNDRR DesInventar Nepal,2008,8,19,Mid-Western Region,Bardiya,RAJAPUR,RAIN,0,0,0,72,0,12,0,0.0,False,,,,,,,,,,,,,,,True,True,True,True
desinventar-b5d4cd26-5671-4a58-ad1b-5f3169b6cd91,UNDRR DesInventar Nepal,2008,8,19,Mid-Western Region,Bardiya,KHAIRI CHANDANPUR,RAIN,0,0,0,545,0,0,0,0.0,False,,,,,,,,,,,,,,,True,True,True,True
desinventar-f17bd7a8-5a8a-4e9b-b661-e2f5cef352fb,UNDRR DesInventar Nepal,2008,8,20,Far Western Region,Kailali,KHAILAD,RAIN,0,1,0,0,0,0,0,0.0,False,,,,,,,,,,,,,,,True,True,True,True
desinventar-0eb18f09-638d-47ed-aaac-06a014a521cd,UNDRR DesInventar Nepal,2008,8,18,Eastern Region,Ilam,ILAM NP,RAIN,0,0,0,0,1,0,0,0.0,False,,,,,,,,,,,,,,,True,True,True,True
desinventar-a0ed65cc-01f4-42dc-9c4b-477e43e8c0e5,UNDRR DesInventar Nepal,2008,8,21,Far Western Region,Kanchanpur,BELDANDI,RAIN,0,0,0,0,0,0,0,0.0,False,,,,,,,,,,,,,,,True,True,True,True
desinventar-c4e53dbf-bcf3-4fec-8460-a9f4917b7974,UNDRR DesInventar Nepal,2008,8,20,Eastern Region,Sunsari,Paschim Kusaha,RAIN,2,0,0,0,0,0,0,0.0,False,,,,,,,,,,,,,,,True,True,True,True
desinventar-1e750310-3cc7-41cc-9b0d-707a5a038a3e,UNDRR DesInventar Nepal,2008,8,19,Mid-Western Region,Rukum,KOTJAHARI,RAIN,0,0,0,0,0,0,0,0.0,False,,,,,,,,,,,,,,,True,True,True,True
desinventar-818aceff-6765-401b-9e53-1c81647a6a2f,UNDRR DesInventar Nepal,2008,8,22,Far Western Region,Dadeldhura,JOGBUDA,RAIN,0,0,0,216,0,0,0,0.0,False,,,,,,,,,,,,,,,True,True,True,True
desinventar-87820519-f656-471b-9720-3abec948dd75,UNDRR DesInventar Nepal,2008,8,24,Far Western Region,Kanchanpur,PARASAN,RAIN,0,0,0,0,0,0,0,0.0,False,,,,,,,,,,,,,,,True,True,True,True
desinventar-cf4289b1-1af1-4472-a8e3-1cf944075a6c,UNDRR DesInventar Nepal,2008,8,24,Mid-Western Region,Bardiya,MANAU,RAIN,0,0,0,63,12,0,0,0.0,False,,,,,,,,,,,,,,,True,True,True,True
desinventar-c89149d8-a922-42e8-a849-8fbf037d4000,UNDRR DesInventar Nepal,2008,8,18,Eastern Region,Sunsari,UNKNOWN,RAIN,0,0,0,0,0,0,0,0.0,False,,,,,,,,,,,,,,,True,True,True,True
desinventar-4192dcac-fb9d-426f-bb4d-8d2f9fa9e192,UNDRR DesInventar Nepal,2008,8,27,Eastern Region,Morang,Madhumalla,RAIN,0,0,0,0,0,0,0,0.0,False,,,,,,,,,,,,,,,True,True,True,True
desinventar-75275d42-621a-4e80-8ab0-df111179ec00,UNDRR DesInventar Nepal,2008,8,16,Mid-Western Region,Kalikot,BADALKOT,RAIN,1,0,0,47,0,0,0,0.0,True,,,,,,,,,,,,,,,True,True,True,True
desinventar-5a6b7eb0-e02a-4441-b0b2-68744510ba04,UNDRR DesInventar Nepal,2008,8,24,Mid-Western Region,Rukum,RUNGHA,RAIN,4,0,0,2,0,1,0,0.0,False,,,,,,,,,,,,,,,True,True,True,True
desinventar-276c0fcc-c2df-444e-9af7-120f3e4d28c2,UNDRR DesInventar Nepal,2008,8,24,Far Western Region,Kailali,THAPAPUR,RAIN,0,0,0,568,0,12,0,0.0,False,,,,,,,,,,,,,,,True,True,True,True
desinventar-562d6448-9c8e-4e35-b927-163bc4245316,UNDRR DesInventar Nepal,2008,8,27,Mid-Western Region,Salyan,PHALAWANG,RAIN,1,0,0,0,0,0,0,0.0,False,,,,,,,,,,,,,,,True,True,True,True
desinventar-aee77a45-c5e9-45be-8e6b-6d954d48fb63,UNDRR DesInventar Nepal,2009,8,7,Eastern Region,Udayapur,Pokhari,HEAVY RAINS,2,0,1,0,0,0,0,0.0,False,,,,,,,,,,,,,,,True,True,True,True
desinventar-13bf6fac-4454-4a20-ac6a-363a44b60109,UNDRR DesInventar Nepal,2008,8,30,Western Region,Tanahu,RAIPUR,HEAVY RAINS,1,2,0,0,0,0,0,0.0,False,,,,,,,,,,,,,,,True,True,True,True
desinventar-286bde71-0414-4b5e-82ec-d1c1f769c57d,UNDRR DesInventar Nepal,2010,7,11,Western Region,Kaski,HEMJA,HEAVY RAINS,0,0,0,27,5,0,0,0.0,False,,,,,,,,,,,,,,,True,True,True,True
desinventar-84aecb2e-691a-4371-a17b-60da6183cb3c,UNDRR DesInventar Nepal,2008,9,3,Eastern Region,Ilam,MAHAMAI,HEAVY RAINS,0,0,0,0,0,0,0,0.0,False,,,,,,,,,,,,,,,True,True,True,True
desinventar-547171ae-885f-4c5b-b173-3b6615e9bed6,UNDRR DesInventar Nepal,2008,9,20,Far Western Region,Bajhang,Patadewal,RAIN,0,0,0,6,2,0,0,0.0,False,,,,,,,,,,,,,,,True,True,True,True
desinventar-1c186e82-eae9-470a-afdf-a39915afe076,UNDRR DesInventar Nepal,2008,9,11,Eastern Region,Jhapa,MAHABHARA,HEAVY RAINS,0,0,0,0,0,0,0,0.0,False,,,,,,,,,,,,,,,True,True,True,True
desinventar-c9f77534-de20-4cd9-9dab-5339524c9715,UNDRR DesInventar Nepal,2008,9,20,Eastern Region,Sunsari,Parkashpur,HEAVY RAINS,0,0,0,26,5,0,0,0.0,False,,,,,,,,,,,,,,,True,True,True,True
desinventar-a97e8422-afdc-4381-b4d2-e16e518aa8d9,UNDRR DesInventar Nepal,2008,9,15,Eastern Region,Sunsari,Bharaul,RAIN,0,0,0,88,0,17,0,0.0,False,,,,,,,,,,,,,,,True,True,True,True
desinventar-d9364e4f-8cf7-4cfc-a80f-6c8ed032c320,UNDRR DesInventar Nepal,2008,9,20,Far Western Region,Bajhang,Kailash,HEAVY RAINS,0,0,0,37,7,0,0,0.0,False,,,,,,,,,,,,,,,True,True,True,True
desinventar-161f9b0a-7351-4a9b-9799-0ae70ccfe857,UNDRR DesInventar Nepal,2008,9,20,Far Western Region,Kailali,GETA,OTHER,1,0,0,1826,339,0,0,0.0,False,,,,,,,,,,,,,,,True,True,True,True
desinventar-83deffbf-f568-41cd-9570-4bac9252fbf0,UNDRR DesInventar Nepal,2008,9,20,Far Western Region,Kailali,RAMSIKHAR JHALA,HEAVY RAINS,2,9,0,1826,339,0,0,0.0,False,,,,,,,,,,,,,,,True,True,True,True
desinventar-4423b70c-db84-42d8-a6a1-ea1d0e7e8d1b,UNDRR DesInventar Nepal,2008,9,20,Far Western Region,Kailali,NIGALI,HEAVY RAINS,1,0,0,1826,339,0,0,0.0,False,,,,,,,,,,,,,,,True,True,True,True
desinventar-3db3648f-284d-4c21-925b-e149c51e20b6,UNDRR DesInventar Nepal,2008,9,20,Far Western Region,Kailali,MASURIYA,HEAVY RAINS,1,0,0,1826,339,0,0,0.0,False,,,,,,,,,,,,,,,True,True,True,True
desinventar-d15026b6-1da6-45b2-b115-de379df79c6a,UNDRR DesInventar Nepal,2008,9,20,Far Western Region,Kailali,PATHARIYA,HEAVY RAINS,1,0,0,1826,339,0,0,0.0,False,,,,,,,,,,,,,,,True,True,True,True
desinventar-4cc55565-9946-4cf7-86cc-02f52be248bf,UNDRR DesInventar Nepal,2008,9,20,Far Western Region,Kailali,LALBOJHI,HEAVY RAINS,2,0,0,1826,339,0,0,0.0,False,,,,,,,,,,,,,,,True,True,True,True
desinventar-7d68363e-a96a-4770-9a5f-db24d5012fde,UNDRR DesInventar Nepal,2008,9,20,Far Western Region,Kailali,BALIYA,HEAVY RAINS,1,0,0,1826,339,0,0,0.0,False,,,,,,,,,,,,,,,True,True,True,True
desinventar-cf87b962-9f94-406e-a881-35c4c844bd21,UNDRR DesInventar Nepal,2008,9,20,Far Western Region,Kailali,DANSINHAPUR,HEAVY RAINS,1,0,0,1826,339,0,0,0.0,False,,,,,,,,,,,,,,,True,True,True,True
desinventar-a9e17d29-098b-449f-ab93-c7039f128dd2,UNDRR DesInventar Nepal,2008,9,20,Far Western Region,Kailali,DHANGADHI MUNICIPALITY,HEAVY RAINS,1,0,0,1826,339,0,0,0.0,False,,,,,,,,,,,,,,,True,True,True,True
desinventar-34dc5bfd-9cde-4c59-a8c4-fc1c97f9e231,UNDRR DesInventar Nepal,2008,9,20,Far Western Region,Kailali,PAHALMANPUR,HEAVY RAINS,3,0,0,1826,339,0,0,0.0,False,,,,,,,,,,,,,,,True,True,True,True
desinventar-2bdd9b79-4d8d-47ce-8916-1dc335f086bb,UNDRR DesInventar Nepal,2008,9,20,Far Western Region,Kailali,SREEPUR,HEAVY RAINS,2,0,0,1826,339,0,0,0.0,False,,,,,,,,,,,,,,,True,True,True,True
desinventar-4d46c164-f698-4284-b5c5-1d018f697bed,UNDRR DesInventar Nepal,2008,9,20,Far Western Region,Kailali,DODODHARA,HEAVY RAINS,7,0,0,1826,339,0,0,0.0,False,,,,,,,,,,,,,,,True,True,True,True
desinventar-c80abd3f-8b85-4b5f-8540-cba9cb3f4692,UNDRR DesInventar Nepal,2008,9,20,Far Western Region,Kanchanpur,PARASAN,HEAVY RAINS,1,0,0,0,0,0,0,0.0,False,,,,,,,,,,,,,,,True,True,True,True
desinventar-bc524903-b5cc-4ecb-bc6e-0f328ff00945,UNDRR DesInventar Nepal,2008,9,20,Western Region,Gulmi,GWADHI,HEAVY RAINS,0,0,0,210,4,0,0,0.0,False,,,,,,,,,,,,,,,True,True,True,True
desinventar-bbda5d9e-7828-4393-929c-e0791b8d7d9d,UNDRR DesInventar Nepal,2008,9,20,Central Region,Bara,UNKNOWN,OTHER,0,0,0,0,0,0,0,0.0,False,,,,,,,,,,,,,,,True,True,True,True
desinventar-bd1687f0-159c-4d2a-85fe-fad6a1442ef8,UNDRR DesInventar Nepal,2008,9,21,Far Western Region,Dadeldhura,JOGBUDA,HEAVY RAINS,3,0,0,734,6,0,0,0.0,True,,,,,,,,,,,,,,,True,True,True,True
desinventar-a196cfdf-c6b9-4269-bcef-f52cb1a97cea,UNDRR DesInventar Nepal,2008,9,20,Far Western Region,Bajhang,Subeda,HEAVY RAINS,4,0,0,37,0,0,0,0.0,False,,,,,,,,,,,,,,,True,True,True,True
desinventar-ad0ea2a4-23c7-4127-a9ba-6a3c4870678c,UNDRR DesInventar Nepal,2008,9,20,Far Western Region,Bajhang,Matela,HEAVY RAINS,0,0,0,11,2,0,0,0.0,False,,,,,,,,,,,,,,,True,True,True,True
desinventar-c9776d6c-d025-4679-b273-508a8968e4f2,UNDRR DesInventar Nepal,2008,9,20,Far Western Region,Bajhang,Kotbhairab,HEAVY RAINS,0,0,0,11,2,0,0,0.0,False,,,,,,,,,,,,,,,True,True,True,True
desinventar-3995c991-d2c6-4036-ada3-b22acca0eff1,UNDRR DesInventar Nepal,2008,9,25,Far Western Region,Kanchanpur,MAHENDRA NAGAR N.P.,HEAVY RAINS,3,0,0,0,0,0,0,0.0,False,,,,,,,,,,,,,,,True,True,True,True
desinventar-b8d5d109-eeb6-4c64-80c9-9d9f57bb02d2,UNDRR DesInventar Nepal,2008,9,5,Far Western Region,Kanchanpur,UNKNOWN,HEAVY RAINS,0,0,0,0,5,0,0,0.0,False,,,,,,,,,,,,,,,True,True,True,True
desinventar-999e1758-27b3-4816-8ebd-7046298085f6,UNDRR DesInventar Nepal,2008,9,25,Far Western Region,Kanchanpur,BELDANDI,HEAVY RAINS,0,0,0,0,0,0,0,0.0,False,,,,,,,,,,,,,,,True,True,True,True
desinventar-b56c46d6-2600-4848-a098-43871ab96ad7,UNDRR DesInventar Nepal,2008,9,25,Far Western Region,Kanchanpur,DEKHATBHULI,HEAVY RAINS,0,0,0,0,0,0,0,0.0,False,,,,,,,,,,,,,,,True,True,True,True
desinventar-15e94c0b-4555-4892-849d-c4b1d33c0581,UNDRR DesInventar Nepal,2008,9,25,Far Western Region,Kanchanpur,KRISHNAPUR,HEAVY RAINS,0,0,0,0,0,0,0,0.0,False,,,,,,,,,,,,,,,True,True,True,True
desinventar-1c2b6a44-f4b7-4964-8def-5269ab61473a,UNDRR DesInventar Nepal,2008,10,2,Far Western Region,Dadeldhura,UNKNOWN,HEAVY RAINS,0,0,0,0,0,0,0,0.0,False,,,,,,,,,,,,,,,True,True,True,True
desinventar-299470fb-bea6-4c6b-bb0f-964512a0e957,UNDRR DesInventar Nepal,2009,2,26,Eastern Region,Udayapur,Sundarpur,RAIN,0,0,0,0,0,0,0,0.0,False,,,,,,,,,,,,,,,True,True,True,True
desinventar-abf63e42-eb39-4afe-b2b0-1388134e44c7,UNDRR DesInventar Nepal,2009,5,14,Eastern Region,Khotang,Durchim,HEAVY RAINS,1,0,1,0,0,0,0,0.0,False,,,,,,,,,,,,,,,True,True,True,True
desinventar-8b453019-2dcf-4b01-a551-1da5a9ff305d,UNDRR DesInventar Nepal,2009,5,14,Eastern Region,Sankhuwasabha,Sidhakali,RAIN,0,0,0,0,0,0,0,0.0,False,,,,,,,,,,,,,,,True,True,True,True
desinventar-862fbc6b-732e-4115-906c-5c2c07f827fd,UNDRR DesInventar Nepal,2009,5,15,Mid-Western Region,Dang,RAMPUR,RAIN,1,0,0,0,0,0,0,0.0,False,,,,,,,,,,,,,,,True,True,True,True
desinventar-8fa3e95f-a302-4e42-a83b-1a7b5d3d7827,UNDRR DesInventar Nepal,2009,5,26,Eastern Region,Sunsari,UNKNOWN,RAIN,0,0,0,263,0,0,0,0.0,False,,,,,,,,,,,,,,,True,True,True,True
desinventar-5f26090f-c966-4c2b-a7fd-2accbc7a95c1,UNDRR DesInventar Nepal,2009,5,29,Central Region,Bhaktapur,BHAKTAPUR NP,RAIN,0,0,0,263,0,0,0,0.0,False,,,,,,,,,,,,,,,True,True,True,True
desinventar-a987c0ca-db46-48bf-a064-310aa1e96bac,UNDRR DesInventar Nepal,2010,7,13,Eastern Region,Jhapa,DANGIBARI,UNKNOWN,0,0,0,108,0,0,0,0.0,False,,,,,,,,,,,,,,,True,True,True,True
desinventar-bf965d54-9130-4f62-8ce7-92fee29ba930,UNDRR DesInventar Nepal,2009,6,5,Central Region,Kavre,PANCHAKHAL,RAIN,1,0,0,0,0,0,0,0.0,False,,,,,,,,,,,,,,,True,True,True,True
desinventar-eda2a411-9a2b-4b4a-9a5d-5957f3a6abc2,UNDRR DesInventar Nepal,2009,6,26,Western Region,Nawalparasi,DHAUBADI,HEAVY RAINS,0,0,0,0,0,0,0,0.0,False,,,,,,,,,,,,,,,True,True,True,True
desinventar-fdf046dc-de21-429f-8547-6580830eced3,UNDRR DesInventar Nepal,2009,6,27,Western Region,Baglung,BUNGADOVAN,HEAVY RAINS,0,0,0,37,7,0,0,0.0,True,,,,,,,,,,,,,,,True,True,True,True
desinventar-f8e0e571-8dd6-4986-a7b6-c61a939fd453,UNDRR DesInventar Nepal,2009,6,30,Mid-Western Region,Dailekh,DADA PARAJUL,RAIN,0,0,0,0,5,0,0,0.0,False,,,,,,,,,,,,,,,True,True,True,True
desinventar-cde17d65-3e26-43e0-86ed-5e185648203f,UNDRR DesInventar Nepal,2009,7,1,Mid-Western Region,Mugu,UNKNOWN,OTHER,3,0,0,0,0,0,0,0.0,False,,,,,,,,,,,,,,,True,True,True,True
desinventar-c4f0a39d-ca61-47f7-bf52-915bf7899555,UNDRR DesInventar Nepal,2009,7,1,Western Region,Tanahu,VYAS_NP_(DAMAULI),OTHER,3,0,0,5,24,39,0,0.0,False,,,,,,,,,,,,,,,True,True,True,True
desinventar-e56738e5-2643-4477-a1ef-c8adb5d56842,UNDRR DesInventar Nepal,2009,7,3,Central Region,Rautahat,KATAHARIYA (B),RAIN,0,0,0,0,0,0,0,0.0,False,,,,,,,,,,,,,,,True,True,True,True
desinventar-1d516216-86d7-418c-94e8-574493a9db3c,UNDRR DesInventar Nepal,2009,7,3,Western Region,Nawalparasi,SHIVAMANDIR,OTHER,1,0,0,0,0,0,0,0.0,False,,,,,,,,,,,,,,,True,True,True,True
desinventar-61507f4a-de54-4306-ae62-7e82a6df950e,UNDRR DesInventar Nepal,2009,7,3,Western Region,Nawalparasi,SHIVAMANDIR,RAIN,0,0,0,32,0,6,0,0.0,False,,,,,,,,,,,,,,,True,True,True,True
desinventar-c73e719b-b29d-42d1-b4d0-c8da0047ed6a,UNDRR DesInventar Nepal,2009,7,4,Central Region,Bara,NIJGADH,RAIN,0,0,0,263,0,50,0,0.0,False,,,,,,,,,,,,,,,True,True,True,True
desinventar-6d6683ad-7bd2-4af5-8cdc-39331c0a1ced,UNDRR DesInventar Nepal,2009,7,5,Western Region,Kaski,DEURALI,LANDSLIDE,0,0,0,58,0,0,0,0.0,True,,,,,,,,,,,,,,,True,True,True,True
desinventar-b9b4ec2b-3c81-448f-9efc-4f50700a9a00,UNDRR DesInventar Nepal,2009,7,5,Western Region,Gorkha,UNKNOWN,RAIN,0,0,0,0,0,0,0,0.0,True,,,,,,,,,,,,,,,True,True,True,True
desinventar-51c05eb8-bdd8-44da-a98e-8b3753589ec0,UNDRR DesInventar Nepal,2009,7,13,Western Region,Manang,DHARAPANI,RAIN,0,0,0,274,52,0,0,0.0,False,,,,,,,,,,,,,,,True,True,True,True
desinventar-0dfdd77f-397b-4bc2-833e-d768b648a532,UNDRR DesInventar Nepal,2009,7,14,Central Region,Ramechhap,UNKNOWN,RAIN,0,0,0,11,2,0,0,0.0,False,,,,,,,,,,,,,,,True,True,True,True
desinventar-602d92fd-9d76-4d99-b4c9-07e6492ff4f5,UNDRR DesInventar Nepal,2009,7,19,Far Western Region,Achham,KALEKANDA,OTHER,3,2,2,0,0,0,0,0.0,False,,,,,,,,,,,,,,,True,True,True,True
desinventar-a957c07c-00b4-4808-bb8d-1308f3d4bfaa,UNDRR DesInventar Nepal,2009,7,21,Central Region,Nuwakot,JILING,RAIN,0,0,0,0,0,0,0,0.0,False,,,,,,,,,,,,,,,True,True,True,True
desinventar-49e38972-11ee-416f-a169-dc7d3aa3c6e6,UNDRR DesInventar Nepal,2009,7,26,Far Western Region,Darchula,Khar,RAIN,2,2,2,0,3,0,0,0.0,False,,,,,,,,,,,,,,,True,True,True,True
desinventar-278fa3b9-28ae-4021-9020-1d23c53facae,UNDRR DesInventar Nepal,2009,7,26,Central Region,Dhanusa,UNKNOWN,RAIN,7,0,0,0,0,0,0,0.0,False,,,,,,,,,,,,,,,True,True,True,True
desinventar-98ed8af5-7483-47c3-8b02-0407ad570f52,UNDRR DesInventar Nepal,2009,7,26,Eastern Region,Sankhuwasabha,Tamku,RAIN,7,6,2,338,4,0,0,0.0,False,,,,,,,,,,,,,,,True,True,True,True
desinventar-8137ea5e-9eda-44bc-b2a1-b6be9a458ccc,UNDRR DesInventar Nepal,2009,7,28,Central Region,Rautahat,MARYADPUR,RAIN,1,1,2,0,0,0,0,0.0,False,,,,,,,,,,,,,,,True,True,True,True
desinventar-fb35c18f-8093-4325-844b-c5ba07262215,UNDRR DesInventar Nepal,2009,7,27,Mid-Western Region,Surkhet,GORPAN,FLOOD,0,0,0,11,2,0,0,0.0,False,,,,,,,,,,,,,,,True,True,True,True
desinventar-a504df75-544e-496c-b0a5-95cf79660580,UNDRR DesInventar Nepal,2009,7,28,Far Western Region,Kailali,RAMSIKHAR JHALA,RAIN,0,0,0,273,0,50,0,0.0,False,,,,,,,,,,,,,,,True,True,True,True
desinventar-4ddefaf7-409d-415f-8845-a3dde9243b89,UNDRR DesInventar Nepal,2009,7,28,Far Western Region,Kailali,CHAUMALA,RAIN,0,0,0,33,0,6,0,0.0,False,,,,,,,,,,,,,,,True,True,True,True
desinventar-c1c69fb8-37b7-40c8-a004-7f37a46cbecb,UNDRR DesInventar Nepal,2009,7,28,Far Western Region,Kailali,SREEPUR,RAIN,0,1,0,0,0,0,0,0.0,False,,,,,,,,,,,,,,,True,True,True,True
desinventar-c15ccf2f-1eda-4f3a-86b6-3b5f9dd4cfe1,UNDRR DesInventar Nepal,2009,7,28,Far Western Region,Kailali,PAHALMANPUR,RAIN,0,0,0,327,0,60,0,0.0,False,,,,,,,,,,,,,,,True,True,True,True
desinventar-a0484219-6f1d-464a-8cbf-3672e3a010e2,UNDRR DesInventar Nepal,2009,7,28,Far Western Region,Kailali,PANDUN,RAIN,0,0,0,192,0,36,0,0.0,False,,,,,,,,,,,,,,,True,True,True,True
desinventar-f4dd0603-352a-4629-b207-ce9fddc4f63a,UNDRR DesInventar Nepal,2009,7,28,Far Western Region,Kanchanpur,KRISHNAPUR,RAIN,0,0,0,381,0,70,0,0.0,False,,,,,,,,,,,,,,,True,True,True,True
desinventar-f4e432e9-8552-4341-b5c9-c98410be69c6,UNDRR DesInventar Nepal,2009,7,27,Western Region,Baglung,BATAKACHAUR,RAIN,1,0,0,0,0,0,0,0.0,False,,,,,,,,,,,,,,,True,True,True,True
desinventar-0d93673d-33ae-4109-a2f3-cc4fc3e4e36e,UNDRR DesInventar Nepal,2009,7,27,Western Region,Baglung,BIHUKOT,RAIN,0,0,0,32,0,6,0,0.0,False,,,,,,,,,,,,,,,True,True,True,True
desinventar-cecf3f22-5146-498a-883e-43781f69213e,UNDRR DesInventar Nepal,2009,7,27,Central Region,Dolakha,Dhyangsukathchaur,RAIN,1,1,0,0,0,0,0,0.0,False,,,,,,,,,,,,,,,True,True,True,True
desinventar-1fa20508-d29f-49ab-86aa-51edf92fef19,UNDRR DesInventar Nepal,2009,7,29,Mid-Western Region,Dailekh,SANTALLA,RAIN,0,0,0,38,7,0,0,0.0,False,,,,,,,,,,,,,,,True,True,True,True
desinventar-46bdbb8d-eae4-4472-91b9-c009945db4d5,UNDRR DesInventar Nepal,2009,7,28,Mid-Western Region,Surkhet,UNKNOWN,RAIN,0,0,0,82,0,0,0,0.0,False,,,,,,,,,,,,,,,True,True,True,True
desinventar-fe72e401-af13-4ae7-9e0c-8ca1a2bcec2a,UNDRR DesInventar Nepal,2009,7,29,Western Region,Kapilbastu,SINGHKHOR,RAIN,0,0,0,600,0,200,0,0.0,False,,,,,,,,,,,,,,,True,True,True,True
desinventar-f8146b3f-212c-415a-819a-1d65355d1651,UNDRR DesInventar Nepal,2009,7,29,Western Region,Kapilbastu,KRISHNA NAGAR,RAIN,0,0,0,828,0,153,0,0.0,False,,,,,,,,,,,,,,,True,True,True,True
desinventar-d0aa5015-a0ae-40c9-bf8c-0d1560f18bd6,UNDRR DesInventar Nepal,2009,7,29,Western Region,Kapilbastu,DHANKAULI,RAIN,0,0,0,327,0,60,0,0.0,False,,,,,,,,,,,,,,,True,True,True,True
desinventar-ac152f97-94fc-4f49-a557-3cbfe4e1e0fb,UNDRR DesInventar Nepal,2009,7,29,Western Region,Kapilbastu,HARIHARPUR,RAIN,0,0,0,169,0,31,0,0.0,False,,,,,,,,,,,,,,,True,True,True,True
desinventar-4d9c7d38-787e-49f4-9a9e-6b4cf0492718,UNDRR DesInventar Nepal,2009,7,29,Western Region,Kapilbastu,MOTIPUR,RAIN,0,0,0,272,0,50,0,0.0,False,,,,,,,,,,,,,,,True,True,True,True
desinventar-ef8d32a9-946a-4881-8f55-0f4f37bce225,UNDRR DesInventar Nepal,2009,7,29,Western Region,Kapilbastu,KAJARHAWA,RAIN,0,0,0,327,0,60,0,0.0,False,,,,,,,,,,,,,,,True,True,True,True
desinventar-679395e0-011e-4190-8bd7-d9d08bb7d890,UNDRR DesInventar Nepal,2009,7,29,Western Region,Kapilbastu,SAURAHA,RAIN,0,0,0,191,0,35,0,0.0,False,,,,,,,,,,,,,,,True,True,True,True
desinventar-829e2bed-5347-4521-8eac-e6d3936a5ad5,UNDRR DesInventar Nepal,2009,7,31,Central Region,Rautahat,UNKNOWN,HEAVY RAINS,0,0,0,0,0,0,0,0.0,True,,,,,,,,,,,,,,,True,True,True,True
desinventar-ab414cb9-64cc-4e54-be83-b7cfac957d40,UNDRR DesInventar Nepal,2009,7,31,Western Region,Baglung,GWALICHAUR,RAIN,1,0,0,0,0,0,0,0.0,False,,,,,,,,,,,,,,,True,True,True,True
desinventar-5a7a4ddc-6ec8-40d0-b426-266a70652133,UNDRR DesInventar Nepal,2009,7,31,Central Region,Rautahat,BADHARWA,HEAVY RAINS,0,0,0,0,0,0,0,0.0,False,,,,,,,,,,,,,,,True,True,True,True
desinventar-117c65b5-498e-4159-8dd5-3b87c4947154,UNDRR DesInventar Nepal,2009,7,31,Central Region,Rautahat,BANJARHA,HEAVY RAINS,0,0,0,0,0,0,0,0.0,False,,,,,,,,,,,,,,,True,True,True,True
desinventar-44c668ac-a912-4eaf-a479-e78a51ea3e12,UNDRR DesInventar Nepal,2009,7,31,Central Region,Rautahat,SARAUTHA,HEAVY RAINS,0,0,0,0,0,0,0,0.0,False,,,,,,,,,,,,,,,True,True,True,True
desinventar-5cb1d353-b457-4259-a56d-1630fd2eef84,UNDRR DesInventar Nepal,2009,7,31,Central Region,Rautahat,JAYANAGAR,HEAVY RAINS,0,0,0,0,0,0,0,0.0,False,,,,,,,,,,,,,,,True,True,True,True
desinventar-a2b47137-c4ee-4072-afff-7cf88139817e,UNDRR DesInventar Nepal,2009,7,31,Central Region,Rautahat,MITHUWA,HEAVY RAINS,0,0,0,0,0,0,0,0.0,False,,,,,,,,,,,,,,,True,True,True,True
desinventar-897ce01b-1318-412f-8207-cc3b6f3ade8e,UNDRR DesInventar Nepal,2009,7,31,Central Region,Rautahat,JETHARAHIYA,HEAVY RAINS,0,0,0,0,0,0,0,0.0,False,,,,,,,,,,,,,,,True,True,True,True
desinventar-d4fa4354-0e0a-4637-ad01-c65e2c88988f,UNDRR DesInventar Nepal,2009,7,31,Central Region,Rautahat,UNKNOWN,HEAVY RAINS,0,0,0,0,0,0,0,0.0,False,,,,,,,,,,,,,,,True,True,True,True
desinventar-de02b0e1-4892-4807-a936-b3f15c6af3c7,UNDRR DesInventar Nepal,2009,8,1,Central Region,Rautahat,UNKNOWN,HEAVY RAINS,0,0,0,0,0,0,0,0.0,False,,,,,,,,,,,,,,,True,True,True,True
desinventar-839a6d58-ac91-4a3c-9704-10132ed3f098,UNDRR DesInventar Nepal,2009,8,21,Western Region,Syangja,MAGYAN CHISAPANI,RAIN,1,2,3,0,0,0,0,0.0,False,,,,,,,,,,,,,,,True,True,True,True
desinventar-1dc23df8-5bc4-4b20-a590-2cf33ca6002c,UNDRR DesInventar Nepal,2009,8,5,Western Region,Nawalparasi,RAMPURVA,RAIN,1,0,0,1620,0,300,0,0.0,False,,,,,,,,,,,,,,,True,True,True,True
desinventar-b469d01b-f6eb-4514-8b79-80d72d6ccf6f,UNDRR DesInventar Nepal,2009,8,6,Eastern Region,Siraha,Inarwa,HEAVY RAINS,1,0,0,0,0,0,0,0.0,False,,,,,,,,,,,,,,,True,True,True,True
desinventar-da5f8236-85fe-4588-9dbd-5a92a4fa30ea,UNDRR DesInventar Nepal,2009,8,7,Mid-Western Region,Dailekh,BADA KHOLA,RAIN,0,0,0,65,0,12,0,0.0,False,,,,,,,,,,,,,,,True,True,True,True
desinventar-07ddb70d-132f-4fb9-9998-2fd32af01535,UNDRR DesInventar Nepal,2009,8,7,Eastern Region,Sunsari,Dharan Municiplality,HEAVY RAINS,0,0,0,0,0,0,0,0.0,True,,,,,,,,,,,,,,,True,True,True,True
desinventar-b06d9d1f-f1f9-4c5d-bce4-7bac09a48ccf,UNDRR DesInventar Nepal,2009,8,7,Central Region,Chitawan,JAGATPUR,HEAVY RAINS,0,0,0,0,5,2,0,0.0,False,,,,,,,,,,,,,,,True,True,True,True
desinventar-7b8939e3-fdea-4d14-bacb-7ef9ae1ec7c2,UNDRR DesInventar Nepal,2009,8,7,Central Region,Bara,UNKNOWN,HEAVY RAINS,0,0,0,0,0,0,0,0.0,False,,,,,,,,,,,,,,,True,True,True,True
desinventar-36a72d17-8405-4160-9cca-b94f73cd1a01,UNDRR DesInventar Nepal,2009,8,7,Central Region,Bara,JHITKAIYA (UTTAR),HEAVY RAINS,0,0,0,0,0,0,0,0.0,False,,,,,,,,,,,,,,,True,True,True,True
desinventar-bdaa3a7c-60ac-4978-896f-fd5849d5573b,UNDRR DesInventar Nepal,2009,8,8,Central Region,Makwanpur,MANAHARI,HEAVY RAINS,0,0,0,216,0,40,0,0.0,False,,,,,,,,,,,,,,,True,True,True,True
desinventar-4be45180-df9d-47eb-87bf-a36e39853ac6,UNDRR DesInventar Nepal,2009,8,8,Western Region,Nawalparasi,RAMPURVA,HEAVY RAINS,0,0,0,43,0,8,0,0.0,False,,,,,,,,,,,,,,,True,True,True,True
desinventar-5070f0f3-eca3-4ee9-8fa9-9ca00dd5420e,UNDRR DesInventar Nepal,2009,8,9,Far Western Region,Darchula,UNKNOWN,HEAVY RAINS,3,0,2,135,0,25,0,24.0,True,,,,,,,,,,,,,,,True,True,True,True
desinventar-cc782760-5ff4-4a82-bc2a-da67f1a4c711,UNDRR DesInventar Nepal,2009,8,9,Eastern Region,Sunsari,Dharan Municiplality,RAIN,0,0,0,43,0,8,0,0.0,False,,,,,,,,,,,,,,,True,True,True,True
desinventar-05688a04-3191-4c4c-bed7-710cc70de4d9,UNDRR DesInventar Nepal,2009,8,10,Western Region,Tanahu,BHIRKOT,RAIN,1,1,0,0,0,0,0,0.0,False,,,,,,,,,,,,,,,True,True,True,True
desinventar-d22943fd-75be-468c-b350-012fd8fde06e,UNDRR DesInventar Nepal,2009,8,10,Central Region,Makwanpur,HETAUDA MUNICIPALITY,RAIN,0,1,0,0,0,0,0,0.0,False,,,,,,,,,,,,,,,True,True,True,True
desinventar-e6da91fb-db3d-46f3-97f3-2104be26ed4d,UNDRR DesInventar Nepal,2009,8,11,Eastern Region,Sunsari,Dharan Municiplality,HEAVY RAINS,0,0,0,216,0,40,0,0.0,False,,,,,,,,,,,,,,,True,True,True,True
desinventar-b4a6c210-e21d-496d-8a97-c12953d430ef,UNDRR DesInventar Nepal,2009,8,16,Eastern Region,Jhapa,GHAILADUWA,HEAVY RAINS,0,0,0,1620,0,300,0,0.0,False,,,,,,,,,,,,,,,True,True,True,True
desinventar-1bfdc62b-3b2f-4b97-8273-4b43ca37d0d9,UNDRR DesInventar Nepal,2009,8,16,Eastern Region,Jhapa,DANGIBARI,RAIN,0,0,0,1080,0,200,0,0.0,False,,,,,,,,,,,,,,,True,True,True,True
desinventar-5accf587-dd2f-4d7a-bb1b-d8770545a8b2,UNDRR DesInventar Nepal,2009,8,16,Eastern Region,Jhapa,RAJGADH,RAIN,0,0,0,1620,0,300,0,0.0,False,,,,,,,,,,,,,,,True,True,True,True
desinventar-a6f58078-cea4-4490-8833-979b144637d2,UNDRR DesInventar Nepal,2009,8,16,Eastern Region,Jhapa,KOHABARA,RAIN,0,0,0,65,0,12,0,0.0,False,,,,,,,,,,,,,,,True,True,True,True
desinventar-d9c49c70-06ec-47af-a95c-57a3aef43391,UNDRR DesInventar Nepal,2009,8,16,Eastern Region,Jhapa,KUMARKHOD,RAIN,0,0,0,0,0,14,90,0.0,False,,,,,,,,,,,,,,,True,True,True,True
desinventar-383d7830-9f90-4736-a482-040dce408995,UNDRR DesInventar Nepal,2009,8,16,Eastern Region,Jhapa,TANGANDUBBA,RAIN,0,0,0,0,0,13,90,0.0,False,,,,,,,,,,,,,,,True,True,True,True
desinventar-b76bec2e-43d8-4123-b64b-2c5d10aa1a2f,UNDRR DesInventar Nepal,2009,8,17,Eastern Region,Saptari,KHOJPUR,HEAVY RAINS,1,0,1,0,0,0,0,0.0,False,,,,,,,,,,,,,,,True,True,True,True
desinventar-7d41ea6d-2393-4bf1-af15-e9a7b4e2878c,UNDRR DesInventar Nepal,2009,8,17,Central Region,Dhanusa,Raghunathpur,RAIN,1,0,0,0,0,0,0,0.0,False,,,,,,,,,,,,,,,True,True,True,True
desinventar-c7b94ba4-bd21-476e-9d65-c339518ae47e,UNDRR DesInventar Nepal,2009,8,17,Central Region,Rautahat,PAURAI,RAIN,0,2,0,0,0,0,0,0.0,False,,,,,,,,,,,,,,,True,True,True,True
desinventar-73ca2872-cf6b-4c45-a7e7-252c07fe9508,UNDRR DesInventar Nepal,2009,8,17,Eastern Region,Morang,Madhumalla,RAIN,1,0,0,0,0,0,0,0.0,False,,,,,,,,,,,,,,,True,True,True,True
desinventar-c7ebf929-bffe-49ac-b714-1b76249bd19e,UNDRR DesInventar Nepal,2009,8,18,Central Region,Mahotari,Jaleswar Municipalit,HEAVY RAINS,1,0,0,0,0,0,0,0.0,False,,,,,,,,,,,,,,,True,True,True,True
desinventar-0fa81756-769f-498d-82c1-8600fd7f12c4,UNDRR DesInventar Nepal,2009,8,18,Western Region,Rupandehi,BUTAWAL_NP,HEAVY RAINS,0,0,0,324,60,0,17,0.0,False,,,,,,,,,,,,,,,True,True,True,True
desinventar-4a34fb02-0ce8-47ed-ac15-93f73208c5aa,UNDRR DesInventar Nepal,2009,8,18,Far Western Region,Kailali,HASULIYA,HEAVY RAINS,0,0,0,621,0,115,0,0.0,False,,,,,,,,,,,,,,,True,True,True,True
desinventar-dfa4c4da-3ed2-4ea4-be14-267f95c1548a,UNDRR DesInventar Nepal,2009,8,18,Far Western Region,Kailali,KHAILAD,HEAVY RAINS,0,0,0,0,0,223,0,0.0,False,,,,,,,,,,,,,,,True,True,True,True
desinventar-310300ce-6299-42f4-a2f9-a638330f118b,UNDRR DesInventar Nepal,2009,8,18,Western Region,Kapilbastu,MOTIPUR,HEAVY RAINS,0,0,0,0,0,25,0,0.0,False,,,,,,,,,,,,,,,True,True,True,True
desinventar-65992d88-28a2-4adf-b765-e81d52defb63,UNDRR DesInventar Nepal,2009,8,19,Eastern Region,Jhapa,BAHUNADANGI,HEAVY RAINS,1,0,0,0,0,0,3,0.0,False,,,,,,,,,,,,,,,True,True,True,True
desinventar-fc337615-a638-48b4-b3f6-44da0749fc05,UNDRR DesInventar Nepal,2009,8,19,Eastern Region,Jhapa,DANGIBARI,HEAVY RAINS,2,5,0,73,7,0,0,0.0,False,,,,,,,,,,,,,,,True,True,True,True
desinventar-5bf12a46-b85e-43d5-a5b0-1ac3995a04db,UNDRR DesInventar Nepal,2009,8,20,Mid-Western Region,Surkhet,UNKNOWN,RAIN,0,0,0,0,4,0,0,0.0,False,,,,,,,,,,,,,,,True,True,True,True
desinventar-75e93bb5-b917-452c-b891-018b468b1f92,UNDRR DesInventar Nepal,2009,8,20,Mid-Western Region,Dang,RAJPUR,RAIN,0,0,0,0,0,0,0,0.0,False,,,,,,,,,,,,,,,True,True,True,True
desinventar-75703ec7-45b9-4741-b62b-57f94ae24eb3,UNDRR DesInventar Nepal,2009,8,20,Mid-Western Region,Banke,NEPALGANJ N.P.,HEAVY RAINS,1,0,0,0,0,0,0,0.0,False,,,,,,,,,,,,,,,True,True,True,True
desinventar-a2678f79-d023-43e3-add0-7560661b026d,UNDRR DesInventar Nepal,2009,8,21,Eastern Region,Siraha,Sarswar,RAIN,3,0,0,0,0,0,0,0.0,False,,,,,,,,,,,,,,,True,True,True,True
desinventar-b1e44f76-6166-492c-9c1a-0c3cd054a0f5,UNDRR DesInventar Nepal,2009,8,21,Central Region,Dhanusa,Pachaharwa,RAIN,1,0,0,0,0,0,0,0.0,False,,,,,,,,,,,,,,,True,True,True,True
desinventar-06eb7777-6cf8-469b-b0b2-91edeea64213,UNDRR DesInventar Nepal,2009,8,21,Central Region,Dhanusa,Tulsiyahi Jabdi,RAIN,0,0,0,21,4,0,0,0.0,False,,,,,,,,,,,,,,,True,True,True,True
desinventar-bc8c91f2-675d-4c23-a31b-9eef832bc0bc,UNDRR DesInventar Nepal,2009,8,21,Central Region,Dhanusa,Bahurwa,UNKNOWN,0,0,0,0,4,0,0,0.0,False,,,,,,,,,,,,,,,True,True,True,True
desinventar-86fafbdd-f573-4b12-a2bb-faa73bec083f,UNDRR DesInventar Nepal,2009,8,21,Central Region,Dhanusa,Nagarain,RAIN,0,0,0,0,4,0,0,0.0,False,,,,,,,,,,,,,,,True,True,True,True
desinventar-a1db06b9-b6d6-4add-879e-1d7397e03ae1,UNDRR DesInventar Nepal,2009,8,21,Central Region,Dhanusa,Mukhiyapatti,RAIN,0,0,0,0,5,0,0,0.0,False,,,,,,,,,,,,,,,True,True,True,True
desinventar-9c9339ed-edaa-476c-a3eb-3517688ca3f3,UNDRR DesInventar Nepal,2009,8,21,Central Region,Dhanusa,Singyahi Madan,RAIN,0,0,0,0,4,0,0,0.0,False,,,,,,,,,,,,,,,True,True,True,True
desinventar-194dcec4-2498-49c2-af08-3b189c8cfbd4,UNDRR DesInventar Nepal,2009,8,21,Central Region,Dhanusa,Lakkad,RAIN,0,0,0,0,4,0,0,0.0,False,,,,,,,,,,,,,,,True,True,True,True
desinventar-72c25862-20d0-485b-9285-012fabe2b2f1,UNDRR DesInventar Nepal,2009,8,21,Central Region,Dhanusa,Balabakhar,RAIN,0,0,0,0,4,0,0,0.0,False,,,,,,,,,,,,,,,True,True,True,True
desinventar-62e9e811-2fb5-4c26-9cbc-41d8d0c4f2e3,UNDRR DesInventar Nepal,2009,8,21,Central Region,Dhanusa,Goth Koyalpur,RAIN,0,0,0,0,5,0,0,0.0,False,,,,,,,,,,,,,,,True,True,True,True
desinventar-a1adfe25-6f9c-4c23-90ba-416091187f18,UNDRR DesInventar Nepal,2009,8,21,Central Region,Dhanusa,UNKNOWN,RAIN,0,0,0,0,5,0,0,0.0,False,,,,,,,,,,,,,,,True,True,True,True
desinventar-93e6b322-bd00-40f8-81dc-c8ddbc26c057,UNDRR DesInventar Nepal,2009,8,21,Central Region,Dhanusa,Balsha Saghara,RAIN,0,0,0,0,4,0,0,0.0,False,,,,,,,,,,,,,,,True,True,True,True
desinventar-5c609192-a35e-43b2-b0e2-4ea0bfb737df,UNDRR DesInventar Nepal,2009,8,21,Mid-Western Region,Rolpa,MIJHIN,RAIN,1,0,0,0,0,0,0,0.0,False,,,,,,,,,,,,,,,True,True,True,True
desinventar-36a699b4-c9ed-4ad6-bb58-13ed4d33e898,UNDRR DesInventar Nepal,2009,8,21,Western Region,Kapilbastu,HARDUONA,RAIN,1,0,0,0,0,0,0,0.0,False,,,,,,,,,,,,,,,True,True,True,True
desinventar-74d3f8ea-5fef-4680-a411-554f6895f796,UNDRR DesInventar Nepal,2009,8,25,Eastern Region,Jhapa,GHAILADUWA,HEAVY RAINS,2,0,0,0,0,0,0,0.0,False,,,,,,,,,,,,,,,True,True,True,True
desinventar-6b8b9cfc-11b3-482b-b333-ce8adc43cf8a,UNDRR DesInventar Nepal,2009,8,25,Eastern Region,Jhapa,KHAJURGANCHHI,HEAVY RAINS,1,0,0,0,0,0,0,0.0,False,,,,,,,,,,,,,,,True,True,True,True
desinventar-51703684-03ee-4071-8aac-b73ceeac7a23,UNDRR DesInventar Nepal,2009,8,25,Eastern Region,Jhapa,LAKHANPUR,HEAVY RAINS,1,0,0,0,0,0,0,0.0,False,,,,,,,,,,,,,,,True,True,True,True
desinventar-896877c8-0fe1-4572-92b2-e7b0a28e3c85,UNDRR DesInventar Nepal,2009,8,25,Eastern Region,Jhapa,DAMAK MUN.,HEAVY RAINS,3,0,0,0,0,0,0,0.0,False,,,,,,,,,,,,,,,True,True,True,True
desinventar-4caf79a4-07f5-4ba2-a4ce-c67383d3357c,UNDRR DesInventar Nepal,2009,8,25,Far Western Region,Kailali,DANSINHAPUR,RAIN,2,0,0,0,0,0,0,0.0,False,,,,,,,,,,,,,,,True,True,True,True
desinventar-7f93f98b-b7c6-4a69-b112-f51f7be1f8fa,UNDRR DesInventar Nepal,2009,8,25,Far Western Region,Kailali,UNKNOWN,HEAVY RAINS,1,0,0,0,0,0,0,0.0,False,,,,,,,,,,,,,,,True,True,True,True
desinventar-2b34d492-b8c9-4e20-9d07-4f12269434a3,UNDRR DesInventar Nepal,2009,8,28,Far Western Region,Kanchanpur,MAHENDRA NAGAR N.P.,HEAVY RAINS,0,0,0,70,0,13,0,0.0,False,,,,,,,,,,,,,,,True,True,True,True
desinventar-0ea29395-b394-4d4a-a6eb-1630f025f990,UNDRR DesInventar Nepal,2009,9,2,Far Western Region,Bajhang,Luyanta,RAIN,1,0,0,0,0,0,0,0.0,False,,,,,,,,,,,,,,,True,True,True,True
desinventar-8f3aabfa-d0bd-4ef6-81c5-68f1862dfceb,UNDRR DesInventar Nepal,2009,9,9,Far Western Region,Dadeldhura,ALITAL,HEAVY RAINS,0,0,0,0,0,0,0,0.0,False,,,,,,,,,,,,,,,True,True,True,True
desinventar-0bd87213-21bc-440c-aa65-6b926519b214,UNDRR DesInventar Nepal,2009,9,9,Far Western Region,Dadeldhura,SIRSHA,HEAVY RAINS,0,0,0,0,0,0,0,0.0,False,,,,,,,,,,,,,,,True,True,True,True
desinventar-3749b1aa-86bb-407d-a583-442850ff776f,UNDRR DesInventar Nepal,2009,9,9,Far Western Region,Dadeldhura,JOGBUDA,HEAVY RAINS,0,0,0,0,0,0,0,0.0,False,,,,,,,,,,,,,,,True,True,True,True
desinventar-1e2f8bbe-2f7c-451e-b6d1-1641da5c1eb1,UNDRR DesInventar Nepal,2009,9,9,Far Western Region,Dadeldhura,RUPAL,HEAVY RAINS,0,0,0,0,0,0,0,0.0,False,,,,,,,,,,,,,,,True,True,True,True
desinventar-f80674df-1eb4-497d-9e3a-847326128ddb,UNDRR DesInventar Nepal,2009,9,9,Far Western Region,Dadeldhura,BHAGESWOR,HEAVY RAINS,0,0,0,0,0,0,0,0.0,False,,,,,,,,,,,,,,,True,True,True,True
desinventar-41715fda-7e31-4203-bbc3-f3c78d3ab0c7,UNDRR DesInventar Nepal,2009,9,9,Western Region,Palpa,DEURALI,OTHER,3,0,0,0,0,0,0,0.0,False,,,,,,,,,,,,,,,True,True,True,True
desinventar-cf8915a7-84bc-4036-955d-f451f8bb7843,UNDRR DesInventar Nepal,2009,10,6,Far Western Region,Kailali,BHAJANI,HEAVY RAINS,1,0,0,0,0,0,0,0.0,False,,,,,,,,,,,,,,,True,True,True,True
desinventar-36a20107-4051-4f93-8783-5789ec53101a,UNDRR DesInventar Nepal,2009,10,6,Far Western Region,Kanchanpur,DEKHATBHULI,HEAVY RAINS,0,1,0,0,0,0,0,0.0,False,,,,,,,,,,,,,,,True,True,True,True
desinventar-e76ddab8-af92-44cd-8ded-2faf51174024,UNDRR DesInventar Nepal,2009,10,7,Western Region,Syangja,PIDIKHOLA,HEAVY RAINS,0,0,0,9,0,0,0,0.0,False,,,,,,,,,,,,,,,True,True,True,True
desinventar-41bb2de2-ce5a-49de-9637-6a3421a75e86,UNDRR DesInventar Nepal,2009,10,7,Western Region,Parbat,SHALIGRAM,HEAVY RAINS,0,0,0,11,2,0,0,0.0,False,,,,,,,,,,,,,,,True,True,True,True
desinventar-2b93c7c3-d503-4b32-b0c1-65d961232fc5,UNDRR DesInventar Nepal,2009,10,7,Western Region,Syangja,BICHARI CHAUTARA,HEAVY RAINS,1,0,0,0,0,0,0,0.0,False,,,,,,,,,,,,,,,True,True,True,True
desinventar-d2650705-1090-4f09-84c9-330bfde8bad4,UNDRR DesInventar Nepal,2009,10,8,Far Western Region,Kailali,TIKAPUR MUNICIPALITY,HEAVY RAINS,1,0,0,0,0,0,0,0.0,False,,,,,,,,,,,,,,,True,True,True,True
desinventar-af61220d-bfad-4c97-8430-689a37f676dc,UNDRR DesInventar Nepal,2009,10,8,Far Western Region,Kailali,CHUHA,RAIN,0,1,0,0,0,0,0,0.0,False,,,,,,,,,,,,,,,True,True,True,True
desinventar-bce3de51-faa2-4925-acc5-19f1e4722462,UNDRR DesInventar Nepal,2009,10,8,Far Western Region,Kailali,PATHARIYA,UNKNOWN,1,0,0,0,0,0,0,0.0,False,,,,,,,,,,,,,,,True,True,True,True
desinventar-f40133aa-416d-46ef-955b-063fa8766c09,UNDRR DesInventar Nepal,2009,10,8,Western Region,Manang,DHARAPANI,RAIN,0,0,0,0,0,0,0,0.0,True,,,,,,,,,,,,,,,True,True,True,True
desinventar-01708c53-d6cc-46a8-9237-e3cb724ad824,UNDRR DesInventar Nepal,2009,10,8,Mid-Western Region,Banke,BAIJAPUR,RAIN,0,0,0,0,0,0,0,0.0,False,,,,,,,,,,,,,,,True,True,True,True
desinventar-385aaa27-6742-4323-a18d-557aff286eca,UNDRR DesInventar Nepal,2009,10,8,Mid-Western Region,Banke,NEPALGANJ N.P.,HEAVY RAINS,0,1,0,0,0,0,0,0.0,False,,,,,,,,,,,,,,,True,True,True,True
desinventar-6b9030d8-2e44-4ac8-9faa-18fd7b464f18,UNDRR DesInventar Nepal,2009,10,8,Mid-Western Region,Dang,RAJPUR,HEAVY RAINS,0,1,0,0,0,0,0,0.0,False,,,,,,,,,,,,,,,True,True,True,True
desinventar-836ce8c5-68dc-4f4e-acd4-17defe9ce9a6,UNDRR DesInventar Nepal,2009,10,8,Mid-Western Region,Dang,FULABARI,HEAVY RAINS,0,1,0,0,0,0,0,0.0,False,,,,,,,,,,,,,,,True,True,True,True
desinventar-c0b17972-164c-4938-84ad-db829c2d92c4,UNDRR DesInventar Nepal,2009,10,9,Far Western Region,Baitadi,MALLA DEHI,HEAVY RAINS,1,0,0,0,0,0,0,0.0,False,,,,,,,,,,,,,,,True,True,True,True
desinventar-fd716f43-c970-4015-9aa1-24d37438136e,UNDRR DesInventar Nepal,2009,10,9,Far Western Region,Baitadi,BIJAYAPUR,HEAVY RAINS,1,0,0,0,0,0,0,0.0,False,,,,,,,,,,,,,,,True,True,True,True
desinventar-90db5752-3252-411f-8887-d9fee28e10d2,UNDRR DesInventar Nepal,2009,10,9,Far Western Region,Baitadi,UDAYADEB,HEAVY RAINS,1,0,0,0,0,0,0,0.0,False,,,,,,,,,,,,,,,True,True,True,True
desinventar-aea8d394-f7b7-47cf-94f1-5452ef750415,UNDRR DesInventar Nepal,2009,10,9,Far Western Region,Baitadi,SHARMALI,HEAVY RAINS,0,1,0,0,0,0,0,0.0,False,,,,,,,,,,,,,,,True,True,True,True
desinventar-ad4606f6-54d4-4c5a-b220-6e696c8c948f,UNDRR DesInventar Nepal,2009,10,10,Far Western Region,Bajhang,Syandi,RAIN,1,0,0,0,0,0,0,0.0,False,,,,,,,,,,,,,,,True,True,True,True
desinventar-8461bf8c-7274-4ee4-b668-2fa71645d32d,UNDRR DesInventar Nepal,2009,10,10,Far Western Region,Bajhang,Luyanta,RAIN,1,0,0,0,0,0,0,0.0,False,,,,,,,,,,,,,,,True,True,True,True
desinventar-bb5658c5-56fa-4da1-bead-3c94b892f66e,UNDRR DesInventar Nepal,2009,10,10,Mid-Western Region,Surkhet,KUNATHARI,HEAVY RAINS,0,0,0,0,0,0,0,0.0,False,,,,,,,,,,,,,,,True,True,True,True
desinventar-3c320e73-f969-4721-9d3d-d2f875aa18f8,UNDRR DesInventar Nepal,2009,10,10,Mid-Western Region,Bardiya,GULARIYA,HEAVY RAINS,1,1,0,0,0,0,0,0.0,False,,,,,,,,,,,,,,,True,True,True,True
desinventar-e83605fa-5c62-4080-8929-5b888e161b0f,UNDRR DesInventar Nepal,2009,10,10,Mid-Western Region,Bardiya,MANAU,HEAVY RAINS,0,0,0,0,0,200,0,0.0,False,,,,,,,,,,,,,,,True,True,True,True
desinventar-85d0854b-a2da-4215-8f73-f3ea3ad09794,UNDRR DesInventar Nepal,2009,10,10,Mid-Western Region,Bardiya,KHAIRI CHANDANPUR,HEAVY RAINS,0,0,0,0,0,175,0,0.0,False,,,,,,,,,,,,,,,True,True,True,True
desinventar-2e0f9f7c-434d-46a0-8891-0503e2ad2861,UNDRR DesInventar Nepal,2009,10,10,Mid-Western Region,Bardiya,PATABHAR,HEAVY RAINS,0,0,0,0,0,60,0,0.0,False,,,,,,,,,,,,,,,True,True,True,True
desinventar-61ca396a-5494-422d-84eb-64ac8b03c6d4,UNDRR DesInventar Nepal,2009,10,10,Mid-Western Region,Bardiya,DAULATPUR,HEAVY RAINS,0,0,0,0,0,250,0,0.0,False,,,,,,,,,,,,,,,True,True,True,True
desinventar-b8b4c7fd-ac5a-4000-b9d2-dd069c0aeaf5,UNDRR DesInventar Nepal,2009,10,10,Mid-Western Region,Bardiya,SURYA PATUWA,HEAVY RAINS,0,0,0,0,0,150,0,0.0,False,,,,,,,,,,,,,,,True,True,True,True
desinventar-1970fea0-55e0-4641-af0e-55a1efcc7278,UNDRR DesInventar Nepal,2009,10,10,Mid-Western Region,Bardiya,DHODHARI,HEAVY RAINS,0,0,0,0,0,25,0,0.0,False,,,,,,,,,,,,,,,True,True,True,True
desinventar-114c7497-df59-44cb-bc76-7441969745e0,UNDRR DesInventar Nepal,2008,6,26,Western Region,Baglung,PANDAVKHANI,HEAVY RAINS,0,0,0,162,8,2,0,0.0,True,,,,,,,,,,,,,,,True,True,True,True
desinventar-fa710b97-37f7-4fec-ad96-1b03c0d8c670,UNDRR DesInventar Nepal,2008,6,26,Western Region,Baglung,BURTIBANG,HEAVY RAINS,0,0,0,11,1,1,0,0.0,True,,,,,,,,,,,,,,,True,True,True,True
desinventar-291d7f77-f399-4963-bcb9-d7e877a5165f,UNDRR DesInventar Nepal,2008,6,26,Western Region,Baglung,BHINGGITHE,UNKNOWN,0,0,0,0,0,0,0,0.0,False,,,,,,,,,,,,,,,True,True,True,True
desinventar-116d959b-458f-4997-a41f-4fdd4e700f15,UNDRR DesInventar Nepal,2008,6,26,Western Region,Baglung,RANASINGHKITENI,HEAVY RAINS,0,0,0,5,1,1,0,0.0,False,,,,,,,,,,,,,,,True,True,True,True
desinventar-84c0e250-4a93-485c-b109-091f5c451590,UNDRR DesInventar Nepal,2008,4,21,Far Western Region,Baitadi,MATHI RAJ,HEAVY RAINS,0,0,0,5,1,0,0,0.0,False,,,,,,,,,,,,,,,True,True,True,True
desinventar-40f40342-4069-44be-a6e0-cc0a4d5e61fa,UNDRR DesInventar Nepal,2008,7,20,Far Western Region,Baitadi,SALENA,UNKNOWN,0,0,0,5,1,0,0,0.0,False,,,,,,,,,,,,,,,True,True,True,True
desinventar-982cc1df-daf7-4687-ae43-55c9fc3cc820,UNDRR DesInventar Nepal,2008,7,22,Far Western Region,Baitadi,SALENA,HEAVY RAINS,0,0,0,5,1,0,0,0.0,False,,,,,,,,,,,,,,,True,True,True,True
desinventar-32c7fbfe-d8e0-4aee-a6cf-96ec188e4fbb,UNDRR DesInventar Nepal,2008,9,19,Far Western Region,Baitadi,SIDDHESWOR,HEAVY RAINS,0,0,0,5,1,0,0,0.0,False,,,,,,,,,,,,,,,True,True,True,True
desinventar-447a9808-64e5-4b0f-acb2-fc248816d50a,UNDRR DesInventar Nepal,2008,8,27,Far Western Region,Bajura,UNKNOWN,UNKNOWN,6,0,4,0,0,0,0,0.0,False,,,,,,,,,,,,,,,True,True,True,True
desinventar-7152dd29-55a6-4aa2-9472-bd6362430e0d,UNDRR DesInventar Nepal,2008,9,24,Far Western Region,Bajura,UNKNOWN,UNKNOWN,1,0,0,0,0,0,0,0.0,False,,,,,,,,,,,,,,,True,True,True,True
desinventar-ad1c1c5f-e4d8-490e-ac5e-b9ef00e81d4a,UNDRR DesInventar Nepal,2008,9,19,Mid-Western Region,Bardiya,UNKNOWN,HEAVY RAINS,0,0,0,12663,225,885,0,0.0,True,,,,,,,,,,,,,,,True,True,True,True
desinventar-f423de48-35c5-4775-9c80-4e509862c0d5,UNDRR DesInventar Nepal,2008,7,21,Far Western Region,Dadeldhura,JOGBUDA,HEAVY RAINS,1,0,0,0,0,1,0,0.0,False,,,,,,,,,,,,,,,True,True,True,True
desinventar-a114a2bd-8fad-4e38-8a2e-38222395ec6b,UNDRR DesInventar Nepal,2008,7,12,Far Western Region,Darchula,Dhap,UNKNOWN,0,0,0,5,1,0,0,0.0,False,,,,,,,,,,,,,,,True,True,True,True
desinventar-743a5871-5b02-4ca5-8ad5-209382f65085,UNDRR DesInventar Nepal,2008,7,25,Far Western Region,Darchula,Chhapri,UNKNOWN,1,0,0,0,0,0,0,0.0,False,,,,,,,,,,,,,,,True,True,True,True
desinventar-09dadbbc-6123-4ca9-a927-0028fbf9d537,UNDRR DesInventar Nepal,2008,7,28,Far Western Region,Darchula,UNKNOWN,HEAVY RAINS,1,0,0,0,0,0,0,0.0,False,,,,,,,,,,,,,,,True,True,True,True
desinventar-a2d59f06-a1c8-4823-aae5-9be1a5b5e766,UNDRR DesInventar Nepal,2008,7,28,Far Western Region,Darchula,Tapowan,UNKNOWN,1,0,0,0,0,0,0,0.0,False,,,,,,,,,,,,,,,True,True,True,True
desinventar-b67d12a0-357c-4e59-b73e-4b938363334a,UNDRR DesInventar Nepal,2008,8,27,Eastern Region,Jhapa,UNKNOWN,UNKNOWN,0,0,0,124,10,13,0,0.0,False,,,,,,,,,,,,,,,True,True,True,True
desinventar-e71b28c0-f407-4ec2-8450-939f9c1388d7,UNDRR DesInventar Nepal,2008,6,22,Far Western Region,Kailali,UNKNOWN,UNKNOWN,0,0,0,205,3,35,0,0.0,False,,,,,,,,,,,,,,,True,True,True,True
desinventar-11b48dc5-5334-4081-9512-aafa5ec2137b,UNDRR DesInventar Nepal,2008,9,19,Far Western Region,Kanchanpur,UNKNOWN,UNKNOWN,16,0,0,26487,500,0,0,0.0,False,,,,,,,,,,,,,,,True,True,True,True
desinventar-8abae00d-a4e0-46a3-a185-47320616cf1f,UNDRR DesInventar Nepal,2008,7,26,Western Region,Nawalparasi,UNKNOWN,HEAVY RAINS,0,0,0,0,0,0,0,0.0,False,,,,,,,,,,,,,,,True,True,True,True
desinventar-1548b360-f999-40ba-87da-9295e67fcfa4,UNDRR DesInventar Nepal,2008,9,17,Central Region,Rasuwa,UNKNOWN,UNKNOWN,1,0,0,0,1,1,0,0.0,False,,,,,,,,,,,,,,,True,True,True,True
desinventar-56ced3af-310c-4ef3-beb8-3fe1c745955a,UNDRR DesInventar Nepal,2008,8,14,Mid-Western Region,Rukum,RUNGHA,UNKNOWN,1,0,0,0,0,0,0,0.0,False,,,,,,,,,,,,,,,True,True,True,True
desinventar-e02288b7-8221-470b-8abe-ba108d802f9d,UNDRR DesInventar Nepal,2008,7,22,Western Region,Rupandehi,MARYADPUR,HEAVY RAINS,0,0,0,6,1,0,0,0.0,False,,,,,,,,,,,,,,,True,True,True,True
desinventar-fc4871b6-7b9b-48df-b200-9a2e99bac888,UNDRR DesInventar Nepal,2008,7,22,Western Region,Rupandehi,MAJHAGAWA,HEAVY RAINS,0,0,0,6,1,0,0,0.0,False,,,,,,,,,,,,,,,True,True,True,True
desinventar-91dfe5a3-fd4f-45e7-97c2-e69e16984d10,UNDRR DesInventar Nepal,2008,7,22,Western Region,Rupandehi,PATAKHAULI,UNKNOWN,0,0,0,6,1,0,0,0.0,False,,,,,,,,,,,,,,,True,True,True,True
desinventar-37cad238-b958-4387-a407-292dacc959f7,UNDRR DesInventar Nepal,2008,7,22,Western Region,Rupandehi,BODABAR,UNKNOWN,0,0,0,38,4,0,0,0.0,False,,,,,,,,,,,,,,,True,True,True,True
desinventar-f8121dc6-f613-4415-9c1c-2aaae76e6587,UNDRR DesInventar Nepal,2008,7,22,Western Region,Rupandehi,POKHARVINDI,UNKNOWN,0,0,0,18,3,0,0,0.0,False,,,,,,,,,,,,,,,True,True,True,True
desinventar-dea25036-ea4e-4395-a06e-34fec1bb6230,UNDRR DesInventar Nepal,2008,7,22,Western Region,Rupandehi,CHHOTAKI_RAMNAGAR,UNKNOWN,0,0,0,0,0,1,0,0.0,False,,,,,,,,,,,,,,,True,True,True,True
desinventar-1e3c2679-dfce-4772-bcce-3b331ea36332,UNDRR DesInventar Nepal,2008,7,23,Western Region,Rupandehi,RAYAPUR,UNKNOWN,0,0,0,6,1,0,0,0.0,False,,,,,,,,,,,,,,,True,True,True,True
desinventar-6d38f13d-ed0e-4c36-a6be-c7708f983662,UNDRR DesInventar Nepal,2008,7,24,Western Region,Rupandehi,DHAKADHAI,UNKNOWN,0,0,0,6,1,0,0,0.0,False,,,,,,,,,,,,,,,True,True,True,True
desinventar-abfc68f4-6b18-470e-9a8c-7d40285391de,UNDRR DesInventar Nepal,2008,7,24,Western Region,Rupandehi,BODABAR,UNKNOWN,0,0,0,18,3,0,0,0.0,False,,,,,,,,,,,,,,,True,True,True,True
desinventar-76094ff3-180f-439c-a029-f32ccda2b472,UNDRR DesInventar Nepal,2008,7,24,Western Region,Rupandehi,UNKNOWN,UNKNOWN,0,0,0,0,0,0,0,0.0,False,,,,,,,,,,,,,,,True,True,True,True
desinventar-6b04b2d9-e7e5-41a0-9ad9-0e9addd481f4,UNDRR DesInventar Nepal,2008,7,24,Western Region,Rupandehi,MAJHAGAWA,UNKNOWN,0,0,0,12,2,0,0,0.0,False,,,,,,,,,,,,,,,True,True,True,True
desinventar-4dcec8aa-8b60-45bf-8465-67849a4d5c57,UNDRR DesInventar Nepal,2008,7,24,Western Region,Rupandehi,SEMARA_MARCHAWAR,UNKNOWN,0,0,0,27,5,0,0,0.0,False,,,,,,,,,,,,,,,True,True,True,True
desinventar-09d8c692-0245-4cf3-8d37-1b61c9c3bddb,UNDRR DesInventar Nepal,2008,7,24,Western Region,Rupandehi,RAYAPUR,UNKNOWN,0,0,0,12,2,0,0,0.0,False,,,,,,,,,,,,,,,True,True,True,True
desinventar-111f3126-8cd9-4ef8-8ab2-ba3d8b92f9df,UNDRR DesInventar Nepal,2008,7,25,Western Region,Rupandehi,POKHARVINDI,UNKNOWN,0,0,0,17,3,0,0,0.0,False,,,,,,,,,,,,,,,True,True,True,True
desinventar-fb97235f-de9f-4231-94d3-ce24a3c660c4,UNDRR DesInventar Nepal,2008,8,19,Western Region,Rupandehi,UNKNOWN,UNKNOWN,0,2,0,502,20,73,0,0.0,False,,,,,,,,,,,,,,,True,True,True,True
desinventar-7bd4a6b9-4918-4160-8968-6a41916aaefb,UNDRR DesInventar Nepal,2008,7,28,Mid-Western Region,Salyan,UNKNOWN,UNKNOWN,2,0,0,0,0,0,0,0.0,False,,,,,,,,,,,,,,,True,True,True,True
desinventar-a43ac2fb-b856-4b87-a806-4d9e1e4be3d2,UNDRR DesInventar Nepal,2008,8,27,Mid-Western Region,Salyan,UNKNOWN,UNKNOWN,1,0,0,0,0,0,0,0.0,False,,,,,,,,,,,,,,,True,True,True,True
desinventar-1ba5e823-fccf-4cc1-94b2-890802cb187f,UNDRR DesInventar Nepal,2008,9,22,Mid-Western Region,Salyan,UNKNOWN,UNKNOWN,1,0,0,0,0,0,0,0.0,False,,,,,,,,,,,,,,,True,True,True,True
desinventar-6878a62a-7477-45f7-a01a-16ac8af17260,UNDRR DesInventar Nepal,2010,4,17,Mid-Western Region,Mugu,NATHARPR,HEAVY RAINS,0,0,0,189,35,0,0,0.0,False,,,,,,,,,,,,,,,True,True,True,True
desinventar-9a0d0a8d-cf28-48b9-8bf3-fd64116ad2ec,UNDRR DesInventar Nepal,2009,8,18,Central Region,Rautahat,BANJARHA,HEAVY RAINS,0,0,0,1517,0,0,0,0.0,False,,,,,,,,,,,,,,,True,True,True,True
desinventar-234853f3-7381-41c0-960c-d8a981093b14,UNDRR DesInventar Nepal,2009,8,18,Western Region,Rupandehi,GONAHA,HEAVY RAINS,0,0,1,0,0,0,0,0.0,False,,,,,,,,,,,,,,,True,True,True,True
desinventar-3ab09120-fdfb-4952-99a2-7623501cc81c,UNDRR DesInventar Nepal,2010,5,8,Western Region,Kapilbastu,UNKNOWN,RAIN,0,0,0,24,0,0,0,0.0,False,,,,,,,,,,,,,,,True,True,True,True
desinventar-bd0d548f-7b2f-490a-ba86-69f7b83d8a47,UNDRR DesInventar Nepal,2009,6,29,Mid-Western Region,Salyan,KALAGAUN,HEAVY RAINS,0,0,0,62,0,0,0,0.0,False,,,,,,,,,,,,,,,True,True,True,True
desinventar-675adf9f-7672-4933-8efe-5cd99bbaca0e,UNDRR DesInventar Nepal,2010,5,29,Eastern Region,Udayapur,Hadiya,RAIN,0,0,0,270,0,0,0,0.0,False,,,,,,,,,,,,,,,True,True,True,True
desinventar-44ec9ae1-3733-4f9a-8f73-5c2fc5f3c2c0,UNDRR DesInventar Nepal,2010,6,16,Western Region,Parbat,SHIVALAYA,HEAVY RAINS,0,0,0,65,0,12,0,0.0,False,,,,,,,,,,,,,,,True,True,True,True
desinventar-1468b822-5bbd-46dd-b66e-6dd4c6885ca4,UNDRR DesInventar Nepal,2010,6,19,Western Region,Syangja,ARUCHAUR,HEAVY RAINS,2,0,0,0,0,0,0,0.0,False,,,,,,,,,,,,,,,True,True,True,True
desinventar-f460da5f-49be-41fc-a81f-cc6b61e72980,UNDRR DesInventar Nepal,2010,6,19,Eastern Region,Saptari,BHARDAHA,RAIN,0,0,0,0,0,0,0,0.0,True,,,,,,,,,,,,,,,True,True,True,True
desinventar-efbb2060-82dc-48e0-9556-ccb7af3b6e00,UNDRR DesInventar Nepal,2010,6,21,Eastern Region,Jhapa,KHAJURGANCHHI,RAIN,1,0,0,0,0,0,0,0.0,False,,,,,,,,,,,,,,,True,True,True,True
desinventar-03b4da56-a3e1-43c3-bf88-86777edfca51,UNDRR DesInventar Nepal,2010,6,20,Eastern Region,Jhapa,DAMAK MUN.,RAIN,1,0,0,0,0,0,0,0.0,False,,,,,,,,,,,,,,,True,True,True,True
desinventar-24a1b704-ec97-427f-b5e6-25dcfa90d057,UNDRR DesInventar Nepal,2010,6,22,Eastern Region,Jhapa,SHARANMATI,RAIN,2,0,0,400,0,0,0,0.0,False,,,,,,,,,,,,,,,True,True,True,True
desinventar-8fbf6443-b50b-44b7-8a8b-e6d6ff656317,UNDRR DesInventar Nepal,2010,6,22,Eastern Region,Jhapa,DUHAGADHI,HEAVY RAINS,0,0,0,1312,243,0,0,0.0,False,,,,,,,,,,,,,,,True,True,True,True
desinventar-d48b6bca-96cf-454e-9c46-89d5f5a80abe,UNDRR DesInventar Nepal,2010,6,22,Eastern Region,Jhapa,CHANDRAGADHI,HEAVY RAINS,0,0,0,178,33,0,0,0.0,False,,,,,,,,,,,,,,,True,True,True,True
desinventar-1ce7b90b-e966-478d-93e0-28d5fe79afbb,UNDRR DesInventar Nepal,2010,6,22,Eastern Region,Jhapa,UNKNOWN,HEAVY RAINS,0,0,0,297,55,0,0,0.0,False,,,,,,,,,,,,,,,True,True,True,True
desinventar-dabb5cd5-2de5-4caf-9e6a-cc78af77600a,UNDRR DesInventar Nepal,2010,6,22,Eastern Region,Jhapa,BHADRAPUR MUN.,HEAVY RAINS,0,0,0,248,46,0,0,0.0,False,,,,,,,,,,,,,,,True,True,True,True
desinventar-7cfc14a2-fa76-45b1-82b2-185f0e3f0745,UNDRR DesInventar Nepal,2010,6,22,Eastern Region,Jhapa,DHAIJAN,HEAVY RAINS,0,0,0,65,12,0,0,0.0,False,,,,,,,,,,,,,,,True,True,True,True
desinventar-1e5ae341-c2c0-43e5-81c4-b9b87fe598c6,UNDRR DesInventar Nepal,2010,6,22,Eastern Region,Jhapa,TOPGANCHHI,HEAVY RAINS,0,0,0,810,0,0,0,0.0,False,,,,,,,,,,,,,,,True,True,True,True
desinventar-b7129453-8f2d-4554-8b72-069fe6439896,UNDRR DesInventar Nepal,2010,6,22,Eastern Region,Jhapa,MAHABHARA,HEAVY RAINS,0,0,0,540,0,0,0,0.0,False,,,,,,,,,,,,,,,True,True,True,True
desinventar-ffab5cc8-48eb-4c1e-be00-465dcb24fdf4,UNDRR DesInventar Nepal,2010,6,22,Eastern Region,Jhapa,ARJUNDHARA,HEAVY RAINS,0,0,0,32,6,0,0,0.0,False,,,,,,,,,,,,,,,True,True,True,True
desinventar-69d839a5-ca40-413a-bb49-6d5a1b95e79a,UNDRR DesInventar Nepal,2010,6,22,Eastern Region,Udayapur,UNKNOWN,HEAVY RAINS,0,0,0,0,0,0,0,0.0,False,,,,,,,,,,,,,,,True,True,True,True
desinventar-10dc3b40-dfc3-4c8a-92ab-caae48145fce,UNDRR DesInventar Nepal,2010,6,22,Eastern Region,Udayapur,Bhalaya Dada,HEAVY RAINS,0,0,0,0,0,0,0,0.0,False,,,,,,,,,,,,,,,True,True,True,True
desinventar-24284276-41ad-4fde-8388-48fb6888e50a,UNDRR DesInventar Nepal,2010,6,21,Eastern Region,Udayapur,Katari,HEAVY RAINS,0,0,0,1000,0,0,0,0.0,False,,,,,,,,,,,,,,,True,True,True,True
desinventar-adb74001-5921-4207-b7bf-611825b69417,UNDRR DesInventar Nepal,2010,6,21,Eastern Region,Udayapur,Tribeni,RAIN,0,0,0,1000,0,0,0,0.0,False,,,,,,,,,,,,,,,True,True,True,True
desinventar-fd1f3dd0-5d00-42bb-9400-3a6ef4b0f9a6,UNDRR DesInventar Nepal,2010,6,21,Eastern Region,Udayapur,Risku,RAIN,0,0,0,1000,0,0,0,0.0,False,,,,,,,,,,,,,,,True,True,True,True
desinventar-e98dc9c2-ad86-4189-905c-73c6894429b4,UNDRR DesInventar Nepal,2010,6,22,Eastern Region,Sunsari,Dharan Municiplality,RAIN,0,0,0,237,15,29,0,0.0,False,,,,,,,,,,,,,,,True,True,True,True
desinventar-ae26fb91-7534-4899-84a1-d74c8faad4f7,UNDRR DesInventar Nepal,2010,6,27,Eastern Region,Jhapa,DAMAK MUN.,RAIN,0,0,0,5,0,1,0,0.0,False,,,,,,,,,,,,,,,True,True,True,True
desinventar-ab830db8-9e1f-4467-b4a8-fe397b69c924,UNDRR DesInventar Nepal,2010,6,28,Central Region,Mahotari,Kisan Nagar,RAIN,0,0,0,5400,1000,0,0,0.0,True,,,,,,,,,,,,,,,True,True,True,True
desinventar-bcb09a8c-435b-407f-b102-36b1744bcef2,UNDRR DesInventar Nepal,2010,6,28,Central Region,Mahotari,Sigyahi,RAIN,0,0,0,162,0,30,0,0.0,False,,,,,,,,,,,,,,,True,True,True,True
desinventar-c8870b31-bedb-4187-b93d-d64f1f5210d1,UNDRR DesInventar Nepal,2010,6,29,Eastern Region,Jhapa,SURUNGA,RAIN,1,0,0,0,0,0,0,0.0,False,,,,,,,,,,,,,,,True,True,True,True
desinventar-99eca0e0-66be-43d7-9352-0406da8f0d00,UNDRR DesInventar Nepal,2010,7,2,Far Western Region,Kanchanpur,MAHENDRA NAGAR N.P.,RAIN,0,0,0,135,0,25,0,0.0,False,,,,,,,,,,,,,,,True,True,True,True
desinventar-04598248-73fe-45db-a9eb-40f47de5aeb0,UNDRR DesInventar Nepal,2010,7,6,Central Region,Bara,BHARATGANJ,HEAVY RAINS,1,0,0,0,0,0,0,0.0,False,,,,,,,,,,,,,,,True,True,True,True
desinventar-1fa6d7e8-3984-456c-a079-5f05f7c9579b,UNDRR DesInventar Nepal,2010,7,5,Central Region,Nuwakot,KHANI GAUN,HEAVY RAINS,0,0,0,0,0,0,0,0.0,False,,,,,,,,,,,,,,,True,True,True,True
desinventar-b9968470-52c7-4c37-8b69-c72ef20f783b,UNDRR DesInventar Nepal,2010,7,5,Western Region,Lamjung,GAUN SHAHAR,HEAVY RAINS,0,0,0,64,10,0,0,0.0,True,,,,,,,,,,,,,,,True,True,True,True
desinventar-a9999df9-daa7-4ffe-9023-2276b9b9234d,UNDRR DesInventar Nepal,2010,7,11,Eastern Region,Jhapa,MAHABHARA,RAIN,1,0,0,102,10,0,0,0.0,True,,,,,,,,,,,,,,,True,True,True,True
desinventar-e7d45a04-e6ed-4498-baa5-f7a7dd199c6b,UNDRR DesInventar Nepal,2010,7,11,Mid-Western Region,Pyuthan,BANGESAL,RAIN,0,2,0,0,0,0,0,0.0,False,,,,,,,,,,,,,,,True,True,True,True
desinventar-ae8a35b1-4b4e-4bdb-8441-0be657ae6ae9,UNDRR DesInventar Nepal,2010,7,10,Western Region,Tanahu,POKHARI_BHANJYANG,HEAVY RAINS,0,0,0,119,12,8,0,0.0,False,,,,,,,,,,,,,,,True,True,True,True
desinventar-ee12b231-88ee-42ca-90ea-d67e1e45d093,UNDRR DesInventar Nepal,2010,7,11,Central Region,Rautahat,KARKACH KARMAHIV,RAIN,0,0,0,1000,0,25,0,0.0,False,,,,,,,,,,,,,,,True,True,True,True
desinventar-1860c753-07be-4b0f-a6d1-0ac1dc696092,UNDRR DesInventar Nepal,2010,7,11,Eastern Region,Morang,Urlabari,RAIN,0,0,0,540,0,100,0,0.0,False,,,,,,,,,,,,,,,True,True,True,True
desinventar-0e4be69d-6d98-4cf9-a727-dd3cefc0cb1b,UNDRR DesInventar Nepal,2010,7,13,Central Region,Mahotari,Kisan Nagar,RAIN,0,0,0,32,0,6,0,0.0,True,,,,,,,,,,,,,,,True,True,True,True
desinventar-be769773-88b1-4ca9-8be7-3a828ce4e431,UNDRR DesInventar Nepal,2010,7,16,Eastern Region,Jhapa,DAMAK MUN.,RAIN,0,0,0,1820,2,0,0,0.0,False,,,,,,,,,,,,,,,True,True,True,True
desinventar-d52eaed3-c2c0-49a9-bbc7-82bb82aa2cbf,UNDRR DesInventar Nepal,2010,7,16,Eastern Region,Udayapur,Hadiya,RAIN,0,0,0,11,2,0,0,0.0,False,,,,,,,,,,,,,,,True,True,True,True
desinventar-2ca100c8-c039-4747-abb5-d8cc51bc02bd,UNDRR DesInventar Nepal,2010,7,18,Eastern Region,Jhapa,GHAILADUWA,RAIN,0,0,0,0,0,0,0,0.0,False,,,,,,,,,,,,,,,True,True,True,True
desinventar-5fe2f1b3-03f4-44e4-9531-7155491b1b3e,UNDRR DesInventar Nepal,2010,7,16,Central Region,Dhading,MARPAK,RAIN,3,0,0,312,1,0,0,0.0,False,,,,,,,,,,,,,,,True,True,True,True
desinventar-4bb88259-60e1-43d7-a00a-a819e4362529,UNDRR DesInventar Nepal,2009,8,24,Eastern Region,Sankhuwasabha,Bala,HEAVY RAINS,0,0,0,686,3,0,0,0.0,False,,,,,,,,,,,,,,,True,True,True,True
desinventar-3f51f266-571f-48fc-851e-8d0fcd9923fb,UNDRR DesInventar Nepal,2010,7,17,Eastern Region,Udayapur,Hadiya,RAIN,0,0,0,0,0,0,0,0.0,True,,,,,,,,,,,,,,,True,True,True,True
desinventar-58256e8f-5e3b-490d-aeec-28eb8120d4dc,UNDRR DesInventar Nepal,2010,7,17,Eastern Region,Jhapa,LAKHANPUR,HEAVY RAINS,0,0,0,1620,0,300,0,0.0,False,,,,,,,,,,,,,,,True,True,True,True
desinventar-d839be7d-d29e-4d84-9500-6e289b4c880e,UNDRR DesInventar Nepal,2010,7,17,Eastern Region,Saptari,ODRAHA,HEAVY RAINS,0,0,0,216,0,40,0,0.0,False,,,,,,,,,,,,,,,True,True,True,True
desinventar-d75c0dda-0976-41e9-a170-d73d304d0750,UNDRR DesInventar Nepal,2010,7,17,Eastern Region,Sunsari,Dharan Municiplality,RAIN,0,0,0,187,36,0,0,0.0,False,,,,,,,,,,,,,,,True,True,True,True
desinventar-217f656d-9ea4-42c5-ac76-25bc933164a1,UNDRR DesInventar Nepal,2010,7,18,Eastern Region,Jhapa,SURUNGA,HEAVY RAINS,0,0,0,540,0,100,0,0.0,False,,,,,,,,,,,,,,,True,True,True,True
desinventar-096430be-4437-49ff-8862-43693552204a,UNDRR DesInventar Nepal,2010,7,18,Eastern Region,Jhapa,DANGIBARI,RAIN,0,0,0,81,3,12,0,0.0,False,,,,,,,,,,,,,,,True,True,True,True
desinventar-48ebec5c-648d-4ad7-92c1-f91aedc07f0c,UNDRR DesInventar Nepal,2010,7,18,Eastern Region,Jhapa,SHARANMATI,RAIN,0,0,0,38,0,7,0,0.0,False,,,,,,,,,,,,,,,True,True,True,True
desinventar-46091f1a-1211-4016-89d6-1edf27952b9f,UNDRR DesInventar Nepal,2010,7,19,Mid-Western Region,Rukum,BAPHIKOT,RAIN,1,0,0,7,1,0,0,0.0,False,,,,,,,,,,,,,,,True,True,True,True
desinventar-fdef1a2b-4c3d-4124-b1ba-3ddb2531ca5d,UNDRR DesInventar Nepal,2010,7,19,Mid-Western Region,Rukum,PIPAL,HEAVY RAINS,0,1,0,0,0,0,1,0.0,False,,,,,,,,,,,,,,,True,True,True,True
desinventar-91686bd9-21b1-4095-b04b-71eb77aa871e,UNDRR DesInventar Nepal,2010,7,19,Far Western Region,Kailali,RAMSIKHAR JHALA,HEAVY RAINS,0,0,0,1705,1,240,0,0.0,False,,,,,,,,,,,,,,,True,True,True,True
desinventar-c4740dd9-ae68-4aff-b185-5c5a7dfb3f9f,UNDRR DesInventar Nepal,2010,7,19,Far Western Region,Kailali,PAHALMANPUR,HEAVY RAINS,0,0,0,291,0,54,0,0.0,False,,,,,,,,,,,,,,,True,True,True,True
desinventar-39ef7453-3a40-4136-9dfa-bb49a5f6897a,UNDRR DesInventar Nepal,2010,7,19,Far Western Region,Kailali,BHAJANI,HEAVY RAINS,0,0,0,378,0,70,0,0.0,False,,,,,,,,,,,,,,,True,True,True,True
desinventar-8c83b3b9-e36a-483d-bb2c-71bb47a59578,UNDRR DesInventar Nepal,2010,7,19,Far Western Region,Kailali,TIKAPUR MUNICIPALITY,UNKNOWN,0,0,0,76,0,14,0,0.0,False,,,,,,,,,,,,,,,True,True,True,True
desinventar-fa69cfc1-9f48-4045-9830-b12c1ab0d4c4,UNDRR DesInventar Nepal,2010,7,19,Eastern Region,Sunsari,Narshinhatappu,RAIN,0,0,0,405,15,60,0,0.0,False,,,,,,,,,,,,,,,True,True,True,True
desinventar-08da5b87-7c6e-46e7-99e9-c2ee144871ca,UNDRR DesInventar Nepal,2010,7,18,Far Western Region,Kanchanpur,MAHENDRA NAGAR N.P.,RAIN,0,0,0,103,0,19,0,0.0,False,,,,,,,,,,,,,,,True,True,True,True
desinventar-e85244e8-0d0f-4747-b9de-af7582bb9d86,UNDRR DesInventar Nepal,2010,7,18,Far Western Region,Kailali,PAHALMANPUR,RAIN,0,0,0,54,0,10,0,0.0,False,,,,,,,,,,,,,,,True,True,True,True
desinventar-5e0b63a0-03cb-48ab-8954-daa22b305c5e,UNDRR DesInventar Nepal,2010,7,19,Mid-Western Region,Dolpa,LAHA,HEAVY RAINS,10,8,0,81,15,0,0,0.0,False,,,,,,,,,,,,,,,True,True,True,True
desinventar-5bd03dc8-41c4-4d3c-b804-773bffed0ba5,UNDRR DesInventar Nepal,2010,7,19,Eastern Region,Jhapa,JALTHAL,HEAVY RAINS,0,1,0,0,0,0,0,0.0,False,,,,,,,,,,,,,,,True,True,True,True
desinventar-7e42a938-f148-4f2c-8873-d6ecd784972e,UNDRR DesInventar Nepal,2010,7,19,Eastern Region,Jhapa,SHIVAGANJ,HEAVY RAINS,2,0,0,12,0,0,0,0.0,False,,,,,,,,,,,,,,,True,True,True,True
desinventar-3fca9fd9-79ad-47ed-9116-ced09de84d82,UNDRR DesInventar Nepal,2010,7,20,Far Western Region,Kanchanpur,UNKNOWN,HEAVY RAINS,0,0,0,102,0,19,0,0.0,False,,,,,,,,,,,,,,,True,True,True,True
desinventar-91f808eb-3659-449e-813f-1d6316d8cce8,UNDRR DesInventar Nepal,2010,7,20,Far Western Region,Kanchanpur,KRISHNAPUR,HEAVY RAINS,0,0,0,281,0,52,0,0.0,False,,,,,,,,,,,,,,,True,True,True,True
desinventar-bbef2f34-2654-42a6-a443-43e490080fed,UNDRR DesInventar Nepal,2010,7,20,Far Western Region,Kanchanpur,MAHENDRA NAGAR N.P.,RAIN,0,0,0,32,4,0,0,0.0,False,,,,,,,,,,,,,,,True,True,True,True
desinventar-3d5a9606-c43d-48ae-ae3a-a6a333814cb4,UNDRR DesInventar Nepal,2010,7,20,Eastern Region,Ilam,DANABARI,HEAVY RAINS,0,0,0,21,0,4,0,0.0,False,,,,,,,,,,,,,,,True,True,True,True
desinventar-9d765e61-0e6c-4477-87ea-c7dd35d83550,UNDRR DesInventar Nepal,2010,7,20,Eastern Region,Ilam,CHULACHULI,HEAVY RAINS,0,0,0,52,10,0,0,0.0,False,,,,,,,,,,,,,,,True,True,True,True
desinventar-0ea0dd04-5998-4310-b1e1-3d4002dc79b8,UNDRR DesInventar Nepal,2010,7,20,Eastern Region,Ilam,SAMALBUN,HEAVY RAINS,0,0,0,5,1,0,0,0.0,False,,,,,,,,,,,,,,,True,True,True,True
desinventar-89dc1fd0-639b-4bd2-85eb-35084379e413,UNDRR DesInventar Nepal,2010,7,18,Mid-Western Region,Rukum,BAPHIKOT,HEAVY RAINS,0,0,0,10,1,0,0,0.0,False,,,,,,,,,,,,,,,True,True,True,True
desinventar-2beb03a5-fb4d-4603-a9f6-21379c52eff8,UNDRR DesInventar Nepal,2010,7,19,Eastern Region,Taplejung,TELLOK,HEAVY RAINS,0,0,0,5,1,0,0,0.0,False,,,,,,,,,,,,,,,True,True,True,True
desinventar-2ef9de32-9100-463e-8b6e-2655cf37f789,UNDRR DesInventar Nepal,2010,7,21,Eastern Region,Sunsari,Inaruwa Municipality,HEAVY RAINS,1,0,0,2542,38,0,0,0.0,True,,,,,,,,,,,,,,,True,True,True,True
desinventar-bebe32ea-3376-4ab4-b161-ab557a4b8bcc,UNDRR DesInventar Nepal,2010,7,21,Far Western Region,Kanchanpur,MAHENDRA NAGAR N.P.,HEAVY RAINS,1,0,0,2160,30,400,0,0.0,False,,,,,,,,,,,,,,,True,True,True,True
desinventar-7f1d11b6-f7eb-48c2-a803-18257f333ac8,UNDRR DesInventar Nepal,2010,7,21,Eastern Region,Morang,Katari,RAIN,0,0,0,2030,0,376,0,0.0,False,,,,,,,,,,,,,,,True,True,True,True
desinventar-feddd490-0146-495d-9268-70afa40c7bdb,UNDRR DesInventar Nepal,2010,7,21,Eastern Region,Morang,Letang,RAIN,0,0,0,3500,0,0,0,0.0,False,,,,,,,,,,,,,,,True,True,True,True
desinventar-826bd9f0-69e3-46e1-89e7-f4c387b5b6e3,UNDRR DesInventar Nepal,2010,7,21,Mid-Western Region,Dang,TARIGAUN,OTHER,1,0,0,0,0,0,0,0.0,False,,,,,,,,,,,,,,,True,True,True,True
desinventar-025c0823-6ce3-49df-a31f-56c999980ca2,UNDRR DesInventar Nepal,2010,7,20,Western Region,Gorkha,CHHEKAMPAR,RAIN,0,0,0,16,3,0,0,0.0,False,,,,,,,,,,,,,,,True,True,True,True
desinventar-e5538e3d-4df3-4959-8b19-8cc27786f51c,UNDRR DesInventar Nepal,2010,7,20,Central Region,Rasuwa,Shyaphru,RAIN,0,0,0,0,0,0,0,0.0,True,,,,,,,,,,,,,,,True,True,True,True
desinventar-20fd0220-c26d-4461-a65f-8755f89239a6,UNDRR DesInventar Nepal,2010,7,21,Western Region,Nawalparasi,UNKNOWN,RAIN,0,0,0,4115,0,762,0,0.0,False,,,,,,,,,,,,,,,True,True,True,True
desinventar-1880a895-0ce8-4722-b968-d3b28a072e1d,UNDRR DesInventar Nepal,2010,7,21,Eastern Region,Sunsari,Bhokraha,RAIN,0,0,0,577,22,0,0,0.0,False,,,,,,,,,,,,,,,True,True,True,True
desinventar-9e171457-ad76-4d49-8078-c1e0dee9d761,UNDRR DesInventar Nepal,2010,7,21,Eastern Region,Sunsari,Narshinhatappu,HEAVY RAINS,0,0,0,1331,25,0,0,0.0,False,,,,,,,,,,,,,,,True,True,True,True
desinventar-1027eb51-2264-4225-b298-9927a3c67452,UNDRR DesInventar Nepal,2010,7,21,Eastern Region,Sunsari,Babiya,RAIN,0,0,0,504,19,0,0,0.0,False,,,,,,,,,,,,,,,True,True,True,True
desinventar-3591ccfb-8d79-4286-a5a5-dd3dc9e650a2,UNDRR DesInventar Nepal,2010,7,21,Eastern Region,Sunsari,Basantapur,RAIN,0,0,0,540,0,100,0,0.0,False,,,,,,,,,,,,,,,True,True,True,True
desinventar-18d65787-8700-4de6-8e12-33e502fee3ef,UNDRR DesInventar Nepal,2010,7,20,Eastern Region,Jhapa,LAKHANPUR,RAIN,0,1,0,0,0,0,0,0.0,False,,,,,,,,,,,,,,,True,True,True,True
desinventar-020bc60d-ff91-4c0f-9acf-a27276d1daea,UNDRR DesInventar Nepal,2010,7,20,Eastern Region,Jhapa,GHERABARI,RAIN,0,1,0,0,0,0,0,0.0,False,,,,,,,,,,,,,,,True,True,True,True
desinventar-f353fab8-d881-4e31-96b7-0464d3e9cfb1,UNDRR DesInventar Nepal,2010,7,20,Western Region,Mustang,TUKUCHE,HEAVY RAINS,0,0,0,0,0,0,0,0.0,False,,,,,,,,,,,,,,,True,True,True,True
desinventar-39879c2f-d8b0-4267-8116-75fad2fc11d5,UNDRR DesInventar Nepal,2010,7,21,Central Region,Bara,JHITKAIYA (UTTAR),RAIN,1,0,0,0,0,0,0,0.0,False,,,,,,,,,,,,,,,True,True,True,True
desinventar-19353d31-d3a7-4b18-b248-cc132716ca67,UNDRR DesInventar Nepal,2010,7,21,Central Region,Bara,HARAIYA,RAIN,1,0,0,0,0,0,0,0.0,False,,,,,,,,,,,,,,,True,True,True,True
desinventar-c8ef7595-cc09-4504-84f4-cea3840c55ab,UNDRR DesInventar Nepal,2010,7,24,Eastern Region,Sunsari,Narshinhatappu,OTHER,3,0,0,15,0,0,0,0.0,False,,,,,,,,,,,,,,,True,True,True,True
desinventar-8c79f693-cd82-4979-ab48-cf9b105dfaf9,UNDRR DesInventar Nepal,2010,7,24,Eastern Region,Sunsari,Madhesa,OTHER,2,0,0,10,0,0,0,0.0,False,,,,,,,,,,,,,,,True,True,True,True
desinventar-544cb5bc-59fa-46c6-af51-60b3a2a546cd,UNDRR DesInventar Nepal,2010,7,23,Eastern Region,Jhapa,SHANTINAGAR,OTHER,1,0,0,5,0,0,0,0.0,False,,,,,,,,,,,,,,,True,True,True,True
desinventar-c40441e2-bf8b-43f3-b18a-a6f0a2087f7f,UNDRR DesInventar Nepal,2010,7,24,Eastern Region,Ilam,PANCHAKANYA,OTHER,1,0,0,5,0,0,0,0.0,False,,,,,,,,,,,,,,,True,True,True,True
desinventar-6d9fd099-6c90-4c74-9a22-c75fe4ca1d9a,UNDRR DesInventar Nepal,2010,7,24,Western Region,Rupandehi,MANMATERIYA,OTHER,2,0,0,5,0,0,0,0.0,False,,,,,,,,,,,,,,,True,True,True,True
desinventar-bc83ff83-69da-4ccf-b310-e65f0aedb1eb,UNDRR DesInventar Nepal,2010,7,29,Eastern Region,Sunsari,Babiya,RAIN,0,0,0,0,0,0,0,0.0,False,,,,,,,,,,,,,,,True,True,True,True
desinventar-988b8537-fac6-4b69-a983-569690ae3c56,UNDRR DesInventar Nepal,2010,7,29,Mid-Western Region,Rukum,CHHIBANG,RAIN,0,0,0,129,0,24,0,0.0,False,,,,,,,,,,,,,,,True,True,True,True
desinventar-6d1f7605-9483-4bd7-9f80-e914b656e9d2,UNDRR DesInventar Nepal,2010,7,29,Mid-Western Region,Rukum,ATHABISH_KOT,RAIN,0,0,0,194,0,36,0,0.0,False,,,,,,,,,,,,,,,True,True,True,True
desinventar-61b353cc-787d-4fa8-b42d-0362ab55c476,UNDRR DesInventar Nepal,2010,7,30,Western Region,Gulmi,UNKNOWN,HEAVY RAINS,0,0,0,0,0,0,0,0.0,False,,,,,,,,,,,,,,,True,True,True,True
desinventar-fd9f26aa-17da-4753-915b-f427e9412f5a,UNDRR DesInventar Nepal,2010,7,30,Far Western Region,Kailali,CHAUMALA,HEAVY RAINS,0,0,0,405,0,75,0,0.0,False,,,,,,,,,,,,,,,True,True,True,True
desinventar-d69ca047-05df-4825-aab2-97859229db1b,UNDRR DesInventar Nepal,2010,7,30,Far Western Region,Kailali,RAMSIKHAR JHALA,HEAVY RAINS,0,0,0,405,0,75,0,0.0,False,,,,,,,,,,,,,,,True,True,True,True
desinventar-91fda898-aa78-4c51-b62a-cff475712690,UNDRR DesInventar Nepal,2010,7,30,Far Western Region,Kailali,KHAILAD,HEAVY RAINS,0,0,0,216,0,40,0,0.0,False,,,,,,,,,,,,,,,True,True,True,True
desinventar-4bb5b9c9-91bd-49e6-ac23-361e1f8e7941,UNDRR DesInventar Nepal,2010,7,30,Far Western Region,Kailali,LALBOJHI,HEAVY RAINS,0,0,0,345,0,64,0,0.0,False,,,,,,,,,,,,,,,True,True,True,True
desinventar-7b70b107-404b-40f2-b8ef-d459a92310fb,UNDRR DesInventar Nepal,2010,7,30,Far Western Region,Kailali,PAHALMANPUR,HEAVY RAINS,0,0,0,405,0,75,0,0.0,False,,,,,,,,,,,,,,,True,True,True,True
desinventar-339f7c92-ffae-49fa-bfd0-5e4440a42127,UNDRR DesInventar Nepal,2010,7,30,Mid-Western Region,Dang,DURUWA,OTHER,1,0,0,5,0,0,0,0.0,False,,,,,,,,,,,,,,,True,True,True,True
desinventar-f40d26e9-1f7f-4b1f-bd6a-ff1d279a5f46,UNDRR DesInventar Nepal,2009,7,27,Central Region,Dolakha,UNKNOWN,HEAVY RAINS,1,0,0,0,0,0,0,0.0,False,,,,,,,,,,,,,,,True,True,True,True
desinventar-8c8e3019-474f-4fb2-9ef5-bda3bb762f32,UNDRR DesInventar Nepal,2010,8,9,Western Region,Gulmi,DOHALI,OTHER,1,0,0,5,0,0,0,0.0,False,,,,,,,,,,,,,,,True,True,True,True
desinventar-7647ecf4-5d25-49f8-8805-80058d885b5b,UNDRR DesInventar Nepal,2010,8,9,Eastern Region,Panchthar,PHIDIM,OTHER,2,0,0,10,0,0,0,0.0,False,,,,,,,,,,,,,,,True,True,True,True
desinventar-24e85f9c-0348-4db0-a949-070c16d2a55c,UNDRR DesInventar Nepal,2010,8,9,Central Region,Dhading,LAPA,RAIN,0,0,0,551,0,0,0,0.0,False,,,,,,,,,,,,,,,True,True,True,True
desinventar-50ee877d-02b4-49be-a907-0b4cee883086,UNDRR DesInventar Nepal,2010,8,11,Far Western Region,Kanchanpur,PIPALADI,RAIN,0,0,0,0,0,0,0,0.0,False,,,,,,,,,,,,,,,True,True,True,True
desinventar-d8d537d3-b731-4c08-9f97-cc924138f849,UNDRR DesInventar Nepal,2010,8,14,Eastern Region,Udayapur,Trijuga Municipality,HEAVY RAINS,1,0,0,0,0,0,0,0.0,False,,,,,,,,,,,,,,,True,True,True,True
desinventar-df87d752-03bd-420e-a7c1-45ff66443e35,UNDRR DesInventar Nepal,2010,8,15,Eastern Region,Saptari,RAYPUR,RAIN,0,0,0,70,0,13,0,0.0,False,,,,,,,,,,,,,,,True,True,True,True
desinventar-551b6e76-6136-473d-bdfb-2440b378333c,UNDRR DesInventar Nepal,2010,8,17,Far Western Region,Kanchanpur,DAIJEE,RAIN,0,0,0,11,2,0,0,0.0,False,,,,,,,,,,,,,,,True,True,True,True
desinventar-3b99399c-d89f-481f-9ae4-2b1e0e373943,UNDRR DesInventar Nepal,2010,8,17,Far Western Region,Kanchanpur,KRISHNAPUR,RAIN,0,0,0,11,2,0,0,0.0,False,,,,,,,,,,,,,,,True,True,True,True
desinventar-cd5a1436-edae-42e7-bfca-b13793776453,UNDRR DesInventar Nepal,2010,8,17,Far Western Region,Kanchanpur,KRISHNAPUR,RAIN,0,0,0,32,0,6,0,0.0,False,,,,,,,,,,,,,,,True,True,True,True
desinventar-28a9ee9f-148b-480b-a2ce-e4c712968d3c,UNDRR DesInventar Nepal,2010,8,19,Mid-Western Region,Rukum,GOTAME_KOT,HEAVY RAINS,0,0,0,32,0,6,0,0.0,False,,,,,,,,,,,,,,,True,True,True,True
desinventar-a2c6b7e3-6565-4240-8724-58193dfedd14,UNDRR DesInventar Nepal,2010,8,19,Far Western Region,Kanchanpur,UNKNOWN,HEAVY RAINS,0,0,0,119,0,22,0,0.0,False,,,,,,,,,,,,,,,True,True,True,True
desinventar-0701b7f2-2181-4ef8-a13f-514d66e93ed6,UNDRR DesInventar Nepal,2010,8,20,Eastern Region,Jhapa,PANCHGANCHI,RAIN,0,0,0,43,0,8,0,0.0,False,,,,,,,,,,,,,,,True,True,True,True
desinventar-49bd60dd-5cd8-4bfe-80d8-cd5b5b9b6c41,UNDRR DesInventar Nepal,2010,8,20,Central Region,Kavre,PANUTI  MUNICIPALITY,HEAVY RAINS,0,1,0,0,0,0,0,0.0,False,,,,,,,,,,,,,,,True,True,True,True
desinventar-f1e06cae-e17e-4069-b3f5-f1954d857fa4,UNDRR DesInventar Nepal,2010,8,21,Mid-Western Region,Rukum,GOTAME_KOT,HEAVY RAINS,0,0,0,92,0,17,0,0.0,False,,,,,,,,,,,,,,,True,True,True,True
desinventar-a5c9b23c-a0e8-4610-ad1f-aeb4f6b3eca2,UNDRR DesInventar Nepal,2010,8,21,Mid-Western Region,Dang,TULSIPUR_MUNICIPALIT,RAIN,2,0,0,22,4,0,0,0.0,False,,,,,,,,,,,,,,,True,True,True,True
desinventar-2ec2e071-1d38-4eb9-a085-58b58fe80f12,UNDRR DesInventar Nepal,2010,8,21,Mid-Western Region,Dang,MANPUR,RAIN,1,0,0,0,0,0,0,0.0,False,,,,,,,,,,,,,,,True,True,True,True
desinventar-cab4f944-9a27-4596-bd36-f1acaa471bf3,UNDRR DesInventar Nepal,2010,8,19,Eastern Region,Jhapa,PANCHGANCHI,RAIN,0,0,0,54,0,10,0,0.0,False,,,,,,,,,,,,,,,True,True,True,True
desinventar-a02c8938-a530-476c-aa34-b99900c00019,UNDRR DesInventar Nepal,2010,8,22,Far Western Region,Kanchanpur,MAHENDRA NAGAR N.P.,RAIN,0,0,0,119,0,22,0,0.0,False,,,,,,,,,,,,,,,True,True,True,True
desinventar-63b5dd96-a5b2-4aa3-8e70-db22a2185e77,UNDRR DesInventar Nepal,2010,8,22,Far Western Region,Kanchanpur,DEKHATBHULI,RAIN,0,0,0,686,0,127,0,0.0,False,,,,,,,,,,,,,,,True,True,True,True
desinventar-6bc1838a-16ed-4334-81c3-6a90d415dd2c,UNDRR DesInventar Nepal,2010,8,23,Central Region,Sindhuli,Jarayotar,HEAVY RAINS,1,0,0,0,0,0,0,0.0,False,,,,,,,,,,,,,,,True,True,True,True
desinventar-ff6be244-3b92-4d57-a3d1-e6e60bda22da,UNDRR DesInventar Nepal,2010,8,23,Central Region,Sindhuli,Dudhauli,HEAVY RAINS,3,0,0,10,0,0,0,0.0,False,,,,,,,,,,,,,,,True,True,True,True
desinventar-ea0e5140-1d20-4b01-a3c7-7f45bcf6db03,UNDRR DesInventar Nepal,2010,8,23,Eastern Region,Sunsari,Mahendranagar,RAIN,0,0,0,0,0,0,0,0.0,False,,,,,,,,,,,,,,,True,True,True,True
desinventar-e2027b7d-7a92-46b6-96ec-e004d57349b5,UNDRR DesInventar Nepal,2010,8,23,Eastern Region,Jhapa,DANGIBARI,OTHER,0,0,0,130,0,24,0,0.0,False,,,,,,,,,,,,,,,True,True,True,True
desinventar-7e867f0b-2fec-4271-a578-c5fff3d4632b,UNDRR DesInventar Nepal,2010,8,23,Western Region,Nawalparasi,SHIVAMANDIR,RAIN,0,0,0,30000,0,0,0,0.0,False,,,,,,,,,,,,,,,True,True,True,True
desinventar-c3619426-d05c-416b-8106-87726b036c94,UNDRR DesInventar Nepal,2010,8,23,Far Western Region,Kailali,LALBOJHI,RAIN,0,0,0,162,0,30,0,0.0,False,,,,,,,,,,,,,,,True,True,True,True
desinventar-1c4a295d-214c-4c08-a47e-347ac4c7815c,UNDRR DesInventar Nepal,2010,8,23,Far Western Region,Kailali,BHAJANI,RAIN,0,0,0,524,0,97,0,0.0,False,,,,,,,,,,,,,,,True,True,True,True
desinventar-5b0f0cdf-3b38-493d-be04-40644ef80d95,UNDRR DesInventar Nepal,2010,8,23,Mid-Western Region,Pyuthan,PAKALA,UNKNOWN,0,0,0,59,11,0,0,0.0,False,,,,,,,,,,,,,,,True,True,True,True
desinventar-bc5334e7-248b-46f4-81a8-b293ed8a6eec,UNDRR DesInventar Nepal,2010,8,23,Eastern Region,Udayapur,Tapeshwari,RAIN,0,0,0,945,0,175,0,0.0,False,,,,,,,,,,,,,,,True,True,True,True
desinventar-ed5aa45b-b160-40a9-9093-c1be049cb20b,UNDRR DesInventar Nepal,2010,8,23,Eastern Region,Udayapur,Rampur,RAIN,0,0,0,0,0,0,0,0.0,False,,,,,,,,,,,,,,,True,True,True,True
desinventar-198e144f-337a-4f74-ae50-409f3400aa47,UNDRR DesInventar Nepal,2010,8,23,Eastern Region,Siraha,Badaharamal,RAIN,0,0,0,1134,0,210,0,0.0,False,,,,,,,,,,,,,,,True,True,True,True
desinventar-4d7ca008-b438-4fac-9927-475e111a2f62,UNDRR DesInventar Nepal,2010,8,23,Eastern Region,Ilam,DANABARI,RAIN,2,0,0,436,0,0,0,0.0,False,,,,,,,,,,,,,,,True,True,True,True
desinventar-d870a955-1648-4649-b8d6-2a9ec717a479,UNDRR DesInventar Nepal,2010,8,23,Mid-Western Region,Bardiya,RAJAPUR,RAIN,0,0,0,171,0,500,0,0.0,False,,,,,,,,,,,,,,,True,True,True,True
desinventar-510c576a-1772-4c51-88b3-c5fd7491ef90,UNDRR DesInventar Nepal,2010,8,24,Central Region,Makwanpur,PADAM POKHARI,HEAVY RAINS,1,0,1,0,0,0,0,0.0,False,,,,,,,,,,,,,,,True,True,True,True
desinventar-348afa4a-1aa3-4e5d-921a-b6f8888a9845,UNDRR DesInventar Nepal,2010,8,24,Central Region,Makwanpur,HETAUDA MUNICIPALITY,RAIN,0,0,0,103,0,19,0,0.0,False,,,,,,,,,,,,,,,True,True,True,True
desinventar-fa6fa841-d3d2-434e-aebf-7092e19194a7,UNDRR DesInventar Nepal,2010,8,24,Central Region,Mahotari,UNKNOWN,RAIN,0,0,0,0,0,0,0,0.0,False,,,,,,,,,,,,,,,True,True,True,True
desinventar-fd56bf15-2184-45d5-9b47-d912fcad4b24,UNDRR DesInventar Nepal,2010,8,24,Western Region,Nawalparasi,RAKUWA,HEAVY RAINS,0,0,0,0,0,0,0,0.0,False,,,,,,,,,,,,,,,True,True,True,True
desinventar-8f2d0d9c-faa0-4a21-a1b8-6ba35119c76d,UNDRR DesInventar Nepal,2010,8,24,Western Region,Nawalparasi,DEDGAUN,RAIN,0,0,0,0,0,0,0,0.0,False,,,,,,,,,,,,,,,True,True,True,True
desinventar-70e0cd3d-bac4-4d3a-9ecb-cd1ccaf33b04,UNDRR DesInventar Nepal,2010,8,24,Central Region,Sindhuli,Kalpabriksha,HEAVY RAINS,2,0,0,0,0,0,0,0.0,False,,,,,,,,,,,,,,,True,True,True,True
desinventar-8662b946-41ff-4a51-8fda-bc5da29fb1af,UNDRR DesInventar Nepal,2010,8,24,Central Region,Sindhuli,Mahadevsthan,HEAVY RAINS,4,0,0,0,0,0,0,0.0,False,,,,,,,,,,,,,,,True,True,True,True
desinventar-ad6c210c-c548-4193-9267-b1add8c40f3d,UNDRR DesInventar Nepal,2010,8,24,Central Region,Chitawan,AYODHYAPUR,RAIN,1,0,0,0,0,0,0,0.0,False,,,,,,,,,,,,,,,True,True,True,True
desinventar-2903ab5a-62bf-48f2-81a5-14b080d9f30d,UNDRR DesInventar Nepal,2010,8,24,Central Region,Bara,UNKNOWN,HEAVY RAINS,0,0,0,162,0,30,0,0.0,False,,,,,,,,,,,,,,,True,True,True,True
desinventar-9ecf9678-5c88-47ea-9fc9-932038c95aad,UNDRR DesInventar Nepal,2010,8,24,Central Region,Kavre,PANUTI  MUNICIPALITY,RAIN,0,0,0,0,0,0,0,0.0,False,,,,,,,,,,,,,,,True,True,True,True
desinventar-9e9e39cf-d5b8-49a1-9056-6dd2a7f247ce,UNDRR DesInventar Nepal,2010,8,24,Eastern Region,Dhankuta,MURTIDHUNGA,HEAVY RAINS,0,0,0,43,1,0,0,0.0,False,,,,,,,,,,,,,,,True,True,True,True
desinventar-2131679c-26a7-4922-a36b-0a9a7924c4a8,UNDRR DesInventar Nepal,2010,8,24,Eastern Region,Udayapur,Trijuga Municipality,RAIN,3,0,0,1200,17,0,0,0.0,False,,,,,,,,,,,,,,,True,True,True,True
desinventar-b20a5493-ed67-406f-abd9-1e6d8b29577e,UNDRR DesInventar Nepal,2010,8,25,Mid-Western Region,Rukum,BHALAWACHA,OTHER,1,0,0,5,0,0,0,0.0,False,,,,,,,,,,,,,,,True,True,True,True
desinventar-4d0f1eef-459d-4aae-9152-11ad8dd5b1d6,UNDRR DesInventar Nepal,2010,8,24,Far Western Region,Dadeldhura,BAGARKOT,OTHER,2,0,0,452,0,0,0,0.0,False,,,,,,,,,,,,,,,True,True,True,True
desinventar-72e87d9e-3bfa-451a-bfca-608085aec32a,UNDRR DesInventar Nepal,2010,8,25,Central Region,Rautahat,UNKNOWN,HEAVY RAINS,0,0,0,102,14,0,0,0.0,False,,,,,,,,,,,,,,,True,True,True,True
desinventar-90b86749-0a01-4a11-a09d-0a68fbe2f40f,UNDRR DesInventar Nepal,2010,8,25,Central Region,Rautahat,HARSAHA PHATUHA (B),HEAVY RAINS,0,0,0,0,0,0,0,0.0,False,,,,,,,,,,,,,,,True,True,True,True
desinventar-85c1d910-c292-4521-9721-47751813a12a,UNDRR DesInventar Nepal,2010,8,25,Central Region,Rautahat,KATAHARIYA (B),HEAVY RAINS,1,0,0,83,0,0,32,0.0,False,,,,,,,,,,,,,,,True,True,True,True
desinventar-6d01eba1-d47b-4aca-b82a-45f48ce37aa1,UNDRR DesInventar Nepal,2010,8,25,Central Region,Rautahat,KARKACH KARMAHIV,HEAVY RAINS,0,0,0,43,0,8,0,0.0,False,,,,,,,,,,,,,,,True,True,True,True
desinventar-16b94e09-7450-4c6a-93ab-966a7046809d,UNDRR DesInventar Nepal,2010,8,25,Central Region,Rautahat,KARUNIVA,HEAVY RAINS,0,0,0,27,0,5,0,0.0,False,,,,,,,,,,,,,,,True,True,True,True
desinventar-8c2453b3-702d-487c-b8e9-2fe47af49c84,UNDRR DesInventar Nepal,2010,8,25,Central Region,Rautahat,MARYADPUR,HEAVY RAINS,0,0,0,11,0,2,0,0.0,False,,,,,,,,,,,,,,,True,True,True,True
desinventar-4faba68c-47d7-478d-abe9-9aafbf1a2109,UNDRR DesInventar Nepal,2010,8,25,Central Region,Rautahat,BADHARWA,HEAVY RAINS,0,0,0,11,0,2,0,0.0,False,,,,,,,,,,,,,,,True,True,True,True
desinventar-1ef2a790-b237-4a48-9db6-85aca0569883,UNDRR DesInventar Nepal,2010,8,25,Central Region,Rautahat,RAGHUNATHPUR,HEAVY RAINS,0,0,0,5,0,1,0,0.0,False,,,,,,,,,,,,,,,True,True,True,True
desinventar-a4d7377b-6c4e-4599-925a-eeecffc58f26,UNDRR DesInventar Nepal,2010,8,25,Eastern Region,Ilam,CHULACHULI,HEAVY RAINS,0,0,0,142,27,14,0,0.0,False,,,,,,,,,,,,,,,True,True,True,True
desinventar-afcedf26-243b-4853-8059-e9e6aebdd79e,UNDRR DesInventar Nepal,2010,8,26,Eastern Region,Sunsari,Mahendranagar,HEAVY RAINS,0,0,0,45,2,4,0,0.0,False,,,,,,,,,,,,,,,True,True,True,True
desinventar-b3f2a8e9-ba4e-4c28-b2d8-e76fb3fff21f,UNDRR DesInventar Nepal,2010,8,25,Western Region,Mustang,KOBANG,RAIN,0,0,0,81,0,0,0,0.0,True,,,,,,,,,,,,,,,True,True,True,True
desinventar-6b6b8845-1359-4e26-815e-fa1c9eca7404,UNDRR DesInventar Nepal,2010,8,25,Far Western Region,Achham,KUIKA,OTHER,2,0,0,5,0,0,0,0.0,False,,,,,,,,,,,,,,,True,True,True,True
desinventar-ca71fc7b-e5a6-47ab-b42e-06d5d78c06b2,UNDRR DesInventar Nepal,2010,8,26,Far Western Region,Kanchanpur,KRISHNAPUR,HEAVY RAINS,0,0,0,146,0,27,0,0.0,False,,,,,,,,,,,,,,,True,True,True,True
desinventar-6254acb0-1f66-41fa-aa14-c45d9add1242,UNDRR DesInventar Nepal,2010,8,27,Eastern Region,Sunsari,Mahendranagar,HEAVY RAINS,0,0,0,92,17,0,0,0.0,False,,,,,,,,,,,,,,,True,True,True,True
desinventar-03c9e511-2cab-4807-be1a-dac5a6e500fa,UNDRR DesInventar Nepal,2010,8,26,Far Western Region,Kanchanpur,MAHENDRA NAGAR N.P.,HEAVY RAINS,2,0,0,327,46,32,0,0.0,False,,,,,,,,,,,,,,,True,True,True,True
desinventar-d48f9e9a-aac8-448b-8c48-99305f13cf7a,UNDRR DesInventar Nepal,2010,8,26,Far Western Region,Kanchanpur,PIPALADI,HEAVY RAINS,0,0,0,119,0,22,0,0.0,False,,,,,,,,,,,,,,,True,True,True,True
desinventar-c0cc6c05-1944-42f3-909c-726f607602e8,UNDRR DesInventar Nepal,2010,8,26,Far Western Region,Kanchanpur,SANKARPUR,HEAVY RAINS,0,0,0,70,0,13,0,0.0,False,,,,,,,,,,,,,,,True,True,True,True
desinventar-32cc64ac-30d0-4e62-9feb-121df3946943,UNDRR DesInventar Nepal,2010,8,26,Far Western Region,Kanchanpur,CHANDANI,HEAVY RAINS,0,0,0,65,0,12,0,0.0,False,,,,,,,,,,,,,,,True,True,True,True
desinventar-cea92cad-cfe3-4496-ac42-a224a3e46574,UNDRR DesInventar Nepal,2010,8,26,Far Western Region,Kanchanpur,DODHAR,HEAVY RAINS,0,0,0,16,0,3,0,0.0,False,,,,,,,,,,,,,,,True,True,True,True
desinventar-fbae8ea9-cdf4-4d6d-ac8b-eac3c8c20315,UNDRR DesInventar Nepal,2010,8,26,Far Western Region,Kanchanpur,JHALARI,HEAVY RAINS,0,0,0,59,0,11,0,0.0,False,,,,,,,,,,,,,,,True,True,True,True
desinventar-9cd36bca-dc2f-4628-b03b-7cfabc872f2f,UNDRR DesInventar Nepal,2010,8,26,Far Western Region,Kanchanpur,TRIBHUWANBAST,HEAVY RAINS,0,0,0,48,0,9,0,0.0,False,,,,,,,,,,,,,,,True,True,True,True
desinventar-e751b8a6-7cd2-4442-b6b5-8680e5b17059,UNDRR DesInventar Nepal,2010,8,26,Far Western Region,Kanchanpur,DAIJEE,HEAVY RAINS,0,0,0,5,0,1,0,0.0,False,,,,,,,,,,,,,,,True,True,True,True
desinventar-bab0780a-e744-4324-851b-db0a253e85d2,UNDRR DesInventar Nepal,2010,8,26,Far Western Region,Kanchanpur,BAISI BICHAWA,HEAVY RAINS,0,0,0,5,0,1,0,0.0,False,,,,,,,,,,,,,,,True,True,True,True
desinventar-975283c4-ead2-46b4-b7c1-c02fcedad0ad,UNDRR DesInventar Nepal,2010,8,27,Eastern Region,Jhapa,MECHI MUN.,RAIN,0,0,0,810,0,150,0,0.0,True,,,,,,,,,,,,,,,True,True,True,True
desinventar-82d41e68-0b43-4ef7-b60e-e76bb6758464,UNDRR DesInventar Nepal,2010,8,26,Eastern Region,Jhapa,ARJUNDHARA,RAIN,2,0,0,4267,101,106,0,0.0,False,,,,,,,,,,,,,,,True,True,True,True
desinventar-d1de9c08-f1fb-45f8-8897-70b55621d84a,UNDRR DesInventar Nepal,2010,8,26,Eastern Region,Jhapa,BAHUNADANGI,RAIN,2,0,0,4267,101,101,0,0.0,False,,,,,,,,,,,,,,,True,True,True,True
desinventar-338d3539-ea3f-46ab-8334-6b63d0489a68,UNDRR DesInventar Nepal,2010,8,26,Eastern Region,Jhapa,KUMARKHOD,RAIN,4,0,0,4267,101,106,0,0.0,False,,,,,,,,,,,,,,,True,True,True,True
desinventar-fdf744d0-dc9f-4c0d-8842-3df2e22f3cd4,UNDRR DesInventar Nepal,2010,8,26,Central Region,Sindhuli,UNKNOWN,RAIN,0,0,0,0,0,0,0,0.0,False,,,,,,,,,,,,,,,True,True,True,True
desinventar-a265629d-91d2-4363-82f2-54522181ba02,UNDRR DesInventar Nepal,2010,8,26,Far Western Region,Baitadi,DASHARATHCHAND N.P,OTHER,1,0,3,5,1,0,0,0.0,False,,,,,,,,,,,,,,,True,True,True,True
desinventar-70b50c59-a9d2-4138-a1e4-1a978456be6e,UNDRR DesInventar Nepal,2010,8,27,Eastern Region,Morang,Itahara,RAIN,1,0,0,1890,0,50,0,0.0,False,,,,,,,,,,,,,,,True,True,True,True
desinventar-1507eaf3-f2cf-4290-b26a-38936b1f6a60,UNDRR DesInventar Nepal,2010,8,27,Eastern Region,Morang,Madhumalla,RAIN,0,0,0,324,0,60,0,0.0,False,,,,,,,,,,,,,,,True,True,True,True
desinventar-a51cddee-f6ca-44cd-ad39-ba9c61b3c582,UNDRR DesInventar Nepal,2010,8,27,Eastern Region,Morang,Urlabari,RAIN,0,0,0,11,2,0,0,0.0,True,,,,,,,,,,,,,,,True,True,True,True
desinventar-69c0c805-3420-4934-ad21-b777921ede46,UNDRR DesInventar Nepal,2010,8,27,Eastern Region,Morang,Belbari,RAIN,0,0,0,43,0,8,43,0.0,False,,,,,,,,,,,,,,,True,True,True,True
desinventar-3b5b26bf-8caa-45ef-a825-41cd73fcb489,UNDRR DesInventar Nepal,2010,8,27,Eastern Region,Khotang,Chyasmitar,RAIN,1,0,1,59,14,0,0,0.0,False,,,,,,,,,,,,,,,True,True,True,True
desinventar-c226d5bb-b249-4c2f-87ba-b9def27612b8,UNDRR DesInventar Nepal,2010,8,27,Far Western Region,Kailali,UNKNOWN,OTHER,0,0,0,0,0,0,0,0.0,False,,,,,,,,,,,,,,,True,True,True,True
desinventar-d72f7e7f-2a0a-4c26-ba5b-fcdae1176e11,UNDRR DesInventar Nepal,2010,8,27,Central Region,Bara,BHALUHI BHARWALIYA,RAIN,0,1,0,0,0,0,0,0.0,False,,,,,,,,,,,,,,,True,True,True,True
desinventar-146cf20a-6c19-4fc5-abb6-4e7aed6af0ab,UNDRR DesInventar Nepal,2010,8,27,Central Region,Bara,MANAHARWA,RAIN,0,0,0,162,0,30,0,0.0,False,,,,,,,,,,,,,,,True,True,True,True
desinventar-f2f313e1-cd9d-4fde-9433-cfb46e7d377d,UNDRR DesInventar Nepal,2010,8,27,Central Region,Bara,RATNAPURI,RAIN,0,0,0,135,0,25,0,0.0,False,,,,,,,,,,,,,,,True,True,True,True
desinventar-92b709f9-5525-45f9-b26e-61a666be2db5,UNDRR DesInventar Nepal,2010,8,26,Central Region,Chitawan,GARDI,RAIN,1,0,0,1358,0,25,270,0.0,False,,,,,,,,,,,,,,,True,True,True,True
desinventar-6133cbeb-e8a5-4de3-99c5-fbb4328fff80,UNDRR DesInventar Nepal,2010,8,26,Central Region,Chitawan,BAGHAUDA,RAIN,1,0,0,1358,0,25,270,0.0,False,,,,,,,,,,,,,,,True,True,True,True
desinventar-ed0b84ff-9f22-4848-96d9-60dfcd6cb155,UNDRR DesInventar Nepal,2010,8,28,Central Region,Dolakha,Orang,HEAVY RAINS,0,0,0,86,0,0,0,0.0,False,,,,,,,,,,,,,,,True,True,True,True
desinventar-cfaa1466-beb2-4f1a-9554-5e572879e034,UNDRR DesInventar Nepal,2010,8,31,Mid-Western Region,Rukum,GOTAME_KOT,RAIN,0,0,0,335,0,62,0,0.0,False,,,,,,,,,,,,,,,True,True,True,True
desinventar-24cc4125-844a-417d-b522-e2fb1353430d,UNDRR DesInventar Nepal,2010,9,1,Central Region,Ramechhap,Tokarpur,RAIN,0,0,0,5,1,0,0,0.0,False,,,,,,,,,,,,,,,True,True,True,True
desinventar-bf775014-e3af-42a0-98aa-0bd535fc384b,UNDRR DesInventar Nepal,2010,8,31,Central Region,Dhading,JHARLANG,HEAVY RAINS,0,0,0,5000,0,0,0,0.0,True,,,,,,,,,,,,,,,True,True,True,True
desinventar-40ceed04-b588-4532-8752-62c3bb97a431,UNDRR DesInventar Nepal,2010,9,3,Western Region,Kapilbastu,BANGANGA,RAIN,0,0,0,0,0,0,0,0.0,False,,,,,,,,,,,,,,,True,True,True,True
desinventar-c672c875-3417-407f-a4ef-3c429ca06dc7,UNDRR DesInventar Nepal,2010,9,4,Far Western Region,Dadeldhura,JOGBUDA,RAIN,0,0,0,189,0,0,0,0.0,False,,,,,,,,,,,,,,,True,True,True,True
desinventar-5c9dd17e-65cb-46cb-b00e-472fd6d6c0c4,UNDRR DesInventar Nepal,2010,9,6,Central Region,Sindhuli,Ranibas,OTHER,3,2,0,10,0,0,0,0.0,False,,,,,,,,,,,,,,,True,True,True,True
desinventar-9ffceb1a-6d10-4923-9a55-47d377961f96,UNDRR DesInventar Nepal,2010,9,7,Western Region,Nawalparasi,SUKRAULI,HEAVY RAINS,0,0,0,0,0,0,0,0.0,False,,,,,,,,,,,,,,,True,True,True,True
desinventar-785b2313-6789-4213-aba7-e4e38b7b9207,UNDRR DesInventar Nepal,2010,9,10,Western Region,Myagdi,RAKHU_PIPLE,OTHER,0,2,0,0,0,0,0,300.0,True,,,,,,,,,,,,,,,True,True,True,True
desinventar-4c5bc513-0b91-4ba6-8bdd-be3bd1ba0fef,UNDRR DesInventar Nepal,2010,9,14,Eastern Region,Sankhuwasabha,Nundhaki,RAIN,0,0,0,16,3,0,0,0.0,False,,,,,,,,,,,,,,,True,True,True,True
desinventar-81672e33-3007-4fbb-937a-7d47e6c90d3d,UNDRR DesInventar Nepal,2009,10,17,Central Region,Sindhupalchoke,Tatopani,HEAVY RAINS,0,0,0,211,6,4,0,0.0,False,,,,,,,,,,,,,,,True,True,True,True
desinventar-c1be126d-3db8-44a5-9bc5-4ac32695149f,UNDRR DesInventar Nepal,2010,9,18,Western Region,Tanahu,UNKNOWN,OTHER,0,0,0,5,1,0,0,0.0,False,,,,,,,,,,,,,,,True,True,True,True
desinventar-eb356b04-f721-48f5-9c4e-344fd4f30527,UNDRR DesInventar Nepal,2010,9,19,Far Western Region,Kanchanpur,MAHENDRA NAGAR N.P.,HEAVY RAINS,0,0,0,664,0,123,0,0.0,False,,,,,,,,,,,,,,,True,True,True,True
desinventar-a3a83cd7-d407-440d-9a86-c2b8b661e09a,UNDRR DesInventar Nepal,2010,9,19,Central Region,Sindhupalchoke,Badegau,HEAVY RAINS,0,0,0,97,0,0,0,0.0,False,,,,,,,,,,,,,,,True,True,True,True
desinventar-5c01db61-affc-45b0-87d2-8c69992756ff,UNDRR DesInventar Nepal,2010,9,19,Western Region,Palpa,KOLDADA,HEAVY RAINS,0,0,0,59,0,0,0,0.0,False,,,,,,,,,,,,,,,True,True,True,True
desinventar-e28cfe85-520d-48c4-8dd3-f610323f2dce,UNDRR DesInventar Nepal,2010,9,19,Mid-Western Region,Rukum,ATHABISH_KOT,RAIN,0,0,0,54,0,10,0,0.0,False,,,,,,,,,,,,,,,True,True,True,True
desinventar-be725715-6372-4737-9bd9-fda902df42d4,UNDRR DesInventar Nepal,2010,9,21,Eastern Region,Udayapur,Katari,RAIN,2,0,0,5,0,0,0,0.0,False,,,,,,,,,,,,,,,True,True,True,True
desinventar-1707f994-b362-47b0-92ae-fe319ee49ce8,UNDRR DesInventar Nepal,2010,9,21,Eastern Region,Udayapur,Tapeshwari,RAIN,0,0,0,0,0,0,0,0.0,False,,,,,,,,,,,,,,,True,True,True,True
desinventar-975a35cd-3484-4947-bbff-7c24111b726f,UNDRR DesInventar Nepal,2010,9,22,Eastern Region,Udayapur,Trijuga Municipality,HEAVY RAINS,0,0,0,540,24,76,0,0.0,True,,,,,,,,,,,,,,,True,True,True,True
desinventar-42becfbc-b8c9-45ff-a413-ae3d30125a50,UNDRR DesInventar Nepal,2009,7,27,Central Region,Dolakha,Sundawati,HEAVY RAINS,0,0,0,65,0,0,0,0.0,False,,,,,,,,,,,,,,,True,True,True,True
desinventar-5024871e-8722-40f0-a701-4755d0e833c4,UNDRR DesInventar Nepal,2009,7,9,Far Western Region,Achham,NADA,HEAVY RAINS,1,0,0,0,0,0,0,0.0,False,,,,,,,,,,,,,,,True,True,True,True
desinventar-07603d6a-5e82-4255-814f-aa3f3d01f7a0,UNDRR DesInventar Nepal,2009,7,31,Far Western Region,Achham,KHAPTAD,HEAVY RAINS,0,0,0,270,0,0,0,0.0,False,,,,,,,,,,,,,,,True,True,True,True
desinventar-21a1c38d-799c-44f6-860b-237272689a85,UNDRR DesInventar Nepal,2009,8,9,Far Western Region,Achham,KHAPTAD,HEAVY RAINS,0,0,0,270,0,0,0,0.0,False,,,,,,,,,,,,,,,True,True,True,True
desinventar-34bec39c-9533-4019-8a73-3a11bccdfdeb,UNDRR DesInventar Nepal,2009,7,26,Western Region,Baglung,JALJALA,HEAVY RAINS,1,0,0,0,0,0,0,0.0,False,,,,,,,,,,,,,,,True,True,True,True
desinventar-d1b83ccb-0316-4835-a743-1bb28517fe1e,UNDRR DesInventar Nepal,2009,8,9,Far Western Region,Bajura,Martadi,HEAVY RAINS,0,1,0,0,0,0,0,0.0,False,,,,,,,,,,,,,,,True,True,True,True
desinventar-1482a5d8-0370-412c-a50c-01d55e485442,UNDRR DesInventar Nepal,2009,7,30,Mid-Western Region,Dailekh,UNKNOWN,HEAVY RAINS,1,0,0,0,0,0,0,0.0,False,,,,,,,,,,,,,,,True,True,True,True
desinventar-cd1fea24-7024-46ce-b006-fcbc0c37c4a2,UNDRR DesInventar Nepal,2009,8,18,Mid-Western Region,Dang,SISAHNIYA,HEAVY RAINS,0,0,0,362,0,0,0,0.0,False,,,,,,,,,,,,,,,True,True,True,True
desinventar-36c64600-d4fc-4044-92e8-ceff4212867f,UNDRR DesInventar Nepal,2009,7,26,Far Western Region,Darchula,Dhuligada,HEAVY RAINS,1,0,0,297,0,0,0,0.0,False,,,,,,,,,,,,,,,True,True,True,True
desinventar-e3087a01-bf01-4f56-b38e-a79b8c0e217c,UNDRR DesInventar Nepal,2009,8,18,Central Region,Dhanusa,Baigadabar,HEAVY RAINS,0,0,0,356,0,0,0,0.0,False,,,,,,,,,,,,,,,True,True,True,True
desinventar-27f0e60a-32c5-4665-a11b-c266a9835291,UNDRR DesInventar Nepal,2009,8,18,Far Western Region,Kailali,DANSINHAPUR,HEAVY RAINS,0,0,0,27,0,0,0,0.0,False,,,,,,,,,,,,,,,True,True,True,True
desinventar-361ee276-105c-4842-9278-e40a0896de3a,UNDRR DesInventar Nepal,2009,8,19,Far Western Region,Kanchanpur,UNKNOWN,HEAVY RAINS,0,0,0,60,1,0,0,0.0,False,,,,,,,,,,,,,,,True,True,True,True
desinventar-deb396e7-65f1-4d4a-80b3-19081a749328,UNDRR DesInventar Nepal,2009,9,2,Central Region,Makwanpur,DADAKHARKA,HEAVY RAINS,1,0,0,0,0,0,0,0.0,False,,,,,,,,,,,,,,,True,True,True,True
desinventar-55915251-cece-4021-90d0-b4fc970c423c,UNDRR DesInventar Nepal,2009,9,5,Central Region,Ramechhap,Puranagau,HEAVY RAINS,1,0,0,0,0,0,0,0.0,False,,,,,,,,,,,,,,,True,True,True,True
desinventar-d9e21ec9-8318-497e-b81b-645d5de4904f,UNDRR DesInventar Nepal,2009,7,27,Eastern Region,Siraha,UNKNOWN,HEAVY RAINS,7,0,0,0,0,0,0,0.0,False,,,,,,,,,,,,,,,True,True,True,True
desinventar-770f6d31-e6c3-4872-a554-ad712b888c27,UNDRR DesInventar Nepal,2009,8,17,Mid-Western Region,Surkhet,LAGAM,HEAVY RAINS,0,0,0,0,23,25,0,0.0,False,,,,,,,,,,,,,,,True,True,True,True
desinventar-33deb83f-ce95-430c-80ab-c812befb2b70,UNDRR DesInventar Nepal,2009,7,27,Western Region,Syangja,WALIN NP,HEAVY RAINS,0,0,0,54,10,0,0,0.0,False,,,,,,,,,,,,,,,True,True,True,True
desinventar-cebb9a74-0b92-4bea-acbe-a3f61c6a3d94,UNDRR DesInventar Nepal,2009,8,17,Eastern Region,Udayapur,Trijuga Municipality,UNKNOWN,0,0,0,0,0,0,0,0.0,False,,,,,,,,,,,,,,,True,True,True,True
desinventar-c7523029-8e49-403e-b0d1-8bd0054f2d7b,UNDRR DesInventar Nepal,2009,10,6,Far Western Region,Achham,SIDDESHWOR,HEAVY RAINS,4,0,0,0,0,0,0,0.0,False,,,,,,,,,,,,,,,True,True,True,True
desinventar-d776c6ec-2909-40d3-baf6-98809bc356a3,UNDRR DesInventar Nepal,2009,10,6,Far Western Region,Achham,BINDHABASINI,HEAVY RAINS,1,0,2,0,1,0,0,0.0,False,,,,,,,,,,,,,,,True,True,True,True
desinventar-cb842b8d-7cb0-4c76-bf40-e8a19913f657,UNDRR DesInventar Nepal,2009,8,18,Far Western Region,Baitadi,UNKNOWN,HEAVY RAINS,3,0,0,5,1,0,0,0.0,False,,,,,,,,,,,,,,,True,True,True,True
desinventar-20e8d22d-2650-4fd1-a269-bb3c67959e4b,UNDRR DesInventar Nepal,2009,8,18,Central Region,Dolakha,Shayama,HEAVY RAINS,4,0,1,10,1,0,0,0.0,False,,,,,,,,,,,,,,,True,True,True,True
desinventar-b65e9105-4d17-49cd-9c16-f86b593afb70,UNDRR DesInventar Nepal,2009,8,30,Central Region,Dolakha,Lamabagar,HEAVY RAINS,0,0,3,35,0,0,0,0.0,False,,,,,,,,,,,,,,,True,True,True,True
desinventar-14255e9e-4d53-4418-a6d5-cb6c466ab026,UNDRR DesInventar Nepal,2009,9,7,Central Region,Dolakha,Laduk,HEAVY RAINS,4,0,0,0,0,0,0,0.0,False,,,,,,,,,,,,,,,True,True,True,True
desinventar-c21d0a23-b5be-4605-88f2-1bb5d36f662a,UNDRR DesInventar Nepal,2010,7,17,Central Region,Rautahat,UNKNOWN,HEAVY RAINS,3,0,0,0,0,0,0,0.0,False,,,,,,,,,,,,,,,True,True,True,True
desinventar-850ea924-2d89-492a-b468-6a126135def8,UNDRR DesInventar Nepal,2011,5,3,Central Region,Ramechhap,Manthali,RAIN,0,0,0,0,0,0,0,500.0,True,,,,,,,,,,,,,,,True,True,True,True
desinventar-e03f335c-f103-4c82-ad05-28df48180c76,UNDRR DesInventar Nepal,2011,5,8,Mid-Western Region,Salyan,UNKNOWN,RAIN,0,0,0,11,2,0,0,0.0,True,,,,,,,,,,,,,,,True,True,True,True
desinventar-92f8f8f2-1ea3-44a3-a985-5b72b8166207,UNDRR DesInventar Nepal,2011,5,8,Mid-Western Region,Salyan,UNKNOWN,RAIN,0,0,0,21,4,0,0,0.0,False,,,,,,,,,,,,,,,True,True,True,True
desinventar-02b41380-b5c5-4f47-8986-63d70b2fe0ca,UNDRR DesInventar Nepal,2011,5,14,Western Region,Baglung,TANGRAM,OTHER,1,0,0,0,0,0,0,0.0,False,,,,,,,,,,,,,,,True,True,True,True
desinventar-133c3a7a-ae63-45e8-9e18-52c0ecad1535,UNDRR DesInventar Nepal,2010,8,4,Eastern Region,Khotang,Durchim,HEAVY RAINS,0,0,0,65,12,0,0,0.0,False,,,,,,,,,,,,,,,True,True,True,True
desinventar-8339896b-f755-4a45-ad89-797835df04aa,UNDRR DesInventar Nepal,2011,6,22,Eastern Region,Taplejung,LELEP,OTHER,0,0,0,15,0,0,0,0.0,True,,,,,,,,,,,,,,,True,True,True,True
desinventar-e7c430da-9628-4924-82a8-68e197fad5f4,UNDRR DesInventar Nepal,2011,6,19,Western Region,Arghakanchi,THADA,OTHER,1,0,1,0,0,0,0,0.0,False,,,,,,,,,,,,,,,True,True,True,True
desinventar-82fe9382-4fad-42c0-bcd9-853ee0209f66,UNDRR DesInventar Nepal,2011,6,19,Western Region,Myagdi,MUNA,HEAVY RAINS,0,0,0,0,0,0,0,0.0,True,,,,,,,,,,,,,,,True,True,True,True
desinventar-6c8a5332-f50e-40d0-913c-19fa865f5710,UNDRR DesInventar Nepal,2011,6,25,Central Region,Rasuwa,Haku,HEAVY RAINS,0,0,0,0,0,0,0,0.0,True,,,,,,,,,,,,,,,True,True,True,True
desinventar-3ba85736-54e8-4ea2-b311-7c7765cbf401,UNDRR DesInventar Nepal,2011,6,24,Mid-Western Region,Jajarkot,Junga Thapachaur,RAIN,1,0,0,0,0,0,0,0.0,False,,,,,,,,,,,,,,,True,True,True,True
desinventar-2264d7a3-c79b-4cd0-b8c1-1c7e92aedaa5,UNDRR DesInventar Nepal,2011,6,29,Central Region,Mahotari,Gauribas,RAIN,0,0,0,0,0,0,0,0.0,False,,,,,,,,,,,,,,,True,True,True,True
desinventar-b4cd5159-98a8-4227-9619-1a70ef797e6e,UNDRR DesInventar Nepal,2011,6,30,Western Region,Nawalparasi,TRIBENI_SUSTA,RAIN,0,0,0,0,0,0,0,0.0,False,,,,,,,,,,,,,,,True,True,True,True
desinventar-f094e56f-bb1c-47ef-9866-620bdedf50be,UNDRR DesInventar Nepal,2010,7,19,Eastern Region,Jhapa,DAMAK MUN.,HEAVY RAINS,0,0,0,1890,2,0,0,0.0,False,,,,,,,,,,,,,,,True,True,True,True
desinventar-7b3e4ca2-4161-4802-b637-368882788bd3,UNDRR DesInventar Nepal,2011,7,1,Western Region,Tanahu,RISING_RANIPOKHARI,HEAVY RAINS,3,0,0,0,0,0,0,0.0,False,,,,,,,,,,,,,,,True,True,True,True
desinventar-577d4cdd-5425-4fa7-b6e2-4970514733ef,UNDRR DesInventar Nepal,2011,7,1,Central Region,Mahotari,UNKNOWN,HEAVY RAINS,2,0,0,0,0,0,0,0.0,False,,,,,,,,,,,,,,,True,True,True,True
desinventar-b91a0a1c-466f-494e-9744-e33aeea7aa55,UNDRR DesInventar Nepal,2011,7,1,Western Region,Syangja,DHAPUK SIMAL BHANJYANG,RAIN,0,1,0,0,0,0,0,0.0,False,,,,,,,,,,,,,,,True,True,True,True
desinventar-63332034-982f-4f00-af78-a7a53b1e0ba8,UNDRR DesInventar Nepal,2011,7,1,Western Region,Parbat,KHAULALAKURI,RAIN,1,0,0,0,0,0,0,0.0,False,,,,,,,,,,,,,,,True,True,True,True
desinventar-6d1ec018-8e43-4355-b271-7e2f89f3e860,UNDRR DesInventar Nepal,2011,6,29,Western Region,Mustang,TUKUCHE,RAIN,0,0,0,0,0,0,0,0.0,False,,,,,,,,,,,,,,,True,True,True,True
desinventar-2988f4ad-5c4b-4a32-853d-ee66b17be764,UNDRR DesInventar Nepal,2011,7,1,Eastern Region,Sunsari,Inaruwa Municipality,HEAVY RAINS,0,0,0,675,0,125,0,0.0,False,,,,,,,,,,,,,,,True,True,True,True
desinventar-5edc58cd-32a0-420d-adf4-88bf59e44eb2,UNDRR DesInventar Nepal,2011,7,1,Eastern Region,Sunsari,Duhabi,HEAVY RAINS,0,0,0,270,0,50,0,0.0,False,,,,,,,,,,,,,,,True,True,True,True
desinventar-cb0d806e-aca7-4a66-99cd-dc02353de392,UNDRR DesInventar Nepal,2011,7,1,Western Region,Rupandehi,BUTAWAL_NP,HEAVY RAINS,0,0,0,16,3,0,0,0.0,False,,,,,,,,,,,,,,,True,True,True,True
desinventar-05f8fd9d-19ea-4b2c-8382-de9e58194321,UNDRR DesInventar Nepal,2011,7,2,Central Region,Mahotari,Bijalapura,RAIN,0,0,0,0,0,0,0,0.0,False,,,,,,,,,,,,,,,True,True,True,True
desinventar-002a2089-d7db-447c-9b04-8aea3710ee38,UNDRR DesInventar Nepal,2011,7,1,Western Region,Palpa,TANSEN  N.P.,RAIN,1,0,0,0,0,0,0,0.0,False,,,,,,,,,,,,,,,True,True,True,True
desinventar-c0e229aa-2eb7-4b35-ba62-b7ec064b8d65,UNDRR DesInventar Nepal,2011,7,2,Central Region,Rautahat,KARUNIVA,RAIN,0,1,0,0,0,0,1,0.0,False,,,,,,,,,,,,,,,True,True,True,True
desinventar-dcf0f236-13ba-4a92-8e78-014dc062196d,UNDRR DesInventar Nepal,2011,7,1,Eastern Region,Saptari,BHARDAHA,RAIN,0,0,0,2700,0,500,0,0.0,False,,,,,,,,,,,,,,,True,True,True,True
desinventar-35c4a5e0-85f2-49be-8209-dcae3e75d15e,UNDRR DesInventar Nepal,2011,7,1,Eastern Region,Saptari,PORTAHA,RAIN,0,0,0,2700,0,500,0,0.0,False,,,,,,,,,,,,,,,True,True,True,True
desinventar-e99d29ae-8b9b-4d14-9677-bcf29c94fc83,UNDRR DesInventar Nepal,2011,7,1,Eastern Region,Saptari,GOBARGADHA,RAIN,0,0,0,5400,0,1000,0,0.0,False,,,,,,,,,,,,,,,True,True,True,True
desinventar-c5837430-2710-483c-b92f-3c5780697477,UNDRR DesInventar Nepal,2011,7,2,Western Region,Palpa,MADANPOKHARA,RAIN,1,0,0,0,0,0,0,0.0,False,,,,,,,,,,,,,,,True,True,True,True
desinventar-838e0dcc-7516-4e08-80db-be7ac2da3d10,UNDRR DesInventar Nepal,2011,7,3,Central Region,Makwanpur,HETAUDA MUNICIPALITY,RAIN,2,0,0,2000,0,0,0,0.0,False,,,,,,,,,,,,,,,True,True,True,True
desinventar-55a7b451-a7c8-40ea-b8a8-ffe9633b8ad9,UNDRR DesInventar Nepal,2011,7,5,Far Western Region,Kailali,BASAUTI,RAIN,0,0,0,135,0,25,0,0.0,False,,,,,,,,,,,,,,,True,True,True,True
desinventar-41f7a6d6-679b-4551-bec6-66ec97ded360,UNDRR DesInventar Nepal,2011,7,3,Mid-Western Region,Bardiya,JAMUNT,RAIN,0,1,0,0,0,0,0,0.0,False,,,,,,,,,,,,,,,True,True,True,True
desinventar-b370e536-a6ac-4f1f-a1cf-d96438f09778,UNDRR DesInventar Nepal,2011,7,3,Mid-Western Region,Bardiya,PADNAHA,RAIN,0,1,0,0,0,0,0,0.0,False,,,,,,,,,,,,,,,True,True,True,True
desinventar-f1c7a910-ab52-4e26-8630-113d00f10784,UNDRR DesInventar Nepal,2011,7,5,Mid-Western Region,Bardiya,BHIMMAPUR,RAIN,0,0,0,0,0,0,0,0.0,False,,,,,,,,,,,,,,,True,True,True,True
desinventar-fda1577b-a81d-4144-a58b-a2a4d098317c,UNDRR DesInventar Nepal,2011,7,6,Far Western Region,Kailali,GODAWARI,RAIN,1,0,0,0,0,0,0,0.0,False,,,,,,,,,,,,,,,True,True,True,True
desinventar-ca332353-9cd5-4f63-ba38-4944dd7a64db,UNDRR DesInventar Nepal,2011,7,12,Eastern Region,Morang,Letang,HEAVY RAINS,0,0,0,40000,0,0,0,0.0,False,,,,,,,,,,,,,,,True,True,True,True
desinventar-40a993ae-fc67-4e18-9910-f009fc98996b,UNDRR DesInventar Nepal,2011,7,14,Eastern Region,Jhapa,SATASIDHAM,HEAVY RAINS,1,0,0,0,0,0,0,0.0,False,,,,,,,,,,,,,,,True,True,True,True
desinventar-c642b40d-dee8-41ba-9bb9-12ea62c2b27a,UNDRR DesInventar Nepal,2011,7,16,Central Region,Rasuwa,Haku,RAIN,0,0,0,135,0,0,0,0.0,True,,,,,,,,,,,,,,,True,True,True,True
desinventar-c1d4194c-27e9-481b-a4f4-b45e4efc12d6,UNDRR DesInventar Nepal,2011,7,17,Far Western Region,Kanchanpur,MAHENDRA NAGAR N.P.,RAIN,0,0,0,38,0,0,0,0.0,False,,,,,,,,,,,,,,,True,True,True,True
desinventar-6b076ff4-afbe-4b7a-a6fd-ff827b1ae106,UNDRR DesInventar Nepal,2011,7,20,Central Region,Mahotari,Loharpatti,HEAVY RAINS,1,0,0,0,0,0,0,0.0,False,,,,,,,,,,,,,,,True,True,True,True
desinventar-1171f845-8fc0-4d29-9cc0-4d4306e076ad,UNDRR DesInventar Nepal,2011,7,20,Central Region,Mahotari,Sarpallo,HEAVY RAINS,1,0,0,0,0,0,0,0.0,False,,,,,,,,,,,,,,,True,True,True,True
desinventar-8e69854c-cf76-4acd-8d57-1eaddbafe2a2,UNDRR DesInventar Nepal,2011,7,20,Central Region,Mahotari,Raghunathpur,HEAVY RAINS,1,0,18,18,1,0,0,0.0,False,,,,,,,,,,,,,,,True,True,True,True
desinventar-ce205787-5ae6-4166-92d9-b637937c7a05,UNDRR DesInventar Nepal,2011,7,20,Central Region,Mahotari,Sarpallo,RAIN,0,1,0,0,0,0,3,0.0,False,,,,,,,,,,,,,,,True,True,True,True
desinventar-fbbdfd4a-a437-48ed-85ce-c456bf51b192,UNDRR DesInventar Nepal,2011,7,20,Central Region,Bhaktapur,MADHYAPUR THIMI,HEAVY RAINS,0,0,0,756,0,140,0,0.0,False,,,,,,,,,,,,,,,True,True,True,True
desinventar-5e6ad614-11a8-4306-a12c-055cce213a79,UNDRR DesInventar Nepal,2011,7,25,Far Western Region,Kanchanpur,UNKNOWN,RAIN,0,0,0,756,0,140,0,0.0,False,,,,,,,,,,,,,,,True,True,True,True
desinventar-ae062bb8-d7fd-4b7d-9d69-fce593c8b438,UNDRR DesInventar Nepal,2011,7,28,Mid-Western Region,Rukum,ATHABISH_KOT,RAIN,0,1,0,0,0,0,0,0.0,False,,,,,,,,,,,,,,,True,True,True,True
desinventar-939147dc-1d23-44eb-a9be-911422be97cb,UNDRR DesInventar Nepal,2011,7,31,Mid-Western Region,Bardiya,BHIMMAPUR,RAIN,0,0,0,378,0,70,0,0.0,False,,,,,,,,,,,,,,,True,True,True,True
desinventar-47e2a293-7af3-494f-8608-2b288f59c4f2,UNDRR DesInventar Nepal,2011,7,31,Mid-Western Region,Bardiya,RAJAPUR,HEAVY RAINS,0,0,0,270,0,50,0,0.0,False,,,,,,,,,,,,,,,True,True,True,True
desinventar-1b082554-384c-4ef6-938d-29589da7c909,UNDRR DesInventar Nepal,2011,7,31,Central Region,Mahotari,Raghunathpur,RAIN,0,0,0,1620,0,300,0,0.0,False,,,,,,,,,,,,,,,True,True,True,True
desinventar-79c3151a-7665-415a-9617-b5c7e3741172,UNDRR DesInventar Nepal,2011,8,1,Mid-Western Region,Banke,HOLIA,RAIN,0,0,0,615,0,114,0,0.0,False,,,,,,,,,,,,,,,True,True,True,True
desinventar-26e86361-acba-41ad-ac40-a966d71ccbbb,UNDRR DesInventar Nepal,2011,8,3,Eastern Region,Jhapa,GHERABARI,RAIN,0,0,0,59,11,0,0,0.0,False,,,,,,,,,,,,,,,True,True,True,True
desinventar-caff4487-4f21-4423-be06-a4907bfa9fb6,UNDRR DesInventar Nepal,2011,8,5,Mid-Western Region,Rukum,GOTAME_KOT,HEAVY RAINS,0,0,0,162,0,30,0,0.0,True,,,,,,,,,,,,,,,True,True,True,True
desinventar-e2e4c7df-d7bf-4763-8086-12674237244b,UNDRR DesInventar Nepal,2011,8,6,Far Western Region,Kanchanpur,SANKARPUR,RAIN,0,0,0,0,0,0,0,0.0,False,,,,,,,,,,,,,,,True,True,True,True
desinventar-eb0dfe5c-a450-4463-90a9-aa87334a3676,UNDRR DesInventar Nepal,2011,8,6,Central Region,Makwanpur,MANAHARI,HEAVY RAINS,0,0,0,32,0,6,0,0.0,False,,,,,,,,,,,,,,,True,True,True,True
desinventar-f575da0e-1026-422f-95a4-e67e8bc3a5f3,UNDRR DesInventar Nepal,2011,8,16,Far Western Region,Kanchanpur,MAHENDRA NAGAR N.P.,HEAVY RAINS,0,0,0,405,11,64,0,0.0,False,,,,,,,,,,,,,,,True,True,True,True
desinventar-ab2db000-fcbc-442a-b7e3-97fef290e661,UNDRR DesInventar Nepal,2011,8,17,Far Western Region,Kailali,BHAJANI,RAIN,1,0,0,540,0,100,0,0.0,False,,,,,,,,,,,,,,,True,True,True,True
desinventar-487970c9-8c28-4684-ae75-99b6d25a1699,UNDRR DesInventar Nepal,2011,8,17,Far Western Region,Kailali,TIKAPUR MUNICIPALITY,RAIN,0,0,0,32,0,6,0,0.0,False,,,,,,,,,,,,,,,True,True,True,True
desinventar-78eeb2da-3b1c-4c34-a7b8-624fda50e929,UNDRR DesInventar Nepal,2011,8,17,Far Western Region,Kanchanpur,MAHENDRA NAGAR N.P.,RAIN,0,0,0,810,0,150,0,0.0,False,,,,,,,,,,,,,,,True,True,True,True
desinventar-73c30dfc-1c3f-45f0-a348-abfb4f6cae9a,UNDRR DesInventar Nepal,2011,8,17,Far Western Region,Kanchanpur,DODHAR,RAIN,0,0,0,318,0,59,0,0.0,False,,,,,,,,,,,,,,,True,True,True,True
desinventar-ab00f381-660e-4936-9558-1bdc75d2ee34,UNDRR DesInventar Nepal,2011,8,17,Far Western Region,Kanchanpur,CHANDANI,RAIN,0,0,0,32,0,6,0,0.0,False,,,,,,,,,,,,,,,True,True,True,True
desinventar-8558ccd6-ba94-4684-9cbc-77e9a301be52,UNDRR DesInventar Nepal,2011,8,17,Far Western Region,Kanchanpur,DEKHATBHULI,RAIN,0,0,0,21,0,4,0,0.0,False,,,,,,,,,,,,,,,True,True,True,True
desinventar-7858834b-2e96-4ff9-b871-bc13a5f8a9a5,UNDRR DesInventar Nepal,2010,7,10,Central Region,Mahotari,Bhrampura,HEAVY RAINS,0,0,0,0,0,0,0,0.0,False,,,,,,,,,,,,,,,True,True,True,True
desinventar-e8b5c4e8-55fc-4fa9-8660-80febceda97f,UNDRR DesInventar Nepal,2011,8,17,Far Western Region,Kanchanpur,SHREEPUR,RAIN,0,0,0,43,0,8,0,0.0,False,,,,,,,,,,,,,,,True,True,True,True
desinventar-c779830a-d985-4274-9624-7b36173cf103,UNDRR DesInventar Nepal,2011,8,17,Far Western Region,Kanchanpur,SANKARPUR,RAIN,0,0,0,146,0,27,0,0.0,False,,,,,,,,,,,,,,,True,True,True,True
desinventar-0cd54147-ad54-4159-a784-8bf1a775f0c9,UNDRR DesInventar Nepal,2011,8,17,Far Western Region,Kanchanpur,DAIJEE,RAIN,0,0,0,21,0,4,0,0.0,False,,,,,,,,,,,,,,,True,True,True,True
desinventar-984c6d56-c793-414e-8990-5875191a73ad,UNDRR DesInventar Nepal,2011,8,17,Far Western Region,Dadeldhura,JOGBUDA,RAIN,0,0,0,189,12,23,0,0.0,True,,,,,,,,,,,,,,,True,True,True,True
desinventar-5116cbdf-1d12-441a-8418-43cbb2bad907,UNDRR DesInventar Nepal,2011,8,17,Mid-Western Region,Bardiya,PATABHAR,HEAVY RAINS,0,0,0,43,0,8,0,0.0,False,,,,,,,,,,,,,,,True,True,True,True
desinventar-9c89607e-3434-45b0-a18c-ba43d21281d7,UNDRR DesInventar Nepal,2011,8,17,Mid-Western Region,Bardiya,DAULATPUR,HEAVY RAINS,0,0,0,162,0,30,0,0.0,False,,,,,,,,,,,,,,,True,True,True,True
desinventar-63f93bbb-a0ef-4220-b8bd-18708ca190e7,UNDRR DesInventar Nepal,2011,8,17,Mid-Western Region,Bardiya,RAJAPUR,HEAVY RAINS,0,0,0,162,0,30,0,0.0,False,,,,,,,,,,,,,,,True,True,True,True
desinventar-324c2a32-5b86-4585-ae27-3499d7431679,UNDRR DesInventar Nepal,2011,8,17,Far Western Region,Kailali,LALBOJHI,RAIN,0,0,0,1350,0,250,0,0.0,False,,,,,,,,,,,,,,,True,True,True,True
desinventar-f049ab48-35f4-4bb4-a1fb-75998e5b876a,UNDRR DesInventar Nepal,2011,8,17,Far Western Region,Kailali,DHANGADHI MUNICIPALITY,RAIN,1,0,0,0,0,0,0,0.0,False,,,,,,,,,,,,,,,True,True,True,True
desinventar-5dab2571-e868-41a5-b8c8-74be79ccf7c0,UNDRR DesInventar Nepal,2011,8,18,Eastern Region,Taplejung,PHUNGLING,HEAVY RAINS,0,0,0,0,0,0,0,0.0,True,,,,,,,,,,,,,,,True,True,True,True
desinventar-bd3c236d-70aa-4cae-9740-486a1786cdc1,UNDRR DesInventar Nepal,2011,8,18,Central Region,Sindhuli,Dudhauli,HEAVY RAINS,0,0,0,0,0,0,0,0.0,False,,,,,,,,,,,,,,,True,True,True,True
desinventar-ff697073-d861-4f11-9fbd-a26538a23ac0,UNDRR DesInventar Nepal,2011,8,18,Eastern Region,Jhapa,GAURADAHA,HEAVY RAINS,1,0,0,65,0,0,0,0.0,False,,,,,,,,,,,,,,,True,True,True,True
desinventar-e1023909-bd41-4d9d-b76a-328078e9fa01,UNDRR DesInventar Nepal,2011,8,18,Eastern Region,Jhapa,JYAMIRGADHI,HEAVY RAINS,0,0,0,21,0,4,0,0.0,False,,,,,,,,,,,,,,,True,True,True,True
desinventar-e1984d54-afeb-4192-b4ef-a95c4bb8c389,UNDRR DesInventar Nepal,2011,8,18,Eastern Region,Saptari,GOBARGADHA,HEAVY RAINS,0,0,0,270,50,0,0,0.0,False,,,,,,,,,,,,,,,True,True,True,True
desinventar-dbe3c967-fef9-4f4b-96f1-4d1d722388ca,UNDRR DesInventar Nepal,2011,8,18,Eastern Region,Saptari,BHARDAHA,RAIN,0,0,0,0,0,0,0,0.0,False,,,,,,,,,,,,,,,True,True,True,True
desinventar-31baaa3f-7085-4b74-90b8-388a367e0d25,UNDRR DesInventar Nepal,2011,8,18,Eastern Region,Saptari,SAKARTPUR,RAIN,0,0,0,1506,279,0,0,0.0,False,,,,,,,,,,,,,,,True,True,True,True
desinventar-dabbd987-724e-4f7c-81c6-d1511beecaa2,UNDRR DesInventar Nepal,2011,8,18,Eastern Region,Saptari,KOILADI,RAIN,0,0,0,1501,278,0,0,0.0,False,,,,,,,,,,,,,,,True,True,True,True
desinventar-e6bd18ea-719b-4a7c-8e17-b005af579acb,UNDRR DesInventar Nepal,2011,8,18,Eastern Region,Saptari,MADHEPURA,RAIN,0,0,0,1501,278,0,0,0.0,False,,,,,,,,,,,,,,,True,True,True,True
desinventar-639e3c79-4a0a-4059-bac5-d97d2a1ecb11,UNDRR DesInventar Nepal,2011,8,18,Eastern Region,Saptari,TILATHI,RAIN,0,0,0,1501,278,0,0,0.0,False,,,,,,,,,,,,,,,True,True,True,True
desinventar-dbe5c22e-d0d0-4015-bc63-f6f22cb5f26c,UNDRR DesInventar Nepal,2011,8,18,Eastern Region,Saptari,LAUNIYA,RAIN,0,0,0,1501,278,0,0,0.0,False,,,,,,,,,,,,,,,True,True,True,True
desinventar-8da1f316-5363-470c-9e4e-d64a7adcfb20,UNDRR DesInventar Nepal,2011,8,18,Eastern Region,Saptari,RAMPURA MALAHANIYA,RAIN,0,0,0,1501,278,0,0,0.0,False,,,,,,,,,,,,,,,True,True,True,True
desinventar-16984e21-47ad-42f6-b25b-977d70432d71,UNDRR DesInventar Nepal,2011,8,18,Eastern Region,Saptari,MALAHANIYA,RAIN,0,0,0,1501,278,0,0,0.0,False,,,,,,,,,,,,,,,True,True,True,True
desinventar-d71ae656-69f8-4d40-89e5-196c67b83fa7,UNDRR DesInventar Nepal,2011,8,18,Eastern Region,Saptari,MANRAYA,RAIN,0,0,0,65,12,0,0,0.0,False,,,,,,,,,,,,,,,True,True,True,True
desinventar-b14b90b1-62c0-42ff-8ebb-00d0c5aa3de7,UNDRR DesInventar Nepal,2011,8,18,Eastern Region,Saptari,GHOGANPUR,RAIN,0,0,0,59,11,0,0,0.0,False,,,,,,,,,,,,,,,True,True,True,True
desinventar-debd0767-7592-4bb3-9c7a-9fa8570ae043,UNDRR DesInventar Nepal,2011,8,17,Western Region,Mustang,TUKUCHE,HEAVY RAINS,0,0,0,0,0,0,0,0.0,False,,,,,,,,,,,,,,,True,True,True,True
desinventar-85a0f99c-3599-413d-9930-7ef3184c348e,UNDRR DesInventar Nepal,2011,8,20,Far Western Region,Bajhang,Kalukheti,HEAVY RAINS,0,0,0,0,0,0,0,0.0,True,,,,,,,,,,,,,,,True,True,True,True
desinventar-78af8062-60d7-4695-997e-de947de53639,UNDRR DesInventar Nepal,2010,7,19,Western Region,Rupandehi,BUTAWAL_NP,HEAVY RAINS,0,0,0,2700,0,0,0,0.0,False,,,,,,,,,,,,,,,True,True,True,True
desinventar-249dc8f0-a600-489f-a740-3c1a9dcb6dc5,UNDRR DesInventar Nepal,2011,8,24,Western Region,Parbat,DEURALI,RAIN,0,0,0,0,0,0,0,0.0,True,,,,,,,,,,,,,,,True,True,True,True
desinventar-168b82c8-618e-43df-8fde-31f19518f043,UNDRR DesInventar Nepal,2011,8,27,Mid-Western Region,Humla,MIMI,RAIN,0,0,0,259,0,0,0,0.0,False,,,,,,,,,,,,,,,True,True,True,True
desinventar-84c8ad51-494f-4253-8483-8d769143a3d7,UNDRR DesInventar Nepal,2011,8,29,Eastern Region,Jhapa,KERABARI,RAIN,0,0,0,65,0,12,0,0.0,False,,,,,,,,,,,,,,,True,True,True,True
desinventar-c350a15d-ce2d-4910-b244-9a1ba11c5a7e,UNDRR DesInventar Nepal,2011,9,3,Central Region,Dolakha,Susmachhemawati,HEAVY RAINS,0,0,3,43,1,7,0,0.0,True,,,,,,,,,,,,,,,True,True,True,True
desinventar-3d479866-bfce-41d0-9177-3219767572cc,UNDRR DesInventar Nepal,2011,9,14,Mid-Western Region,Jajarkot,Lahai,HEAVY RAINS,0,0,0,150,1,0,0,0.0,False,,,,,,,,,,,,,,,True,True,True,True
desinventar-b492532e-b2ba-4b70-ad6f-86be8ea6a217,UNDRR DesInventar Nepal,2011,9,26,Eastern Region,Udayapur,Trijuga Municipality,HEAVY RAINS,0,0,6,18,0,0,0,0.0,False,,,,,,,,,,,,,,,True,True,True,True
desinventar-c607bb02-5622-47a0-9867-fdc0971f234d,UNDRR DesInventar Nepal,2011,9,26,Central Region,Kathmandu,KATHMANDU METROPOLITAN CITY,RAIN,0,1,0,0,0,0,0,0.0,False,,,,,,,,,,,,,,,True,True,True,True
desinventar-582d09a9-e3b6-4ad6-ae03-d130545b7239,UNDRR DesInventar Nepal,2011,9,27,Central Region,Mahotari,Matihani,RAIN,0,0,0,416,77,0,0,0.0,False,,,,,,,,,,,,,,,True,True,True,True
desinventar-d784a04c-37a6-48a0-810b-485b746825a3,UNDRR DesInventar Nepal,2011,9,27,Central Region,Mahotari,Samsi,RAIN,0,0,0,410,76,0,0,0.0,False,,,,,,,,,,,,,,,True,True,True,True
desinventar-7d77bdee-bd76-4221-92b3-0f5705366cf6,UNDRR DesInventar Nepal,2011,9,27,Central Region,Mahotari,Pokhar Minda,RAIN,0,0,0,378,70,0,0,0.0,False,,,,,,,,,,,,,,,True,True,True,True
desinventar-871c24d0-079b-4f44-986f-430e3483ba0d,UNDRR DesInventar Nepal,2011,9,27,Central Region,Mahotari,Jaleswar Municipalit,RAIN,0,0,0,410,76,0,0,0.0,False,,,,,,,,,,,,,,,True,True,True,True
desinventar-4c471351-1953-4d1b-8049-74fc0a97a502,UNDRR DesInventar Nepal,2011,9,27,Central Region,Mahotari,Dhamaura,RAIN,0,0,0,810,150,0,0,0.0,False,,,,,,,,,,,,,,,True,True,True,True
desinventar-c651550f-9110-4f49-8a81-c4e530040246,UNDRR DesInventar Nepal,2011,9,27,Central Region,Mahotari,Banauta,RAIN,0,0,0,810,150,0,0,0.0,False,,,,,,,,,,,,,,,True,True,True,True
desinventar-d88f3943-b18c-4139-9907-e9b580920ef4,UNDRR DesInventar Nepal,2011,9,27,Central Region,Sindhuli,Dudhauli,RAIN,0,0,0,0,0,0,0,0.0,False,,,,,,,,,,,,,,,True,True,True,True
desinventar-919c6a98-0315-4fbc-af4b-37d02ddc71e8,UNDRR DesInventar Nepal,2011,9,28,Central Region,Mahotari,UNKNOWN,HEAVY RAINS,0,0,0,200000,0,0,0,0.0,False,,,,,,,,,,,,,,,True,True,True,True
desinventar-c1cf6822-70bc-4a24-b97f-bd37f135e892,UNDRR DesInventar Nepal,2010,7,10,Far Western Region,Bajhang,UNKNOWN,HEAVY RAINS,3,0,0,0,0,0,0,0.0,False,,,,,,,,,,,,,,,True,True,True,True
desinventar-7ddc3f6b-3da7-4599-9968-d9de2047c8de,UNDRR DesInventar Nepal,2010,7,11,Western Region,Nawalparasi,DIBYAPURI,HEAVY RAINS,0,0,0,0,0,0,0,0.0,True,,,,,,,,,,,,,,,True,True,True,True
desinventar-6ddba87a-85a9-49b2-b2a9-74a030253cfd,UNDRR DesInventar Nepal,2010,4,15,Mid-Western Region,Jumla,KALIKA KHETU,OTHER,1,0,0,0,0,0,0,0.0,False,,,,,,,,,,,,,,,True,True,True,True
desinventar-ff70f5a2-b8f8-4f0e-ac62-72db66a0b7a0,UNDRR DesInventar Nepal,2010,4,18,Western Region,Tanahu,SYAMGHA,OTHER,1,0,0,0,0,0,0,0.0,False,,,,,,,,,,,,,,,True,True,True,True
desinventar-b6bee472-adf7-4fca-8d4f-57ecd8456faa,UNDRR DesInventar Nepal,2010,5,17,Central Region,Sindhuli,Ranichuri,HEAVY RAINS,1,0,1,0,0,0,0,0.0,False,,,,,,,,,,,,,,,True,True,True,True
desinventar-787559d6-ff50-4efa-a19b-74414e8d2fdd,UNDRR DesInventar Nepal,2010,6,3,Far Western Region,Darchula,Sunseta,HEAVY RAINS,1,0,0,0,0,0,0,0.0,False,,,,,,,,,,,,,,,True,True,True,True
desinventar-c892a4fd-17cb-457c-9439-43fb5ad3adf3,UNDRR DesInventar Nepal,2010,6,23,Central Region,Kathmandu,CHAPALI  BHADRAKALI,HEAVY RAINS,2,0,0,11,0,0,0,0.0,False,,,,,,,,,,,,,,,True,True,True,True
desinventar-d9754285-a276-48ac-a18b-331abe073bdd,UNDRR DesInventar Nepal,2010,6,23,Mid-Western Region,Rukum,MAGMA,HEAVY RAINS,0,0,0,38,7,0,0,0.0,False,,,,,,,,,,,,,,,True,True,True,True
desinventar-25080dcd-68d0-4f54-96f9-74eba06642bc,UNDRR DesInventar Nepal,2010,6,27,Eastern Region,Okhaldhunga,BIGUTAR,HEAVY RAINS,0,0,0,216,0,0,0,0.0,False,,,,,,,,,,,,,,,True,True,True,True
desinventar-3bb80283-c442-46a4-a8da-3720395f6663,UNDRR DesInventar Nepal,2010,7,11,Mid-Western Region,Rolpa,UNKNOWN,HEAVY RAINS,2,0,0,5,0,0,0,0.0,False,,,,,,,,,,,,,,,True,True,True,True
desinventar-3e14118c-e282-4107-98ff-15beb1072a12,UNDRR DesInventar Nepal,2010,7,11,Eastern Region,Udayapur,Beltar,HEAVY RAINS,1,0,0,16,0,0,0,0.0,False,,,,,,,,,,,,,,,True,True,True,True
desinventar-05de3588-0bf2-4383-9e97-45537cd859c4,UNDRR DesInventar Nepal,2010,7,17,Eastern Region,Sunsari,Barahachhatra,HEAVY RAINS,0,0,0,0,0,0,0,0.0,False,,,,,,,,,,,,,,,True,True,True,True
desinventar-b774834e-5e19-4d94-948a-232afb8f4a82,UNDRR DesInventar Nepal,2010,7,20,Western Region,Nawalparasi,TRIBENI_SUSTA,HEAVY RAINS,0,0,0,0,0,0,0,0.0,False,,,,,,,,,,,,,,,True,True,True,True
desinventar-ce40487f-b32f-421d-b50d-abd354d1a95c,UNDRR DesInventar Nepal,2010,7,20,Far Western Region,Achham,UNKNOWN,HEAVY RAINS,0,0,2,119,15,0,0,0.0,False,,,,,,,,,,,,,,,True,True,True,True
desinventar-5dbacb2c-f1c8-43c5-a010-843d17a55646,UNDRR DesInventar Nepal,2010,7,20,Far Western Region,Kanchanpur,TRIBHUWANBAST,HEAVY RAINS,0,0,0,108,10,0,0,0.0,False,,,,,,,,,,,,,,,True,True,True,True
desinventar-c34405b8-4a8c-4ddd-904f-c477b7105697,UNDRR DesInventar Nepal,2010,7,19,Mid-Western Region,Rukum,UNKNOWN,HEAVY RAINS,0,0,0,562,0,0,0,0.0,False,,,,,,,,,,,,,,,True,True,True,True
desinventar-eb385d24-466c-47b5-bc73-dda67f7ca59a,UNDRR DesInventar Nepal,2010,5,19,Eastern Region,Ilam,AMCHOK,HEAVY RAINS,0,3,0,0,0,0,0,0.0,False,,,,,,,,,,,,,,,True,True,True,True
desinventar-7d523801-54b0-47d8-8168-70e68e2dcc08,UNDRR DesInventar Nepal,2010,7,21,Eastern Region,Morang,Babiya Birta,HEAVY RAINS,0,0,0,540,0,0,0,0.0,False,,,,,,,,,,,,,,,True,True,True,True
desinventar-8d133922-f0e1-47c7-a385-084576986192,UNDRR DesInventar Nepal,2010,7,21,Western Region,Gorkha,UNKNOWN,HEAVY RAINS,0,0,0,16,6,0,0,0.0,False,,,,,,,,,,,,,,,True,True,True,True
desinventar-043add0f-1cf9-4159-a518-17e84ff61bb1,UNDRR DesInventar Nepal,2010,7,21,Western Region,Nawalparasi,TRIBENI_SUSTA,HEAVY RAINS,0,0,0,3780,0,0,0,0.0,False,,,,,,,,,,,,,,,True,True,True,True
desinventar-59b32538-141c-4e9c-af1d-d5d12a59baae,UNDRR DesInventar Nepal,2010,7,21,Eastern Region,Udayapur,Beltar,HEAVY RAINS,1,0,0,194,0,0,0,0.0,False,,,,,,,,,,,,,,,True,True,True,True
desinventar-c4f3038b-7efe-43e3-aaf9-05d33b694ce5,UNDRR DesInventar Nepal,2010,7,21,Far Western Region,Bajura,UNKNOWN,HEAVY RAINS,0,0,0,1263,5,0,0,0.0,False,,,,,,,,,,,,,,,True,True,True,True
desinventar-429d11b6-edfa-4065-83d5-2bc745f93cd4,UNDRR DesInventar Nepal,2010,7,25,Mid-Western Region,Mugu,UNKNOWN,HEAVY RAINS,0,0,0,0,0,0,0,0.0,False,,,,,,,,,,,,,,,True,True,True,True
desinventar-1b868882-3c13-4561-b802-50dbb59d87ef,UNDRR DesInventar Nepal,2010,7,28,Mid-Western Region,Rolpa,MIJHIN,HEAVY RAINS,1,0,0,5,0,0,0,0.0,False,,,,,,,,,,,,,,,True,True,True,True
desinventar-53ade6ec-977c-4488-928e-f492b3371389,UNDRR DesInventar Nepal,2010,7,29,Eastern Region,Sunsari,Inaruwa Municipality,HEAVY RAINS,0,0,0,0,0,0,0,0.0,False,,,,,,,,,,,,,,,True,True,True,True
desinventar-9ecc9946-24ce-4b76-bf5a-3544f851f714,UNDRR DesInventar Nepal,2010,8,1,Mid-Western Region,Bardiya,PATABHAR,HEAVY RAINS,4,0,0,21,0,0,25,0.0,False,,,,,,,,,,,,,,,True,True,True,True
desinventar-693b52fa-419b-4589-ba9c-4f918c3f0408,UNDRR DesInventar Nepal,2010,8,2,Far Western Region,Bajura,Kuldevmandau,HEAVY RAINS,0,0,0,119,0,0,0,0.0,False,,,,,,,,,,,,,,,True,True,True,True
desinventar-a1640c7e-9079-402a-8096-8d00da6c283a,UNDRR DesInventar Nepal,2010,8,2,Mid-Western Region,Jajarkot,Dasera,HEAVY RAINS,8,0,1,54,9,0,0,0.0,False,,,,,,,,,,,,,,,True,True,True,True
desinventar-5a17d60e-7b52-42b3-9256-6daa8df3f2e8,UNDRR DesInventar Nepal,2010,8,3,Central Region,Sindhupalchoke,Nawalpur,HEAVY RAINS,0,0,0,5,1,0,0,0.0,False,,,,,,,,,,,,,,,True,True,True,True
desinventar-f4af2110-7ac4-45b0-99e2-9defbf8eba65,UNDRR DesInventar Nepal,2010,8,4,Central Region,Sindhupalchoke,Mahankal,HEAVY RAINS,1,0,0,0,0,0,0,0.0,False,,,,,,,,,,,,,,,True,True,True,True
desinventar-dfcdf21d-6956-4b1e-aafb-77a62e6f983b,UNDRR DesInventar Nepal,2010,8,4,Eastern Region,Khotang,Chyasmitar,HEAVY RAINS,0,0,0,16,0,3,0,0.0,False,,,,,,,,,,,,,,,True,True,True,True
desinventar-6ec759aa-1e06-4674-9cb6-45c7d1baf5df,UNDRR DesInventar Nepal,2010,8,4,Eastern Region,Khotang,Badahare,HEAVY RAINS,0,0,0,43,8,0,0,0.0,False,,,,,,,,,,,,,,,True,True,True,True
desinventar-04de41a6-5cbd-46bb-8923-7d1d696ee88f,UNDRR DesInventar Nepal,2010,8,4,Eastern Region,Khotang,Nirmali Danda,HEAVY RAINS,0,0,0,0,0,0,0,0.0,False,,,,,,,,,,,,,,,True,True,True,True
desinventar-0e2764d9-32da-4bfb-b595-9249771a728b,UNDRR DesInventar Nepal,2010,8,4,Eastern Region,Khotang,Batase,HEAVY RAINS,0,0,0,43,0,8,0,0.0,False,,,,,,,,,,,,,,,True,True,True,True
desinventar-aced10c8-92e7-4769-8ff6-131617b4391d,UNDRR DesInventar Nepal,2010,8,4,Eastern Region,Khotang,Rajpani,HEAVY RAINS,1,0,0,70,0,12,0,0.0,False,,,,,,,,,,,,,,,True,True,True,True
desinventar-96de8563-c727-43dd-8466-44996e1ef4dc,UNDRR DesInventar Nepal,2010,8,2,Mid-Western Region,Rukum,GOTAME_KOT,HEAVY RAINS,0,0,2,5,0,0,0,0.0,False,,,,,,,,,,,,,,,True,True,True,True
desinventar-9ebb71ff-a174-4f35-bbbc-5e0a0fab9d36,UNDRR DesInventar Nepal,2010,8,7,Mid-Western Region,Mugu,SUKHADHIK,HEAVY RAINS,1,0,0,5,0,0,0,0.0,False,,,,,,,,,,,,,,,True,True,True,True
desinventar-9d5fceb2-eff6-4b94-850a-9e8462e2a9d6,UNDRR DesInventar Nepal,2010,8,11,Mid-Western Region,Pyuthan,PUJA,HEAVY RAINS,0,0,0,113,10,0,0,0.0,False,,,,,,,,,,,,,,,True,True,True,True
desinventar-8b778496-ec48-4a68-99fb-ccd01db0937c,UNDRR DesInventar Nepal,2010,8,11,Central Region,Sindhuli,Amale,HEAVY RAINS,0,0,0,5,1,0,0,0.0,False,,,,,,,,,,,,,,,True,True,True,True
desinventar-2203c58e-2365-4f6e-bcd9-ba6e71833395,UNDRR DesInventar Nepal,2010,8,19,Western Region,Baglung,ADHIKARICHAUR,HEAVY RAINS,1,0,0,0,0,0,0,0.0,False,,,,,,,,,,,,,,,True,True,True,True
desinventar-3448f8bf-511a-4b54-8959-20880a7680d9,UNDRR DesInventar Nepal,2010,8,19,Eastern Region,Okhaldhunga,DIYALE,HEAVY RAINS,0,0,0,0,0,0,0,0.0,False,,,,,,,,,,,,,,,True,True,True,True
desinventar-9d57b419-23e8-4e7c-8388-99ba5756625a,UNDRR DesInventar Nepal,2010,8,22,Mid-Western Region,Surkhet,LAGAM,HEAVY RAINS,0,2,0,0,0,0,0,0.0,False,,,,,,,,,,,,,,,True,True,True,True
desinventar-9a77283e-06af-4384-abb0-722fe4f799c4,UNDRR DesInventar Nepal,2010,8,22,Central Region,Parsa,Birgunj Municipality,HEAVY RAINS,0,0,0,432,0,0,0,0.0,False,,,,,,,,,,,,,,,True,True,True,True
desinventar-fed6c730-e218-4d6a-bd3f-73e5bca1dff5,UNDRR DesInventar Nepal,2010,8,22,Western Region,Nawalparasi,RAMPUR_KHADAUNA,HEAVY RAINS,0,0,0,216,0,0,0,0.0,False,,,,,,,,,,,,,,,True,True,True,True
desinventar-c4267b3e-c4e7-4c86-8271-e0c6b88b29c5,UNDRR DesInventar Nepal,2010,8,22,Central Region,Rautahat,UNKNOWN,HEAVY RAINS,0,0,0,108,14,0,0,0.0,False,,,,,,,,,,,,,,,True,True,True,True
desinventar-4e898c67-e630-41df-8e83-f69c353c5afc,UNDRR DesInventar Nepal,2010,8,24,Central Region,Parsa,Thori,HEAVY RAINS,0,0,0,119,22,0,0,0.0,False,,,,,,,,,,,,,,,True,True,True,True
desinventar-36da1b54-b851-4464-ad44-936ba5fd6908,UNDRR DesInventar Nepal,2010,8,24,Central Region,Kathmandu,UNKNOWN,HEAVY RAINS,0,0,2,0,0,0,0,0.0,False,,,,,,,,,,,,,,,True,True,True,True
desinventar-bacbd372-7699-4eb3-b803-0870d74f437d,UNDRR DesInventar Nepal,2010,8,24,Mid-Western Region,Jajarkot,UNKNOWN,HEAVY RAINS,0,0,0,0,0,0,0,0.0,False,,,,,,,,,,,,,,,True,True,True,True
desinventar-bb93029e-dfd6-48c9-a4ed-9b995726c8bc,UNDRR DesInventar Nepal,2010,8,24,Far Western Region,Bajhang,Surma,HEAVY RAINS,1,0,0,0,0,0,0,0.0,False,,,,,,,,,,,,,,,True,True,True,True
desinventar-431066e5-69d9-43cd-b27a-ae38c8f8e50d,UNDRR DesInventar Nepal,2010,8,17,Mid-Western Region,Rukum,UNKNOWN,HEAVY RAINS,0,0,0,81,0,0,0,0.0,False,,,,,,,,,,,,,,,True,True,True,True
desinventar-a62201d5-c15c-4f65-8c77-2658f79e6c5c,UNDRR DesInventar Nepal,2010,8,28,Eastern Region,Sunsari,Mahendranagar,HEAVY RAINS,0,0,0,27,5,0,0,0.0,False,,,,,,,,,,,,,,,True,True,True,True
desinventar-6bbc9e90-7cfd-4464-b2fb-994990d230eb,UNDRR DesInventar Nepal,2010,8,28,Central Region,Rautahat,UNKNOWN,HEAVY RAINS,0,0,0,27,5,0,0,0.0,False,,,,,,,,,,,,,,,True,True,True,True
desinventar-1ad67fd3-474a-44be-b83c-9f2d946fbff7,UNDRR DesInventar Nepal,2010,8,31,Central Region,Makwanpur,PADAM POKHARI,HEAVY RAINS,2,0,2,227,11,0,0,0.0,False,,,,,,,,,,,,,,,True,True,True,True
desinventar-c899c566-5bab-4f39-ac9e-157f7e129f00,UNDRR DesInventar Nepal,2010,9,4,Mid-Western Region,Dailekh,TALIJAISI,HEAVY RAINS,0,0,1,0,0,0,0,0.0,False,,,,,,,,,,,,,,,True,True,True,True
desinventar-630ca9ef-410f-4eb5-bad3-0b4c876e064f,UNDRR DesInventar Nepal,2010,9,6,Mid-Western Region,Humla,SIMIKOT,HEAVY RAINS,0,0,0,0,0,0,0,0.0,False,,,,,,,,,,,,,,,True,True,True,True
desinventar-8e9f9994-b85d-436a-baeb-0d9d15a57270,UNDRR DesInventar Nepal,2010,9,8,Far Western Region,Dadeldhura,MASHTAMANDAU,HEAVY RAINS,4,0,0,0,0,0,0,0.0,False,,,,,,,,,,,,,,,True,True,True,True
desinventar-0c69a03c-2fac-46c2-b54e-2d9cd857e559,UNDRR DesInventar Nepal,2010,9,10,Far Western Region,Kanchanpur,CHANDANI,HEAVY RAINS,0,0,20,1965,0,0,0,0.0,False,,,,,,,,,,,,,,,True,True,True,True
desinventar-28d5eb66-9922-48b0-8f70-fbafa5103735,UNDRR DesInventar Nepal,2010,8,11,Western Region,Syangja,PHARPARTHUM,HEAVY RAINS,0,0,0,11,2,0,0,0.0,False,,,,,,,,,,,,,,,True,True,True,True
desinventar-d1bce5f5-9cca-44fa-961a-c9552befdea7,UNDRR DesInventar Nepal,2010,9,12,Western Region,Myagdi,RAKHU_PIPLE,HEAVY RAINS,2,0,0,81,0,0,0,0.0,False,,,,,,,,,,,,,,,True,True,True,True
desinventar-cb57012a-0b61-4c8e-b2cd-cb2f9b75aa02,UNDRR DesInventar Nepal,2010,9,12,Western Region,Mustang,UNKNOWN,HEAVY RAINS,0,0,0,11,0,0,0,0.0,False,,,,,,,,,,,,,,,True,True,True,True
desinventar-77c9b954-7b8b-4d40-82f3-b4da0a4a4c15,UNDRR DesInventar Nepal,2010,9,14,Central Region,Dhading,GUMDI,HEAVY RAINS,1,0,0,5,0,0,0,0.0,False,,,,,,,,,,,,,,,True,True,True,True
desinventar-ccce8c97-ecaa-4f45-8ae3-c740ced97483,UNDRR DesInventar Nepal,2010,9,15,Far Western Region,Dadeldhura,MASHTAMANDAU,HEAVY RAINS,0,0,0,0,0,0,0,0.0,True,,,,,,,,,,,,,,,True,True,True,True
desinventar-b6398add-1297-43c3-88f9-b798fc1c8640,UNDRR DesInventar Nepal,2010,9,16,Eastern Region,Khotang,Chisapani,HEAVY RAINS,1,0,0,21,2,0,0,0.0,False,,,,,,,,,,,,,,,True,True,True,True
desinventar-6ba6aac3-2fa9-4580-9afc-e0236e1b10d1,UNDRR DesInventar Nepal,2011,2,12,Western Region,Baglung,NARETHANTI,HEAVY RAINS,0,1,0,0,0,0,0,0.0,False,,,,,,,,,,,,,,,True,True,True,True
desinventar-b2d2787b-d355-43dc-8840-f40d466aab93,UNDRR DesInventar Nepal,2012,4,2,Far Western Region,Doti,GAGUDA,HEAVY RAINS,2,0,0,0,0,0,0,0.0,False,,,,,,,,,,,,,,,True,True,True,True
desinventar-2b763598-d4ca-45aa-973d-01880788d4f8,UNDRR DesInventar Nepal,2012,5,5,Western Region,Kaski,MACHHAPUCHHRE,RAIN,72,0,0,16,3,0,0,0.0,True,,,,,,,,,,,,,,,True,True,True,True
desinventar-cf140e5b-d8e6-4d0c-8010-582baa4dcbe1,UNDRR DesInventar Nepal,2012,5,8,Western Region,Myagdi,DARWANG,RAIN,0,0,0,0,0,0,0,0.0,True,,,,,,,,,,,,,,,True,True,True,True
desinventar-2d396a81-ca7a-4f33-bdbd-b23b4d387a65,UNDRR DesInventar Nepal,2012,5,10,Mid-Western Region,Dailekh,SANTALLA,RAIN,0,0,0,146,0,27,0,0.0,False,,,,,,,,,,,,,,,True,True,True,True
desinventar-1a6c6eeb-8423-495d-8497-75ea08278a59,UNDRR DesInventar Nepal,2012,5,19,Eastern Region,Sankhuwasabha,Sidhakali,RAIN,1,0,0,0,0,0,0,0.0,False,,,,,,,,,,,,,,,True,True,True,True
desinventar-8448520b-6ce4-4b69-91f2-48132a9e57f2,UNDRR DesInventar Nepal,2012,5,21,Mid-Western Region,Jajarkot,Ragda,HEAVY RAINS,0,0,0,16,3,0,0,0.0,False,,,,,,,,,,,,,,,True,True,True,True
desinventar-b0ddb758-2753-4ff4-98a3-e6fe988b5257,UNDRR DesInventar Nepal,2012,5,21,Western Region,Myagdi,TATOPANI,HEAVY RAINS,0,0,0,129,0,24,0,0.0,True,,,,,,,,,,,,,,,True,True,True,True
desinventar-e6613fe5-e2fc-452d-bba3-324e453a102e,UNDRR DesInventar Nepal,2012,5,31,Far Western Region,Bajura,Baddhu,RAIN,5,0,3,200,37,0,0,0.0,False,,,,,,,,,,,,,,,True,True,True,True
desinventar-f1c51592-ac62-4ea9-aa19-07937fbdc911,UNDRR DesInventar Nepal,2012,5,31,Far Western Region,Bajura,Kolti,HEAVY RAINS,0,0,0,0,0,0,0,0.0,False,,,,,,,,,,,,,,,True,True,True,True
desinventar-8e1a532c-a2ae-4683-b6f4-7d9b2fe81ffd,UNDRR DesInventar Nepal,2012,6,16,Eastern Region,Sankhuwasabha,Khadbari Municipali,RAIN,0,0,0,135,0,25,0,0.0,False,,,,,,,,,,,,,,,True,True,True,True
desinventar-87996782-9fa6-4c47-9e77-5d1dd3aa80e1,UNDRR DesInventar Nepal,2012,6,18,Western Region,Kaski,POKHARA_SMP,RAIN,0,0,1,49,0,9,0,0.0,False,,,,,,,,,,,,,,,True,True,True,True
desinventar-9b2824d3-bdac-4103-8fea-a2d27808fe99,UNDRR DesInventar Nepal,2012,6,17,Mid-Western Region,Pyuthan,LIWANG,RAIN,3,0,0,0,0,0,0,0.0,False,,,,,,,,,,,,,,,True,True,True,True
desinventar-a7da6978-8a0f-4205-965b-0291e322ba08,UNDRR DesInventar Nepal,2012,6,22,Central Region,Dolakha,Lapilang,RAIN,0,0,0,0,0,0,0,0.0,False,,,,,,,,,,,,,,,True,True,True,True
desinventar-ed97d121-0834-40f2-8e6f-262bb84f4a03,UNDRR DesInventar Nepal,2012,6,22,Western Region,Gulmi,CHHAPHILE,RAIN,0,0,0,594,0,0,0,0.0,False,,,,,,,,,,,,,,,True,True,True,True
desinventar-26ac5d02-ebd1-4e7e-8f53-8f8f4e3c52dd,UNDRR DesInventar Nepal,2012,6,23,Far Western Region,Bajura,Barabise,OTHER,1,0,0,0,0,0,0,0.0,False,,,,,,,,,,,,,,,True,True,True,True
desinventar-c055edd0-5a3d-4328-af7b-aed691eb50c1,UNDRR DesInventar Nepal,2012,6,23,Far Western Region,Bajhang,Rithapata,RAIN,0,0,0,86,16,0,0,0.0,False,,,,,,,,,,,,,,,True,True,True,True
desinventar-d03d9c57-f4f6-4bf0-94fc-55166a15481a,UNDRR DesInventar Nepal,2012,6,23,Eastern Region,Taplejung,SAWADIN,RAIN,0,3,0,0,0,0,0,0.0,False,,,,,,,,,,,,,,,True,True,True,True
desinventar-8fabef2e-b2fd-484e-8523-eefd2cebee64,UNDRR DesInventar Nepal,2012,6,24,Eastern Region,Sunsari,Itahari Municipality,RAIN,2,0,0,0,0,0,0,0.0,False,,,,,,,,,,,,,,,True,True,True,True
desinventar-2e6758ed-a303-4257-ac20-e6cda0534e88,UNDRR DesInventar Nepal,2012,6,25,Western Region,Gorkha,NARESHWAR,RAIN,1,0,0,0,0,0,0,0.0,False,,,,,,,,,,,,,,,True,True,True,True
desinventar-4b92709d-8b2b-498f-b72f-f93750c8dd03,UNDRR DesInventar Nepal,2012,6,25,Western Region,Gorkha,DHUWAKOT,UNKNOWN,0,1,0,0,0,0,0,0.0,False,,,,,,,,,,,,,,,True,True,True,True
desinventar-39992eca-fecb-4e82-9ccb-9fcf88deed1d,UNDRR DesInventar Nepal,2012,6,26,Western Region,Kaski,HEMJA,RAIN,0,0,0,0,0,0,0,0.0,False,,,,,,,,,,,,,,,True,True,True,True
desinventar-4e0346e4-c38d-401d-b391-e0bbd34a9e80,UNDRR DesInventar Nepal,2012,6,26,Western Region,Gorkha,THUMI,RAIN,0,1,0,100,23,0,0,0.0,False,,,,,,,,,,,,,,,True,True,True,True
desinventar-48ac5df4-1674-403c-a296-1731c1165646,UNDRR DesInventar Nepal,2012,7,1,Eastern Region,Taplejung,LELEP,RAIN,0,0,0,0,0,0,0,0.0,True,,,,,,,,,,,,,,,True,True,True,True
desinventar-50dca44c-c5c8-43a8-98b7-911c0832bd1d,UNDRR DesInventar Nepal,2012,7,2,Mid-Western Region,Salyan,JHIMPE,RAIN,0,0,0,21,4,0,0,0.0,True,,,,,,,,,,,,,,,True,True,True,True
desinventar-c0c52819-9ed9-4277-9499-d5c680e8c2bc,UNDRR DesInventar Nepal,2012,7,3,Western Region,Kaski,HEMJA,RAIN,0,0,0,5,1,0,0,0.0,False,,,,,,,,,,,,,,,True,True,True,True
desinventar-0b807d5c-87d7-412b-a9a3-99434d307ea0,UNDRR DesInventar Nepal,2012,7,6,Eastern Region,Jhapa,MECHI MUN.,RAIN,0,0,0,65,0,12,0,0.0,False,,,,,,,,,,,,,,,True,True,True,True
desinventar-b7914cef-e965-43b9-8ea1-e3a71fc5e89e,UNDRR DesInventar Nepal,2012,7,9,Western Region,Myagdi,MUDHI,RAIN,0,0,0,0,0,0,0,0.0,True,,,,,,,,,,,,,,,True,True,True,True
desinventar-ee0c335d-41c9-4749-9b0b-61c6486aa4f2,UNDRR DesInventar Nepal,2012,7,11,Western Region,Kaski,POKHARA_SMP,RAIN,0,0,0,97,0,18,0,0.0,False,,,,,,,,,,,,,,,True,True,True,True
desinventar-f334caae-90a4-45b3-b166-a2ca891295a5,UNDRR DesInventar Nepal,2012,7,13,Western Region,Kaski,POKHARA_SMP,RAIN,0,0,0,108,0,20,16,0.0,False,,,,,,,,,,,,,,,True,True,True,True
desinventar-01773d70-003d-45b8-b0b6-8c0afeec2fdf,UNDRR DesInventar Nepal,2012,7,13,Western Region,Gulmi,GHAMIR,RAIN,0,0,0,54,0,0,0,0.0,False,,,,,,,,,,,,,,,True,True,True,True
desinventar-53a621bf-b95e-4fff-8334-27005511816d,UNDRR DesInventar Nepal,2012,7,12,Eastern Region,Sankhuwasabha,Diding,RAIN,0,0,0,0,0,0,0,0.0,True,,,,,,,,,,,,,,,True,True,True,True
desinventar-0bbcf001-172c-4f2f-b537-6b18668105b5,UNDRR DesInventar Nepal,2012,7,13,Western Region,Kaski,POKHARA_SMP,RAIN,0,0,0,400000,0,0,0,24.0,True,,,,,,,,,,,,,,,True,True,True,True
desinventar-149b9719-fb71-4ca5-98e0-b4d4259a19d1,UNDRR DesInventar Nepal,2012,7,16,Eastern Region,Jhapa,GHERABARI,RAIN,0,0,0,54,0,10,0,0.0,False,,,,,,,,,,,,,,,True,True,True,True
desinventar-bbf9b4e2-fd54-43b4-bdd6-cf07404b0229,UNDRR DesInventar Nepal,2012,7,16,Central Region,Mahotari,Khayarmara,RAIN,0,0,0,2700,0,0,0,0.0,False,,,,,,,,,,,,,,,True,True,True,True
desinventar-3ad6fd63-fe32-4dae-ace5-f25ccade1e7b,UNDRR DesInventar Nepal,2012,7,16,Central Region,Sarlahi,SASAPUR,RAIN,0,0,0,486,0,90,0,0.0,False,,,,,,,,,,,,,,,True,True,True,True
desinventar-798832b9-660e-4482-9132-9c01b5f6d46d,UNDRR DesInventar Nepal,2012,7,16,Eastern Region,Ilam,DANABARI,RAIN,1,0,0,0,0,0,0,0.0,False,,,,,,,,,,,,,,,True,True,True,True
desinventar-f0313465-6b98-4552-b50d-3431a768db86,UNDRR DesInventar Nepal,2012,7,16,Eastern Region,Ilam,CHULACHULI,RAIN,0,0,0,0,2,0,0,0.0,False,,,,,,,,,,,,,,,True,True,True,True
desinventar-08f888cf-7626-4f10-9eec-5c62020cc79d,UNDRR DesInventar Nepal,2012,7,15,Central Region,Bara,BHARATGANJ,HEAVY RAINS,0,0,0,16,0,3,0,200.0,True,,,,,,,,,,,,,,,True,True,True,True
desinventar-13743cdf-7f9d-4572-b0c0-1a40a4d10457,UNDRR DesInventar Nepal,2012,7,19,Mid-Western Region,Dang,SISAHNIYA,RAIN,0,0,0,10800,25,2000,11,0.0,False,,,,,,,,,,,,,,,True,True,True,True
desinventar-ab3aa737-b334-4951-8020-7ae0cffb0e05,UNDRR DesInventar Nepal,2012,7,19,Mid-Western Region,Dang,LALMATIYA,RAIN,0,0,0,2700,0,500,0,0.0,False,,,,,,,,,,,,,,,True,True,True,True
desinventar-bf210950-b8df-4f32-82dc-68ec18108294,UNDRR DesInventar Nepal,2012,7,19,Mid-Western Region,Dang,SONPUR,RAIN,1,0,0,2700,0,500,0,0.0,False,,,,,,,,,,,,,,,True,True,True,True
desinventar-7b0d9555-e600-4834-925f-5592c303cc67,UNDRR DesInventar Nepal,2012,7,19,Western Region,Nawalparasi,TILAKPUR,RAIN,1,0,0,0,0,0,0,0.0,False,,,,,,,,,,,,,,,True,True,True,True
desinventar-e9f95c94-2891-4245-ab21-6cee3d092e77,UNDRR DesInventar Nepal,2012,7,19,Western Region,Nawalparasi,DAWAUNNE_DEVI,RAIN,0,0,0,27,0,5,0,0.0,False,,,,,,,,,,,,,,,True,True,True,True
desinventar-bd0e0f6c-5309-4cb2-bf2b-9cf18a7ecf34,UNDRR DesInventar Nepal,2012,7,20,Mid-Western Region,Dailekh,CHAMUNDA,RAIN,0,0,0,5,0,1,0,0.0,False,,,,,,,,,,,,,,,True,True,True,True
desinventar-bfe957a4-c338-4319-9c0d-e85b3b534bcb,UNDRR DesInventar Nepal,2012,7,21,Eastern Region,Saptari,GOBARGADHA,RAIN,0,0,0,81,0,15,0,0.0,False,,,,,,,,,,,,,,,True,True,True,True
desinventar-9bb269f7-d4db-41a0-8ea5-16ebcafc582c,UNDRR DesInventar Nepal,2012,7,22,Central Region,Dolakha,Lamabagar,RAIN,0,0,0,0,0,0,0,0.0,True,,,,,,,,,,,,,,,True,True,True,True
desinventar-c9abcf39-0b9b-466c-9306-1f6330fa2be3,UNDRR DesInventar Nepal,2012,7,23,Central Region,Rautahat,SAMANPUR,OTHER,0,1,0,0,0,0,0,0.0,False,,,,,,,,,,,,,,,True,True,True,True
desinventar-86c23c95-b757-48dd-a7f5-088cd8c76657,UNDRR DesInventar Nepal,2012,7,25,Mid-Western Region,Dailekh,CHAMUNDA,RAIN,0,0,0,65,0,12,0,0.0,False,,,,,,,,,,,,,,,True,True,True,True
desinventar-c5f7ad8e-373f-4a64-a985-72a7506d4c69,UNDRR DesInventar Nepal,2012,7,25,Mid-Western Region,Dailekh,KUSAPANI,RAIN,0,0,0,27,0,5,0,0.0,False,,,,,,,,,,,,,,,True,True,True,True
desinventar-f7c0c6e2-8d6d-42e8-b7b4-90e95644ec21,UNDRR DesInventar Nepal,2012,7,27,Eastern Region,Khotang,Chisapani,RAIN,0,0,0,1080,0,0,0,0.0,False,,,,,,,,,,,,,,,True,True,True,True
desinventar-64465d8f-d0dc-4f14-ae48-d25e9e83840d,UNDRR DesInventar Nepal,2012,7,28,Central Region,Dhading,BUDHATHUM,LANDSLIDE,0,0,0,10800,0,0,0,0.0,False,,,,,,,,,,,,,,,True,True,True,True
desinventar-4b0e5dd3-164f-4683-8c32-870436fc6a9a,UNDRR DesInventar Nepal,2012,7,30,Eastern Region,Taplejung,OLANCHUNGGOLA,HEAVY RAINS,0,0,0,0,0,0,0,0.0,True,,,,,,,,,,,,,,,True,True,True,True
desinventar-db92b809-9dc8-4f1d-a46f-f3136a81eb87,UNDRR DesInventar Nepal,2012,8,3,Mid-Western Region,Dang,SONPUR,HEAVY RAINS,2,1,0,0,0,0,0,0.0,False,,,,,,,,,,,,,,,True,True,True,True
desinventar-a3f40376-551c-4830-9e42-e01aa0dbf2ba,UNDRR DesInventar Nepal,2012,8,3,Mid-Western Region,Dang,GOBARDIHA,OTHER,1,0,0,0,0,0,1,0.0,False,,,,,,,,,,,,,,,True,True,True,True
desinventar-b698ede5-1ba8-4b90-8d25-13cb20fb0b9a,UNDRR DesInventar Nepal,2012,8,3,Mid-Western Region,Dang,GADHAWA,RAIN,0,0,0,540,0,100,0,0.0,False,,,,,,,,,,,,,,,True,True,True,True
desinventar-6d2fe5d0-3936-4db9-88aa-24e91559943b,UNDRR DesInventar Nepal,2012,8,3,Western Region,Kapilbastu,HARIHARPUR,RAIN,0,0,0,1620,0,300,0,0.0,False,,,,,,,,,,,,,,,True,True,True,True
desinventar-6e064bb4-a3e5-4f27-8f6a-b0315c78e275,UNDRR DesInventar Nepal,2012,8,3,Western Region,Kapilbastu,HARDUONA,RAIN,0,0,0,540,0,100,0,0.0,False,,,,,,,,,,,,,,,True,True,True,True
desinventar-d972ad16-8c51-410e-918f-e10c6d507e8e,UNDRR DesInventar Nepal,2012,8,3,Western Region,Lamjung,BHORLETAR,RAIN,1,0,0,0,0,0,0,0.0,False,,,,,,,,,,,,,,,True,True,True,True
desinventar-ad232f0a-0c17-428a-9f54-024958748a85,UNDRR DesInventar Nepal,2012,8,3,Central Region,Rautahat,KATAHARIYA (B),RAIN,0,0,0,108,0,20,0,0.0,False,,,,,,,,,,,,,,,True,True,True,True
desinventar-461d546b-24c3-464e-8b77-639d43670f29,UNDRR DesInventar Nepal,2012,8,3,Central Region,Rautahat,BHASERWA,RAIN,0,0,0,194,0,36,0,0.0,False,,,,,,,,,,,,,,,True,True,True,True
desinventar-47444456-af5e-41da-b404-51940cdf9996,UNDRR DesInventar Nepal,2012,8,3,Western Region,Baglung,BAGLUNG N. P.,RAIN,1,0,1,0,0,0,0,0.0,False,,,,,,,,,,,,,,,True,True,True,True
desinventar-0b4e0ab4-d580-4bea-917d-d79345153cc9,UNDRR DesInventar Nepal,2012,8,3,Far Western Region,Bajura,Kolti,RAIN,2,1,0,0,0,0,0,0.0,False,,,,,,,,,,,,,,,True,True,True,True
desinventar-7310996f-41a7-4478-a923-f7ffd969b2c8,UNDRR DesInventar Nepal,2012,8,3,Western Region,Parbat,DEVISTHAN,RAIN,1,0,0,0,0,0,0,0.0,False,,,,,,,,,,,,,,,True,True,True,True
desinventar-7b8b1f71-0924-44a2-9eb3-b361017a60d6,UNDRR DesInventar Nepal,2012,8,3,Central Region,Makwanpur,PHAPARBARI,RAIN,1,0,0,0,0,0,0,0.0,False,,,,,,,,,,,,,,,True,True,True,True
desinventar-d2f54b08-6db8-4c3b-b935-ccbf81a01a52,UNDRR DesInventar Nepal,2012,8,3,Mid-Western Region,Bardiya,RAJAPUR,RAIN,0,0,0,1080,0,200,0,0.0,False,,,,,,,,,,,,,,,True,True,True,True
desinventar-f18bd9cd-f352-4d18-b5b4-0b9b3657cb36,UNDRR DesInventar Nepal,2012,8,3,Far Western Region,Kailali,CHUHA,RAIN,1,0,2,0,0,0,0,0.0,False,,,,,,,,,,,,,,,True,True,True,True
desinventar-ecdfe982-345f-4e74-9df2-13c84266b512,UNDRR DesInventar Nepal,2012,8,4,Western Region,Baglung,BIHUKOT,RAIN,1,0,0,0,0,0,0,0.0,False,,,,,,,,,,,,,,,True,True,True,True
desinventar-7eb5db43-5ad9-4cc0-8eed-4a98a0afb984,UNDRR DesInventar Nepal,2012,8,3,Western Region,Baglung,BHAKUNDE,RAIN,0,2,0,0,0,0,0,0.0,False,,,,,,,,,,,,,,,True,True,True,True
desinventar-610f19f9-0d8f-48ce-8071-fcbd169d3577,UNDRR DesInventar Nepal,2012,8,4,Mid-Western Region,Banke,BETAHANI,HEAVY RAINS,1,0,0,1350,0,250,0,0.0,False,,,,,,,,,,,,,,,True,True,True,True
desinventar-dd9935a9-aca6-4361-8501-7e508bba586e,UNDRR DesInventar Nepal,2012,8,4,Mid-Western Region,Banke,HOLIA,RAIN,0,0,0,1620,0,300,0,0.0,False,,,,,,,,,,,,,,,True,True,True,True
desinventar-99c6ba19-73ed-4276-9516-7f590134ac95,UNDRR DesInventar Nepal,2012,8,4,Far Western Region,Kanchanpur,JHALARI,RAIN,1,0,0,0,0,0,0,0.0,False,,,,,,,,,,,,,,,True,True,True,True
desinventar-98269b27-376e-4f2e-a088-31490c3e7a2f,UNDRR DesInventar Nepal,2012,8,3,Central Region,Makwanpur,PADAM POKHARI,RAIN,0,0,0,2000,0,0,0,0.0,False,,,,,,,,,,,,,,,True,True,True,True
desinventar-6e24a044-5621-40bb-888d-9cd1accb3c3b,UNDRR DesInventar Nepal,2012,8,3,Far Western Region,Kailali,CHAUMALA,RAIN,1,0,0,0,0,0,0,0.0,False,,,,,,,,,,,,,,,True,True,True,True
desinventar-f64fbb61-c353-4d5d-819d-5d42ac3bb0dc,UNDRR DesInventar Nepal,2012,8,4,Far Western Region,Bajhang,Matela,RAIN,1,0,0,0,0,0,0,0.0,False,,,,,,,,,,,,,,,True,True,True,True
desinventar-217cd403-276a-48a1-b40f-2b6df2120825,UNDRR DesInventar Nepal,2012,8,4,Mid-Western Region,Dang,SISAHNIYA,RAIN,1,0,0,0,0,0,0,0.0,False,,,,,,,,,,,,,,,True,True,True,True
desinventar-12101a8b-3d6e-4b08-8596-70f3591f1b09,UNDRR DesInventar Nepal,2012,8,5,Eastern Region,Ilam,MAHAMAI,RAIN,1,0,0,0,0,0,0,0.0,False,,,,,,,,,,,,,,,True,True,True,True
desinventar-7d4fcfb4-7079-4559-a33a-786920e7674c,UNDRR DesInventar Nepal,2012,8,6,Central Region,Dolakha,Jhape,RAIN,0,0,0,32,0,6,0,0.0,False,,,,,,,,,,,,,,,True,True,True,True
desinventar-5a72e9ec-4bbe-41c1-8f20-139898ec3c77,UNDRR DesInventar Nepal,2012,8,3,Mid-Western Region,Dang,SISAHNIYA,RAIN,1,0,0,0,0,0,0,0.0,False,,,,,,,,,,,,,,,True,True,True,True
desinventar-d729c832-d904-4b34-afb4-088eaa750f3f,UNDRR DesInventar Nepal,2012,8,9,Western Region,Nawalparasi,NAYA_BELHANI,RAIN,0,0,0,162,0,30,0,0.0,False,,,,,,,,,,,,,,,True,True,True,True
desinventar-7140646f-6c24-4808-9ff6-55707ff20314,UNDRR DesInventar Nepal,2012,8,10,Western Region,Myagdi,UNKNOWN,HEAVY RAINS,0,0,0,297,0,55,0,0.0,False,,,,,,,,,,,,,,,True,True,True,True
desinventar-87f05ac9-eace-491c-9fa2-a1795125502f,UNDRR DesInventar Nepal,2012,8,29,Eastern Region,Saptari,JAGATPUR,RAIN,1,0,0,0,0,0,0,0.0,False,,,,,,,,,,,,,,,True,True,True,True
desinventar-7bd83ed4-6a30-4af1-98b4-be3cc6590e2a,UNDRR DesInventar Nepal,2012,8,30,Eastern Region,Solukhumbu,Goli,RAIN,0,0,0,0,0,0,0,0.0,True,,,,,,,,,,,,,,,True,True,True,True
desinventar-35812bfa-b83d-4079-b5d9-00429b75a38d,UNDRR DesInventar Nepal,2012,9,2,Eastern Region,Morang,Kerabari,RAIN,0,0,0,65,0,12,0,0.0,False,,,,,,,,,,,,,,,True,True,True,True
desinventar-2a5ebd6c-b317-4b9c-bfe3-5a2b687880dc,UNDRR DesInventar Nepal,2012,9,1,Western Region,Parbat,DHAIRING,RAIN,0,0,0,11,2,0,0,0.0,True,,,,,,,,,,,,,,,True,True,True,True
desinventar-aee30328-c2f0-4039-9b15-fd386485db82,UNDRR DesInventar Nepal,2012,9,2,Eastern Region,Saptari,ODRAHA,RAIN,0,0,0,1080,0,200,0,0.0,False,,,,,,,,,,,,,,,True,True,True,True
desinventar-91263803-d135-4730-ae5f-9f88fc2ed824,UNDRR DesInventar Nepal,2012,9,2,Central Region,Kathmandu,THANKOT,RAIN,0,0,0,0,0,0,0,0.0,False,,,,,,,,,,,,,,,True,True,True,True
desinventar-7a482281-3648-4e43-a807-cb7ef6f7172b,UNDRR DesInventar Nepal,2012,9,2,Mid-Western Region,Bardiya,NEULAPUR,RAIN,0,0,0,810,0,150,0,0.0,False,,,,,,,,,,,,,,,True,True,True,True
desinventar-3c62c5b2-ada1-4f5a-b344-47e80c4a22f6,UNDRR DesInventar Nepal,2012,9,4,Mid-Western Region,Rukum,ATHABISH_KOT,RAIN,0,0,0,5,1,0,0,0.0,False,,,,,,,,,,,,,,,True,True,True,True
desinventar-a8159043-bdca-4a09-b7cb-63ccdbe58219,UNDRR DesInventar Nepal,2012,9,15,Far Western Region,Kailali,RATANPUR,RAIN,0,0,0,837,0,155,0,0.0,False,,,,,,,,,,,,,,,True,True,True,True
desinventar-54a8f04a-dbd7-4673-b266-e43c8ba26c43,UNDRR DesInventar Nepal,2012,9,15,Far Western Region,Kailali,CHAUMALA,RAIN,0,0,0,518,6,90,0,0.0,False,,,,,,,,,,,,,,,True,True,True,True
desinventar-e647e22b-9c53-4e37-8267-2d3f7c9a1198,UNDRR DesInventar Nepal,2012,9,15,Far Western Region,Kailali,HASULIYA,RAIN,0,0,0,432,0,80,0,0.0,False,,,,,,,,,,,,,,,True,True,True,True
desinventar-374a1469-bf0b-4d8b-b0b8-ededa78ad743,UNDRR DesInventar Nepal,2012,9,15,Far Western Region,Kailali,URMA,RAIN,0,0,0,270,0,50,0,0.0,False,,,,,,,,,,,,,,,True,True,True,True
desinventar-e3976fa4-6f10-4944-a015-964b0cf2dd52,UNDRR DesInventar Nepal,2012,9,15,Far Western Region,Kailali,GETA,RAIN,0,0,0,38,0,7,0,0.0,False,,,,,,,,,,,,,,,True,True,True,True
desinventar-5e8459b9-45fe-441a-9607-d3aac3663ab5,UNDRR DesInventar Nepal,2012,9,15,Far Western Region,Kailali,PAWERA,RAIN,0,0,0,38,0,7,0,0.0,False,,,,,,,,,,,,,,,True,True,True,True
desinventar-c5552081-ce36-40ed-849a-c230945367ce,UNDRR DesInventar Nepal,2012,9,15,Far Western Region,Kailali,BASAUTI,RAIN,0,0,0,0,0,0,0,0.0,False,,,,,,,,,,,,,,,True,True,True,True
desinventar-2b52262d-8b4a-41e5-9ffb-4d744994590b,UNDRR DesInventar Nepal,2012,9,15,Far Western Region,Kailali,UDASIPUR,RAIN,0,0,0,0,0,0,0,0.0,False,,,,,,,,,,,,,,,True,True,True,True
desinventar-c50edb66-5607-4264-b28e-a46bbdfc63f0,UNDRR DesInventar Nepal,2012,9,15,Far Western Region,Kailali,DHANGADHI MUNICIPALITY,RAIN,0,0,0,27,0,5,0,0.0,False,,,,,,,,,,,,,,,True,True,True,True
desinventar-947fce1d-ba8f-4582-829c-ea3483ffcc65,UNDRR DesInventar Nepal,2012,9,17,Mid-Western Region,Banke,HOLIA,RAIN,0,0,0,615,0,0,0,0.0,False,,,,,,,,,,,,,,,True,True,True,True
desinventar-6ed3d1bf-718b-4856-bb31-a11ace5b9103,UNDRR DesInventar Nepal,2012,9,19,Central Region,Sindhuli,Belghari,RAIN,0,5,0,540,0,100,0,0.0,False,,,,,,,,,,,,,,,True,True,True,True
desinventar-c56005fa-bf9a-4d69-ae97-fc6be0f7fba6,UNDRR DesInventar Nepal,2012,9,19,Eastern Region,Jhapa,SURUNGA,RAIN,1,0,0,0,0,0,0,0.0,False,,,,,,,,,,,,,,,True,True,True,True
desinventar-42bbdb6c-128d-4aee-b89a-f0241d47c07f,UNDRR DesInventar Nepal,2012,9,19,Far Western Region,Kanchanpur,TRIBHUWANBAST,RAIN,0,0,0,1350,0,250,0,0.0,False,,,,,,,,,,,,,,,True,True,True,True
desinventar-5456de51-5fc4-4818-9dba-e67d262004f6,UNDRR DesInventar Nepal,2012,9,19,Far Western Region,Kanchanpur,RAIKAWAR BICHAWA,RAIN,0,0,0,740,0,137,0,0.0,False,,,,,,,,,,,,,,,True,True,True,True
desinventar-9e6e4b57-a77e-4805-91c4-43c96352f4c9,UNDRR DesInventar Nepal,2012,9,19,Far Western Region,Kanchanpur,RAUTELI BICHAWA,RAIN,0,0,0,135,0,25,0,0.0,False,,,,,,,,,,,,,,,True,True,True,True
desinventar-ee65fec9-463a-4f99-930d-786b592b05b9,UNDRR DesInventar Nepal,2012,9,19,Eastern Region,Jhapa,KERABARI,RAIN,0,0,0,227,0,42,0,0.0,False,,,,,,,,,,,,,,,True,True,True,True
desinventar-c9f71d0b-cb66-4127-81cc-c5e707bfd301,UNDRR DesInventar Nepal,2012,10,1,Eastern Region,Sankhuwasabha,Bahrabise,RAIN,1,0,0,0,0,0,0,0.0,False,,,,,,,,,,,,,,,True,True,True,True
desinventar-bce06faf-1cc9-46d9-9940-7013e6d6e64f,UNDRR DesInventar Nepal,2010,7,20,Far Western Region,Kailali,UNKNOWN,HEAVY RAINS,1,0,0,918,0,0,0,0.0,False,,,,,,,,,,,,,,,True,True,True,True
desinventar-5e17f011-f44c-488d-beac-08592cdff4a3,UNDRR DesInventar Nepal,2010,7,21,Central Region,Rasuwa,UNKNOWN,HEAVY RAINS,0,0,0,0,0,0,0,0.0,False,,,,,,,,,,,,,,,True,True,True,True
desinventar-0386aef7-3aa2-4d42-b8d1-594612bd3e86,UNDRR DesInventar Nepal,2010,7,22,Eastern Region,Morang,Biratnagar Municipality,HEAVY RAINS,0,0,0,6480,0,0,0,0.0,False,,,,,,,,,,,,,,,True,True,True,True
desinventar-e9ba5b1f-a1d4-48f4-b6cb-648b8d908fe6,UNDRR DesInventar Nepal,2010,7,22,Far Western Region,Kanchanpur,MAHENDRA NAGAR N.P.,HEAVY RAINS,0,0,0,27,0,4,0,0.0,False,,,,,,,,,,,,,,,True,True,True,True
desinventar-b4c0924f-54ef-49f5-bda1-31beb7030802,UNDRR DesInventar Nepal,2010,7,25,Mid-Western Region,Banke,UNKNOWN,RAIN,0,0,0,1620,0,0,0,0.0,False,,,,,,,,,,,,,,,True,True,True,True
desinventar-838fb883-4f2c-45df-9930-b915b24923d0,UNDRR DesInventar Nepal,2010,8,24,Eastern Region,Morang,UNKNOWN,OTHER,0,0,0,486,40,0,0,0.0,False,,,,,,,,,,,,,,,True,True,True,True
desinventar-0dd5c15b-c2eb-4154-bdd3-1c23b93a0115,UNDRR DesInventar Nepal,2010,8,28,Western Region,Nawalparasi,UNKNOWN,OTHER,1,0,0,729,20,0,0,0.0,False,,,,,,,,,,,,,,,True,True,True,True
desinventar-f68219a7-7912-43db-ba95-1aa10f16a713,UNDRR DesInventar Nepal,2010,8,27,Eastern Region,Jhapa,UNKNOWN,RAIN,0,0,0,788,102,0,0,0.0,False,,,,,,,,,,,,,,,True,True,True,True
desinventar-5c1d1246-f2fa-465f-9084-c7ae56357ad5,UNDRR DesInventar Nepal,1994,8,10,Central Region,Nuwakot,BETINI,HEAVY RAINS,0,0,0,388,0,0,254,0.0,False,,,,,,,,,,,,,,,True,True,True,True
desinventar-399e25b9-1af7-472a-ab66-365b256c797b,UNDRR DesInventar Nepal,1994,8,9,Central Region,Nuwakot,RAUTBESHI,HEAVY RAINS,0,0,0,139,0,0,5,0.0,False,,,,,,,,,,,,,,,True,True,True,True
desinventar-0663b7f0-2add-4096-b5bc-99256efe875f,UNDRR DesInventar Nepal,1994,8,9,Central Region,Nuwakot,SAMUNDRATAR,HEAVY RAINS,0,0,0,134,0,0,0,0.0,False,,,,,,,,,,,,,,,True,True,True,True
desinventar-ee8e2924-39f7-4202-b406-62a30266042e,UNDRR DesInventar Nepal,1994,8,9,Central Region,Nuwakot,KHARANI TAR,HEAVY RAINS,1,0,1,134,0,0,0,0.0,False,,,,,,,,,,,,,,,True,True,True,True
desinventar-27982bbe-a162-4501-a6f9-96597e6b7131,UNDRR DesInventar Nepal,1994,8,9,Central Region,Nuwakot,BALKUMARI,HEAVY RAINS,0,0,0,134,0,0,0,0.0,False,,,,,,,,,,,,,,,True,True,True,True
desinventar-c7299813-becb-440d-8eba-55ee77df8b85,UNDRR DesInventar Nepal,1994,8,9,Central Region,Nuwakot,UNKNOWN,HEAVY RAINS,0,0,0,0,0,0,0,0.0,False,,,,,,,,,,,,,,,True,True,True,True
desinventar-94cc573b-34c8-4104-871e-b405f5abb09d,UNDRR DesInventar Nepal,1994,8,9,Central Region,Nuwakot,KAULE,HEAVY RAINS,0,0,0,0,0,0,0,0.0,False,,,,,,,,,,,,,,,True,True,True,True
desinventar-4de8a3df-0d72-4b86-b81b-37a58062b0a9,UNDRR DesInventar Nepal,1994,8,9,Central Region,Nuwakot,KAULE,HEAVY RAINS,0,0,0,0,0,0,0,0.0,False,,,,,,,,,,,,,,,True,True,True,True
desinventar-12d8afb2-89b2-4a53-87be-e6b530dbb3f7,UNDRR DesInventar Nepal,1994,8,9,Central Region,Nuwakot,MANAKAMANA,HEAVY RAINS,0,0,0,0,0,0,0,0.0,False,,,,,,,,,,,,,,,True,True,True,True
desinventar-07c6ad03-4e3d-478c-900a-d4cefe0f4cfb,UNDRR DesInventar Nepal,1994,8,9,Central Region,Nuwakot,KHARANI TAR,HEAVY RAINS,1,0,1,134,0,0,0,0.0,False,,,,,,,,,,,,,,,True,True,True,True
desinventar-676d3bb6-f1af-4309-b098-b3669872a031,UNDRR DesInventar Nepal,2011,6,11,Central Region,Nuwakot,TARUKA,HEAVY RAINS,0,1,0,0,0,0,0,0.0,False,,,,,,,,,,,,,,,True,True,True,True
desinventar-d0220e6a-e369-4794-aa9f-46edf81ab639,UNDRR DesInventar Nepal,2011,6,14,Western Region,Gorkha,UNKNOWN,HEAVY RAINS,1,0,0,0,0,0,0,0.0,False,,,,,,,,,,,,,,,True,True,True,True
desinventar-c31b7ab1-6594-4d33-9c8d-6aad0cef15fd,UNDRR DesInventar Nepal,2011,6,23,Eastern Region,Khotang,Bakchola,HEAVY RAINS,0,0,0,0,0,0,0,0.0,False,,,,,,,,,,,,,,,True,True,True,True
desinventar-dea6f1b0-fd0d-4725-baa6-181029dcb214,UNDRR DesInventar Nepal,2011,6,26,Eastern Region,Sunsari,Duhabi,HEAVY RAINS,0,0,0,0,0,0,0,0.0,False,,,,,,,,,,,,,,,True,True,True,True
desinventar-898e1b6e-0215-41c5-92ba-4b5d71ca351a,UNDRR DesInventar Nepal,2011,6,26,Eastern Region,Udayapur,Tribeni,HEAVY RAINS,0,0,0,0,0,0,0,0.0,False,,,,,,,,,,,,,,,True,True,True,True
desinventar-cb13c9d8-a575-4852-8ad3-23639a6743cc,UNDRR DesInventar Nepal,2011,7,1,Western Region,Baglung,HUGDISHEER,HEAVY RAINS,0,0,0,5,0,2,0,0.0,False,,,,,,,,,,,,,,,True,True,True,True
desinventar-0621e26d-8564-443f-8973-8043892c9d80,UNDRR DesInventar Nepal,2011,7,1,Central Region,Bhaktapur,BHAKTAPUR NP,HEAVY RAINS,0,0,1,0,0,0,0,0.0,False,,,,,,,,,,,,,,,True,True,True,True
desinventar-63566dfd-4173-4dc4-bda6-1bd8712182ad,UNDRR DesInventar Nepal,2011,7,1,Central Region,Chitawan,MANGALUR,HEAVY RAINS,0,0,0,378,0,0,0,0.0,False,,,,,,,,,,,,,,,True,True,True,True
desinventar-410eeded-618e-4e1d-8e57-e5758044817b,UNDRR DesInventar Nepal,2011,7,1,Central Region,Chitawan,MEGHAULI,HEAVY RAINS,0,0,0,1375,0,0,0,0.0,False,,,,,,,,,,,,,,,True,True,True,True
desinventar-6f1cba00-ae4d-4d29-80c0-e7cbfd61603e,UNDRR DesInventar Nepal,2011,7,1,Central Region,Lalitpur,Saibu,HEAVY RAINS,0,0,1,0,0,0,0,0.0,False,,,,,,,,,,,,,,,True,True,True,True
desinventar-d7b5ed28-9ab4-4c72-bca4-a5a6bda435d7,UNDRR DesInventar Nepal,2011,7,1,Mid-Western Region,Pyuthan,KHAWANG,HEAVY RAINS,0,1,0,0,0,0,0,0.0,False,,,,,,,,,,,,,,,True,True,True,True
desinventar-13997d5f-7c3a-495c-9b1a-e574ddd0d481,UNDRR DesInventar Nepal,2011,7,1,Western Region,Rupandehi,SHANKAR_NAGAR,HEAVY RAINS,1,0,0,0,0,0,0,0.0,False,,,,,,,,,,,,,,,True,True,True,True
desinventar-d97420ae-be40-4e4c-8325-20ee25d66f1e,UNDRR DesInventar Nepal,2011,7,1,Eastern Region,Sunsari,Bhokraha,HEAVY RAINS,0,0,0,135,0,0,0,0.0,False,,,,,,,,,,,,,,,True,True,True,True
desinventar-ba11ac37-54a2-4e20-9cdc-b59f1e72b113,UNDRR DesInventar Nepal,2011,7,1,Western Region,Tanahu,UNKNOWN,HEAVY RAINS,0,3,0,0,0,0,0,0.0,False,,,,,,,,,,,,,,,True,True,True,True
desinventar-c9d668e7-dd6e-4746-b764-9ef5515c2816,UNDRR DesInventar Nepal,2011,7,3,Central Region,Sarlahi,NOKAILWA,HEAVY RAINS,1,0,0,0,0,0,0,0.0,False,,,,,,,,,,,,,,,True,True,True,True
desinventar-32cbd68e-dd8f-4433-9804-b14342ba7278,UNDRR DesInventar Nepal,2011,7,4,Mid-Western Region,Bardiya,UNKNOWN,HEAVY RAINS,0,1,0,0,0,0,0,0.0,False,,,,,,,,,,,,,,,True,True,True,True
desinventar-88b21da2-b444-4930-af42-c9f1a674058f,UNDRR DesInventar Nepal,2011,7,5,Far Western Region,Kailali,CHAUMALA,HEAVY RAINS,0,0,0,0,1,0,0,0.0,False,,,,,,,,,,,,,,,True,True,True,True
desinventar-6ab37cec-36e2-4bd1-8add-246d2fc20900,UNDRR DesInventar Nepal,2011,7,5,Central Region,Rautahat,PIPARA RAJBARA,HEAVY RAINS,1,0,0,0,0,0,0,0.0,False,,,,,,,,,,,,,,,True,True,True,True
desinventar-4f971555-c37f-4cf1-9692-a44c6c0429e4,UNDRR DesInventar Nepal,2011,7,6,Far Western Region,Kailali,UNKNOWN,HEAVY RAINS,1,0,0,0,0,0,0,0.0,False,,,,,,,,,,,,,,,True,True,True,True
desinventar-0d592eb2-0828-413d-85b6-1264a0809ca5,UNDRR DesInventar Nepal,2011,7,6,Western Region,Kapilbastu,UNKNOWN,HEAVY RAINS,0,1,0,0,0,0,0,0.0,False,,,,,,,,,,,,,,,True,True,True,True
desinventar-c38e1a45-b9bf-4faf-b788-9db04cd7d904,UNDRR DesInventar Nepal,2011,7,6,Eastern Region,Morang,Biratnagar Municipality,HEAVY RAINS,1,0,0,0,0,0,0,0.0,False,,,,,,,,,,,,,,,True,True,True,True
desinventar-7c224dbb-c3df-4f9a-9330-e016aa42c4ad,UNDRR DesInventar Nepal,2011,7,6,Eastern Region,Morang,Letang,HEAVY RAINS,1,0,0,0,0,0,0,0.0,False,,,,,,,,,,,,,,,True,True,True,True
desinventar-748f363b-90a1-41d9-8604-93c9cdfd9499,UNDRR DesInventar Nepal,2011,7,6,Eastern Region,Morang,Govindapur,HEAVY RAINS,1,0,0,0,0,0,0,0.0,False,,,,,,,,,,,,,,,True,True,True,True
desinventar-0dc363f6-80e5-4bf2-b38d-7e5e95a732a4,UNDRR DesInventar Nepal,2011,7,7,Far Western Region,Kailali,BALIYA,HEAVY RAINS,0,1,2,0,0,0,0,0.0,False,,,,,,,,,,,,,,,True,True,True,True
desinventar-e3c84597-9429-4933-a426-51c75f9717a1,UNDRR DesInventar Nepal,2011,7,7,Far Western Region,Kailali,UDASIPUR,HEAVY RAINS,1,0,0,0,0,0,0,0.0,False,,,,,,,,,,,,,,,True,True,True,True
desinventar-b63359a5-cc59-4738-ba1c-a452a8a3f88e,UNDRR DesInventar Nepal,2011,7,7,Central Region,Parsa,Birgunj Municipality,HEAVY RAINS,1,0,1,0,0,0,0,0.0,False,,,,,,,,,,,,,,,True,True,True,True
desinventar-a5d6f75f-fed2-4ba2-ba27-c56684715521,UNDRR DesInventar Nepal,2011,7,8,Mid-Western Region,Surkhet,RAKAM,HEAVY RAINS,1,0,0,0,0,0,0,0.0,False,,,,,,,,,,,,,,,True,True,True,True
desinventar-80d3269c-29de-4d31-80b5-f5f444f6c94a,UNDRR DesInventar Nepal,2011,7,9,Mid-Western Region,Banke,TITIHIRIA,HEAVY RAINS,1,0,0,0,0,0,0,0.0,False,,,,,,,,,,,,,,,True,True,True,True
desinventar-6b60b266-4caf-4e44-8e3d-e851111d75d2,UNDRR DesInventar Nepal,2011,7,10,Eastern Region,Jhapa,KHUDUNABARI,HEAVY RAINS,0,1,0,0,0,0,0,0.0,False,,,,,,,,,,,,,,,True,True,True,True
desinventar-7c7b1459-186e-4bb7-b5e1-a4458182d3c6,UNDRR DesInventar Nepal,2011,7,10,Far Western Region,Kailali,KHAIRALA,HEAVY RAINS,0,1,0,0,0,0,0,0.0,False,,,,,,,,,,,,,,,True,True,True,True
desinventar-7ec45232-086a-4a0f-9e53-c06bdb8aef51,UNDRR DesInventar Nepal,2011,7,10,Central Region,Parsa,Nagardaha,HEAVY RAINS,1,0,0,0,0,0,0,0.0,False,,,,,,,,,,,,,,,True,True,True,True
desinventar-2add7211-27e6-4673-94b4-41df220aae07,UNDRR DesInventar Nepal,2011,7,10,Central Region,Sindhuli,Ladabhir,HEAVY RAINS,1,0,0,0,0,0,0,0.0,False,,,,,,,,,,,,,,,True,True,True,True
desinventar-ecceb406-0382-46a2-81bb-f82e092f021e,UNDRR DesInventar Nepal,2011,7,11,Mid-Western Region,Surkhet,BIRENDRANAGAR NP,HEAVY RAINS,0,1,0,0,0,0,0,0.0,False,,,,,,,,,,,,,,,True,True,True,True
desinventar-4f87d9c6-401a-44b5-ad8a-7390c26d1b74,UNDRR DesInventar Nepal,2011,7,11,Western Region,Tanahu,UNKNOWN,HEAVY RAINS,0,1,0,0,0,0,0,0.0,False,,,,,,,,,,,,,,,True,True,True,True
desinventar-b26d4988-ac9a-4c9d-bee0-504617d4a59d,UNDRR DesInventar Nepal,2011,7,12,Eastern Region,Sankhuwasabha,UNKNOWN,HEAVY RAINS,0,1,0,0,0,0,0,0.0,False,,,,,,,,,,,,,,,True,True,True,True
desinventar-171aa316-be43-422c-ba9b-db4c99f24897,UNDRR DesInventar Nepal,2011,7,12,Central Region,Sarlahi,HAJARIYA,HEAVY RAINS,1,0,0,0,0,0,0,0.0,False,,,,,,,,,,,,,,,True,True,True,True
desinventar-c17a6167-baa0-4686-9064-3e0f61e38d48,UNDRR DesInventar Nepal,2011,7,14,Western Region,Nawalparasi,HARAPUR,HEAVY RAINS,0,1,0,0,0,0,0,0.0,False,,,,,,,,,,,,,,,True,True,True,True
desinventar-e7911981-03fe-4784-a879-d8a4040bd336,UNDRR DesInventar Nepal,2011,7,14,Central Region,Sarlahi,NETRAGANJ,HEAVY RAINS,1,0,0,0,0,0,0,0.0,False,,,,,,,,,,,,,,,True,True,True,True
desinventar-4c16b873-f1c9-4239-a315-ee5f5991f5f6,UNDRR DesInventar Nepal,2011,7,15,Mid-Western Region,Dang,GOBARDIHA,HEAVY RAINS,1,0,0,0,0,0,0,0.0,False,,,,,,,,,,,,,,,True,True,True,True
desinventar-0d046892-ab2b-46a3-83bb-9d1100f6b3ab,UNDRR DesInventar Nepal,2011,7,15,Central Region,Kavre,PANUTI  MUNICIPALITY,HEAVY RAINS,1,0,0,0,0,0,0,0.0,False,,,,,,,,,,,,,,,True,True,True,True
desinventar-e50a26ef-daf5-4928-9a7c-1829882f32a0,UNDRR DesInventar Nepal,2011,7,15,Western Region,Mustang,KOBANG,HEAVY RAINS,0,0,0,0,0,0,0,0.0,True,,,,,,,,,,,,,,,True,True,True,True
desinventar-1bfcce59-a163-472a-be97-47cc717e829e,UNDRR DesInventar Nepal,2011,7,15,Eastern Region,Saptari,PHATTEPUR,HEAVY RAINS,1,0,0,0,0,0,0,0.0,False,,,,,,,,,,,,,,,True,True,True,True
desinventar-18c03005-51ad-4975-8548-9e217bad2c85,UNDRR DesInventar Nepal,2011,7,17,Western Region,Kaski,LAMACHAUR,HEAVY RAINS,0,1,0,0,0,0,0,0.0,False,,,,,,,,,,,,,,,True,True,True,True
desinventar-ee43bbdc-223f-465d-ad14-14f436aa17e4,UNDRR DesInventar Nepal,2011,7,17,Central Region,Sindhuli,UNKNOWN,HEAVY RAINS,1,0,0,0,0,0,0,0.0,False,,,,,,,,,,,,,,,True,True,True,True
desinventar-8152cac8-25c5-44c4-8dde-ef1e947071ac,UNDRR DesInventar Nepal,2011,7,18,Eastern Region,Ilam,CHULACHULI,HEAVY RAINS,1,0,0,0,0,0,0,0.0,False,,,,,,,,,,,,,,,True,True,True,True
desinventar-275ab48a-7922-4060-a13e-df070cd4ee6e,UNDRR DesInventar Nepal,2011,7,18,Eastern Region,Jhapa,SHIVAGANJ,HEAVY RAINS,0,0,0,0,0,0,0,0.0,False,,,,,,,,,,,,,,,True,True,True,True
desinventar-c519a856-c07c-4229-9b33-7686b09cc1b2,UNDRR DesInventar Nepal,2011,7,18,Eastern Region,Morang,UNKNOWN,HEAVY RAINS,0,1,0,0,0,0,0,0.0,False,,,,,,,,,,,,,,,True,True,True,True
desinventar-aee84514-dfef-4b73-af53-80471aa17172,UNDRR DesInventar Nepal,2011,7,11,Eastern Region,Jhapa,ANARMANI,HEAVY RAINS,1,0,0,0,0,0,0,0.0,False,,,,,,,,,,,,,,,True,True,True,True
desinventar-da783049-d883-4ca4-9738-252d96970db9,UNDRR DesInventar Nepal,2011,7,19,Eastern Region,Jhapa,ARJUNDHARA,HEAVY RAINS,0,0,0,0,1,0,0,0.0,False,,,,,,,,,,,,,,,True,True,True,True
desinventar-782f109b-b8bf-40ac-be4c-93d52dd4ba00,UNDRR DesInventar Nepal,2011,7,19,Eastern Region,Morang,Sanischare,HEAVY RAINS,0,0,0,0,0,0,0,0.0,False,,,,,,,,,,,,,,,True,True,True,True
desinventar-62574711-f800-4da6-b156-571b9a8b49f9,UNDRR DesInventar Nepal,2011,7,19,Mid-Western Region,Surkhet,GUMI,HEAVY RAINS,1,0,0,0,0,0,0,0.0,False,,,,,,,,,,,,,,,True,True,True,True
desinventar-804a4f7f-21a6-437b-ae1a-f16231d4f81c,UNDRR DesInventar Nepal,2011,7,20,Eastern Region,Jhapa,GARAMANI,HEAVY RAINS,0,0,0,0,0,0,0,0.0,False,,,,,,,,,,,,,,,True,True,True,True
desinventar-506a16cf-3003-45bf-8157-5fd77d814d0b,UNDRR DesInventar Nepal,2011,7,20,Central Region,Kathmandu,KATHMANDU METROPOLITAN CITY,HEAVY RAINS,0,1,0,0,0,0,0,0.0,False,,,,,,,,,,,,,,,True,True,True,True
desinventar-f889f94f-dc5f-401a-804a-e613a0278dcf,UNDRR DesInventar Nepal,2011,7,20,Western Region,Mustang,CHARANG,HEAVY RAINS,0,0,0,0,0,0,0,0.0,False,,,,,,,,,,,,,,,True,True,True,True
desinventar-6c6f1186-f903-4d57-ac1e-441fd7106c5e,UNDRR DesInventar Nepal,2011,7,20,Western Region,Nawalparasi,NARAYANI,HEAVY RAINS,0,1,0,0,0,0,0,0.0,False,,,,,,,,,,,,,,,True,True,True,True
desinventar-dcad5972-5db7-4b5f-95c9-a4ecd08569a1,UNDRR DesInventar Nepal,2011,7,20,Central Region,Rautahat,UNKNOWN,HEAVY RAINS,0,1,0,0,0,0,0,0.0,False,,,,,,,,,,,,,,,True,True,True,True
desinventar-ed41c34b-9da5-4d59-9cfb-9c47fe494626,UNDRR DesInventar Nepal,2011,7,21,Mid-Western Region,Jumla,MAHABAI PATHASKOT,HEAVY RAINS,0,1,0,0,0,0,0,0.0,False,,,,,,,,,,,,,,,True,True,True,True
desinventar-142290c0-0494-42f2-9b28-ac55959d75ed,UNDRR DesInventar Nepal,2011,7,11,Central Region,Sindhupalchoke,Bhimtar,HEAVY RAINS,0,0,0,0,0,0,0,0.0,False,,,,,,,,,,,,,,,True,True,True,True
desinventar-f1a84e3a-a58c-4b7f-a29e-aa76aeb52555,UNDRR DesInventar Nepal,2011,7,22,Central Region,Sarlahi,UNKNOWN,HEAVY RAINS,1,0,0,0,0,0,0,0.0,False,,,,,,,,,,,,,,,True,True,True,True
desinventar-7076dc88-20e4-4c6c-8328-72503cd94391,UNDRR DesInventar Nepal,2011,7,23,Mid-Western Region,Banke,BANKATAWA,HEAVY RAINS,1,0,0,32,0,0,0,0.0,False,,,,,,,,,,,,,,,True,True,True,True
desinventar-b5d607be-1b59-4142-bbe7-04a534d6bb2a,UNDRR DesInventar Nepal,2011,7,23,Central Region,Bara,PARSAUNI,HEAVY RAINS,1,0,0,0,0,0,0,0.0,False,,,,,,,,,,,,,,,True,True,True,True
desinventar-51454979-a04a-449a-8c35-cd692a11f74c,UNDRR DesInventar Nepal,2011,7,23,Far Western Region,Kanchanpur,SANKARPUR,HEAVY RAINS,0,0,0,97,0,0,0,0.0,False,,,,,,,,,,,,,,,True,True,True,True
desinventar-95099507-0f25-4c52-b7b6-249f9b1d9979,UNDRR DesInventar Nepal,2011,7,24,Central Region,Bara,PARSAUNA (A),HEAVY RAINS,1,0,0,0,0,0,0,0.0,False,,,,,,,,,,,,,,,True,True,True,True
desinventar-2a739f6f-0012-4354-9e6f-a64d54e7e113,UNDRR DesInventar Nepal,2011,7,25,Far Western Region,Achham,SIDDESHWOR,HEAVY RAINS,0,1,0,0,0,0,0,0.0,False,,,,,,,,,,,,,,,True,True,True,True
desinventar-8333c947-8dd8-42e7-95a4-6de4c3d314bb,UNDRR DesInventar Nepal,2011,7,25,Mid-Western Region,Bardiya,PATABHAR,HEAVY RAINS,1,0,0,0,0,0,0,0.0,False,,,,,,,,,,,,,,,True,True,True,True
desinventar-2bce8238-af62-4f21-a5c6-ccd8273e98cc,UNDRR DesInventar Nepal,2011,7,25,Mid-Western Region,Pyuthan,SARI,HEAVY RAINS,0,1,0,0,0,0,0,0.0,False,,,,,,,,,,,,,,,True,True,True,True
desinventar-b337547e-5b02-411b-803b-6ded7301ef90,UNDRR DesInventar Nepal,2011,7,26,Eastern Region,Jhapa,KHUDUNABARI,HEAVY RAINS,1,0,0,0,0,0,0,0.0,False,,,,,,,,,,,,,,,True,True,True,True
desinventar-d7060488-3f4e-4bc2-9810-b925d7175a4c,UNDRR DesInventar Nepal,2011,7,27,Mid-Western Region,Kalikot,DHAULAGOH,HEAVY RAINS,0,1,0,0,0,0,0,0.0,False,,,,,,,,,,,,,,,True,True,True,True
desinventar-dd440d6a-412e-410a-b89a-488c199c24d7,UNDRR DesInventar Nepal,2011,7,28,Eastern Region,Jhapa,ARJUNDHARA,HEAVY RAINS,1,0,0,0,0,0,0,0.0,False,,,,,,,,,,,,,,,True,True,True,True
desinventar-a642d445-c2a6-48fb-ae19-6ea92bde9b28,UNDRR DesInventar Nepal,2011,7,28,Central Region,Lalitpur,Saibu,HEAVY RAINS,1,0,0,0,0,0,0,0.0,False,,,,,,,,,,,,,,,True,True,True,True
desinventar-f0fc0ecd-7efa-43e0-92aa-12cf49379854,UNDRR DesInventar Nepal,2011,7,28,Central Region,Makwanpur,HADIKHOLA,HEAVY RAINS,1,0,0,0,0,0,0,0.0,False,,,,,,,,,,,,,,,True,True,True,True
desinventar-e6efa72e-4088-45af-86a3-eaa46a08e08c,UNDRR DesInventar Nepal,2011,7,29,Central Region,Rautahat,DHARMAPUR,HEAVY RAINS,1,0,0,0,0,0,0,0.0,False,,,,,,,,,,,,,,,True,True,True,True
desinventar-90ff6450-b9a3-4e77-a8b0-73956a5c6696,UNDRR DesInventar Nepal,2011,7,29,Western Region,Rupandehi,DAYA_NAGAR,HEAVY RAINS,0,1,0,0,0,0,0,0.0,False,,,,,,,,,,,,,,,True,True,True,True
desinventar-5d627369-291f-41e6-8c34-0340a92810cc,UNDRR DesInventar Nepal,2011,7,30,Eastern Region,Jhapa,SATASIDHAM,HEAVY RAINS,0,0,0,0,1,0,0,0.0,False,,,,,,,,,,,,,,,True,True,True,True
desinventar-b0b75824-385d-4bf6-8850-18cb14f1256a,UNDRR DesInventar Nepal,2011,7,30,Far Western Region,Kailali,UNKNOWN,HEAVY RAINS,0,0,1,0,0,0,0,0.0,False,,,,,,,,,,,,,,,True,True,True,True
desinventar-d3d9ec03-cf90-4973-a4c5-8e4d8da44f20,UNDRR DesInventar Nepal,2011,7,31,Mid-Western Region,Bardiya,KALIKA,HEAVY RAINS,0,0,0,0,0,0,0,0.0,False,,,,,,,,,,,,,,,True,True,True,True
desinventar-fc1cbc11-1b0c-417f-90ac-7c1fdd0715d8,UNDRR DesInventar Nepal,2011,7,31,Central Region,Rautahat,SAKHUAWA,HEAVY RAINS,1,0,0,0,0,0,0,0.0,False,,,,,,,,,,,,,,,True,True,True,True
desinventar-7fd19ed4-32ff-4e61-9d9a-99797e56d9a4,UNDRR DesInventar Nepal,2011,7,31,Central Region,Sindhuli,Kalpabriksha,HEAVY RAINS,1,0,0,0,0,0,0,0.0,False,,,,,,,,,,,,,,,True,True,True,True
desinventar-1c5384c2-d946-4f1d-9a84-9e931a99ffc8,UNDRR DesInventar Nepal,2011,7,31,Central Region,Sindhuli,Hatpate,HEAVY RAINS,0,1,0,0,0,0,0,0.0,False,,,,,,,,,,,,,,,True,True,True,True
desinventar-3d5fba93-7335-4ba3-9cb2-9565a73b9c25,UNDRR DesInventar Nepal,2011,8,1,Western Region,Baglung,ADHIKARICHAUR,HEAVY RAINS,0,0,0,0,0,3,0,0.0,False,,,,,,,,,,,,,,,True,True,True,True
desinventar-42730381-be3d-41b0-8ce8-50b9d26e8297,UNDRR DesInventar Nepal,2011,8,1,Far Western Region,Bajhang,Chainpur,HEAVY RAINS,1,0,1,0,0,0,0,0.0,False,,,,,,,,,,,,,,,True,True,True,True
desinventar-9ce85dc0-0e48-4493-8d89-82d924010de0,UNDRR DesInventar Nepal,2011,8,1,Far Western Region,Bajhang,Kandel,HEAVY RAINS,1,0,1,0,0,0,0,0.0,False,,,,,,,,,,,,,,,True,True,True,True
desinventar-ee4fcdd1-d662-487c-b0d4-38d5fbcad73f,UNDRR DesInventar Nepal,2011,8,1,Mid-Western Region,Bardiya,GULARIYA,HEAVY RAINS,0,0,0,0,1,0,0,0.0,False,,,,,,,,,,,,,,,True,True,True,True
desinventar-385a4495-b739-48d7-ae95-73796aad520f,UNDRR DesInventar Nepal,2011,8,1,Mid-Western Region,Bardiya,GULARIYA,HEAVY RAINS,0,0,0,5,1,0,0,0.0,False,,,,,,,,,,,,,,,True,True,True,True
desinventar-851d1a79-f004-4bd4-8930-29a8e23b33d3,UNDRR DesInventar Nepal,2011,8,1,Eastern Region,Panchthar,RANITAR,HEAVY RAINS,0,1,0,0,0,0,0,0.0,False,,,,,,,,,,,,,,,True,True,True,True
desinventar-7b52b75d-e1d7-46e6-86ba-0178ff360213,UNDRR DesInventar Nepal,2011,8,1,Central Region,Rautahat,BASANTAPATTI,HEAVY RAINS,1,0,0,0,0,0,0,0.0,False,,,,,,,,,,,,,,,True,True,True,True
desinventar-63227ae4-9185-46a7-b2dc-1b87236582db,UNDRR DesInventar Nepal,2011,8,1,Western Region,Rupandehi,MANMATERIYA,HEAVY RAINS,1,0,0,0,0,0,0,0.0,False,,,,,,,,,,,,,,,True,True,True,True
desinventar-b35329c2-f1f2-4131-8d1a-f0dd8a7786a6,UNDRR DesInventar Nepal,2011,8,1,Eastern Region,Udayapur,UNKNOWN,HEAVY RAINS,0,2,0,0,0,0,0,0.0,False,,,,,,,,,,,,,,,True,True,True,True
desinventar-73fa96cc-2d40-4058-ad73-b361ca65e2f7,UNDRR DesInventar Nepal,2011,8,2,Western Region,Kapilbastu,KOPAWA,HEAVY RAINS,0,1,0,0,0,0,0,0.0,False,,,,,,,,,,,,,,,True,True,True,True
desinventar-b2c4bd0f-8592-4993-bad4-f093684761e0,UNDRR DesInventar Nepal,2011,8,2,Eastern Region,Solukhumbu,Waku,HEAVY RAINS,0,0,0,0,1,0,0,0.0,False,,,,,,,,,,,,,,,True,True,True,True
desinventar-35caa295-7523-4f97-a05e-6daef1f5403b,UNDRR DesInventar Nepal,2011,8,3,Far Western Region,Baitadi,DASHARATHCHAND N.P,HEAVY RAINS,0,1,0,0,0,0,0,0.0,False,,,,,,,,,,,,,,,True,True,True,True
desinventar-4a0db614-8dfc-43ff-825b-16b885817d71,UNDRR DesInventar Nepal,2011,8,3,Western Region,Palpa,FEK,HEAVY RAINS,0,2,1,0,0,0,0,0.0,False,,,,,,,,,,,,,,,True,True,True,True
desinventar-66406e40-0472-4e4d-a79c-b95206f5f60b,UNDRR DesInventar Nepal,2011,8,3,Central Region,Parsa,Supauli,HEAVY RAINS,0,0,0,0,0,0,0,0.0,False,,,,,,,,,,,,,,,True,True,True,True
desinventar-78429c8d-b576-4bc1-8bba-2599e3828ddc,UNDRR DesInventar Nepal,2011,8,3,Mid-Western Region,Rolpa,UNKNOWN,HEAVY RAINS,2,0,0,0,0,0,0,0.0,False,,,,,,,,,,,,,,,True,True,True,True
desinventar-f6f2725b-1fe2-4c5e-b37f-bdab4ca467f0,UNDRR DesInventar Nepal,2011,8,5,Mid-Western Region,Dang,TULSIPUR_MUNICIPALIT,HEAVY RAINS,1,0,0,0,0,0,0,0.0,False,,,,,,,,,,,,,,,True,True,True,True
desinventar-6d6aa71f-fbba-4338-a538-9bf50f6b28c0,UNDRR DesInventar Nepal,2011,8,5,Central Region,Nuwakot,UNKNOWN,HEAVY RAINS,1,0,0,0,0,0,0,0.0,False,,,,,,,,,,,,,,,True,True,True,True
desinventar-493b9224-e0d4-4de5-a4da-213551362dcd,UNDRR DesInventar Nepal,2011,8,6,Central Region,Sindhupalchoke,UNKNOWN,HEAVY RAINS,0,1,0,0,0,0,0,0.0,False,,,,,,,,,,,,,,,True,True,True,True
desinventar-a208d17b-3221-4057-8a83-23a2f5173a86,UNDRR DesInventar Nepal,2011,8,7,Eastern Region,Siraha,Siraha Municapility,HEAVY RAINS,1,0,0,0,0,0,0,0.0,False,,,,,,,,,,,,,,,True,True,True,True
desinventar-3f01f27d-f829-4711-83ce-f4b81d0be500,UNDRR DesInventar Nepal,2011,8,7,Eastern Region,Sunsari,Bharaul,HEAVY RAINS,0,1,1,0,0,0,0,0.0,False,,,,,,,,,,,,,,,True,True,True,True
desinventar-416fccb8-2f8f-49cb-b80d-5df7b4f9a99b,UNDRR DesInventar Nepal,2011,8,8,Eastern Region,Bhojpur,KHATANMA,HEAVY RAINS,0,0,0,0,0,0,0,0.0,False,,,,,,,,,,,,,,,True,True,True,True
desinventar-53dbd02a-2d3f-46dd-bacb-43a7982323ba,UNDRR DesInventar Nepal,2011,8,8,Mid-Western Region,Dang,URAHARI,HEAVY RAINS,1,0,0,0,0,0,0,0.0,False,,,,,,,,,,,,,,,True,True,True,True
desinventar-869db871-b95a-4705-bbef-74e876f80316,UNDRR DesInventar Nepal,2011,8,9,Far Western Region,Kailali,RAMSIKHAR JHALA,HEAVY RAINS,1,0,0,0,0,0,0,0.0,False,,,,,,,,,,,,,,,True,True,True,True
desinventar-5ab69249-3320-4a53-bb05-741ec3e4175f,UNDRR DesInventar Nepal,2011,8,9,Far Western Region,Kailali,DANSINHAPUR,HEAVY RAINS,0,1,0,0,0,0,0,0.0,False,,,,,,,,,,,,,,,True,True,True,True
desinventar-8b549c35-ebcd-4cdb-8818-5d456b385ba4,UNDRR DesInventar Nepal,2011,8,9,Western Region,Nawalparasi,DUMKIBAS,HEAVY RAINS,1,0,0,0,0,0,0,0.0,False,,,,,,,,,,,,,,,True,True,True,True
desinventar-78120c1b-0a51-4f2d-9876-934e4f765df8,UNDRR DesInventar Nepal,2011,8,9,Western Region,Rupandehi,UNKNOWN,HEAVY RAINS,0,1,0,0,0,0,0,0.0,False,,,,,,,,,,,,,,,True,True,True,True
desinventar-e6a4c22e-396d-48c7-a625-d84ed3fdf652,UNDRR DesInventar Nepal,2011,8,10,Western Region,Tanahu,BHANU,HEAVY RAINS,3,0,0,0,0,0,0,0.0,False,,,,,,,,,,,,,,,True,True,True,True
desinventar-2307105d-830e-4fe4-9c0d-be6228b75132,UNDRR DesInventar Nepal,2011,8,12,Central Region,Bara,NIJGADH,HEAVY RAINS,1,0,0,0,0,0,0,0.0,False,,,,,,,,,,,,,,,True,True,True,True
desinventar-0f212af3-eb29-494a-86c6-5a661d9d4536,UNDRR DesInventar Nepal,2011,8,12,Central Region,Dhading,UNKNOWN,HEAVY RAINS,0,1,0,0,0,0,0,0.0,False,,,,,,,,,,,,,,,True,True,True,True
desinventar-1fc8a998-b233-4466-8bb1-74994384086d,UNDRR DesInventar Nepal,2011,8,12,Central Region,Sarlahi,UNKNOWN,HEAVY RAINS,1,0,0,0,0,0,0,0.0,False,,,,,,,,,,,,,,,True,True,True,True
desinventar-5c76a522-2839-4497-9c33-ee62b942c5b3,UNDRR DesInventar Nepal,2011,8,13,Western Region,Arghakanchi,THADA,HEAVY RAINS,0,1,0,0,0,0,0,0.0,False,,,,,,,,,,,,,,,True,True,True,True
desinventar-93ba96cd-8305-43be-a2bd-01959161d6f4,UNDRR DesInventar Nepal,2011,8,13,Central Region,Bara,NIJGADH,HEAVY RAINS,1,0,0,0,0,0,0,0.0,False,,,,,,,,,,,,,,,True,True,True,True
desinventar-8e96aaca-a8ee-4f8b-9e1b-52eed0e90e49,UNDRR DesInventar Nepal,2011,8,13,Central Region,Dolakha,Lamabagar,HEAVY RAINS,0,0,0,0,2,0,0,0.0,False,,,,,,,,,,,,,,,True,True,True,True
desinventar-04b6bb78-53f3-4c56-ad48-ae7881e3fbca,UNDRR DesInventar Nepal,2011,8,13,Central Region,Mahotari,Luxminiya,HEAVY RAINS,1,0,0,0,0,0,0,0.0,False,,,,,,,,,,,,,,,True,True,True,True
desinventar-59affb19-d204-4748-973a-1ce3411f1e75,UNDRR DesInventar Nepal,2011,8,13,Central Region,Sarlahi,BRAMHAPURI,HEAVY RAINS,1,0,0,0,0,0,0,0.0,False,,,,,,,,,,,,,,,True,True,True,True
desinventar-ac7f1a4e-0f59-4932-b1e8-ecaf5d5b40e4,UNDRR DesInventar Nepal,2011,8,15,Central Region,Bara,AMLEKHGANJ,HEAVY RAINS,1,0,0,0,0,0,0,0.0,False,,,,,,,,,,,,,,,True,True,True,True
desinventar-9b1cf77e-ae6c-4100-838a-d51d15c01b08,UNDRR DesInventar Nepal,2011,8,15,Eastern Region,Bhojpur,BHOJPUR,HEAVY RAINS,0,0,0,0,0,0,0,0.0,False,,,,,,,,,,,,,,,True,True,True,True
desinventar-7ed02394-190a-4878-aef3-ecffb8cb1a54,UNDRR DesInventar Nepal,2011,8,15,Central Region,Kathmandu,THANKOT,HEAVY RAINS,1,0,0,0,0,0,0,0.0,False,,,,,,,,,,,,,,,True,True,True,True
desinventar-73f03c9c-e982-44ec-bcff-f9fb3ef10a04,UNDRR DesInventar Nepal,2011,8,16,Mid-Western Region,Banke,NEPALGANJ N.P.,HEAVY RAINS,1,0,0,0,0,0,0,0.0,False,,,,,,,,,,,,,,,True,True,True,True
desinventar-c72e8167-d48b-4f2e-9c2e-c62ec3387957,UNDRR DesInventar Nepal,2011,8,16,Eastern Region,Ilam,PASHUPATI NAGAR,HEAVY RAINS,1,0,0,0,0,0,0,0.0,False,,,,,,,,,,,,,,,True,True,True,True
desinventar-1e28885e-9f21-4d55-b227-ee926fb49692,UNDRR DesInventar Nepal,2011,8,18,Eastern Region,Saptari,PHAKIRA,HEAVY RAINS,0,0,0,0,13,0,0,0.0,False,,,,,,,,,,,,,,,True,True,True,True
desinventar-ff5c3e51-7252-40fd-bb85-7fbbef3b8b20,UNDRR DesInventar Nepal,2011,8,18,Western Region,Tanahu,DEVGHAT,HEAVY RAINS,1,0,0,0,0,0,0,0.0,False,,,,,,,,,,,,,,,True,True,True,True
desinventar-0d59a045-1611-40d3-a14a-d4b0f3f15b64,UNDRR DesInventar Nepal,2011,8,19,Western Region,Lamjung,BAHUNDADA,HEAVY RAINS,0,1,0,0,0,0,0,0.0,False,,,,,,,,,,,,,,,True,True,True,True
desinventar-c8142a2f-aac8-461e-9eda-331e15c82cd0,UNDRR DesInventar Nepal,2011,8,19,Eastern Region,Okhaldhunga,TOKSEL,HEAVY RAINS,0,1,0,0,0,0,0,0.0,False,,,,,,,,,,,,,,,True,True,True,True
desinventar-f27570af-9228-4fdf-80c4-dfb319ee1292,UNDRR DesInventar Nepal,2011,8,20,Eastern Region,Jhapa,GAURADAHA,HEAVY RAINS,1,0,0,0,0,0,0,0.0,False,,,,,,,,,,,,,,,True,True,True,True
desinventar-18007f3b-e55e-43da-b500-acefbce174fb,UNDRR DesInventar Nepal,2011,8,20,Western Region,Kaski,POKHARA_SMP,HEAVY RAINS,0,1,0,0,0,0,0,0.0,False,,,,,,,,,,,,,,,True,True,True,True
desinventar-b9e1e180-b3a9-4f3e-a9f1-0f3e169ae837,UNDRR DesInventar Nepal,2011,8,21,Eastern Region,Jhapa,BHUDHABARE,HEAVY RAINS,1,0,0,0,0,0,0,0.0,False,,,,,,,,,,,,,,,True,True,True,True
desinventar-22ed89a6-8f3c-4d07-aecc-6335b6da4bd6,UNDRR DesInventar Nepal,2011,8,21,Eastern Region,Sankhuwasabha,Khadbari Municipali,HEAVY RAINS,0,1,0,0,0,0,0,0.0,False,,,,,,,,,,,,,,,True,True,True,True
desinventar-b0947b2d-0a30-4af1-92a3-65b041b90352,UNDRR DesInventar Nepal,2011,8,22,Central Region,Bara,GOLGANJ,HEAVY RAINS,1,0,0,0,0,0,0,0.0,False,,,,,,,,,,,,,,,True,True,True,True
desinventar-ec673e40-279b-4cdc-9869-7f5be494b8cf,UNDRR DesInventar Nepal,2011,8,22,Central Region,Sindhuli,Bhimsthan,HEAVY RAINS,0,0,0,0,0,0,0,0.0,False,,,,,,,,,,,,,,,True,True,True,True
desinventar-b08a2432-d8ca-442d-9045-9944a0797352,UNDRR DesInventar Nepal,2011,8,22,Mid-Western Region,Surkhet,BIRENDRANAGAR NP,HEAVY RAINS,0,0,2,0,0,0,0,0.0,False,,,,,,,,,,,,,,,True,True,True,True
desinventar-1c9c5833-0e84-4d22-9191-47539dcc3151,UNDRR DesInventar Nepal,2011,8,22,Mid-Western Region,Surkhet,UNKNOWN,HEAVY RAINS,0,1,0,0,0,0,0,0.0,False,,,,,,,,,,,,,,,True,True,True,True
desinventar-44af8439-2160-4a3e-849e-812d202fffbe,UNDRR DesInventar Nepal,2011,8,23,Eastern Region,Bhojpur,KOT,HEAVY RAINS,1,0,0,0,0,0,0,0.0,False,,,,,,,,,,,,,,,True,True,True,True
desinventar-d430bff7-b272-44ec-a855-e55e3cc5af01,UNDRR DesInventar Nepal,2011,8,22,Mid-Western Region,Dang,PURRUNDHARA,HEAVY RAINS,0,1,0,0,0,0,0,0.0,False,,,,,,,,,,,,,,,True,True,True,True
desinventar-36657507-d0aa-421f-8535-32c81e3ff70d,UNDRR DesInventar Nepal,2011,8,24,Eastern Region,Jhapa,KOHABARA,HEAVY RAINS,0,1,0,0,0,0,0,0.0,False,,,,,,,,,,,,,,,True,True,True,True
desinventar-fcd9c344-3320-4e6a-856d-c426c2209b84,UNDRR DesInventar Nepal,2011,8,24,Western Region,Parbat,KHANIGAUN,HEAVY RAINS,0,0,0,0,0,0,0,0.0,False,,,,,,,,,,,,,,,True,True,True,True
desinventar-e11e7783-679c-4f6c-8683-2b11e192e938,UNDRR DesInventar Nepal,2011,8,24,Eastern Region,Udayapur,Rampur,HEAVY RAINS,0,1,0,0,0,0,0,0.0,False,,,,,,,,,,,,,,,True,True,True,True
desinventar-0287790e-f1ef-446d-bea4-a09b6b77f7c2,UNDRR DesInventar Nepal,2011,8,25,Far Western Region,Kanchanpur,UNKNOWN,HEAVY RAINS,0,1,0,0,0,0,0,0.0,False,,,,,,,,,,,,,,,True,True,True,True
desinventar-fcd07615-9749-46c8-a948-571cbc7501bf,UNDRR DesInventar Nepal,2011,8,26,Mid-Western Region,Rukum,PIPAL,HEAVY RAINS,0,1,0,0,0,0,0,0.0,False,,,,,,,,,,,,,,,True,True,True,True
desinventar-ce1d91e3-202f-4894-b057-bd6cdbeeb208,UNDRR DesInventar Nepal,2011,8,26,Western Region,Rupandehi,SEMALAR,HEAVY RAINS,1,0,0,0,0,0,0,0.0,False,,,,,,,,,,,,,,,True,True,True,True
desinventar-1d9a541c-40e0-4900-8209-2210b6c37f90,UNDRR DesInventar Nepal,2011,8,26,Eastern Region,Sunsari,Dharan Municiplality,HEAVY RAINS,2,0,0,0,0,0,0,0.0,False,,,,,,,,,,,,,,,True,True,True,True
desinventar-a8976b9a-4788-448c-a5a7-c96ae8689f9c,UNDRR DesInventar Nepal,2011,8,27,Eastern Region,Jhapa,BHADRAPUR MUN.,HEAVY RAINS,0,1,0,0,0,0,0,0.0,False,,,,,,,,,,,,,,,True,True,True,True
desinventar-10663f0b-1299-4bff-a41e-3250f0359a49,UNDRR DesInventar Nepal,2011,8,27,Central Region,Makwanpur,MANAHARI,HEAVY RAINS,1,0,0,0,0,0,0,0.0,False,,,,,,,,,,,,,,,True,True,True,True
desinventar-dd1eceda-1628-43df-96fd-98636351d3c1,UNDRR DesInventar Nepal,2011,8,29,Eastern Region,Siraha,Badaharamal,HEAVY RAINS,1,0,0,5,0,0,0,0.0,False,,,,,,,,,,,,,,,True,True,True,True
desinventar-26a54958-ea7e-4a6e-a1cd-60d8b6d2278a,UNDRR DesInventar Nepal,2011,8,30,Western Region,Nawalparasi,SWATHI,HEAVY RAINS,0,1,0,5,0,0,0,0.0,False,,,,,,,,,,,,,,,True,True,True,True
desinventar-00ea0cf4-4a68-4511-8421-57780e89b2f4,UNDRR DesInventar Nepal,2011,8,30,Western Region,Palpa,DOBHAN,HEAVY RAINS,0,1,0,5,0,0,0,0.0,False,,,,,,,,,,,,,,,True,True,True,True
desinventar-ee2c38c5-c7e2-4f84-9d8d-5e33b641bbf1,UNDRR DesInventar Nepal,2011,8,31,Central Region,Nuwakot,NARJAMAND,HEAVY RAINS,0,1,0,5,0,0,0,0.0,False,,,,,,,,,,,,,,,True,True,True,True
desinventar-a0f2f747-6ded-4ba5-8653-a77e7d85fccb,UNDRR DesInventar Nepal,2011,9,5,Mid-Western Region,Dang,SATBARIYA,HEAVY RAINS,1,0,0,0,0,0,0,0.0,False,,,,,,,,,,,,,,,True,True,True,True
desinventar-b851bfab-dd1e-4710-98dd-3eb3633175d5,UNDRR DesInventar Nepal,2011,9,6,Far Western Region,Doti,LADAGADA,HEAVY RAINS,0,1,0,0,0,0,0,0.0,False,,,,,,,,,,,,,,,True,True,True,True
desinventar-3f2066c4-36fa-419e-bd3c-f4afb56f7fa2,UNDRR DesInventar Nepal,2011,9,6,Central Region,Mahotari,Khayarmara,HEAVY RAINS,1,0,0,0,0,0,0,0.0,False,,,,,,,,,,,,,,,True,True,True,True
desinventar-8b71bd15-c25b-4dab-9f12-9c7e612c167b,UNDRR DesInventar Nepal,2011,9,7,Mid-Western Region,Dang,MANPUR,HEAVY RAINS,1,0,0,0,0,0,0,0.0,False,,,,,,,,,,,,,,,True,True,True,True
desinventar-cd7098c0-cc40-4eee-a84e-76e7cc33fb87,UNDRR DesInventar Nepal,2011,9,7,Western Region,Lamjung,BHOTE ODAR,HEAVY RAINS,0,1,0,0,0,0,0,0.0,False,,,,,,,,,,,,,,,True,True,True,True
desinventar-8e43a8aa-ff53-4936-8af7-b0bb97b8e7fa,UNDRR DesInventar Nepal,2011,9,7,Central Region,Rautahat,PIPARIYA,HEAVY RAINS,1,0,0,0,0,0,0,0.0,False,,,,,,,,,,,,,,,True,True,True,True
desinventar-c0af25b4-5471-4d1b-9162-b56c7b857101,UNDRR DesInventar Nepal,2011,9,7,Western Region,Rupandehi,SEMALAR,HEAVY RAINS,0,1,0,0,0,0,0,0.0,False,,,,,,,,,,,,,,,True,True,True,True
desinventar-be08b2cb-7977-41ed-b27d-3cd4162b729d,UNDRR DesInventar Nepal,2011,9,8,Mid-Western Region,Dang,LAXMIPUR,HEAVY RAINS,0,1,0,0,0,0,0,0.0,False,,,,,,,,,,,,,,,True,True,True,True
desinventar-f4e29f33-20a8-4a17-bfc6-8dda02e03916,UNDRR DesInventar Nepal,2011,9,8,Eastern Region,Jhapa,SHIVAGANJ,HEAVY RAINS,1,0,0,0,0,0,0,0.0,False,,,,,,,,,,,,,,,True,True,True,True
desinventar-c8b3d7ab-8821-4410-b192-a8cf9da74faf,UNDRR DesInventar Nepal,2011,9,9,Central Region,Kavre,BANEPA MUNICIPALITY,HEAVY RAINS,1,0,0,0,0,0,0,0.0,False,,,,,,,,,,,,,,,True,True,True,True
desinventar-b58823dd-4841-4303-9f98-41461cda655c,UNDRR DesInventar Nepal,2011,9,10,Eastern Region,Ilam,DANABARI,HEAVY RAINS,1,0,0,0,0,0,0,0.0,False,,,,,,,,,,,,,,,True,True,True,True
desinventar-03732318-7857-48b0-aebf-f87c57483fc6,UNDRR DesInventar Nepal,2011,9,11,Western Region,Lamjung,ISANESHWAR,HEAVY RAINS,1,0,0,0,0,0,0,0.0,False,,,,,,,,,,,,,,,True,True,True,True
desinventar-5908dbfb-a961-40ca-9b33-37a140b13e8e,UNDRR DesInventar Nepal,2011,9,11,Eastern Region,Morang,Jhurkiya,HEAVY RAINS,1,0,0,0,0,0,0,0.0,False,,,,,,,,,,,,,,,True,True,True,True
desinventar-fa7fe850-7838-4231-9b10-cec17acc69e1,UNDRR DesInventar Nepal,2011,9,11,Central Region,Parsa,Langadi,HEAVY RAINS,1,0,0,0,0,0,0,0.0,False,,,,,,,,,,,,,,,True,True,True,True
desinventar-c8253d9b-799f-4f3b-a8da-5379d499441c,UNDRR DesInventar Nepal,2011,9,13,Mid-Western Region,Banke,KACHANPUR,HEAVY RAINS,1,0,0,0,0,0,0,0.0,False,,,,,,,,,,,,,,,True,True,True,True
desinventar-8ca5a2e6-3002-4795-9601-e23477b85aba,UNDRR DesInventar Nepal,2011,9,13,Eastern Region,Morang,Sorabhang,HEAVY RAINS,1,0,0,0,0,0,0,0.0,False,,,,,,,,,,,,,,,True,True,True,True
desinventar-56bf2781-bf52-4c3d-80d1-a3db2419e571,UNDRR DesInventar Nepal,2011,9,17,Far Western Region,Bajhang,UNKNOWN,HEAVY RAINS,0,1,0,0,0,0,0,0.0,False,,,,,,,,,,,,,,,True,True,True,True
desinventar-68d84040-ac56-4a2b-85c4-70cbe13ad56e,UNDRR DesInventar Nepal,2011,9,17,Far Western Region,Bajura,Martadi,HEAVY RAINS,0,1,0,0,0,0,0,0.0,False,,,,,,,,,,,,,,,True,True,True,True
desinventar-e1c1842a-59c2-4958-83e6-a34237f73cfa,UNDRR DesInventar Nepal,2011,9,17,Far Western Region,Bajura,Jugada,HEAVY RAINS,1,0,0,0,0,0,0,0.0,False,,,,,,,,,,,,,,,True,True,True,True
desinventar-0bdd460e-17fc-4ff7-ace0-05a6ee034e20,UNDRR DesInventar Nepal,2011,9,17,Western Region,Rupandehi,CHILHIYA,HEAVY RAINS,1,0,0,0,0,0,0,0.0,False,,,,,,,,,,,,,,,True,True,True,True
desinventar-52eb617a-1e8c-419f-bf4e-4b7945e9cb2c,UNDRR DesInventar Nepal,2011,9,20,Mid-Western Region,Dailekh,NOMULE,HEAVY RAINS,0,1,0,0,0,0,0,0.0,False,,,,,,,,,,,,,,,True,True,True,True
desinventar-4f5376c4-04b4-427d-8086-a7637585bc50,UNDRR DesInventar Nepal,2011,9,20,Western Region,Nawalparasi,DUMKIBAS,HEAVY RAINS,0,1,0,0,0,0,0,0.0,False,,,,,,,,,,,,,,,True,True,True,True
desinventar-d8a288ec-e56e-4869-91b1-e71229e722c2,UNDRR DesInventar Nepal,2011,9,21,Mid-Western Region,Humla,GOTHI,HEAVY RAINS,0,1,0,0,0,0,0,0.0,False,,,,,,,,,,,,,,,True,True,True,True
desinventar-d436f3f5-77ec-4631-a452-3c04cb62f5e2,UNDRR DesInventar Nepal,2011,9,22,Eastern Region,Morang,Biratnagar Municipality,HEAVY RAINS,1,0,0,0,0,0,0,0.0,False,,,,,,,,,,,,,,,True,True,True,True
desinventar-e61b2013-7c58-49ba-99a7-203361a53615,UNDRR DesInventar Nepal,2011,9,23,Eastern Region,Udayapur,Rampur,HEAVY RAINS,0,1,0,0,0,0,0,0.0,False,,,,,,,,,,,,,,,True,True,True,True
desinventar-fac75814-34f2-4712-be5f-6cf5bdb2d1fd,UNDRR DesInventar Nepal,2011,9,24,Central Region,Bara,KALAIYA MUNICIPALITY,HEAVY RAINS,1,0,0,0,0,0,0,0.0,False,,,,,,,,,,,,,,,True,True,True,True
desinventar-895f9ccf-8c37-4513-b15b-eeb3d217e7b9,UNDRR DesInventar Nepal,2011,9,24,Eastern Region,Ilam,MAHAMAI,HEAVY RAINS,1,0,0,0,0,0,0,0.0,False,,,,,,,,,,,,,,,True,True,True,True
desinventar-f93bd698-3bd2-4ec0-8db0-da3114f77fdf,UNDRR DesInventar Nepal,2011,9,26,Central Region,Dhanusa,Baheda Bela,HEAVY RAINS,0,0,0,0,5,0,0,0.0,False,,,,,,,,,,,,,,,True,True,True,True
desinventar-1478a0a6-f1da-44e5-bd64-65c1e96a4dee,UNDRR DesInventar Nepal,2011,9,26,Central Region,Dhanusa,Bindhi,HEAVY RAINS,0,0,0,0,25,0,0,0.0,False,,,,,,,,,,,,,,,True,True,True,True
desinventar-c49916ef-87fa-4e9f-869d-3e3645735322,UNDRR DesInventar Nepal,2011,9,26,Central Region,Mahotari,Gaidabhetpur,HEAVY RAINS,0,0,0,0,5,0,0,0.0,False,,,,,,,,,,,,,,,True,True,True,True
desinventar-e563077f-cbba-4176-8e74-09cfab3a789a,UNDRR DesInventar Nepal,2011,9,26,Central Region,Rautahat,DHARMAPUR,HEAVY RAINS,0,0,0,0,35,0,0,0.0,False,,,,,,,,,,,,,,,True,True,True,True
desinventar-f1fb17a0-d665-47c2-b6e8-f79d95a79479,UNDRR DesInventar Nepal,2011,9,26,Eastern Region,Siraha,Inarwa,HEAVY RAINS,0,0,0,0,0,40,0,0.0,False,,,,,,,,,,,,,,,True,True,True,True
desinventar-a53981b3-cab6-41c9-93fd-c49c93e8e249,UNDRR DesInventar Nepal,2011,9,27,Far Western Region,Dadeldhura,JOGBUDA,HEAVY RAINS,0,1,0,0,0,0,0,0.0,False,,,,,,,,,,,,,,,True,True,True,True
desinventar-bdcda222-d014-483e-8c09-24d524b67cc0,UNDRR DesInventar Nepal,2011,9,27,Central Region,Dhanusa,Nakatjhijha,HEAVY RAINS,0,0,0,0,5,0,0,0.0,False,,,,,,,,,,,,,,,True,True,True,True
desinventar-217ae0dc-756b-4787-8da4-b5d94cc51f5a,UNDRR DesInventar Nepal,2011,11,19,Western Region,Palpa,KHALIBAN,HEAVY RAINS,1,0,0,0,0,0,0,0.0,False,,,,,,,,,,,,,,,True,True,True,True
desinventar-945d5c99-da67-4aee-a2ac-f352f22010dd,UNDRR DesInventar Nepal,2011,9,27,Central Region,Sarlahi,KABILASI,HEAVY RAINS,0,0,0,0,4,0,0,0.0,False,,,,,,,,,,,,,,,True,True,True,True
desinventar-3c6a782d-854b-4a31-9381-0394b7fe8cf9,UNDRR DesInventar Nepal,2011,9,27,Central Region,Sarlahi,SIMARA,HEAVY RAINS,0,0,0,0,4,0,0,0.0,False,,,,,,,,,,,,,,,True,True,True,True
desinventar-d6e521e2-69af-4e4d-aa62-dff65fa06ffd,UNDRR DesInventar Nepal,2011,9,27,Central Region,Sarlahi,SANGRAMPUR,HEAVY RAINS,0,0,0,0,1,0,0,0.0,False,,,,,,,,,,,,,,,True,True,True,True
desinventar-060cd54f-9b37-4b52-847e-2258810623d8,UNDRR DesInventar Nepal,2011,9,27,Central Region,Sarlahi,SUNDARPUR,HEAVY RAINS,0,0,0,0,0,6,0,0.0,False,,,,,,,,,,,,,,,True,True,True,True
desinventar-22484e10-0852-45fd-897d-53cd80278528,UNDRR DesInventar Nepal,2011,9,27,Eastern Region,Siraha,Nawarajpur,HEAVY RAINS,0,0,0,0,0,6,0,0.0,False,,,,,,,,,,,,,,,True,True,True,True
desinventar-16c56f76-15e8-4910-8f74-7e919681f11c,UNDRR DesInventar Nepal,2011,9,27,Eastern Region,Siraha,Sarswar,HEAVY RAINS,0,0,0,0,0,10,0,0.0,False,,,,,,,,,,,,,,,True,True,True,True
desinventar-4b90da85-b45c-43b0-aaf7-05bda2c78745,UNDRR DesInventar Nepal,2011,9,27,Eastern Region,Siraha,Majhaira,HEAVY RAINS,0,0,0,0,6,0,0,0.0,False,,,,,,,,,,,,,,,True,True,True,True
desinventar-0c8562aa-d7fa-450e-bb2d-1adb1d35ba18,UNDRR DesInventar Nepal,2011,9,27,Eastern Region,Taplejung,LIWANG,HEAVY RAINS,0,0,1,0,1,0,0,0.0,False,,,,,,,,,,,,,,,True,True,True,True
desinventar-68e5c474-d89d-4425-a038-499668710b42,UNDRR DesInventar Nepal,2011,9,28,Western Region,Nawalparasi,NARASAHI,HEAVY RAINS,0,1,0,0,0,0,0,0.0,False,,,,,,,,,,,,,,,True,True,True,True
desinventar-bd12320a-e561-4c93-9f04-51f2287c27b9,UNDRR DesInventar Nepal,2011,10,1,Mid-Western Region,Mugu,PINA,HEAVY RAINS,0,1,0,0,0,0,0,0.0,False,,,,,,,,,,,,,,,True,True,True,True
desinventar-cf3bead2-880f-4c7e-b552-7efc572f28c6,UNDRR DesInventar Nepal,2011,10,3,Central Region,Kavre,BHUMLUTAR,HEAVY RAINS,0,1,0,0,0,0,0,0.0,False,,,,,,,,,,,,,,,True,True,True,True
desinventar-79bdc160-c7b1-4617-b0da-5c21008a31da,UNDRR DesInventar Nepal,2011,10,6,Central Region,Dhading,PIDA,HEAVY RAINS,0,1,0,0,0,0,0,0.0,False,,,,,,,,,,,,,,,True,True,True,True
desinventar-69becb16-28fc-49e6-8162-86bb81d31caf,UNDRR DesInventar Nepal,2011,10,7,Mid-Western Region,Rukum,CHAUKHABANG,HEAVY RAINS,0,1,1,0,0,0,0,0.0,False,,,,,,,,,,,,,,,True,True,True,True
desinventar-e5cecd16-2505-45a7-b6b3-b7edf1100e65,UNDRR DesInventar Nepal,2011,10,9,Mid-Western Region,Bardiya,GULARIYA,HEAVY RAINS,1,0,0,0,0,0,0,0.0,False,,,,,,,,,,,,,,,True,True,True,True
desinventar-0b474d94-cdc0-4e54-bb82-d9d12e0c7947,UNDRR DesInventar Nepal,2011,10,13,Western Region,Rupandehi,SAKRAUNPAKADI,HEAVY RAINS,1,0,0,0,0,0,0,0.0,False,,,,,,,,,,,,,,,True,True,True,True
desinventar-078fb0f5-65e3-49db-8ce6-5c6f6dc83460,UNDRR DesInventar Nepal,2011,10,13,Western Region,Syangja,DHAPUK SIMAL BHANJYANG,HEAVY RAINS,2,0,0,0,0,0,0,0.0,False,,,,,,,,,,,,,,,True,True,True,True
desinventar-95494818-a2a3-41cc-b518-2588caea831b,UNDRR DesInventar Nepal,2011,12,10,Western Region,Lamjung,TAGHRIN,HEAVY RAINS,1,0,0,0,0,0,0,0.0,False,,,,,,,,,,,,,,,True,True,True,True
desinventar-21fafb54-7958-4a8e-a5ec-1e8dff7224f4,UNDRR DesInventar Nepal,2011,8,27,Eastern Region,Morang,Madhumalla,HEAVY RAINS,1,0,0,0,0,0,0,0.0,False,,,,,,,,,,,,,,,True,True,True,True
desinventar-6107a0fd-6a12-4b22-b1cc-68a711c0682e,UNDRR DesInventar Nepal,2013,7,19,Far Western Region,Kailali,KHAILAD,RAIN,0,0,0,146,0,30,0,0.0,False,,,,,,,,,,,,,,,True,True,True,True
desinventar-5d78c49f-c52c-4a2f-bcb7-ff42c2bd4edd,UNDRR DesInventar Nepal,2013,7,19,Far Western Region,Kailali,LALBOJHI,RAIN,0,0,0,1464,0,300,0,0.0,False,,,,,,,,,,,,,,,True,True,True,True
desinventar-9f26bf9b-d380-4282-956c-9e7473d5415d,UNDRR DesInventar Nepal,2013,7,5,Eastern Region,Saptari,BARMAJHIYA,RAIN,0,0,0,251,0,136,0,0.0,False,,,,,,,,,,,,,,,True,True,True,True
desinventar-f065f775-ae1f-4984-a0ee-a976438b4560,UNDRR DesInventar Nepal,2013,4,20,Central Region,Sarlahi,PARWANIPUR,RAIN,0,1,0,54,0,0,0,0.0,False,,,,,,,,,,,,,,,True,True,True,True
desinventar-a2ab693c-84ba-44af-beb6-a08b25f78f15,UNDRR DesInventar Nepal,2013,4,24,Mid-Western Region,Dang,KOILABAS,RAIN,0,0,0,0,0,0,0,0.0,True,,,,,,,,,,,,,,,True,True,True,True
desinventar-66149cb5-ecac-4360-88c6-c122b9813003,UNDRR DesInventar Nepal,2013,4,26,Eastern Region,Khotang,Devisthan,HEAVY RAINS,0,0,0,0,0,0,0,0.0,False,,,,,,,,,,,,,,,True,True,True,True
desinventar-9a117444-750c-4dee-989f-2455efcc78ef,UNDRR DesInventar Nepal,2013,5,26,Mid-Western Region,Pyuthan,TARWNG,HEAVY RAINS,2,0,0,0,0,0,0,0.0,False,,,,,,,,,,,,,,,True,True,True,True
desinventar-8f05a086-9884-4d97-8c69-1998cc995d81,UNDRR DesInventar Nepal,2013,5,26,Eastern Region,Bhojpur,KHARTAMCHHA,LANDSLIDE,0,0,0,1620,0,0,0,0.0,True,,,,,,,,,,,,,,,True,True,True,True
desinventar-c877c81f-17f5-4ba9-83fe-a16fa7256c58,UNDRR DesInventar Nepal,2013,5,26,Eastern Region,Bhojpur,KUDAK KAULE,LANDSLIDE,1,0,0,5,1,0,0,0.0,True,,,,,,,,,,,,,,,True,True,True,True
desinventar-1fd59fed-7945-46e3-bd63-f13d21f8b157,UNDRR DesInventar Nepal,2013,6,6,Central Region,Sindhuli,Jhangajholi Ratomato,HEAVY RAINS,1,2,0,0,0,0,0,0.0,False,,,,,,,,,,,,,,,True,True,True,True
desinventar-7afb51b2-3711-4aee-8600-199d2bfb326e,UNDRR DesInventar Nepal,2013,6,6,Eastern Region,Bhojpur,WASINTHARPU,RAIN,0,1,0,0,0,0,0,0.0,False,,,,,,,,,,,,,,,True,True,True,True
desinventar-49e1c399-feb2-4d2d-b13a-ba5bed510bf8,UNDRR DesInventar Nepal,2013,6,6,Eastern Region,Morang,Govindapur,RAIN,1,1,0,0,0,0,0,0.0,False,,,,,,,,,,,,,,,True,True,True,True
desinventar-38015e60-12de-4ab6-b915-34036ddeb3c7,UNDRR DesInventar Nepal,2013,6,7,Central Region,Mahotari,Maisthan,RAIN,2,1,0,0,0,0,0,0.0,False,,,,,,,,,,,,,,,True,True,True,True
desinventar-8ea1cb03-2b6c-4457-bd46-53e763e7716e,UNDRR DesInventar Nepal,2013,6,11,Far Western Region,Kailali,MASURIYA,RAIN,1,0,0,0,0,0,0,0.0,False,,,,,,,,,,,,,,,True,True,True,True
desinventar-b4f6fe91-6c87-429f-b827-356362ce8f56,UNDRR DesInventar Nepal,2013,6,11,Far Western Region,Kailali,DHANGADHI MUNICIPALITY,RAIN,1,0,0,0,0,0,0,0.0,False,,,,,,,,,,,,,,,True,True,True,True
desinventar-255593ce-2654-41c8-9a99-f03400c11c8c,UNDRR DesInventar Nepal,2013,6,11,Western Region,Parbat,NANGKIWANG,RAIN,0,0,0,0,0,0,0,0.0,True,,,,,,,,,,,,,,,True,True,True,True
desinventar-ad9389c2-95cc-42cd-a453-3aeb1113ae37,UNDRR DesInventar Nepal,2013,6,12,Eastern Region,Saptari,RAJBIRAJ MUNICIPALITY,RAIN,0,0,0,0,0,0,0,1000.0,True,,,,,,,,,,,,,,,True,True,True,True
desinventar-5ed26605-11a6-472e-9729-5deb66650894,UNDRR DesInventar Nepal,2013,6,17,Far Western Region,Kanchanpur,CHANDANI,HEAVY RAINS,1,0,0,0,0,0,23,0.0,False,,,,,,,,,,,,,,,True,True,True,True
desinventar-d97a7089-a6e0-4637-95de-25152800b4fd,UNDRR DesInventar Nepal,2013,6,16,Far Western Region,Darchula,Khalanga,HEAVY RAINS,0,1,0,2500,72,0,0,0.0,True,,,,,,,,,,,,,,,True,True,True,True
desinventar-e338b4c4-1a4d-4eea-a647-8845e9d99ea7,UNDRR DesInventar Nepal,2013,6,17,Western Region,Kapilbastu,SHIVAPUR,HEAVY RAINS,1,0,0,0,0,0,0,0.0,False,,,,,,,,,,,,,,,True,True,True,True
desinventar-0f5da34c-7608-45e2-b03c-92926762e5bf,UNDRR DesInventar Nepal,2013,6,17,Western Region,Rupandehi,BUTAWAL_NP,HEAVY RAINS,0,1,0,0,0,0,0,0.0,False,,,,,,,,,,,,,,,True,True,True,True
desinventar-d2695bf0-f298-44b8-82b9-952bf7832e29,UNDRR DesInventar Nepal,2013,6,17,Western Region,Mustang,KAGBENI,RAIN,0,1,0,83,8,26,0,0.0,False,,,,,,,,,,,,,,,True,True,True,True
desinventar-38fa6d42-7fa4-4a46-8ed6-8914f31be38d,UNDRR DesInventar Nepal,2013,6,17,Western Region,Mustang,MARPHA,RAIN,0,0,0,10,2,0,0,0.0,False,,,,,,,,,,,,,,,True,True,True,True
desinventar-6695cd4e-a6ba-45f5-88bc-59dcd5a1ca3b,UNDRR DesInventar Nepal,2013,6,17,Mid-Western Region,Banke,NEPALGANJ N.P.,RAIN,0,1,0,0,0,0,0,0.0,False,,,,,,,,,,,,,,,True,True,True,True
desinventar-0442601d-6ccb-41de-bc4e-67b8e502f3a7,UNDRR DesInventar Nepal,2013,6,17,Far Western Region,Kanchanpur,DODHAR,HEAVY RAINS,0,2,0,10,2,0,0,0.0,False,,,,,,,,,,,,,,,True,True,True,True
desinventar-e3e42863-9760-4602-bb5d-bbfda51a1e96,UNDRR DesInventar Nepal,2013,6,18,Far Western Region,Bajhang,Lakgaon,RAIN,0,2,0,50,10,0,0,0.0,False,,,,,,,,,,,,,,,True,True,True,True
desinventar-78fb07c8-dd3b-4759-b76a-2ef411125131,UNDRR DesInventar Nepal,2013,6,17,Far Western Region,Dadeldhura,JOGBUDA,RAIN,1,0,0,0,0,0,0,0.0,False,,,,,,,,,,,,,,,True,True,True,True
desinventar-a568ae5f-6a91-44b2-b73f-c5dc3daa3d89,UNDRR DesInventar Nepal,2013,6,18,Far Western Region,Kailali,CHUHA,RAIN,1,0,0,0,0,0,0,0.0,False,,,,,,,,,,,,,,,True,True,True,True
desinventar-2b6f281a-1ccc-4c50-a038-ceed299d1425,UNDRR DesInventar Nepal,2013,6,18,Central Region,Rautahat,BHASERWA,RAIN,1,0,0,0,0,0,0,0.0,False,,,,,,,,,,,,,,,True,True,True,True
desinventar-cbd53b80-1b52-4880-a4c5-be1f1d3f6742,UNDRR DesInventar Nepal,2013,6,18,Mid-Western Region,Bardiya,DAULATPUR,RAIN,0,0,0,5000,0,1000,0,0.0,False,,,,,,,,,,,,,,,True,True,True,True
desinventar-6fbfc17d-d2fe-4059-b19c-5df4b37dd205,UNDRR DesInventar Nepal,2013,6,18,Mid-Western Region,Bardiya,RAJAPUR,RAIN,0,0,0,3000,0,600,0,0.0,False,,,,,,,,,,,,,,,True,True,True,True
desinventar-94ef4130-724f-4ce7-91dc-c006658e655b,UNDRR DesInventar Nepal,2013,6,18,Mid-Western Region,Bardiya,KHAIRI CHANDANPUR,RAIN,0,0,0,2500,0,500,0,0.0,False,,,,,,,,,,,,,,,True,True,True,True
desinventar-1900cfcb-5986-4d5c-8636-50212e6185c3,UNDRR DesInventar Nepal,2013,6,18,Western Region,Gulmi,HANSARA,RAIN,0,2,0,0,0,0,0,0.0,False,,,,,,,,,,,,,,,True,True,True,True
desinventar-11c1f06e-9ebc-4018-b067-f6c99c4d5261,UNDRR DesInventar Nepal,2013,6,18,Mid-Western Region,Rukum,ATHABISH_KOT,RAIN,1,0,0,0,0,0,0,0.0,False,,,,,,,,,,,,,,,True,True,True,True
desinventar-dfbd0274-f245-458c-972d-267957f8f4b8,UNDRR DesInventar Nepal,2013,6,19,Western Region,Kapilbastu,BIRPUR,RAIN,2,0,0,0,0,0,0,0.0,False,,,,,,,,,,,,,,,True,True,True,True
desinventar-b4a9cca6-e560-47fd-b23e-b3c843aa0bca,UNDRR DesInventar Nepal,2013,6,20,Mid-Western Region,Rukum,ATHABISH_KOT,RAIN,2,1,0,0,0,0,0,0.0,False,,,,,,,,,,,,,,,True,True,True,True
desinventar-14f1a2d9-5a44-4529-92f3-7ef66d31b23d,UNDRR DesInventar Nepal,2013,6,19,Far Western Region,Bajhang,Kailash,RAIN,1,0,0,0,0,0,0,0.0,False,,,,,,,,,,,,,,,True,True,True,True
desinventar-d4f71a3c-daf8-4b20-a208-d43daa3748b7,UNDRR DesInventar Nepal,2013,6,20,Western Region,Gulmi,BAMGHA,RAIN,1,0,0,0,2,0,0,0.0,True,,,,,,,,,,,,,,,True,True,True,True
desinventar-ec220597-686f-42d4-93f1-aabd8b1cec7d,UNDRR DesInventar Nepal,2013,6,21,Mid-Western Region,Dang,RAJPUR,RAIN,0,0,0,317,0,0,0,0.0,False,,,,,,,,,,,,,,,True,True,True,True
desinventar-1fda8ccd-eb9c-4043-b058-4c20209d3ce1,UNDRR DesInventar Nepal,2013,6,20,Western Region,Kaski,ARBA_VIJAYA,RAIN,0,0,0,5,1,0,0,0.0,False,,,,,,,,,,,,,,,True,True,True,True
desinventar-8cd0ea94-177e-4052-9ca4-8b33cdfa52b9,UNDRR DesInventar Nepal,2013,6,23,Mid-Western Region,Jajarkot,Rokayagaun,RAIN,0,0,0,293,0,0,0,0.0,True,,,,,,,,,,,,,,,True,True,True,True
desinventar-c8159d1d-38b1-47e6-bbad-03a231e92ca2,UNDRR DesInventar Nepal,2013,6,24,Central Region,Kathmandu,MAHANKAL,RAIN,0,0,0,0,0,0,0,0.0,False,,,,,,,,,,,,,,,True,True,True,True
desinventar-c47b63b0-2fcf-4c5b-a889-6d4bc580f3f0,UNDRR DesInventar Nepal,2013,6,27,Mid-Western Region,Bardiya,DAULATPUR,HEAVY RAINS,0,0,0,0,0,0,0,0.0,False,,,,,,,,,,,,,,,True,True,True,True
desinventar-acb97876-ea8e-4146-9ef1-fcac7c3334c6,UNDRR DesInventar Nepal,2013,6,27,Mid-Western Region,Rolpa,JUGAR,RAIN,0,0,0,30,6,0,0,0.0,False,,,,,,,,,,,,,,,True,True,True,True
desinventar-3389a9f0-e919-42d6-b8ad-60456b62f24e,UNDRR DesInventar Nepal,2013,7,4,Western Region,Lamjung,SHRI MANJAN,RAIN,0,0,0,5,0,0,0,0.0,False,,,,,,,,,,,,,,,True,True,True,True
desinventar-16a62fa1-045a-476f-bff6-05f5efcbd37d,UNDRR DesInventar Nepal,2013,7,5,Western Region,Rupandehi,BUTAWAL_NP,RAIN,1,0,0,0,0,0,0,0.0,False,,,,,,,,,,,,,,,True,True,True,True
desinventar-d0028e70-e127-4529-b0f4-85b799bea2a0,UNDRR DesInventar Nepal,2013,7,5,Far Western Region,Doti,DAHAKALIKASTHAN,HEAVY RAINS,1,0,0,0,0,0,0,0.0,False,,,,,,,,,,,,,,,True,True,True,True
desinventar-a9216552-7ab3-4f64-b3e5-46a6e80b1f0f,UNDRR DesInventar Nepal,2013,7,8,Central Region,Bara,NIJGADH,RAIN,1,0,0,0,0,0,0,0.0,False,,,,,,,,,,,,,,,True,True,True,True
desinventar-ef9351bb-1bcf-4638-8536-22bf1a49a718,UNDRR DesInventar Nepal,2013,7,9,Eastern Region,Jhapa,PANCHGANCHI,HEAVY RAINS,1,0,0,219,0,45,0,0.0,False,,,,,,,,,,,,,,,True,True,True,True
desinventar-bda244db-56fd-42b1-bb6c-87755ecd09b2,UNDRR DesInventar Nepal,2013,7,9,Eastern Region,Jhapa,DAMAK MUN.,RAIN,0,2,0,0,0,0,0,0.0,False,,,,,,,,,,,,,,,True,True,True,True
desinventar-a3e5f54f-01c2-49ae-a459-8bc6e980760e,UNDRR DesInventar Nepal,2013,7,9,Eastern Region,Jhapa,SHARANMATI,RAIN,0,0,0,937,0,192,0,0.0,False,,,,,,,,,,,,,,,True,True,True,True
desinventar-a8d38426-d539-4f80-8c46-2c2eb982161d,UNDRR DesInventar Nepal,2013,7,9,Eastern Region,Jhapa,BHADRAPUR MUN.,RAIN,0,0,0,244,0,50,0,0.0,False,,,,,,,,,,,,,,,True,True,True,True
desinventar-739c7a7f-3864-4774-a4a5-1984cfc65ebb,UNDRR DesInventar Nepal,2013,7,9,Eastern Region,Sunsari,Itahari Municipality,HEAVY RAINS,0,0,0,9760,0,2000,0,0.0,False,,,,,,,,,,,,,,,True,True,True,True
desinventar-86884fa5-8b74-4dc9-98f7-7d73f18feec7,UNDRR DesInventar Nepal,2013,7,8,Western Region,Nawalparasi,SHIVAMANDIR,RAIN,0,0,0,68,0,14,0,0.0,False,,,,,,,,,,,,,,,True,True,True,True
desinventar-8ed60289-f182-4693-a191-5c40fc6cc48d,UNDRR DesInventar Nepal,2013,7,9,Mid-Western Region,Dang,CHAILAHI,RAIN,0,0,1,20,4,0,0,0.0,False,,,,,,,,,,,,,,,True,True,True,True
desinventar-aaeb76a6-0bf0-4e9c-abbb-2aaa7e1a291d,UNDRR DesInventar Nepal,2013,7,9,Eastern Region,Saptari,PORTAHA,HEAVY RAINS,0,0,0,4880,0,1000,0,0.0,False,,,,,,,,,,,,,,,True,True,True,True
desinventar-474034e4-fe27-4e06-8ab2-0a4c647b3ef2,UNDRR DesInventar Nepal,2013,7,9,Eastern Region,Saptari,GHOGANPUR,RAIN,0,0,0,366,0,75,0,0.0,False,,,,,,,,,,,,,,,True,True,True,True
desinventar-10efbd52-1b53-4d1d-999e-f254041b37e2,UNDRR DesInventar Nepal,2013,7,9,Eastern Region,Udayapur,Trijuga Municipality,RAIN,1,0,0,0,0,0,0,0.0,False,,,,,,,,,,,,,,,True,True,True,True
desinventar-1467b771-d490-45c1-82f3-6109c97f2321,UNDRR DesInventar Nepal,2013,7,9,Eastern Region,Morang,Itahara,HEAVY RAINS,0,0,0,146,0,30,0,0.0,False,,,,,,,,,,,,,,,True,True,True,True
desinventar-25f59a76-e4ed-4bf6-80d6-168b86c1346e,UNDRR DesInventar Nepal,2013,7,9,Eastern Region,Morang,Hatimuda,RAIN,0,0,0,195,0,40,0,0.0,False,,,,,,,,,,,,,,,True,True,True,True
desinventar-a2d2c27c-2b1c-4750-8bdb-66d6433ad29d,UNDRR DesInventar Nepal,2013,7,10,Central Region,Bara,PIPARA SIMARA,HEAVY RAINS,0,0,0,0,0,0,0,0.0,True,,,,,,,,,,,,,,,True,True,True,True
desinventar-4d4360b1-3af0-4887-989f-892e99b863f7,UNDRR DesInventar Nepal,2013,7,9,Western Region,Rupandehi,BUTAWAL_NP,HEAVY RAINS,1,0,0,0,0,0,0,0.0,False,,,,,,,,,,,,,,,True,True,True,True
desinventar-7cd9cf90-c9d3-4e71-a45e-c9406a98a5b7,UNDRR DesInventar Nepal,2013,7,9,Eastern Region,Morang,Biratnagar Municipality,RAIN,0,1,0,1464,0,0,0,0.0,False,,,,,,,,,,,,,,,True,True,True,True
desinventar-4c90f329-d67d-424f-8922-2e4717310d14,UNDRR DesInventar Nepal,2013,7,9,Eastern Region,Morang,Tankisinuwari,RAIN,0,0,0,4880,0,100,0,0.0,False,,,,,,,,,,,,,,,True,True,True,True
desinventar-2d7a7015-77f6-4092-9617-7cadcc9df72e,UNDRR DesInventar Nepal,2013,7,9,Eastern Region,Morang,Kadamaha,HEAVY RAINS,0,0,0,4880,0,100,0,0.0,False,,,,,,,,,,,,,,,True,True,True,True
desinventar-0b0fe189-7598-4b8e-b23f-24b1dd5adcf0,UNDRR DesInventar Nepal,2013,7,10,Central Region,Makwanpur,PHAPARBARI,RAIN,0,0,0,5,2,0,0,0.0,False,,,,,,,,,,,,,,,True,True,True,True
desinventar-ab420b1b-54a7-4e1c-9b00-8fc31cb5c802,UNDRR DesInventar Nepal,2013,7,10,Central Region,Sindhuli,Shanteswari,HEAVY RAINS,1,0,0,0,0,0,0,0.0,True,,,,,,,,,,,,,,,True,True,True,True
desinventar-010a66be-ee40-4488-a746-aba057648e1f,UNDRR DesInventar Nepal,2013,7,11,Western Region,Nawalparasi,NARAYANI,RAIN,3,0,0,0,0,0,0,0.0,False,,,,,,,,,,,,,,,True,True,True,True
desinventar-72b4df1a-48bd-4650-9c3c-7430eb0fc08f,UNDRR DesInventar Nepal,2013,7,11,Eastern Region,Sunsari,Tanmuna,OTHER,1,0,0,0,0,0,0,0.0,False,,,,,,,,,,,,,,,True,True,True,True
desinventar-d0c6f571-85b2-4d78-9e96-baf6e9671977,UNDRR DesInventar Nepal,2013,7,11,Western Region,Kaski,POKHARA_SMP,RAIN,0,1,0,0,0,0,0,0.0,False,,,,,,,,,,,,,,,True,True,True,True
desinventar-8043d678-ff1c-4fdf-ac66-43986e4575ce,UNDRR DesInventar Nepal,2013,7,10,Far Western Region,Dadeldhura,JOGBUDA,RAIN,0,0,0,171,0,35,0,0.0,False,,,,,,,,,,,,,,,True,True,True,True
desinventar-5257d13c-0de7-4b37-ab5f-2cba3968b15a,UNDRR DesInventar Nepal,2013,7,11,Central Region,Rautahat,DHARMAPUR,RAIN,0,1,0,0,0,0,0,0.0,False,,,,,,,,,,,,,,,True,True,True,True
desinventar-5b2037a4-c14f-4ed4-97a2-785c86f07022,UNDRR DesInventar Nepal,2013,7,13,Eastern Region,Morang,Rangeli,RAIN,1,0,0,0,0,0,0,0.0,False,,,,,,,,,,,,,,,True,True,True,True
desinventar-409f9903-66a1-41b8-aae6-beda66ee6e4e,UNDRR DesInventar Nepal,2013,7,13,Eastern Region,Sunsari,UNKNOWN,RAIN,1,0,0,0,0,0,0,0.0,False,,,,,,,,,,,,,,,True,True,True,True
desinventar-81b66356-39b0-460d-bfe5-a1da9cf5a6f7,UNDRR DesInventar Nepal,2013,7,15,Mid-Western Region,Banke,HOLIA,RAIN,0,0,0,0,0,0,0,0.0,False,,,,,,,,,,,,,,,True,True,True,True
desinventar-75352f04-b807-4745-9ee8-4799b355bd73,UNDRR DesInventar Nepal,2013,7,16,Mid-Western Region,Dang,BIJAURI,RAIN,1,0,0,0,0,0,0,0.0,False,,,,,,,,,,,,,,,True,True,True,True
desinventar-cd9634aa-09d2-4e8e-9603-258f8752667a,UNDRR DesInventar Nepal,2013,7,19,Far Western Region,Kailali,DHANGADHI MUNICIPALITY,RAIN,0,0,0,1273,0,261,0,0.0,False,,,,,,,,,,,,,,,True,True,True,True
desinventar-431ea4a5-1d23-4792-a6f2-7d60d0690e53,UNDRR DesInventar Nepal,2013,7,19,Far Western Region,Kailali,CHAUMALA,RAIN,0,0,0,40,0,8,0,0.0,False,,,,,,,,,,,,,,,True,True,True,True
desinventar-59f07e11-dfa4-474e-9951-3531386f053d,UNDRR DesInventar Nepal,2013,7,19,Far Western Region,Kailali,DANSINHAPUR,RAIN,0,0,0,195,0,40,0,0.0,False,,,,,,,,,,,,,,,True,True,True,True
desinventar-5127fce7-38c8-46e9-92f6-a40da2bc2457,UNDRR DesInventar Nepal,2013,7,19,Far Western Region,Kailali,PAHALMANPUR,RAIN,0,0,0,488,0,100,0,0.0,False,,,,,,,,,,,,,,,True,True,True,True
desinventar-5696f8d4-62e1-4153-9ace-c10f513105d1,UNDRR DesInventar Nepal,2013,7,19,Far Western Region,Kailali,PHULWARI,RAIN,0,0,0,171,0,35,0,0.0,False,,,,,,,,,,,,,,,True,True,True,True
desinventar-6450ed89-a243-40ef-b7df-9ebef30cb6f4,UNDRR DesInventar Nepal,2013,7,19,Far Western Region,Kailali,RAMSIKHAR JHALA,RAIN,0,0,0,244,0,50,0,0.0,False,,,,,,,,,,,,,,,True,True,True,True
desinventar-51a1389e-7a56-4f83-b499-88dba832ce1f,UNDRR DesInventar Nepal,2013,7,19,Far Western Region,Kailali,THAPAPUR,RAIN,0,0,0,244,0,50,0,0.0,False,,,,,,,,,,,,,,,True,True,True,True
desinventar-5ee4bf71-457d-4fd8-ad8a-554962761519,UNDRR DesInventar Nepal,2013,7,19,Far Western Region,Kailali,BHAJANI,RAIN,0,0,0,195,0,40,0,0.0,False,,,,,,,,,,,,,,,True,True,True,True
desinventar-fbf468d3-a1cd-42f6-bca3-40cf05ad0243,UNDRR DesInventar Nepal,2013,7,19,Far Western Region,Kailali,MALAKHET,RAIN,0,1,0,0,0,0,0,0.0,False,,,,,,,,,,,,,,,True,True,True,True
desinventar-fc18395f-389f-4394-8d8d-800d1082e177,UNDRR DesInventar Nepal,2013,7,21,Eastern Region,Saptari,GOBARGADHA,RAIN,0,0,0,244,0,50,0,0.0,False,,,,,,,,,,,,,,,True,True,True,True
desinventar-830eabd3-1646-469f-b5b1-32274087af5a,UNDRR DesInventar Nepal,2013,7,22,Western Region,Nawalparasi,GAINDAKOT,RAIN,0,3,0,488,0,100,0,0.0,False,,,,,,,,,,,,,,,True,True,True,True
desinventar-c10398f3-f110-4ac9-85e2-c44e8143675c,UNDRR DesInventar Nepal,2013,7,22,Western Region,Nawalparasi,NAYA_BELHANI,RAIN,0,0,0,229,0,47,0,0.0,False,,,,,,,,,,,,,,,True,True,True,True
desinventar-29e8789f-5c30-45a6-b4c5-5625ae32306d,UNDRR DesInventar Nepal,2013,7,22,Mid-Western Region,Banke,PHATTEPUR,RAIN,0,1,0,0,0,0,0,0.0,False,,,,,,,,,,,,,,,True,True,True,True
desinventar-e92c90e3-623c-469d-b591-b19ae22fbc6d,UNDRR DesInventar Nepal,2013,7,22,Mid-Western Region,Dang,SISAHNIYA,RAIN,0,0,0,220,0,45,0,0.0,False,,,,,,,,,,,,,,,True,True,True,True
desinventar-0a4323de-b693-40b7-8ba8-7d2f8416d88f,UNDRR DesInventar Nepal,2013,7,22,Mid-Western Region,Dang,SATBARIYA,RAIN,0,0,0,132,0,27,0,0.0,False,,,,,,,,,,,,,,,True,True,True,True
desinventar-8594b295-6f66-407a-a24d-4b61cdfa2832,UNDRR DesInventar Nepal,2013,7,22,Mid-Western Region,Dang,LALMATIYA,RAIN,0,0,0,68,0,14,0,0.0,False,,,,,,,,,,,,,,,True,True,True,True
desinventar-376a8692-537a-4542-a572-5d86e7d490ca,UNDRR DesInventar Nepal,2013,7,22,Mid-Western Region,Dang,SONPUR,RAIN,0,0,0,59,0,12,0,0.0,False,,,,,,,,,,,,,,,True,True,True,True
desinventar-cd005644-d884-476a-a847-cf6448a662fb,UNDRR DesInventar Nepal,2013,7,22,Mid-Western Region,Dang,GOBARDIHA,RAIN,0,0,0,14,0,3,0,0.0,False,,,,,,,,,,,,,,,True,True,True,True
desinventar-bdce3aa3-b24d-4fc9-8037-34a1b3a7b325,UNDRR DesInventar Nepal,2013,7,22,Mid-Western Region,Pyuthan,BHINGRI,RAIN,0,0,0,15,3,0,0,0.0,False,,,,,,,,,,,,,,,True,True,True,True
desinventar-563b4840-bf89-4c00-8736-bde8985ee069,UNDRR DesInventar Nepal,2013,7,25,Central Region,Sindhupalchoke,Bhimtar,RAIN,0,0,0,2196,0,0,0,0.0,False,,,,,,,,,,,,,,,True,True,True,True
desinventar-97631e08-a68b-461d-b502-fa6f235d787f,UNDRR DesInventar Nepal,2013,7,26,Mid-Western Region,Banke,MATEHIYA,RAIN,0,0,0,244,0,50,0,0.0,False,,,,,,,,,,,,,,,True,True,True,True
desinventar-1945303f-451e-4f81-aaee-3b330ab00488,UNDRR DesInventar Nepal,2013,7,26,Mid-Western Region,Banke,GANGAPUR,RAIN,0,0,0,146,0,30,0,0.0,False,,,,,,,,,,,,,,,True,True,True,True
desinventar-ee28892f-12d4-4398-9c8c-003f5a631674,UNDRR DesInventar Nepal,2013,7,27,Eastern Region,Khotang,Baspani,RAIN,1,0,0,0,0,0,0,0.0,False,,,,,,,,,,,,,,,True,True,True,True
desinventar-13e16cb6-9590-4d5d-aec7-ce9a9595687c,UNDRR DesInventar Nepal,2013,7,30,Central Region,Dhading,TIPLING,RAIN,0,0,0,0,0,0,0,0.0,True,,,,,,,,,,,,,,,True,True,True,True
desinventar-508339c9-f286-4900-8737-685fff9593be,UNDRR DesInventar Nepal,2013,8,5,Central Region,Sindhuli,Hatpate,RAIN,6,3,0,0,0,0,1,0.0,False,,,,,,,,,,,,,,,True,True,True,True
desinventar-f5a75a3a-fd29-46e7-b9ea-78e0974449ab,UNDRR DesInventar Nepal,2013,8,8,Far Western Region,Achham,MALATIKOT,RAIN,1,0,0,0,0,0,0,0.0,False,,,,,,,,,,,,,,,True,True,True,True
desinventar-6586ee46-95d2-49b0-aa84-7863a1d0f8e8,UNDRR DesInventar Nepal,2013,8,12,Western Region,Rupandehi,MARYADPUR,RAIN,2,0,0,0,0,0,0,0.0,False,,,,,,,,,,,,,,,True,True,True,True
desinventar-9070b062-5a65-46ee-9c7b-77dd132ac011,UNDRR DesInventar Nepal,2013,8,12,Far Western Region,Darchula,Hikila,RAIN,1,0,0,5,1,0,0,0.0,False,,,,,,,,,,,,,,,True,True,True,True
desinventar-7aaf8272-2d56-4a41-bff5-2e4ecf0a9648,UNDRR DesInventar Nepal,2013,8,12,Far Western Region,Darchula,Dhuligada,RAIN,0,0,0,68,11,3,0,0.0,True,,,,,,,,,,,,,,,True,True,True,True
desinventar-a944bd74-1d0f-4f15-9a4b-c7ea8643fa0b,UNDRR DesInventar Nepal,2013,8,13,Eastern Region,Jhapa,RAJGADH,RAIN,1,0,0,0,0,0,0,0.0,False,,,,,,,,,,,,,,,True,True,True,True
desinventar-034cc346-767a-4544-9e43-dc4c7c8b031e,UNDRR DesInventar Nepal,2013,8,17,Far Western Region,Achham,BATULASEN,RAIN,2,0,0,0,0,0,0,0.0,False,,,,,,,,,,,,,,,True,True,True,True
desinventar-efb15a06-ef28-4825-aa57-02d0c2e1c0e9,UNDRR DesInventar Nepal,2013,9,2,Eastern Region,Udayapur,Rampur,HEAVY RAINS,0,0,0,42,0,9,0,0.0,False,,,,,,,,,,,,,,,True,True,True,True
desinventar-ff5ed0de-52b7-4abb-9778-e4d9f0adb47d,UNDRR DesInventar Nepal,2013,9,2,Eastern Region,Udayapur,Trijuga Municipality,HEAVY RAINS,2,0,0,0,0,0,0,0.0,False,,,,,,,,,,,,,,,True,True,True,True
desinventar-4e5f2e45-b0a5-4846-bffc-e8803fe4dea9,UNDRR DesInventar Nepal,2013,9,2,Eastern Region,Udayapur,Hadiya,RAIN,0,0,0,92,0,20,0,0.0,False,,,,,,,,,,,,,,,True,True,True,True
desinventar-5a645946-cbe2-4d1d-b087-17fa25a63fda,UNDRR DesInventar Nepal,2013,9,3,Eastern Region,Siraha,Lahan Municipality,RAIN,1,0,0,0,0,0,0,0.0,False,,,,,,,,,,,,,,,True,True,True,True
desinventar-526fe26d-65e5-4fca-9c6d-4dc539b118ea,UNDRR DesInventar Nepal,2013,9,2,Central Region,Bara,HARAIYA,RAIN,0,0,0,48,0,10,0,0.0,True,,,,,,,,,,,,,,,True,True,True,True
desinventar-9571274f-b1dd-4dcf-bb7e-212ee20b0814,UNDRR DesInventar Nepal,2013,9,5,Eastern Region,Morang,Govindapur,RAIN,0,0,0,14,0,3,0,0.0,False,,,,,,,,,,,,,,,True,True,True,True
desinventar-a9428472-fe16-460a-b740-671731c839aa,UNDRR DesInventar Nepal,2013,9,7,Eastern Region,Sunsari,Panchakanya,RAIN,0,4,0,30,3,5,0,0.0,True,,,,,,,,,,,,,,,True,True,True,True
desinventar-32acde06-c77d-4dac-9b5f-e862b4234b8b,UNDRR DesInventar Nepal,2013,9,12,Eastern Region,Jhapa,TOPGANCHHI,RAIN,0,0,0,97,2,18,0,0.0,False,,,,,,,,,,,,,,,True,True,True,True
bipad-448,Government of Nepal BIPAD Portal,2015,7,4,Eastern Region,Khotang,Halesi Tuwachung,FLOOD,0,0,2,0,3,0,0,0.0,False,27.15572,86.7091,,,,,,,,,,,,,True,True,False,True
bipad-449,Government of Nepal BIPAD Portal,2015,7,4,Eastern Region,Khotang,Halesi Tuwachung,FLOOD,0,0,0,0,1,0,0,0.0,False,27.15572,86.7091,,,,,,,,,,,,,True,True,False,True
bipad-455,Government of Nepal BIPAD Portal,2015,7,3,Eastern Region,Khotang,Halesi Tuwachung,FLOOD,0,0,0,0,0,0,0,0.0,False,27.15572,86.7091,,,,,,,,,,,,,True,True,False,True
bipad-456,Government of Nepal BIPAD Portal,2015,7,3,Eastern Region,Khotang,Halesi Tuwachung,FLOOD,0,0,0,0,0,0,0,0.0,False,27.15572,86.7091,,,,,,,,,,,,,True,True,False,True
bipad-467,Government of Nepal BIPAD Portal,2015,7,8,Mid-Western Region,Bardiya,Barbardiya,FLOOD,0,2,0,0,0,0,0,0.0,False,28.36918,81.41147,,,,,,,,,,,,,True,True,False,True
bipad-468,Government of Nepal BIPAD Portal,2015,7,15,Central Region,Sarlahi,Haripur,FLOOD,0,0,0,0,0,0,0,0.0,False,26.96729,85.57183,,,,,,,,,,,,,True,True,False,True
bipad-474,Government of Nepal BIPAD Portal,2015,7,16,Mid-Western Region,Bardiya,Barbardiya,FLOOD,0,0,0,0,2,0,0,0.0,False,28.36918,81.41147,,,,,,,,,,,,,True,True,False,True
bipad-495,Government of Nepal BIPAD Portal,2015,7,31,Far Western Region,Kanchanpur,Shuklaphanta National Park,FLOOD,0,0,0,0,3,0,0,0.0,False,28.84298,80.31147,,,,,,,,,,,,,True,True,False,True
bipad-496,Government of Nepal BIPAD Portal,2015,7,31,Far Western Region,Kanchanpur,Shuklaphanta National Park,FLOOD,0,0,0,0,3,0,0,0.0,False,28.84298,80.31147,,,,,,,,,,,,,True,True,False,True
bipad-500,Government of Nepal BIPAD Portal,2015,7,23,Eastern Region,Sankhuwasabha,Khandbari,FLOOD,0,0,0,0,0,0,0,0.0,False,27.3868814825,87.2156945863,,,,,,,,,,,,,True,True,False,True
bipad-545,Government of Nepal BIPAD Portal,2015,8,21,Mid-Western Region,Rolpa,Rolpa,FLOOD,0,0,0,0,0,0,0,0.0,False,28.32432,82.65523,,,,,,,,,,,,,True,True,False,True
bipad-546,Government of Nepal BIPAD Portal,2015,8,21,Mid-Western Region,Rolpa,Rolpa,FLOOD,0,0,0,0,0,4,0,0.0,False,28.32432,82.65523,,,,,,,,,,,,,True,True,False,True
bipad-547,Government of Nepal BIPAD Portal,2015,8,21,Central Region,Chitwan,Bharatpur,FLOOD,0,0,0,0,0,0,0,0.0,False,27.61645,84.36001,,,,,,,,,,,,,True,True,False,True
bipad-559,Government of Nepal BIPAD Portal,2015,9,1,Central Region,Sindhuli,Kamalamai,FLOOD,0,1,2,0,0,0,0,0.0,False,27.18536,85.90753,,,,,,,,,,,,,True,True,False,True
bipad-560,Government of Nepal BIPAD Portal,2015,8,30,Eastern Region,Okhaldhunga,Molung,FLOOD,0,0,2,0,2,0,0,0.0,False,27.33592,86.44629,,,,,,,,,,,,,True,True,False,True
bipad-1608,Government of Nepal BIPAD Portal,2016,5,4,Central Region,Makwanpur,Makawanpurgadhi,FLOOD,2,0,0,0,0,0,0,0.0,False,27.4427,85.08797,,,,,,,,,,,,,True,True,False,True
bipad-1646,Government of Nepal BIPAD Portal,2016,5,10,Far Western Region,Baitadi,Surnaya,FLOOD,0,0,0,0,0,1,0,0.0,False,29.50844,80.57647,,,,,,,,,,,,,True,True,False,True
bipad-1726,Government of Nepal BIPAD Portal,2016,5,12,Mid-Western Region,Rolpa,Rolpa,FLOOD,1,0,0,0,0,12,0,0.0,False,28.32432,82.65523,,,,,,,,,,,,,True,True,False,True
bipad-1727,Government of Nepal BIPAD Portal,2016,5,13,Mid-Western Region,Dailekh,Mahabu,FLOOD,2,0,0,0,0,5,0,0.0,False,28.88537,81.67138,,,,,,,,,,,,,True,True,False,True
bipad-1765,Government of Nepal BIPAD Portal,2016,5,12,Mid-Western Region,Salyan,Sharada,FLOOD,0,0,0,0,0,27,0,0.0,False,28.4,82.09154,,,,,,,,,,,,,True,True,False,True
bipad-1775,Government of Nepal BIPAD Portal,2016,5,14,Far Western Region,Bajhang,Surma,FLOOD,1,0,0,0,0,0,0,0.0,False,29.7171,81.15534,,,,,,,,,,,,,True,True,False,True
bipad-1796,Government of Nepal BIPAD Portal,2016,5,17,Central Region,Sindhuli,Kamalamai,FLOOD,0,1,0,0,0,0,0,0.0,False,27.18536,85.90753,,,,,,,,,,,,,True,True,False,True
bipad-1820,Government of Nepal BIPAD Portal,2016,5,14,Far Western Region,Bajhang,Surma,FLOOD,1,0,0,0,0,0,0,0.0,False,29.7171,81.15534,,,,,,,,,,,,,True,True,False,True
bipad-1822,Government of Nepal BIPAD Portal,2016,5,17,Eastern Region,Sankhuwasabha,Khandbari,FLOOD,1,0,0,0,0,0,0,0.0,False,27.3868814825,87.2156945863,,,,,,,,,,,,,True,True,False,True
bipad-1846,Government of Nepal BIPAD Portal,2016,5,21,Central Region,Chitwan,Bharatpur,FLOOD,2,0,0,0,0,0,0,0.0,False,27.61645,84.36001,,,,,,,,,,,,,True,True,False,True
bipad-1862,Government of Nepal BIPAD Portal,2016,5,24,Central Region,Sindhuli,Kamalamai,FLOOD,0,0,2,0,0,0,0,0.0,False,27.18536,85.90753,,,,,,,,,,,,,True,True,False,True
bipad-1863,Government of Nepal BIPAD Portal,2016,5,24,Central Region,Sindhuli,Kamalamai,FLOOD,1,0,0,0,0,0,0,0.0,False,27.18536,85.90753,,,,,,,,,,,,,True,True,False,True
bipad-1866,Government of Nepal BIPAD Portal,2016,5,25,Far Western Region,Bajura,Gaumul,FLOOD,2,0,7,0,16,63,0,0.0,False,29.5579,81.49045,,,,,,,,,,,,,True,True,False,True
bipad-1869,Government of Nepal BIPAD Portal,2016,5,25,Far Western Region,Baitadi,Surnaya,FLOOD,0,1,0,0,0,0,0,0.0,False,29.50844,80.57647,,,,,,,,,,,,,True,True,False,True
bipad-1872,Government of Nepal BIPAD Portal,2016,5,25,Far Western Region,Dadeldhura,Alital,FLOOD,0,1,0,0,0,0,0,0.0,False,29.20864,80.48616,,,,,,,,,,,,,True,True,False,True
bipad-1877,Government of Nepal BIPAD Portal,2016,5,28,Western Region,Lamjung,Marsyangdi,FLOOD,1,0,0,0,0,0,0,0.0,False,28.28362,84.43609,,,,,,,,,,,,,True,True,False,True
bipad-1881,Government of Nepal BIPAD Portal,2016,5,28,Far Western Region,Bajura,Gaumul,FLOOD,1,0,0,0,0,0,0,0.0,False,29.5579,81.49045,,,,,,,,,,,,,True,True,False,True
bipad-1883,Government of Nepal BIPAD Portal,2016,5,25,Far Western Region,Baitadi,Surnaya,FLOOD,1,0,0,0,0,0,0,0.0,False,29.50844,80.57647,,,,,,,,,,,,,True,True,False,True
bipad-1884,Government of Nepal BIPAD Portal,2016,5,25,Eastern Region,Sunsari,Inaruwa,FLOOD,0,0,0,0,0,5,0,0.0,False,26.64064,87.12722,,,,,,,,,,,,,True,True,False,True
bipad-1925,Government of Nepal BIPAD Portal,2016,6,4,Far Western Region,Kailali,Gauriganga,FLOOD,0,1,0,0,0,0,0,0.0,False,28.74013,80.89463,,,,,,,,,,,,,True,True,False,True
bipad-1959,Government of Nepal BIPAD Portal,2016,6,8,Far Western Region,Doti,Shikhar,FLOOD,0,0,0,0,1,0,0,0.0,False,29.18116,80.84086,,,,,,,,,,,,,True,True,False,True
bipad-1964,Government of Nepal BIPAD Portal,2016,6,11,Western Region,Myagdi,Raghuganga,FLOOD,0,0,0,0,0,0,0,0.0,False,28.54637,83.48729,,,,,,,,,,,,,True,True,False,True
bipad-1995,Government of Nepal BIPAD Portal,2016,6,20,Far Western Region,Doti,Shikhar,FLOOD,0,0,0,0,0,0,0,0.0,False,29.18116,80.84086,,,,,,,,,,,,,True,True,False,True
bipad-1996,Government of Nepal BIPAD Portal,2016,6,19,Mid-Western Region,Dailekh,Mahabu,FLOOD,2,0,0,0,0,0,0,0.0,False,28.88537,81.67138,,,,,,,,,,,,,True,True,False,True
bipad-2015,Government of Nepal BIPAD Portal,2016,6,21,Eastern Region,Morang,Belbari,FLOOD,0,0,0,0,18,0,0,0.0,False,26.61037,87.46726,,,,,,,,,,,,,True,True,False,True
bipad-2016,Government of Nepal BIPAD Portal,2016,6,21,Far Western Region,Bajura,Gaumul,FLOOD,0,0,0,0,0,2,0,0.0,False,29.5579,81.49045,,,,,,,,,,,,,True,True,False,True
bipad-2017,Government of Nepal BIPAD Portal,2016,6,21,Mid-Western Region,Humla,Simkot,FLOOD,0,0,0,0,2,0,0,0.0,False,30.02618,81.88546,,,,,,,,,,,,,True,True,False,True
bipad-2018,Government of Nepal BIPAD Portal,2016,6,21,Eastern Region,Sunsari,Inaruwa,FLOOD,0,0,0,0,0,0,0,0.0,False,26.64064,87.12722,,,,,,,,,,,,,True,True,False,True
bipad-2019,Government of Nepal BIPAD Portal,2016,6,22,Eastern Region,Jhapa,Barhadashi,FLOOD,0,0,0,0,0,0,0,0.0,False,26.58323,87.91446,,,,,,,,,,,,,True,True,False,True
bipad-2020,Government of Nepal BIPAD Portal,2016,6,21,Eastern Region,Sunsari,Inaruwa,FLOOD,0,0,0,0,0,0,0,0.0,False,26.64064,87.12722,,,,,,,,,,,,,True,True,False,True
bipad-2021,Government of Nepal BIPAD Portal,2016,6,21,Eastern Region,Jhapa,Barhadashi,FLOOD,0,0,0,0,0,0,0,0.0,False,26.58323,87.91446,,,,,,,,,,,,,True,True,False,True
bipad-2022,Government of Nepal BIPAD Portal,2016,6,21,Eastern Region,Morang,Belbari,FLOOD,0,0,0,0,0,0,0,0.0,False,26.61037,87.46726,,,,,,,,,,,,,True,True,False,True
bipad-2023,Government of Nepal BIPAD Portal,2016,6,21,Eastern Region,Sunsari,Inaruwa,FLOOD,0,0,0,0,0,0,0,0.0,False,26.64064,87.12722,,,,,,,,,,,,,True,True,False,True
bipad-2024,Government of Nepal BIPAD Portal,2016,6,21,Eastern Region,Sunsari,Inaruwa,FLOOD,0,0,0,0,0,0,0,0.0,False,26.64064,87.12722,,,,,,,,,,,,,True,True,False,True
bipad-2034,Government of Nepal BIPAD Portal,2016,6,22,Eastern Region,Morang,Belbari,FLOOD,1,0,0,0,0,0,0,0.0,False,26.61037,87.46726,,,,,,,,,,,,,True,True,False,True
bipad-2037,Government of Nepal BIPAD Portal,2016,6,22,Eastern Region,Morang,Belbari,FLOOD,1,0,0,0,0,0,0,0.0,False,26.61037,87.46726,,,,,,,,,,,,,True,True,False,True
bipad-2041,Government of Nepal BIPAD Portal,2016,6,23,Central Region,Sindhuli,Kamalamai,FLOOD,1,0,0,0,0,0,0,0.0,False,27.18536,85.90753,,,,,,,,,,,,,True,True,False,True
bipad-2045,Government of Nepal BIPAD Portal,2016,6,25,Eastern Region,Saptari,Rupani,FLOOD,0,0,0,0,0,0,0,0.0,False,26.60701,86.75179,,,,,,,,,,,,,True,True,False,True
bipad-2053,Government of Nepal BIPAD Portal,2016,6,27,Central Region,Sarlahi,Haripur,FLOOD,1,0,0,0,0,0,0,0.0,False,26.96729,85.57183,,,,,,,,,,,,,True,True,False,True
bipad-2102,Government of Nepal BIPAD Portal,2016,7,1,Central Region,Sarlahi,Haripur,FLOOD,1,0,1,0,0,0,0,0.0,False,26.96729,85.57183,,,,,,,,,,,,,True,True,False,True
bipad-2106,Government of Nepal BIPAD Portal,2016,7,1,Central Region,Sarlahi,Haripur,FLOOD,0,0,0,0,0,0,0,0.0,False,26.96729,85.57183,,,,,,,,,,,,,True,True,False,True
bipad-2107,Government of Nepal BIPAD Portal,2016,7,1,Mid-Western Region,Salyan,Sharada,FLOOD,0,1,0,0,0,0,0,0.0,False,28.4,82.09154,,,,,,,,,,,,,True,True,False,True
bipad-2118,Government of Nepal BIPAD Portal,2016,7,2,Eastern Region,Morang,Belbari,FLOOD,1,0,0,0,0,0,0,0.0,False,26.61037,87.46726,,,,,,,,,,,,,True,True,False,True
bipad-2126,Government of Nepal BIPAD Portal,2016,7,3,Central Region,Sindhuli,Kamalamai,FLOOD,1,0,1,0,0,0,0,0.0,False,27.18536,85.90753,,,,,,,,,,,,,True,True,False,True
bipad-2129,Government of Nepal BIPAD Portal,2016,7,2,Mid-Western Region,Dang,Ghorahi,FLOOD,1,0,0,0,0,0,0,0.0,False,27.9672,82.44665,,,,,,,,,,,,,True,True,False,True
bipad-2131,Government of Nepal BIPAD Portal,2016,5,27,Eastern Region,Udayapur,Rautamai,FLOOD,1,0,0,0,0,0,0,0.0,False,26.93279,86.66463,,,,,,,,,,,,,True,True,False,True
bipad-5633,Government of Nepal BIPAD Portal,2014,5,24,Eastern Region,Udayapur,Rautamai,FLOOD,2,0,0,0,0,0,0,0.0,False,26.93279,86.66463,,,,,,,,,,,,,True,True,False,True
bipad-5684,Government of Nepal BIPAD Portal,2014,6,4,Mid-Western Region,Kalikot,Pachaljharana,FLOOD,1,0,0,0,0,0,0,0.0,False,29.21559,81.74506,,,,,,,,,,,,,True,True,False,True
bipad-5707,Government of Nepal BIPAD Portal,2014,6,7,Far Western Region,Bajura,Gaumul,FLOOD,3,0,1,0,11,120,0,0.0,False,29.5579,81.49045,,,,,,,,,,,,,True,True,False,True
bipad-5728,Government of Nepal BIPAD Portal,2014,6,17,Central Region,Dolakha,Bigu,FLOOD,0,0,0,0,0,0,0,0.0,False,27.82349,86.22218,,,,,,,,,,,,,True,True,False,True
bipad-5731,Government of Nepal BIPAD Portal,2014,6,18,Far Western Region,Baitadi,Surnaya,FLOOD,1,0,0,0,0,0,0,0.0,False,29.50844,80.57647,,,,,,,,,,,,,True,True,False,True
bipad-5733,Government of Nepal BIPAD Portal,2014,6,18,Central Region,Mahottari,Aurahi,FLOOD,1,0,0,0,0,0,0,0.0,False,26.88482,85.81298,,,,,,,,,,,,,True,True,False,True
bipad-5738,Government of Nepal BIPAD Portal,2014,6,19,Western Region,Gulmi,Resunga,FLOOD,0,0,0,0,0,0,0,0.0,False,28.09848,83.31058,,,,,,,,,,,,,True,True,False,True
bipad-5750,Government of Nepal BIPAD Portal,2014,6,21,Central Region,Bara,Jitpur Simara,FLOOD,2,0,0,0,0,0,0,0.0,False,27.10642,85.06984,,,,,,,,,,,,,True,True,False,True
bipad-5793,Government of Nepal BIPAD Portal,2014,7,5,Mid-Western Region,Surkhet,Barahtal,FLOOD,0,2,0,0,0,0,0,0.0,False,28.65047,81.50876,,,,,,,,,,,,,True,True,False,True
bipad-5797,Government of Nepal BIPAD Portal,2014,7,7,Mid-Western Region,Banke,Rapti Sonari,FLOOD,1,0,0,0,0,0,0,0.0,False,28.09534,81.84765,,,,,,,,,,,,,True,True,False,True
bipad-5804,Government of Nepal BIPAD Portal,2014,7,11,Mid-Western Region,Dolpa,Shey Phoksundo,FLOOD,0,0,0,0,0,0,0,0.0,False,29.21277,83.03833,,,,,,,,,,,,,True,True,False,True
bipad-5808,Government of Nepal BIPAD Portal,2014,7,12,Central Region,Chitwan,Bharatpur,FLOOD,1,0,0,0,0,0,0,0.0,False,27.61645,84.36001,,,,,,,,,,,,,True,True,False,True
bipad-5815,Government of Nepal BIPAD Portal,2014,7,14,Eastern Region,Solukhumbu,Khumbu Pasanglhamu,FLOOD,0,0,0,0,0,0,0,0.0,False,27.72488,86.68194,,,,,,,,,,,,,True,True,False,True
bipad-5821,Government of Nepal BIPAD Portal,2014,7,18,Central Region,Sindhupalchok,Jugal,FLOOD,0,0,0,0,7,0,0,0.0,False,27.90711,85.75568,,,,,,,,,,,,,True,True,False,True
bipad-5822,Government of Nepal BIPAD Portal,2014,7,19,Central Region,Sindhupalchok,Jugal,FLOOD,0,0,0,0,0,0,0,0.0,False,27.90711,85.75568,,,,,,,,,,,,,True,True,False,True
bipad-5823,Government of Nepal BIPAD Portal,2014,7,19,Far Western Region,Kanchanpur,Shuklaphanta National Park,FLOOD,1,0,0,0,0,0,0,0.0,False,28.84298,80.31147,,,,,,,,,,,,,True,True,False,True
bipad-5824,Government of Nepal BIPAD Portal,2014,7,19,Eastern Region,Dhankuta,Dhankuta,FLOOD,0,1,0,0,0,0,0,0.0,False,27.00791,87.36671,,,,,,,,,,,,,True,True,False,True
bipad-5825,Government of Nepal BIPAD Portal,2014,7,19,Far Western Region,Kanchanpur,Shuklaphanta National Park,FLOOD,0,0,0,0,0,0,0,0.0,False,28.84298,80.31147,,,,,,,,,,,,,True,True,False,True
bipad-5826,Government of Nepal BIPAD Portal,2014,7,19,Far Western Region,Kanchanpur,Shuklaphanta National Park,FLOOD,0,0,0,0,0,0,0,0.0,False,28.84298,80.31147,,,,,,,,,,,,,True,True,False,True
bipad-5829,Government of Nepal BIPAD Portal,2014,7,20,Far Western Region,Kailali,Gauriganga,FLOOD,1,0,0,0,0,0,0,0.0,False,28.74013,80.89463,,,,,,,,,,,,,True,True,False,True
bipad-5831,Government of Nepal BIPAD Portal,2014,7,20,Far Western Region,Doti,Shikhar,FLOOD,0,1,0,0,0,0,0,0.0,False,29.18116,80.84086,,,,,,,,,,,,,True,True,False,True
bipad-5832,Government of Nepal BIPAD Portal,2014,7,20,Mid-Western Region,Jajarkot,Kushe,FLOOD,0,1,0,0,0,0,0,0.0,False,28.86981,82.19935,,,,,,,,,,,,,True,True,False,True
bipad-5833,Government of Nepal BIPAD Portal,2014,7,20,Mid-Western Region,Dailekh,Mahabu,FLOOD,0,1,0,0,0,0,0,0.0,False,28.88537,81.67138,,,,,,,,,,,,,True,True,False,True
bipad-5836,Government of Nepal BIPAD Portal,2014,7,20,Far Western Region,Dadeldhura,Alital,FLOOD,1,0,0,0,21,0,0,0.0,False,29.20864,80.48616,,,,,,,,,,,,,True,True,False,True
bipad-5840,Government of Nepal BIPAD Portal,2014,7,21,Central Region,Kathmandu,Kageshwori Manahora,FLOOD,0,1,0,0,0,0,0,0.0,False,27.69912,85.37856,,,,,,,,,,,,,True,True,False,True
bipad-5845,Government of Nepal BIPAD Portal,2014,7,23,Western Region,Rupandehi,Tilottama,FLOOD,1,0,0,0,0,0,0,0.0,False,27.57833,83.42932,,,,,,,,,,,,,True,True,False,True
bipad-5846,Government of Nepal BIPAD Portal,2014,7,24,Western Region,Nawalparasi East,Madhyabindu,FLOOD,1,0,0,0,0,0,0,0.0,False,27.61064,84.00745,,,,,,,,,,,,,True,True,False,True
bipad-5849,Government of Nepal BIPAD Portal,2014,7,26,Mid-Western Region,Jajarkot,Kushe,FLOOD,0,2,0,0,0,0,0,0.0,False,28.86981,82.19935,,,,,,,,,,,,,True,True,False,True
bipad-5853,Government of Nepal BIPAD Portal,2014,7,27,Central Region,Rasuwa,Gosaikunda,FLOOD,1,0,0,0,0,0,0,0.0,False,28.1755,85.46091,,,,,,,,,,,,,True,True,False,True
bipad-5861,Government of Nepal BIPAD Portal,2014,7,29,Western Region,Kaski,Machhapuchchhre,FLOOD,0,0,1,0,0,0,0,0.0,False,28.34628,83.99007,,,,,,,,,,,,,True,True,False,True
bipad-5862,Government of Nepal BIPAD Portal,2014,7,29,Far Western Region,Achham,Kamalbazar,FLOOD,1,0,2,0,0,0,0,0.0,False,29.06417,81.30663,,,,,,,,,,,,,True,True,False,True
bipad-5865,Government of Nepal BIPAD Portal,2014,7,29,Central Region,Rasuwa,Gosaikunda,FLOOD,1,0,0,0,0,0,0,0.0,False,28.1755,85.46091,,,,,,,,,,,,,True,True,False,True
bipad-5868,Government of Nepal BIPAD Portal,2014,7,30,Central Region,Kathmandu,Kageshwori Manahora,FLOOD,0,1,0,0,0,0,0,0.0,False,27.69912,85.37856,,,,,,,,,,,,,True,True,False,True
bipad-5872,Government of Nepal BIPAD Portal,2014,8,1,Central Region,Ramechhap,Gokulganga,FLOOD,0,0,0,0,0,0,0,0.0,False,27.53685,86.18811,,,,,,,,,,,,,True,True,False,True
bipad-5882,Government of Nepal BIPAD Portal,2014,8,5,Central Region,Dolakha,Bigu,FLOOD,0,0,0,0,0,0,0,0.0,False,27.82349,86.22218,,,,,,,,,,,,,True,True,False,True
bipad-5899,Government of Nepal BIPAD Portal,2014,8,13,Eastern Region,Morang,Belbari,FLOOD,1,0,0,0,0,0,0,0.0,False,26.61037,87.46726,,,,,,,,,,,,,True,True,False,True
bipad-5909,Government of Nepal BIPAD Portal,2014,8,14,Central Region,Lalitpur,Konjyosom,FLOOD,1,0,0,0,0,0,0,0.0,False,27.54796,85.33968,,,,,,,,,,,,,True,True,False,True
bipad-5910,Government of Nepal BIPAD Portal,2014,8,14,Eastern Region,Siraha,Golbazar,FLOOD,0,1,0,0,0,0,0,0.0,False,26.7425,86.3336,,,,,,,,,,,,,True,True,False,True
bipad-5911,Government of Nepal BIPAD Portal,2014,8,14,Eastern Region,Udayapur,Rautamai,FLOOD,1,0,0,0,0,0,0,0.0,False,26.93279,86.66463,,,,,,,,,,,,,True,True,False,True
bipad-5912,Government of Nepal BIPAD Portal,2014,8,14,Central Region,Dhanusa,Dhanusadham,FLOOD,1,0,0,0,0,0,0,0.0,False,26.83206,86.05628,,,,,,,,,,,,,True,True,False,True
bipad-5913,Government of Nepal BIPAD Portal,2014,8,14,Central Region,Rautahat,Brindaban,FLOOD,0,0,0,0,0,0,0,0.0,False,26.98914,85.33443,,,,,,,,,,,,,True,True,False,True
bipad-5915,Government of Nepal BIPAD Portal,2014,8,14,Eastern Region,Udayapur,Rautamai,FLOOD,0,0,0,0,1,0,0,0.0,False,26.93279,86.66463,,,,,,,,,,,,,True,True,False,True
bipad-5920,Government of Nepal BIPAD Portal,2014,8,15,Central Region,Parsa,Thori,FLOOD,0,0,0,0,1,0,0,0.0,False,27.22317,84.73056,,,,,,,,,,,,,True,True,False,True
bipad-5932,Government of Nepal BIPAD Portal,2014,8,16,Mid-Western Region,Salyan,Sharada,FLOOD,1,0,0,0,0,0,0,0.0,False,28.4,82.09154,,,,,,,,,,,,,True,True,False,True
bipad-5939,Government of Nepal BIPAD Portal,2014,8,17,Central Region,Mahottari,Aurahi,FLOOD,0,0,0,0,0,1,0,0.0,False,26.88482,85.81298,,,,,,,,,,,,,True,True,False,True
bipad-5946,Government of Nepal BIPAD Portal,2014,8,21,Central Region,Sindhuli,Kamalamai,FLOOD,2,2,0,0,0,0,0,0.0,False,27.18536,85.90753,,,,,,,,,,,,,True,True,False,True
bipad-5963,Government of Nepal BIPAD Portal,2014,8,28,Central Region,Mahottari,Aurahi,FLOOD,0,0,0,0,1,0,0,0.0,False,26.88482,85.81298,,,,,,,,,,,,,True,True,False,True
bipad-5964,Government of Nepal BIPAD Portal,2014,8,28,Central Region,Mahottari,Aurahi,FLOOD,0,0,0,0,2,0,0,0.0,False,26.88482,85.81298,,,,,,,,,,,,,True,True,False,True
bipad-5976,Government of Nepal BIPAD Portal,2014,8,28,Central Region,Ramechhap,Gokulganga,FLOOD,1,0,0,0,0,0,0,0.0,False,27.53685,86.18811,,,,,,,,,,,,,True,True,False,True
bipad-6008,Government of Nepal BIPAD Portal,2014,9,25,Central Region,Rautahat,Brindaban,FLOOD,1,1,0,0,0,0,0,0.0,False,26.98914,85.33443,,,,,,,,,,,,,True,True,False,True
bipad-6009,Government of Nepal BIPAD Portal,2014,9,19,Central Region,Kathmandu,Kageshwori Manahora,FLOOD,0,0,0,0,0,0,0,0.0,False,27.69912,85.37856,,,,,,,,,,,,,True,True,False,True
bipad-6011,Government of Nepal BIPAD Portal,2014,9,19,Eastern Region,Dhankuta,Dhankuta,FLOOD,0,0,0,0,0,4,0,0.0,False,27.00791,87.36671,,,,,,,,,,,,,True,True,False,True
bipad-6012,Government of Nepal BIPAD Portal,2014,9,19,Central Region,Kathmandu,Kageshwori Manahora,FLOOD,0,0,0,0,0,0,0,0.0,False,27.69912,85.37856,,,,,,,,,,,,,True,True,False,True
bipad-6013,Government of Nepal BIPAD Portal,2014,9,19,Mid-Western Region,Rukum East,Sisne,FLOOD,1,0,0,0,0,0,0,0.0,False,28.73381,82.67046,,,,,,,,,,,,,True,True,False,True
bipad-6027,Government of Nepal BIPAD Portal,2014,9,21,Eastern Region,Khotang,Halesi Tuwachung,FLOOD,0,0,0,0,0,0,0,0.0,False,27.15572,86.7091,,,,,,,,,,,,,True,True,False,True
bipad-6030,Government of Nepal BIPAD Portal,2014,9,13,Mid-Western Region,Bardiya,Barbardiya,FLOOD,0,1,0,0,0,0,0,0.0,False,28.36918,81.41147,,,,,,,,,,,,,True,True,False,True
bipad-6050,Government of Nepal BIPAD Portal,2014,9,29,Central Region,Makwanpur,Makawanpurgadhi,FLOOD,1,0,0,0,0,0,0,0.0,False,27.4427,85.08797,,,,,,,,,,,,,True,True,False,True
bipad-6059,Government of Nepal BIPAD Portal,2014,9,23,Far Western Region,Achham,Kamalbazar,FLOOD,1,0,0,0,0,0,0,0.0,False,29.06417,81.30663,,,,,,,,,,,,,True,True,False,True
bipad-6066,Government of Nepal BIPAD Portal,2014,10,13,Mid-Western Region,Surkhet,Barahtal,FLOOD,0,2,0,0,0,0,0,0.0,False,28.65047,81.50876,,,,,,,,,,,,,True,True,False,True
bipad-6072,Government of Nepal BIPAD Portal,2014,10,14,Central Region,Chitwan,Bharatpur,FLOOD,1,0,0,0,0,0,0,0.0,False,27.61645,84.36001,,,,,,,,,,,,,True,True,False,True
bipad-6077,Government of Nepal BIPAD Portal,2014,10,14,Western Region,Arghakhanchi,Bhumikasthan,FLOOD,0,1,0,0,0,0,0,0.0,False,27.94393,83.04234,,,,,,,,,,,,,True,True,False,True
bipad-6082,Government of Nepal BIPAD Portal,2014,8,14,Mid-Western Region,Surkhet,Barahtal,FLOOD,34,91,26,0,1427,2439,0,0.0,False,28.65047,81.50876,,,,,,,,,,,,,True,True,False,True
bipad-6083,Government of Nepal BIPAD Portal,2014,8,13,Mid-Western Region,Bardiya,Barbardiya,FLOOD,33,15,2,0,3859,13517,0,0.0,False,28.36918,81.41147,,,,,,,,,,,,,True,True,False,True
bipad-6084,Government of Nepal BIPAD Portal,2014,8,13,Mid-Western Region,Banke,Rapti Sonari,FLOOD,15,5,2,0,2771,7992,0,0.0,False,28.09534,81.84765,,,,,,,,,,,,,True,True,False,True
bipad-6085,Government of Nepal BIPAD Portal,2014,8,14,Mid-Western Region,Dang,Ghorahi,FLOOD,14,4,2,0,521,374,0,0.0,False,27.9672,82.44665,,,,,,,,,,,,,True,True,False,True
bipad-32715,Government of Nepal BIPAD Portal,2016,7,5,Western Region,Baglung,Dhorpatan,FLOOD,0,0,0,0,2,0,0,0.0,False,28.35288,83.27139,,,,,,,,,,,,,True,True,False,True
bipad-32720,Government of Nepal BIPAD Portal,2016,7,5,Western Region,Kapilbastu,Buddhabhumi,FLOOD,1,0,0,0,0,0,0,0.0,False,27.62682,82.96838,,,,,,,,,,,,,True,True,False,True
bipad-32724,Government of Nepal BIPAD Portal,2016,7,4,Central Region,Sindhupalchok,Jugal,FLOOD,0,0,0,0,88,30,0,0.0,False,27.90711,85.75568,,,,,,,,,,,,,True,True,False,True
bipad-32742,Government of Nepal BIPAD Portal,2016,7,10,Mid-Western Region,Dolpa,Shey Phoksundo,FLOOD,0,0,0,0,0,1,0,0.0,False,29.21277,83.03833,,,,,,,,,,,,,True,True,False,True
bipad-32760,Government of Nepal BIPAD Portal,2016,7,14,Mid-Western Region,Kalikot,Pachaljharana,FLOOD,2,0,1,0,0,0,0,0.0,False,29.21559,81.74506,,,,,,,,,,,,,True,True,False,True
bipad-32762,Government of Nepal BIPAD Portal,2016,7,15,Western Region,Tanahu,Rhishing,FLOOD,0,1,0,0,0,0,0,0.0,False,27.93572,84.24996,,,,,,,,,,,,,True,True,False,True
bipad-32765,Government of Nepal BIPAD Portal,2016,7,15,Western Region,Kaski,Machhapuchchhre,FLOOD,0,0,0,0,1,0,0,0.0,False,28.34628,83.99007,,,,,,,,,,,,,True,True,False,True
bipad-32770,Government of Nepal BIPAD Portal,2016,7,15,Mid-Western Region,Rukum East,Sisne,FLOOD,0,1,0,0,0,0,0,0.0,False,28.73381,82.67046,,,,,,,,,,,,,True,True,False,True
bipad-32776,Government of Nepal BIPAD Portal,2016,7,15,Mid-Western Region,Mugu,Mugum Karmarong,FLOOD,0,0,0,0,3,0,0,0.0,False,29.67916,82.30447,,,,,,,,,,,,,True,True,False,True
bipad-32781,Government of Nepal BIPAD Portal,2016,7,17,Eastern Region,Morang,Belbari,FLOOD,1,0,0,0,0,0,0,0.0,False,26.61037,87.46726,,,,,,,,,,,,,True,True,False,True
bipad-32784,Government of Nepal BIPAD Portal,2016,7,16,Eastern Region,Taplejung,Phaktanglung,FLOOD,0,1,0,0,0,0,0,0.0,False,27.60988,87.82613,,,,,,,,,,,,,True,True,False,True
bipad-32799,Government of Nepal BIPAD Portal,2016,7,19,Western Region,Gulmi,Resunga,FLOOD,1,0,0,0,0,0,0,0.0,False,28.09848,83.31058,,,,,,,,,,,,,True,True,False,True
bipad-32804,Government of Nepal BIPAD Portal,2016,7,20,Eastern Region,Sunsari,Inaruwa,FLOOD,0,0,0,0,7,0,0,0.0,False,26.64064,87.12722,,,,,,,,,,,,,True,True,False,True
bipad-32805,Government of Nepal BIPAD Portal,2016,7,19,Eastern Region,Jhapa,Barhadashi,FLOOD,0,0,0,0,0,0,0,0.0,False,26.58323,87.91446,,,,,,,,,,,,,True,True,False,True
bipad-32812,Government of Nepal BIPAD Portal,2016,7,20,Central Region,Rautahat,Brindaban,FLOOD,0,1,0,0,0,0,0,0.0,False,26.98914,85.33443,,,,,,,,,,,,,True,True,False,True
bipad-32814,Government of Nepal BIPAD Portal,2016,7,20,Eastern Region,Jhapa,Barhadashi,FLOOD,0,0,0,0,0,0,0,0.0,False,26.58323,87.91446,,,,,,,,,,,,,True,True,False,True
bipad-32816,Government of Nepal BIPAD Portal,2016,7,20,Eastern Region,Okhaldhunga,Molung,FLOOD,1,0,0,0,0,0,0,0.0,False,27.33592,86.44629,,,,,,,,,,,,,True,True,False,True
bipad-32819,Government of Nepal BIPAD Portal,2016,7,21,Eastern Region,Jhapa,Barhadashi,FLOOD,0,0,0,0,0,0,0,0.0,False,26.58323,87.91446,,,,,,,,,,,,,True,True,False,True
bipad-32821,Government of Nepal BIPAD Portal,2016,7,22,Eastern Region,Udayapur,Rautamai,FLOOD,0,0,0,0,0,0,0,0.0,False,26.93279,86.66463,,,,,,,,,,,,,True,True,False,True
bipad-32822,Government of Nepal BIPAD Portal,2016,7,22,Western Region,Gulmi,Resunga,FLOOD,0,0,0,0,0,0,0,0.0,False,28.09848,83.31058,,,,,,,,,,,,,True,True,False,True
bipad-32828,Government of Nepal BIPAD Portal,2016,7,21,Central Region,Sindhuli,Kamalamai,FLOOD,0,1,0,0,0,0,0,0.0,False,27.18536,85.90753,,,,,,,,,,,,,True,True,False,True
bipad-32829,Government of Nepal BIPAD Portal,2016,7,21,Mid-Western Region,Banke,Rapti Sonari,FLOOD,1,0,0,0,0,0,0,0.0,False,28.09534,81.84765,,,,,,,,,,,,,True,True,False,True
bipad-32834,Government of Nepal BIPAD Portal,2016,7,22,Central Region,Sindhuli,Kamalamai,FLOOD,1,0,0,0,0,0,0,0.0,False,27.18536,85.90753,,,,,,,,,,,,,True,True,False,True
bipad-32841,Government of Nepal BIPAD Portal,2016,7,22,Central Region,Dolakha,Bigu,FLOOD,0,1,0,0,0,0,0,0.0,False,27.82349,86.22218,,,,,,,,,,,,,True,True,False,True
bipad-32842,Government of Nepal BIPAD Portal,2016,7,22,Far Western Region,Baitadi,Surnaya,FLOOD,1,0,0,0,0,0,0,0.0,False,29.50844,80.57647,,,,,,,,,,,,,True,True,False,True
bipad-32846,Government of Nepal BIPAD Portal,2016,7,23,Eastern Region,Morang,Belbari,FLOOD,0,0,0,0,0,0,0,0.0,False,26.61037,87.46726,,,,,,,,,,,,,True,True,False,True
bipad-32847,Government of Nepal BIPAD Portal,2016,7,23,Eastern Region,Saptari,Rupani,FLOOD,0,0,0,0,0,0,0,0.0,False,26.60701,86.75179,,,,,,,,,,,,,True,True,False,True
bipad-32852,Government of Nepal BIPAD Portal,2016,7,23,Eastern Region,Morang,Belbari,FLOOD,0,0,0,0,0,0,0,0.0,False,26.61037,87.46726,,,,,,,,,,,,,True,True,False,True
bipad-32855,Government of Nepal BIPAD Portal,2016,7,23,Western Region,Nawalparasi East,Madhyabindu,FLOOD,0,1,0,0,0,0,0,0.0,False,27.61064,84.00745,,,,,,,,,,,,,True,True,False,True
bipad-32857,Government of Nepal BIPAD Portal,2016,7,23,Central Region,Sindhupalchok,Jugal,FLOOD,0,0,0,0,0,0,0,0.0,False,27.90711,85.75568,,,,,,,,,,,,,True,True,False,True
bipad-32861,Government of Nepal BIPAD Portal,2016,7,23,Eastern Region,Morang,Belbari,FLOOD,0,0,0,0,26,0,0,0.0,False,26.61037,87.46726,,,,,,,,,,,,,True,True,False,True
bipad-32862,Government of Nepal BIPAD Portal,2016,7,23,Eastern Region,Saptari,Rupani,FLOOD,0,0,0,0,0,0,0,0.0,False,26.60701,86.75179,,,,,,,,,,,,,True,True,False,True
bipad-32863,Government of Nepal BIPAD Portal,2016,7,23,Eastern Region,Morang,Belbari,FLOOD,0,0,0,0,0,0,0,0.0,False,26.61037,87.46726,,,,,,,,,,,,,True,True,False,True
bipad-32864,Government of Nepal BIPAD Portal,2016,7,24,Eastern Region,Morang,Belbari,FLOOD,0,0,0,0,0,0,0,0.0,False,26.61037,87.46726,,,,,,,,,,,,,True,True,False,True
bipad-32865,Government of Nepal BIPAD Portal,2016,7,23,Mid-Western Region,Dailekh,Mahabu,FLOOD,1,0,0,0,0,0,0,0.0,False,28.88537,81.67138,,,,,,,,,,,,,True,True,False,True
bipad-32866,Government of Nepal BIPAD Portal,2016,7,23,Central Region,Makwanpur,Makawanpurgadhi,FLOOD,1,0,0,0,0,0,0,0.0,False,27.4427,85.08797,,,,,,,,,,,,,True,True,False,True
bipad-32867,Government of Nepal BIPAD Portal,2016,7,23,Western Region,Kapilbastu,Buddhabhumi,FLOOD,1,0,0,0,0,0,0,0.0,False,27.62682,82.96838,,,,,,,,,,,,,True,True,False,True
bipad-32868,Government of Nepal BIPAD Portal,2016,7,23,Central Region,Kathmandu,Kageshwori Manahora,FLOOD,1,0,0,0,0,0,0,0.0,False,27.69912,85.37856,,,,,,,,,,,,,True,True,False,True
bipad-32873,Government of Nepal BIPAD Portal,2016,7,24,Eastern Region,Sunsari,Inaruwa,FLOOD,0,0,0,0,0,0,0,0.0,False,26.64064,87.12722,,,,,,,,,,,,,True,True,False,True
bipad-32877,Government of Nepal BIPAD Portal,2016,7,24,Eastern Region,Jhapa,Barhadashi,FLOOD,0,0,0,0,0,0,0,0.0,False,26.58323,87.91446,,,,,,,,,,,,,True,True,False,True
bipad-32879,Government of Nepal BIPAD Portal,2016,7,24,Eastern Region,Jhapa,Barhadashi,FLOOD,0,0,0,0,0,0,0,0.0,False,26.58323,87.91446,,,,,,,,,,,,,True,True,False,True
bipad-32881,Government of Nepal BIPAD Portal,2016,7,24,Eastern Region,Sunsari,Inaruwa,FLOOD,0,0,0,0,4,0,0,0.0,False,26.64064,87.12722,,,,,,,,,,,,,True,True,False,True
bipad-32884,Government of Nepal BIPAD Portal,2016,7,24,Eastern Region,Jhapa,Barhadashi,FLOOD,0,0,0,0,0,2,0,0.0,False,26.58323,87.91446,,,,,,,,,,,,,True,True,False,True
bipad-32886,Government of Nepal BIPAD Portal,2016,7,24,Western Region,Gulmi,Resunga,FLOOD,1,0,0,0,0,0,0,0.0,False,28.09848,83.31058,,,,,,,,,,,,,True,True,False,True
bipad-32887,Government of Nepal BIPAD Portal,2016,7,24,Eastern Region,Jhapa,Barhadashi,FLOOD,0,1,0,0,0,0,0,0.0,False,26.58323,87.91446,,,,,,,,,,,,,True,True,False,True
bipad-32889,Government of Nepal BIPAD Portal,2016,7,24,Eastern Region,Siraha,Golbazar,FLOOD,1,2,0,0,0,0,0,0.0,False,26.7425,86.3336,,,,,,,,,,,,,True,True,False,True
bipad-32891,Government of Nepal BIPAD Portal,2016,7,25,Eastern Region,Jhapa,Barhadashi,FLOOD,0,0,0,0,1,0,0,0.0,False,26.58323,87.91446,,,,,,,,,,,,,True,True,False,True
bipad-32892,Government of Nepal BIPAD Portal,2016,7,25,Eastern Region,Sunsari,Inaruwa,FLOOD,0,0,0,0,0,0,0,0.0,False,26.64064,87.12722,,,,,,,,,,,,,True,True,False,True
bipad-32893,Government of Nepal BIPAD Portal,2016,7,26,Western Region,Baglung,Dhorpatan,FLOOD,0,0,0,0,0,0,0,0.0,False,28.35288,83.27139,,,,,,,,,,,,,True,True,False,True
bipad-32894,Government of Nepal BIPAD Portal,2016,7,26,Western Region,Kaski,Machhapuchchhre,FLOOD,0,0,0,0,0,0,0,0.0,False,28.34628,83.99007,,,,,,,,,,,,,True,True,False,True
bipad-32895,Government of Nepal BIPAD Portal,2016,7,26,Western Region,Gulmi,Resunga,FLOOD,0,0,0,0,0,0,0,0.0,False,28.09848,83.31058,,,,,,,,,,,,,True,True,False,True
bipad-32896,Government of Nepal BIPAD Portal,2016,7,25,Central Region,Sarlahi,Haripur,FLOOD,1,0,0,0,0,0,0,0.0,False,26.96729,85.57183,,,,,,,,,,,,,True,True,False,True
bipad-32897,Government of Nepal BIPAD Portal,2016,7,25,Western Region,Kaski,Machhapuchchhre,FLOOD,0,1,0,0,0,0,0,0.0,False,28.34628,83.99007,,,,,,,,,,,,,True,True,False,True
bipad-32898,Government of Nepal BIPAD Portal,2016,7,25,Eastern Region,Sunsari,Inaruwa,FLOOD,0,1,1,0,0,0,0,0.0,False,26.64064,87.12722,,,,,,,,,,,,,True,True,False,True
bipad-32899,Government of Nepal BIPAD Portal,2016,7,25,Central Region,Bara,Jitpur Simara,FLOOD,1,0,0,0,0,0,0,0.0,False,27.10642,85.06984,,,,,,,,,,,,,True,True,False,True
bipad-32900,Government of Nepal BIPAD Portal,2016,7,25,Eastern Region,Saptari,Rupani,FLOOD,1,0,0,0,0,0,0,0.0,False,26.60701,86.75179,,,,,,,,,,,,,True,True,False,True
bipad-32915,Government of Nepal BIPAD Portal,2016,7,26,Western Region,Gulmi,Resunga,FLOOD,0,0,0,0,6,15,0,0.0,False,28.09848,83.31058,,,,,,,,,,,,,True,True,False,True
bipad-32921,Government of Nepal BIPAD Portal,2016,7,24,Eastern Region,Jhapa,Barhadashi,FLOOD,0,0,0,0,4,7,0,0.0,False,26.58323,87.91446,,,,,,,,,,,,,True,True,False,True
bipad-32922,Government of Nepal BIPAD Portal,2016,7,24,Eastern Region,Jhapa,Barhadashi,FLOOD,0,0,0,0,3,0,0,0.0,False,26.58323,87.91446,,,,,,,,,,,,,True,True,False,True
bipad-32924,Government of Nepal BIPAD Portal,2016,7,25,Central Region,Chitwan,Bharatpur,FLOOD,0,0,0,0,0,1,0,0.0,False,27.61645,84.36001,,,,,,,,,,,,,True,True,False,True
bipad-32925,Government of Nepal BIPAD Portal,2016,7,25,Eastern Region,Sunsari,Inaruwa,FLOOD,0,0,0,0,0,0,0,0.0,False,26.64064,87.12722,,,,,,,,,,,,,True,True,False,True
bipad-32926,Government of Nepal BIPAD Portal,2016,7,25,Eastern Region,Sunsari,Inaruwa,FLOOD,0,0,0,0,0,0,0,0.0,False,26.64064,87.12722,,,,,,,,,,,,,True,True,False,True
bipad-32927,Government of Nepal BIPAD Portal,2016,7,25,Eastern Region,Udayapur,Rautamai,FLOOD,1,0,0,0,0,0,0,0.0,False,26.93279,86.66463,,,,,,,,,,,,,True,True,False,True
bipad-32930,Government of Nepal BIPAD Portal,2016,7,26,Central Region,Bhaktapur,Bhaktapur,FLOOD,0,0,0,0,0,0,0,0.0,False,27.67418,85.44123,,,,,,,,,,,,,True,True,False,True
bipad-32932,Government of Nepal BIPAD Portal,2016,7,26,Mid-Western Region,Bardiya,Barbardiya,FLOOD,0,0,0,0,0,0,0,0.0,False,28.36918,81.41147,,,,,,,,,,,,,True,True,False,True
bipad-32933,Government of Nepal BIPAD Portal,2016,7,26,Western Region,Rupandehi,Tilottama,FLOOD,0,0,0,0,6,0,0,0.0,False,27.57833,83.42932,,,,,,,,,,,,,True,True,False,True
bipad-32934,Government of Nepal BIPAD Portal,2016,7,26,Western Region,Rupandehi,Tilottama,FLOOD,0,0,1,0,21,0,0,0.0,False,27.57833,83.42932,,,,,,,,,,,,,True,True,False,True
bipad-32935,Government of Nepal BIPAD Portal,2016,7,26,Western Region,Rupandehi,Tilottama,FLOOD,0,0,0,0,1,0,0,0.0,False,27.57833,83.42932,,,,,,,,,,,,,True,True,False,True
bipad-32936,Government of Nepal BIPAD Portal,2016,7,26,Western Region,Syangja,Bhirkot,FLOOD,0,0,0,0,0,0,0,0.0,False,28.05026,83.73811,,,,,,,,,,,,,True,True,False,True
bipad-32937,Government of Nepal BIPAD Portal,2016,7,26,Mid-Western Region,Dang,Ghorahi,FLOOD,0,0,0,0,0,0,0,0.0,False,27.9672,82.44665,,,,,,,,,,,,,True,True,False,True
bipad-32938,Government of Nepal BIPAD Portal,2016,7,26,Mid-Western Region,Dang,Ghorahi,FLOOD,0,0,0,0,0,0,0,0.0,False,27.9672,82.44665,,,,,,,,,,,,,True,True,False,True
bipad-32939,Government of Nepal BIPAD Portal,2016,7,26,Mid-Western Region,Banke,Rapti Sonari,FLOOD,0,0,0,0,0,0,0,0.0,False,28.09534,81.84765,,,,,,,,,,,,,True,True,False,True
bipad-32940,Government of Nepal BIPAD Portal,2016,7,26,Eastern Region,Jhapa,Barhadashi,FLOOD,0,0,0,0,3,0,0,0.0,False,26.58323,87.91446,,,,,,,,,,,,,True,True,False,True
bipad-32943,Government of Nepal BIPAD Portal,2016,7,26,Eastern Region,Jhapa,Barhadashi,FLOOD,0,1,0,0,0,0,0,0.0,False,26.58323,87.91446,,,,,,,,,,,,,True,True,False,True
bipad-32945,Government of Nepal BIPAD Portal,2016,7,26,Western Region,Kapilbastu,Buddhabhumi,FLOOD,1,0,0,0,0,0,0,0.0,False,27.62682,82.96838,,,,,,,,,,,,,True,True,False,True
bipad-32950,Government of Nepal BIPAD Portal,2016,7,26,Mid-Western Region,Bardiya,Barbardiya,FLOOD,0,0,0,0,0,0,0,0.0,False,28.36918,81.41147,,,,,,,,,,,,,True,True,False,True
bipad-32951,Government of Nepal BIPAD Portal,2016,7,26,Mid-Western Region,Bardiya,Barbardiya,FLOOD,0,0,0,0,0,0,0,0.0,False,28.36918,81.41147,,,,,,,,,,,,,True,True,False,True
bipad-32952,Government of Nepal BIPAD Portal,2016,7,26,Mid-Western Region,Banke,Rapti Sonari,FLOOD,0,0,0,0,0,0,0,0.0,False,28.09534,81.84765,,,,,,,,,,,,,True,True,False,True
bipad-32953,Government of Nepal BIPAD Portal,2016,7,26,Central Region,Parsa,Thori,FLOOD,0,0,0,0,0,0,0,0.0,False,27.22317,84.73056,,,,,,,,,,,,,True,True,False,True
bipad-32954,Government of Nepal BIPAD Portal,2016,7,26,Eastern Region,Jhapa,Barhadashi,FLOOD,0,0,0,0,0,0,0,0.0,False,26.58323,87.91446,,,,,,,,,,,,,True,True,False,True
bipad-32955,Government of Nepal BIPAD Portal,2016,7,26,Central Region,Chitwan,Bharatpur,FLOOD,0,0,0,0,2,0,0,0.0,False,27.61645,84.36001,,,,,,,,,,,,,True,True,False,True
bipad-32956,Government of Nepal BIPAD Portal,2016,7,26,Eastern Region,Morang,Belbari,FLOOD,0,0,0,0,55,0,0,0.0,False,26.61037,87.46726,,,,,,,,,,,,,True,True,False,True
bipad-32957,Government of Nepal BIPAD Portal,2016,7,26,Mid-Western Region,Bardiya,Barbardiya,FLOOD,0,0,0,0,0,0,0,0.0,False,28.36918,81.41147,,,,,,,,,,,,,True,True,False,True
bipad-32958,Government of Nepal BIPAD Portal,2016,7,26,Western Region,Kaski,Machhapuchchhre,FLOOD,0,0,0,0,2,0,0,0.0,False,28.34628,83.99007,,,,,,,,,,,,,True,True,False,True
bipad-32959,Government of Nepal BIPAD Portal,2016,7,26,Mid-Western Region,Banke,Rapti Sonari,FLOOD,0,0,0,0,0,0,0,0.0,False,28.09534,81.84765,,,,,,,,,,,,,True,True,False,True
bipad-32961,Government of Nepal BIPAD Portal,2016,7,26,Eastern Region,Jhapa,Barhadashi,FLOOD,0,1,0,0,0,0,0,0.0,False,26.58323,87.91446,,,,,,,,,,,,,True,True,False,True
bipad-32962,Government of Nepal BIPAD Portal,2016,7,26,Mid-Western Region,Dang,Ghorahi,FLOOD,1,0,0,0,0,0,0,0.0,False,27.9672,82.44665,,,,,,,,,,,,,True,True,False,True
bipad-32963,Government of Nepal BIPAD Portal,2016,7,26,Western Region,Arghakhanchi,Bhumikasthan,FLOOD,1,0,0,0,0,0,0,0.0,False,27.94393,83.04234,,,,,,,,,,,,,True,True,False,True
bipad-32976,Government of Nepal BIPAD Portal,2016,7,26,Mid-Western Region,Pyuthan,Pyuthan,FLOOD,1,0,0,0,0,0,0,0.0,False,28.1203,82.85541,,,,,,,,,,,,,True,True,False,True
bipad-32989,Government of Nepal BIPAD Portal,2016,7,26,Western Region,Gulmi,Resunga,FLOOD,0,0,0,0,1,0,0,0.0,False,28.09848,83.31058,,,,,,,,,,,,,True,True,False,True
bipad-32990,Government of Nepal BIPAD Portal,2016,7,26,Western Region,Gulmi,Resunga,FLOOD,0,0,0,0,2,0,0,0.0,False,28.09848,83.31058,,,,,,,,,,,,,True,True,False,True
bipad-32991,Government of Nepal BIPAD Portal,2016,7,24,Eastern Region,Jhapa,Barhadashi,FLOOD,1,0,0,0,0,0,0,0.0,False,26.58323,87.91446,,,,,,,,,,,,,True,True,False,True
bipad-32992,Government of Nepal BIPAD Portal,2016,7,24,Eastern Region,Jhapa,Barhadashi,FLOOD,1,0,0,0,0,0,0,0.0,False,26.58323,87.91446,,,,,,,,,,,,,True,True,False,True
bipad-32993,Government of Nepal BIPAD Portal,2016,7,25,Eastern Region,Jhapa,Barhadashi,FLOOD,0,0,0,0,0,0,0,0.0,False,26.58323,87.91446,,,,,,,,,,,,,True,True,False,True
bipad-32994,Government of Nepal BIPAD Portal,2016,7,25,Eastern Region,Jhapa,Barhadashi,FLOOD,0,0,0,0,0,0,0,0.0,False,26.58323,87.91446,,,,,,,,,,,,,True,True,False,True
bipad-32995,Government of Nepal BIPAD Portal,2016,7,25,Eastern Region,Jhapa,Barhadashi,FLOOD,0,0,0,0,0,0,0,0.0,False,26.58323,87.91446,,,,,,,,,,,,,True,True,False,True
bipad-32996,Government of Nepal BIPAD Portal,2016,7,25,Eastern Region,Jhapa,Barhadashi,FLOOD,0,0,0,0,0,0,0,0.0,False,26.58323,87.91446,,,,,,,,,,,,,True,True,False,True
bipad-32997,Government of Nepal BIPAD Portal,2016,7,25,Eastern Region,Jhapa,Barhadashi,FLOOD,0,0,0,0,0,0,0,0.0,False,26.58323,87.91446,,,,,,,,,,,,,True,True,False,True
bipad-33002,Government of Nepal BIPAD Portal,2016,7,24,Eastern Region,Jhapa,Barhadashi,FLOOD,1,0,0,0,0,0,0,0.0,False,26.58323,87.91446,,,,,,,,,,,,,True,True,False,True
bipad-33004,Government of Nepal BIPAD Portal,2016,7,26,Western Region,Kapilbastu,Buddhabhumi,FLOOD,1,0,0,0,0,0,0,0.0,False,27.62682,82.96838,,,,,,,,,,,,,True,True,False,True
bipad-33005,Government of Nepal BIPAD Portal,2016,7,26,Western Region,Kapilbastu,Buddhabhumi,FLOOD,1,0,0,0,0,0,0,0.0,False,27.62682,82.96838,,,,,,,,,,,,,True,True,False,True
bipad-33008,Government of Nepal BIPAD Portal,2016,7,26,Mid-Western Region,Dang,Ghorahi,FLOOD,1,0,0,0,0,0,0,0.0,False,27.9672,82.44665,,,,,,,,,,,,,True,True,False,True
bipad-33018,Government of Nepal BIPAD Portal,2016,7,27,Central Region,Chitwan,Bharatpur,FLOOD,0,0,0,0,0,0,0,0.0,False,27.61645,84.36001,,,,,,,,,,,,,True,True,False,True
bipad-33025,Government of Nepal BIPAD Portal,2016,7,28,Far Western Region,Dadeldhura,Alital,FLOOD,1,0,0,0,0,0,0,0.0,False,29.20864,80.48616,,,,,,,,,,,,,True,True,False,True
bipad-33028,Government of Nepal BIPAD Portal,2016,7,28,Central Region,Sarlahi,Haripur,FLOOD,1,0,0,0,0,0,0,0.0,False,26.96729,85.57183,,,,,,,,,,,,,True,True,False,True
bipad-33039,Government of Nepal BIPAD Portal,2016,7,26,Eastern Region,Sunsari,Inaruwa,FLOOD,0,0,0,0,0,0,0,0.0,False,26.64064,87.12722,,,,,,,,,,,,,True,True,False,True
bipad-33040,Government of Nepal BIPAD Portal,2016,7,26,Eastern Region,Sunsari,Inaruwa,FLOOD,0,0,0,0,0,0,0,0.0,False,26.64064,87.12722,,,,,,,,,,,,,True,True,False,True
bipad-33041,Government of Nepal BIPAD Portal,2016,7,26,Eastern Region,Sunsari,Inaruwa,FLOOD,0,0,0,0,0,0,0,0.0,False,26.64064,87.12722,,,,,,,,,,,,,True,True,False,True
bipad-33042,Government of Nepal BIPAD Portal,2016,7,26,Eastern Region,Sunsari,Inaruwa,FLOOD,0,0,0,0,0,0,0,0.0,False,26.64064,87.12722,,,,,,,,,,,,,True,True,False,True
bipad-33047,Government of Nepal BIPAD Portal,2016,7,29,Western Region,Baglung,Dhorpatan,FLOOD,0,1,0,0,0,0,0,0.0,False,28.35288,83.27139,,,,,,,,,,,,,True,True,False,True
bipad-33049,Government of Nepal BIPAD Portal,2016,7,28,Western Region,Baglung,Dhorpatan,FLOOD,0,1,0,0,0,0,0,0.0,False,28.35288,83.27139,,,,,,,,,,,,,True,True,False,True
bipad-33050,Government of Nepal BIPAD Portal,2016,7,25,Western Region,Rupandehi,Tilottama,FLOOD,2,0,0,0,0,0,0,0.0,False,27.57833,83.42932,,,,,,,,,,,,,True,True,False,True
bipad-33051,Government of Nepal BIPAD Portal,2016,7,26,Western Region,Baglung,Dhorpatan,FLOOD,0,0,0,0,18,0,0,0.0,False,28.35288,83.27139,,,,,,,,,,,,,True,True,False,True
bipad-33052,Government of Nepal BIPAD Portal,2016,7,26,Western Region,Baglung,Dhorpatan,FLOOD,0,0,0,0,62,0,0,0.0,False,28.35288,83.27139,,,,,,,,,,,,,True,True,False,True
bipad-33058,Government of Nepal BIPAD Portal,2016,7,21,Eastern Region,Saptari,Rupani,FLOOD,0,0,0,0,0,0,0,0.0,False,26.60701,86.75179,,,,,,,,,,,,,True,True,False,True
bipad-33069,Government of Nepal BIPAD Portal,2016,7,29,Mid-Western Region,Kalikot,Pachaljharana,FLOOD,1,0,0,0,0,0,0,0.0,False,29.21559,81.74506,,,,,,,,,,,,,True,True,False,True
bipad-33086,Government of Nepal BIPAD Portal,2016,7,31,Central Region,Kathmandu,Kageshwori Manahora,FLOOD,1,0,0,0,0,0,0,0.0,False,27.69912,85.37856,,,,,,,,,,,,,True,True,False,True
bipad-33087,Government of Nepal BIPAD Portal,2016,7,31,Far Western Region,Kanchanpur,Shuklaphanta National Park,FLOOD,1,0,0,0,0,0,0,0.0,False,28.84298,80.31147,,,,,,,,,,,,,True,True,False,True
bipad-33089,Government of Nepal BIPAD Portal,2016,7,26,Western Region,Kapilbastu,Buddhabhumi,FLOOD,1,0,0,0,0,0,0,0.0,False,27.62682,82.96838,,,,,,,,,,,,,True,True,False,True
bipad-33090,Government of Nepal BIPAD Portal,2016,7,26,Western Region,Kapilbastu,Buddhabhumi,FLOOD,1,0,0,0,0,0,0,0.0,False,27.62682,82.96838,,,,,,,,,,,,,True,True,False,True
bipad-33111,Government of Nepal BIPAD Portal,2016,7,26,Western Region,Kapilbastu,Buddhabhumi,FLOOD,0,0,0,0,124,0,0,0.0,False,27.62682,82.96838,,,,,,,,,,,,,True,True,False,True
bipad-33120,Government of Nepal BIPAD Portal,2016,8,3,Eastern Region,Sunsari,Inaruwa,FLOOD,1,0,0,0,0,0,0,0.0,False,26.64064,87.12722,,,,,,,,,,,,,True,True,False,True
bipad-33129,Government of Nepal BIPAD Portal,2016,8,5,Mid-Western Region,Rolpa,Rolpa,FLOOD,0,1,0,0,0,0,0,0.0,False,28.32432,82.65523,,,,,,,,,,,,,True,True,False,True
bipad-33135,Government of Nepal BIPAD Portal,2016,8,1,Western Region,Gulmi,Resunga,FLOOD,1,0,0,0,0,0,0,0.0,False,28.09848,83.31058,,,,,,,,,,,,,True,True,False,True
bipad-33141,Government of Nepal BIPAD Portal,2016,8,6,Far Western Region,Baitadi,Surnaya,FLOOD,1,0,0,0,0,0,0,0.0,False,29.50844,80.57647,,,,,,,,,,,,,True,True,False,True
bipad-33142,Government of Nepal BIPAD Portal,2016,8,6,Mid-Western Region,Kalikot,Pachaljharana,FLOOD,0,1,0,0,0,0,0,0.0,False,29.21559,81.74506,,,,,,,,,,,,,True,True,False,True
bipad-33161,Government of Nepal BIPAD Portal,2016,8,7,Far Western Region,Baitadi,Surnaya,FLOOD,0,1,0,0,0,0,0,0.0,False,29.50844,80.57647,,,,,,,,,,,,,True,True,False,True
bipad-33166,Government of Nepal BIPAD Portal,2016,7,26,Western Region,Nawalparasi East,Madhyabindu,FLOOD,1,0,0,0,0,0,0,0.0,False,27.61064,84.00745,,,,,,,,,,,,,True,True,False,True
bipad-33167,Government of Nepal BIPAD Portal,2016,7,25,Mid-Western Region,Jumla,Guthichaur,FLOOD,1,0,0,0,0,0,0,0.0,False,29.23923,82.21605,,,,,,,,,,,,,True,True,False,True
bipad-33175,Government of Nepal BIPAD Portal,2016,8,8,Far Western Region,Dadeldhura,Alital,FLOOD,1,0,0,0,0,0,0,0.0,False,29.20864,80.48616,,,,,,,,,,,,,True,True,False,True
bipad-33183,Government of Nepal BIPAD Portal,2016,8,9,Eastern Region,Taplejung,Phaktanglung,FLOOD,1,0,0,0,0,0,0,0.0,False,27.60988,87.82613,,,,,,,,,,,,,True,True,False,True
bipad-33184,Government of Nepal BIPAD Portal,2016,8,9,Central Region,Nuwakot,Suryagadhi,FLOOD,0,1,0,0,0,0,0,0.0,False,27.92448,85.24446,,,,,,,,,,,,,True,True,False,True
bipad-33185,Government of Nepal BIPAD Portal,2016,8,9,Western Region,Syangja,Bhirkot,FLOOD,0,1,0,0,0,0,0,0.0,False,28.05026,83.73811,,,,,,,,,,,,,True,True,False,True
bipad-33186,Government of Nepal BIPAD Portal,2016,8,9,Mid-Western Region,Salyan,Sharada,FLOOD,0,1,0,0,0,0,0,0.0,False,28.4,82.09154,,,,,,,,,,,,,True,True,False,True
bipad-33193,Government of Nepal BIPAD Portal,2016,8,9,Mid-Western Region,Dolpa,Shey Phoksundo,FLOOD,1,0,0,0,0,0,0,0.0,False,29.21277,83.03833,,,,,,,,,,,,,True,True,False,True
bipad-33196,Government of Nepal BIPAD Portal,2016,8,11,Mid-Western Region,Dang,Ghorahi,FLOOD,1,0,2,0,0,0,0,0.0,False,27.9672,82.44665,,,,,,,,,,,,,True,True,False,True
bipad-33204,Government of Nepal BIPAD Portal,2016,8,14,Mid-Western Region,Rolpa,Rolpa,FLOOD,0,0,0,0,0,0,0,0.0,False,28.32432,82.65523,,,,,,,,,,,,,True,True,False,True
bipad-33205,Government of Nepal BIPAD Portal,2016,8,14,Central Region,Rasuwa,Gosaikunda,FLOOD,2,0,0,0,0,0,0,0.0,False,28.1755,85.46091,,,,,,,,,,,,,True,True,False,True
bipad-33208,Government of Nepal BIPAD Portal,2016,8,15,Mid-Western Region,Salyan,Sharada,FLOOD,0,1,0,0,0,0,0,0.0,False,28.4,82.09154,,,,,,,,,,,,,True,True,False,True
bipad-33209,Government of Nepal BIPAD Portal,2016,8,15,Mid-Western Region,Pyuthan,Pyuthan,FLOOD,0,1,0,0,0,0,0,0.0,False,28.1203,82.85541,,,,,,,,,,,,,True,True,False,True
bipad-33251,Government of Nepal BIPAD Portal,2016,7,2,Mid-Western Region,Banke,Rapti Sonari,FLOOD,0,1,0,0,0,0,0,0.0,False,28.09534,81.84765,,,,,,,,,,,,,True,True,False,True
bipad-33256,Government of Nepal BIPAD Portal,2016,8,22,Western Region,Arghakhanchi,Bhumikasthan,FLOOD,1,0,0,0,0,0,0,0.0,False,27.94393,83.04234,,,,,,,,,,,,,True,True,False,True
bipad-33260,Government of Nepal BIPAD Portal,2016,7,21,Eastern Region,Morang,Belbari,FLOOD,0,0,0,0,32,0,0,0.0,False,26.61037,87.46726,,,,,,,,,,,,,True,True,False,True
bipad-33261,Government of Nepal BIPAD Portal,2016,7,22,Eastern Region,Morang,Belbari,FLOOD,0,0,0,0,23,0,0,0.0,False,26.61037,87.46726,,,,,,,,,,,,,True,True,False,True
bipad-33262,Government of Nepal BIPAD Portal,2016,7,23,Eastern Region,Morang,Belbari,FLOOD,0,0,0,0,14,0,0,0.0,False,26.61037,87.46726,,,,,,,,,,,,,True,True,False,True
bipad-33286,Government of Nepal BIPAD Portal,2016,8,29,Mid-Western Region,Pyuthan,Pyuthan,FLOOD,1,0,0,0,0,0,0,0.0,False,28.1203,82.85541,,,,,,,,,,,,,True,True,False,True
bipad-33292,Government of Nepal BIPAD Portal,2016,8,30,Eastern Region,Morang,Belbari,FLOOD,0,0,0,0,3,0,0,0.0,False,26.61037,87.46726,,,,,,,,,,,,,True,True,False,True
bipad-33295,Government of Nepal BIPAD Portal,2016,8,31,Western Region,Kaski,Machhapuchchhre,FLOOD,1,0,0,0,0,0,0,0.0,False,28.34628,83.99007,,,,,,,,,,,,,True,True,False,True
bipad-33302,Government of Nepal BIPAD Portal,2016,9,1,Western Region,Myagdi,Raghuganga,FLOOD,0,1,1,0,12,6,0,0.0,False,28.54637,83.48729,,,,,,,,,,,,,True,True,False,True
bipad-33310,Government of Nepal BIPAD Portal,2016,9,3,Central Region,Bara,Jitpur Simara,FLOOD,2,0,0,0,0,0,0,0.0,False,27.10642,85.06984,,,,,,,,,,,,,True,True,False,True
bipad-33311,Government of Nepal BIPAD Portal,2016,9,3,Central Region,Mahottari,Aurahi,FLOOD,1,0,0,0,0,0,0,0.0,False,26.88482,85.81298,,,,,,,,,,,,,True,True,False,True
bipad-33325,Government of Nepal BIPAD Portal,2016,9,3,Central Region,Sarlahi,Haripur,FLOOD,1,0,0,0,0,0,0,0.0,False,26.96729,85.57183,,,,,,,,,,,,,True,True,False,True
bipad-33326,Government of Nepal BIPAD Portal,2016,9,4,Eastern Region,Udayapur,Rautamai,FLOOD,1,0,0,0,0,0,0,0.0,False,26.93279,86.66463,,,,,,,,,,,,,True,True,False,True
bipad-33329,Government of Nepal BIPAD Portal,2016,9,5,Eastern Region,Jhapa,Barhadashi,FLOOD,1,0,0,0,0,0,0,0.0,False,26.58323,87.91446,,,,,,,,,,,,,True,True,False,True
bipad-33330,Government of Nepal BIPAD Portal,2016,9,5,Central Region,Sindhupalchok,Jugal,FLOOD,0,0,0,0,5,0,0,0.0,False,27.90711,85.75568,,,,,,,,,,,,,True,True,False,True
bipad-33336,Government of Nepal BIPAD Portal,2016,9,6,Central Region,Mahottari,Aurahi,FLOOD,1,0,0,0,0,0,0,0.0,False,26.88482,85.81298,,,,,,,,,,,,,True,True,False,True
bipad-33342,Government of Nepal BIPAD Portal,2016,9,7,Mid-Western Region,Dang,Ghorahi,FLOOD,1,0,0,0,0,0,0,0.0,False,27.9672,82.44665,,,,,,,,,,,,,True,True,False,True
bipad-33343,Government of Nepal BIPAD Portal,2016,9,8,Western Region,Parbat,Kushma,FLOOD,0,0,0,0,3,2,0,0.0,False,28.20228,83.69519,,,,,,,,,,,,,True,True,False,True
bipad-33347,Government of Nepal BIPAD Portal,2016,9,8,Western Region,Kaski,Machhapuchchhre,FLOOD,0,1,0,0,0,0,0,0.0,False,28.34628,83.99007,,,,,,,,,,,,,True,True,False,True
bipad-33355,Government of Nepal BIPAD Portal,2016,9,9,Eastern Region,Udayapur,Rautamai,FLOOD,1,0,0,0,0,0,0,0.0,False,26.93279,86.66463,,,,,,,,,,,,,True,True,False,True
bipad-33356,Government of Nepal BIPAD Portal,2016,9,9,Eastern Region,Udayapur,Rautamai,FLOOD,1,0,0,0,0,0,0,0.0,False,26.93279,86.66463,,,,,,,,,,,,,True,True,False,True
bipad-33366,Government of Nepal BIPAD Portal,2016,9,11,Eastern Region,Solukhumbu,Khumbu Pasanglhamu,FLOOD,0,2,0,0,0,0,0,0.0,False,27.72488,86.68194,,,,,,,,,,,,,True,True,False,True
bipad-33367,Government of Nepal BIPAD Portal,2016,9,11,Eastern Region,Solukhumbu,Khumbu Pasanglhamu,FLOOD,0,2,0,0,0,0,0,0.0,False,27.72488,86.68194,,,,,,,,,,,,,True,True,False,True
bipad-33368,Government of Nepal BIPAD Portal,2016,9,12,Central Region,Kavrepalanchok,Namobuddha,FLOOD,0,0,0,0,0,0,0,0.0,False,27.54493,85.63649,,,,,,,,,,,,,True,True,False,True
bipad-33369,Government of Nepal BIPAD Portal,2016,9,12,Central Region,Ramechhap,Gokulganga,FLOOD,0,0,0,0,3,0,0,0.0,False,27.53685,86.18811,,,,,,,,,,,,,True,True,False,True
bipad-33384,Government of Nepal BIPAD Portal,2016,9,13,Central Region,Sindhupalchok,Jugal,FLOOD,1,0,0,0,0,0,0,0.0,False,27.90711,85.75568,,,,,,,,,,,,,True,True,False,True
bipad-33439,Government of Nepal BIPAD Portal,2016,9,10,Central Region,Sarlahi,Haripur,FLOOD,0,0,0,0,3,0,0,0.0,False,26.96729,85.57183,,,,,,,,,,,,,True,True,False,True
bipad-33462,Government of Nepal BIPAD Portal,2016,9,17,Mid-Western Region,Rukum East,Sisne,FLOOD,1,0,0,0,0,0,0,0.0,False,28.73381,82.67046,,,,,,,,,,,,,True,True,False,True
bipad-33463,Government of Nepal BIPAD Portal,2016,9,17,Western Region,Kaski,Machhapuchchhre,FLOOD,1,0,0,0,0,0,0,0.0,False,28.34628,83.99007,,,,,,,,,,,,,True,True,False,True
bipad-33465,Government of Nepal BIPAD Portal,2016,9,17,Western Region,Myagdi,Raghuganga,FLOOD,0,0,0,0,1,0,0,0.0,False,28.54637,83.48729,,,,,,,,,,,,,True,True,False,True
bipad-33479,Government of Nepal BIPAD Portal,2016,9,20,Western Region,Lamjung,Marsyangdi,FLOOD,2,0,0,0,0,0,0,0.0,False,28.28362,84.43609,,,,,,,,,,,,,True,True,False,True
bipad-33484,Government of Nepal BIPAD Portal,2016,9,21,Central Region,Dhanusa,Dhanusadham,FLOOD,0,0,0,0,0,0,0,0.0,False,26.83206,86.05628,,,,,,,,,,,,,True,True,False,True
bipad-33485,Government of Nepal BIPAD Portal,2016,9,21,Eastern Region,Udayapur,Rautamai,FLOOD,0,0,0,0,0,0,0,0.0,False,26.93279,86.66463,,,,,,,,,,,,,True,True,False,True
bipad-33486,Government of Nepal BIPAD Portal,2016,9,21,Central Region,Kavrepalanchok,Namobuddha,FLOOD,0,0,0,0,0,1,0,0.0,False,27.54493,85.63649,,,,,,,,,,,,,True,True,False,True
bipad-33488,Government of Nepal BIPAD Portal,2016,9,21,Eastern Region,Morang,Belbari,FLOOD,0,0,0,0,3,0,0,0.0,False,26.61037,87.46726,,,,,,,,,,,,,True,True,False,True
bipad-33489,Government of Nepal BIPAD Portal,2016,9,21,Eastern Region,Morang,Belbari,FLOOD,0,0,0,0,1,0,0,0.0,False,26.61037,87.46726,,,,,,,,,,,,,True,True,False,True
bipad-33490,Government of Nepal BIPAD Portal,2016,9,21,Eastern Region,Morang,Belbari,FLOOD,1,0,0,0,0,0,0,0.0,False,26.61037,87.46726,,,,,,,,,,,,,True,True,False,True
bipad-33522,Government of Nepal BIPAD Portal,2016,9,23,Western Region,Kapilbastu,Buddhabhumi,FLOOD,2,0,0,0,0,0,0,0.0,False,27.62682,82.96838,,,,,,,,,,,,,True,True,False,True
bipad-33523,Government of Nepal BIPAD Portal,2016,9,26,Eastern Region,Morang,Belbari,FLOOD,1,0,0,0,0,0,0,0.0,False,26.61037,87.46726,,,,,,,,,,,,,True,True,False,True
bipad-33526,Government of Nepal BIPAD Portal,2016,9,25,Eastern Region,Dhankuta,Dhankuta,FLOOD,1,0,0,0,0,0,0,0.0,False,27.00791,87.36671,,,,,,,,,,,,,True,True,False,True
bipad-33538,Government of Nepal BIPAD Portal,2016,10,1,Central Region,Sindhuli,Kamalamai,FLOOD,1,0,0,0,0,0,0,0.0,False,27.18536,85.90753,,,,,,,,,,,,,True,True,False,True
bipad-33540,Government of Nepal BIPAD Portal,2016,10,3,Western Region,Lamjung,Marsyangdi,FLOOD,0,0,0,0,1,0,0,0.0,False,28.28362,84.43609,,,,,,,,,,,,,True,True,False,True
bipad-33571,Government of Nepal BIPAD Portal,2016,10,12,Eastern Region,Jhapa,Barhadashi,FLOOD,1,0,0,0,0,0,0,0.0,False,26.58323,87.91446,,,,,,,,,,,,,True,True,False,True
bipad-33847,Government of Nepal BIPAD Portal,2016,12,18,Western Region,Mustang,Lo Ghekar Damodarkunda,FLOOD,0,0,0,0,0,0,0,0.0,False,28.9548,83.86811,,,,,,,,,,,,,True,True,False,True
bipad-34637,Government of Nepal BIPAD Portal,2017,4,20,Eastern Region,Sankhuwasabha,Khandbari,FLOOD,0,0,0,0,0,0,0,0.0,False,27.3868814825,87.2156945863,,,,,,,,,,,,,True,True,False,True
bipad-34919,Government of Nepal BIPAD Portal,2017,5,26,Eastern Region,Taplejung,Phaktanglung,FLOOD,1,0,0,0,0,0,0,0.0,False,27.60988,87.82613,,,,,,,,,,,,,True,True,False,True
bipad-34981,Government of Nepal BIPAD Portal,2017,6,10,Eastern Region,Saptari,Rupani,FLOOD,0,0,1,0,0,0,0,0.0,False,26.60701,86.75179,,,,,,,,,,,,,True,True,False,True
bipad-34985,Government of Nepal BIPAD Portal,2017,6,10,Eastern Region,Saptari,Rupani,FLOOD,0,0,0,0,0,0,0,0.0,False,26.60701,86.75179,,,,,,,,,,,,,True,True,False,True
bipad-35022,Government of Nepal BIPAD Portal,2017,6,22,Eastern Region,Solukhumbu,Khumbu Pasanglhamu,FLOOD,2,0,2,0,0,0,0,0.0,False,27.72488,86.68194,,,,,,,,,,,,,True,True,False,True
bipad-35027,Government of Nepal BIPAD Portal,2017,6,24,Central Region,Kathmandu,Kageshwori Manahora,FLOOD,0,0,0,0,0,0,0,0.0,False,27.69912,85.37856,,,,,,,,,,,,,True,True,False,True
bipad-35039,Government of Nepal BIPAD Portal,2017,6,27,Western Region,Kaski,Machhapuchchhre,FLOOD,0,0,0,0,0,0,0,0.0,False,28.34628,83.99007,,,,,,,,,,,,,True,True,False,True
bipad-35040,Government of Nepal BIPAD Portal,2017,6,26,Eastern Region,Okhaldhunga,Molung,FLOOD,1,0,0,0,0,0,0,0.0,False,27.33592,86.44629,,,,,,,,,,,,,True,True,False,True
bipad-35058,Government of Nepal BIPAD Portal,2017,7,1,Eastern Region,Saptari,Rupani,FLOOD,1,0,0,0,0,0,0,0.0,False,26.60701,86.75179,,,,,,,,,,,,,True,True,False,True
bipad-35064,Government of Nepal BIPAD Portal,2017,7,1,Western Region,Syangja,Bhirkot,FLOOD,0,1,0,0,0,0,0,0.0,False,28.05026,83.73811,,,,,,,,,,,,,True,True,False,True
bipad-35069,Government of Nepal BIPAD Portal,2017,7,1,Mid-Western Region,Mugu,Mugum Karmarong,FLOOD,0,3,0,0,0,0,0,0.0,False,29.67916,82.30447,,,,,,,,,,,,,True,True,False,True
bipad-35070,Government of Nepal BIPAD Portal,2017,7,1,Western Region,Kaski,Machhapuchchhre,FLOOD,0,1,0,0,0,0,0,0.0,False,28.34628,83.99007,,,,,,,,,,,,,True,True,False,True
bipad-35080,Government of Nepal BIPAD Portal,2017,7,2,Western Region,Syangja,Bhirkot,FLOOD,0,1,2,0,0,0,0,0.0,False,28.05026,83.73811,,,,,,,,,,,,,True,True,False,True
bipad-35081,Government of Nepal BIPAD Portal,2017,7,2,Central Region,Sindhuli,Kamalamai,FLOOD,1,0,0,0,0,0,0,0.0,False,27.18536,85.90753,,,,,,,,,,,,,True,True,False,True
bipad-35086,Government of Nepal BIPAD Portal,2017,7,1,Eastern Region,Saptari,Rupani,FLOOD,0,0,0,0,3,0,0,0.0,False,26.60701,86.75179,,,,,,,,,,,,,True,True,False,True
bipad-35089,Government of Nepal BIPAD Portal,2017,7,2,Western Region,Parbat,Kushma,FLOOD,1,0,0,0,0,0,0,0.0,False,28.20228,83.69519,,,,,,,,,,,,,True,True,False,True
bipad-35120,Government of Nepal BIPAD Portal,2017,7,9,Mid-Western Region,Rukum East,Sisne,FLOOD,0,0,0,0,1,2,0,0.0,False,28.73381,82.67046,,,,,,,,,,,,,True,True,False,True
bipad-35121,Government of Nepal BIPAD Portal,2017,7,9,Western Region,Parbat,Kushma,FLOOD,0,0,1,0,0,0,0,0.0,False,28.20228,83.69519,,,,,,,,,,,,,True,True,False,True
bipad-35127,Government of Nepal BIPAD Portal,2017,7,10,Western Region,Palpa,Mathagadhi,FLOOD,4,0,0,0,0,0,0,0.0,False,27.82173,83.63419,,,,,,,,,,,,,True,True,False,True
bipad-35140,Government of Nepal BIPAD Portal,2017,7,10,Western Region,Kaski,Machhapuchchhre,FLOOD,2,0,0,0,0,0,0,0.0,False,28.34628,83.99007,,,,,,,,,,,,,True,True,False,True
bipad-35141,Government of Nepal BIPAD Portal,2017,7,10,Western Region,Tanahu,Rhishing,FLOOD,1,0,0,0,0,0,0,0.0,False,27.93572,84.24996,,,,,,,,,,,,,True,True,False,True
bipad-35147,Government of Nepal BIPAD Portal,2017,7,11,Western Region,Kaski,Machhapuchchhre,FLOOD,1,0,0,0,0,0,0,0.0,False,28.34628,83.99007,,,,,,,,,,,,,True,True,False,True
bipad-35160,Government of Nepal BIPAD Portal,2017,7,15,Central Region,Sindhupalchok,Jugal,FLOOD,0,1,0,0,0,0,0,0.0,False,27.90711,85.75568,,,,,,,,,,,,,True,True,False,True
bipad-35161,Government of Nepal BIPAD Portal,2017,7,15,Central Region,Sindhupalchok,Jugal,FLOOD,0,0,0,0,3,0,0,0.0,False,27.90711,85.75568,,,,,,,,,,,,,True,True,False,True
bipad-35162,Government of Nepal BIPAD Portal,2017,7,16,Central Region,Ramechhap,Gokulganga,FLOOD,2,3,9,0,3,0,0,0.0,False,27.53685,86.18811,,,,,,,,,,,,,True,True,False,True
bipad-35164,Government of Nepal BIPAD Portal,2017,7,14,Central Region,Kathmandu,Kageshwori Manahora,FLOOD,1,0,0,0,0,0,0,0.0,False,27.69912,85.37856,,,,,,,,,,,,,True,True,False,True
bipad-35168,Government of Nepal BIPAD Portal,2017,7,16,Eastern Region,Jhapa,Barhadashi,FLOOD,1,0,0,0,0,0,0,0.0,False,26.58323,87.91446,,,,,,,,,,,,,True,True,False,True
bipad-35190,Government of Nepal BIPAD Portal,2017,7,18,Central Region,Nuwakot,Suryagadhi,FLOOD,0,0,0,0,0,0,0,0.0,False,27.92448,85.24446,,,,,,,,,,,,,True,True,False,True
bipad-35251,Government of Nepal BIPAD Portal,2017,7,29,Central Region,Nuwakot,Suryagadhi,FLOOD,1,0,0,0,0,0,0,0.0,False,27.92448,85.24446,,,,,,,,,,,,,True,True,False,True
bipad-35253,Government of Nepal BIPAD Portal,2017,7,30,Western Region,Baglung,Dhorpatan,FLOOD,0,1,0,0,0,0,0,0.0,False,28.35288,83.27139,,,,,,,,,,,,,True,True,False,True
bipad-35256,Government of Nepal BIPAD Portal,2017,7,30,Eastern Region,Solukhumbu,Khumbu Pasanglhamu,FLOOD,0,0,0,0,5,0,0,0.0,False,27.72488,86.68194,,,,,,,,,,,,,True,True,False,True
bipad-35262,Government of Nepal BIPAD Portal,2017,8,2,Western Region,Kapilbastu,Buddhabhumi,FLOOD,0,1,0,0,0,0,0,0.0,False,27.62682,82.96838,,,,,,,,,,,,,True,True,False,True
bipad-35265,Government of Nepal BIPAD Portal,2017,8,2,Eastern Region,Solukhumbu,Khumbu Pasanglhamu,FLOOD,1,0,0,0,0,0,0,0.0,False,27.72488,86.68194,,,,,,,,,,,,,True,True,False,True
bipad-35275,Government of Nepal BIPAD Portal,2017,8,2,Eastern Region,Saptari,Rupani,FLOOD,0,0,0,0,0,0,0,0.0,False,26.60701,86.75179,,,,,,,,,,,,,True,True,False,True
bipad-35278,Government of Nepal BIPAD Portal,2017,8,3,Western Region,Kapilbastu,Buddhabhumi,FLOOD,2,0,0,0,0,0,0,0.0,False,27.62682,82.96838,,,,,,,,,,,,,True,True,False,True
bipad-35279,Government of Nepal BIPAD Portal,2017,8,3,Western Region,Syangja,Bhirkot,FLOOD,1,0,0,0,0,0,0,0.0,False,28.05026,83.73811,,,,,,,,,,,,,True,True,False,True
bipad-35281,Government of Nepal BIPAD Portal,2017,8,3,Central Region,Bhaktapur,Bhaktapur,FLOOD,1,0,0,0,0,0,0,0.0,False,27.67418,85.44123,,,,,,,,,,,,,True,True,False,True
bipad-35283,Government of Nepal BIPAD Portal,2017,8,3,Western Region,Nawalparasi East,Madhyabindu,FLOOD,1,0,0,0,0,0,0,0.0,False,27.61064,84.00745,,,,,,,,,,,,,True,True,False,True
bipad-35284,Government of Nepal BIPAD Portal,2017,8,3,Far Western Region,Kanchanpur,Shuklaphanta National Park,FLOOD,0,1,0,0,0,0,0,0.0,False,28.84298,80.31147,,,,,,,,,,,,,True,True,False,True
bipad-35285,Government of Nepal BIPAD Portal,2017,8,3,Eastern Region,Sunsari,Inaruwa,FLOOD,0,1,0,0,0,0,0,0.0,False,26.64064,87.12722,,,,,,,,,,,,,True,True,False,True
bipad-35289,Government of Nepal BIPAD Portal,2017,8,4,Western Region,Nawalparasi East,Madhyabindu,FLOOD,0,0,0,0,0,55,0,0.0,False,27.61064,84.00745,,,,,,,,,,,,,True,True,False,True
bipad-35290,Government of Nepal BIPAD Portal,2017,8,4,Western Region,Nawalparasi East,Madhyabindu,FLOOD,0,0,0,0,0,80,0,0.0,False,27.61064,84.00745,,,,,,,,,,,,,True,True,False,True
bipad-35300,Government of Nepal BIPAD Portal,2017,8,4,Western Region,Nawalparasi East,Madhyabindu,FLOOD,0,0,0,0,0,0,0,0.0,False,27.61064,84.00745,,,,,,,,,,,,,True,True,False,True
bipad-35303,Government of Nepal BIPAD Portal,2017,8,4,Central Region,Bara,Jitpur Simara,FLOOD,0,0,0,0,0,10,0,0.0,False,27.10642,85.06984,,,,,,,,,,,,,True,True,False,True
bipad-35304,Government of Nepal BIPAD Portal,2017,8,4,Western Region,Rupandehi,Tilottama,FLOOD,0,0,0,0,0,4,0,0.0,False,27.57833,83.42932,,,,,,,,,,,,,True,True,False,True
bipad-35306,Government of Nepal BIPAD Portal,2017,8,4,Central Region,Parsa,Thori,FLOOD,0,0,0,0,1,0,0,0.0,False,27.22317,84.73056,,,,,,,,,,,,,True,True,False,True
bipad-35307,Government of Nepal BIPAD Portal,2017,8,4,Far Western Region,Kailali,Gauriganga,FLOOD,0,0,0,0,0,0,0,0.0,False,28.74013,80.89463,,,,,,,,,,,,,True,True,False,True
bipad-35308,Government of Nepal BIPAD Portal,2017,8,4,Central Region,Bara,Jitpur Simara,FLOOD,0,0,0,0,0,0,0,0.0,False,27.10642,85.06984,,,,,,,,,,,,,True,True,False,True
bipad-35310,Government of Nepal BIPAD Portal,2017,8,4,Western Region,Nawalparasi East,Madhyabindu,FLOOD,2,0,0,0,0,0,0,0.0,False,27.61064,84.00745,,,,,,,,,,,,,True,True,False,True
bipad-35312,Government of Nepal BIPAD Portal,2017,8,4,Central Region,Bara,Jitpur Simara,FLOOD,0,0,0,0,7,0,0,0.0,False,27.10642,85.06984,,,,,,,,,,,,,True,True,False,True
bipad-35313,Government of Nepal BIPAD Portal,2017,8,4,Mid-Western Region,Bardiya,Barbardiya,FLOOD,0,0,0,0,0,10,0,0.0,False,28.36918,81.41147,,,,,,,,,,,,,True,True,False,True
bipad-35314,Government of Nepal BIPAD Portal,2017,8,4,Central Region,Parsa,Thori,FLOOD,0,0,0,0,0,0,0,0.0,False,27.22317,84.73056,,,,,,,,,,,,,True,True,False,True
bipad-35321,Government of Nepal BIPAD Portal,2017,8,4,Western Region,Palpa,Mathagadhi,FLOOD,1,0,0,0,0,0,0,0.0,False,27.82173,83.63419,,,,,,,,,,,,,True,True,False,True
bipad-35322,Government of Nepal BIPAD Portal,2017,8,5,Mid-Western Region,Bardiya,Barbardiya,FLOOD,0,1,0,0,0,0,0,0.0,False,28.36918,81.41147,,,,,,,,,,,,,True,True,False,True
bipad-35328,Government of Nepal BIPAD Portal,2017,8,6,Central Region,Rasuwa,Gosaikunda,FLOOD,0,0,0,0,1,2,0,0.0,False,28.1755,85.46091,,,,,,,,,,,,,True,True,False,True
bipad-35335,Government of Nepal BIPAD Portal,2017,8,8,Central Region,Kathmandu,Kageshwori Manahora,FLOOD,0,0,1,0,0,0,0,0.0,False,27.69912,85.37856,,,,,,,,,,,,,True,True,False,True
bipad-35339,Government of Nepal BIPAD Portal,2017,8,9,Western Region,Kaski,Machhapuchchhre,FLOOD,0,0,0,0,13,0,0,0.0,False,28.34628,83.99007,,,,,,,,,,,,,True,True,False,True
bipad-35340,Government of Nepal BIPAD Portal,2017,8,8,Far Western Region,Dadeldhura,Alital,FLOOD,0,0,1,0,0,0,0,0.0,False,29.20864,80.48616,,,,,,,,,,,,,True,True,False,True
bipad-35341,Government of Nepal BIPAD Portal,2017,8,8,Eastern Region,Sunsari,Inaruwa,FLOOD,0,1,0,0,0,0,0,0.0,False,26.64064,87.12722,,,,,,,,,,,,,True,True,False,True
bipad-35352,Government of Nepal BIPAD Portal,2017,8,9,Mid-Western Region,Dang,Ghorahi,FLOOD,1,0,0,0,0,0,0,0.0,False,27.9672,82.44665,,,,,,,,,,,,,True,True,False,True
bipad-35354,Government of Nepal BIPAD Portal,2017,8,10,Eastern Region,Jhapa,Barhadashi,FLOOD,0,0,0,0,0,9,0,0.0,False,26.58323,87.91446,,,,,,,,,,,,,True,True,False,True
bipad-35361,Government of Nepal BIPAD Portal,2017,8,10,Eastern Region,Saptari,Rupani,FLOOD,0,0,0,0,0,0,0,0.0,False,26.60701,86.75179,,,,,,,,,,,,,True,True,False,True
bipad-35362,Government of Nepal BIPAD Portal,2017,8,10,Eastern Region,Saptari,Rupani,FLOOD,1,0,0,0,0,0,0,0.0,False,26.60701,86.75179,,,,,,,,,,,,,True,True,False,True
bipad-35374,Government of Nepal BIPAD Portal,2017,8,11,Central Region,Mahottari,Aurahi,FLOOD,0,0,0,0,5,0,0,0.0,False,26.88482,85.81298,,,,,,,,,,,,,True,True,False,True
bipad-35375,Government of Nepal BIPAD Portal,2017,8,11,Eastern Region,Jhapa,Barhadashi,FLOOD,0,0,0,0,0,60,0,0.0,False,26.58323,87.91446,,,,,,,,,,,,,True,True,False,True
bipad-35376,Government of Nepal BIPAD Portal,2017,8,11,Eastern Region,Saptari,Rupani,FLOOD,0,0,0,0,0,60,0,0.0,False,26.60701,86.75179,,,,,,,,,,,,,True,True,False,True
bipad-35379,Government of Nepal BIPAD Portal,2017,8,11,Western Region,Nawalparasi East,Madhyabindu,FLOOD,0,1,0,0,0,0,0,0.0,False,27.61064,84.00745,,,,,,,,,,,,,True,True,False,True
bipad-35380,Government of Nepal BIPAD Portal,2017,8,11,Central Region,Rautahat,Brindaban,FLOOD,0,0,0,0,4,0,0,0.0,False,26.98914,85.33443,,,,,,,,,,,,,True,True,False,True
bipad-35381,Government of Nepal BIPAD Portal,2017,8,12,Eastern Region,Morang,Belbari,FLOOD,0,0,0,0,0,15,0,0.0,False,26.61037,87.46726,,,,,,,,,,,,,True,True,False,True
bipad-35382,Government of Nepal BIPAD Portal,2017,8,12,Eastern Region,Morang,Belbari,FLOOD,0,0,0,0,0,18,0,0.0,False,26.61037,87.46726,,,,,,,,,,,,,True,True,False,True
bipad-35383,Government of Nepal BIPAD Portal,2017,8,12,Eastern Region,Morang,Belbari,FLOOD,0,0,0,0,0,350,0,0.0,False,26.61037,87.46726,,,,,,,,,,,,,True,True,False,True
bipad-35384,Government of Nepal BIPAD Portal,2017,8,12,Eastern Region,Saptari,Rupani,FLOOD,0,0,0,0,0,50,0,0.0,False,26.60701,86.75179,,,,,,,,,,,,,True,True,False,True
bipad-35385,Government of Nepal BIPAD Portal,2017,8,12,Eastern Region,Sunsari,Inaruwa,FLOOD,0,0,0,0,0,40,0,0.0,False,26.64064,87.12722,,,,,,,,,,,,,True,True,False,True
bipad-35386,Government of Nepal BIPAD Portal,2017,8,12,Eastern Region,Morang,Belbari,FLOOD,0,0,0,0,0,600,0,0.0,False,26.61037,87.46726,,,,,,,,,,,,,True,True,False,True
bipad-35387,Government of Nepal BIPAD Portal,2017,8,12,Eastern Region,Morang,Belbari,FLOOD,0,0,0,0,0,700,0,0.0,False,26.61037,87.46726,,,,,,,,,,,,,True,True,False,True
bipad-35388,Government of Nepal BIPAD Portal,2017,8,12,Eastern Region,Sunsari,Inaruwa,FLOOD,7,0,0,0,0,230,0,0.0,False,26.64064,87.12722,,,,,,,,,,,,,True,True,False,True
bipad-35389,Government of Nepal BIPAD Portal,2017,8,12,Central Region,Sarlahi,Haripur,FLOOD,1,0,0,0,0,0,0,0.0,False,26.96729,85.57183,,,,,,,,,,,,,True,True,False,True
bipad-35390,Government of Nepal BIPAD Portal,2017,8,12,Eastern Region,Morang,Belbari,FLOOD,1,0,0,0,0,0,0,0.0,False,26.61037,87.46726,,,,,,,,,,,,,True,True,False,True
bipad-35391,Government of Nepal BIPAD Portal,2017,8,12,Eastern Region,Morang,Belbari,FLOOD,1,0,0,0,0,0,0,0.0,False,26.61037,87.46726,,,,,,,,,,,,,True,True,False,True
bipad-35392,Government of Nepal BIPAD Portal,2017,8,12,Eastern Region,Morang,Belbari,FLOOD,1,0,0,0,0,0,0,0.0,False,26.61037,87.46726,,,,,,,,,,,,,True,True,False,True
bipad-35399,Government of Nepal BIPAD Portal,2017,8,12,Eastern Region,Morang,Belbari,FLOOD,0,0,0,0,0,150,0,0.0,False,26.61037,87.46726,,,,,,,,,,,,,True,True,False,True
bipad-35400,Government of Nepal BIPAD Portal,2017,8,12,Eastern Region,Morang,Belbari,FLOOD,0,0,0,0,0,4,0,0.0,False,26.61037,87.46726,,,,,,,,,,,,,True,True,False,True
bipad-35401,Government of Nepal BIPAD Portal,2017,8,12,Central Region,Dhanusa,Dhanusadham,FLOOD,0,0,0,0,0,32,0,0.0,False,26.83206,86.05628,,,,,,,,,,,,,True,True,False,True
bipad-35402,Government of Nepal BIPAD Portal,2017,8,12,Central Region,Dhanusa,Dhanusadham,FLOOD,0,0,0,0,10,0,0,0.0,False,26.83206,86.05628,,,,,,,,,,,,,True,True,False,True
bipad-35403,Government of Nepal BIPAD Portal,2017,8,12,Central Region,Dhanusa,Dhanusadham,FLOOD,0,0,0,0,0,35,0,0.0,False,26.83206,86.05628,,,,,,,,,,,,,True,True,False,True
bipad-35404,Government of Nepal BIPAD Portal,2017,8,12,Central Region,Dhanusa,Dhanusadham,FLOOD,0,0,0,0,0,100,0,0.0,False,26.83206,86.05628,,,,,,,,,,,,,True,True,False,True
bipad-35405,Government of Nepal BIPAD Portal,2017,8,12,Central Region,Dhanusa,Dhanusadham,FLOOD,0,0,0,0,2,9,0,0.0,False,26.83206,86.05628,,,,,,,,,,,,,True,True,False,True
bipad-35406,Government of Nepal BIPAD Portal,2017,8,12,Central Region,Dhanusa,Dhanusadham,FLOOD,0,0,0,0,2,0,0,0.0,False,26.83206,86.05628,,,,,,,,,,,,,True,True,False,True
bipad-35407,Government of Nepal BIPAD Portal,2017,8,12,Eastern Region,Saptari,Rupani,FLOOD,0,0,0,0,0,50,0,0.0,False,26.60701,86.75179,,,,,,,,,,,,,True,True,False,True
bipad-35408,Government of Nepal BIPAD Portal,2017,8,12,Eastern Region,Saptari,Rupani,FLOOD,0,0,0,0,0,25,0,0.0,False,26.60701,86.75179,,,,,,,,,,,,,True,True,False,True
bipad-35410,Government of Nepal BIPAD Portal,2017,8,12,Mid-Western Region,Dang,Ghorahi,FLOOD,0,0,0,0,7,0,0,0.0,False,27.9672,82.44665,,,,,,,,,,,,,True,True,False,True
bipad-35411,Government of Nepal BIPAD Portal,2017,8,12,Mid-Western Region,Dang,Ghorahi,FLOOD,0,0,2,0,14,0,0,0.0,False,27.9672,82.44665,,,,,,,,,,,,,True,True,False,True
bipad-35412,Government of Nepal BIPAD Portal,2017,8,12,Mid-Western Region,Dang,Ghorahi,FLOOD,1,0,0,0,0,0,0,0.0,False,27.9672,82.44665,,,,,,,,,,,,,True,True,False,True
bipad-35421,Government of Nepal BIPAD Portal,2017,8,12,Mid-Western Region,Bardiya,Barbardiya,FLOOD,1,0,0,0,0,0,0,0.0,False,28.36918,81.41147,,,,,,,,,,,,,True,True,False,True
bipad-35422,Government of Nepal BIPAD Portal,2017,8,12,Western Region,Nawalparasi East,Madhyabindu,FLOOD,0,0,0,0,0,120,0,0.0,False,27.61064,84.00745,,,,,,,,,,,,,True,True,False,True
bipad-35423,Government of Nepal BIPAD Portal,2017,8,12,Central Region,Dhanusa,Dhanusadham,FLOOD,0,0,0,0,1,57,0,0.0,False,26.83206,86.05628,,,,,,,,,,,,,True,True,False,True
bipad-35424,Government of Nepal BIPAD Portal,2017,8,12,Central Region,Dhanusa,Dhanusadham,FLOOD,0,0,0,0,0,20,0,0.0,False,26.83206,86.05628,,,,,,,,,,,,,True,True,False,True
bipad-35425,Government of Nepal BIPAD Portal,2017,8,12,Central Region,Dhanusa,Dhanusadham,FLOOD,0,0,0,0,2,0,0,0.0,False,26.83206,86.05628,,,,,,,,,,,,,True,True,False,True
bipad-35426,Government of Nepal BIPAD Portal,2017,8,12,Central Region,Dhanusa,Dhanusadham,FLOOD,0,0,0,0,1,0,0,0.0,False,26.83206,86.05628,,,,,,,,,,,,,True,True,False,True
bipad-35427,Government of Nepal BIPAD Portal,2017,8,12,Central Region,Chitwan,Bharatpur,FLOOD,0,0,0,0,16,300,0,0.0,False,27.61645,84.36001,,,,,,,,,,,,,True,True,False,True
bipad-35428,Government of Nepal BIPAD Portal,2017,8,12,Eastern Region,Morang,Belbari,FLOOD,0,0,0,0,0,50,0,0.0,False,26.61037,87.46726,,,,,,,,,,,,,True,True,False,True
bipad-35429,Government of Nepal BIPAD Portal,2017,8,12,Eastern Region,Morang,Belbari,FLOOD,0,0,0,0,0,300,0,0.0,False,26.61037,87.46726,,,,,,,,,,,,,True,True,False,True
bipad-35430,Government of Nepal BIPAD Portal,2017,8,12,Eastern Region,Morang,Belbari,FLOOD,0,0,0,0,0,30,0,0.0,False,26.61037,87.46726,,,,,,,,,,,,,True,True,False,True
bipad-35431,Government of Nepal BIPAD Portal,2017,8,12,Mid-Western Region,Bardiya,Barbardiya,FLOOD,0,0,0,0,12,124,0,0.0,False,28.36918,81.41147,,,,,,,,,,,,,True,True,False,True
bipad-35432,Government of Nepal BIPAD Portal,2017,8,12,Eastern Region,Morang,Belbari,FLOOD,0,0,0,0,1,1,0,0.0,False,26.61037,87.46726,,,,,,,,,,,,,True,True,False,True
bipad-35433,Government of Nepal BIPAD Portal,2017,8,12,Eastern Region,Morang,Belbari,FLOOD,0,0,0,0,0,80,0,0.0,False,26.61037,87.46726,,,,,,,,,,,,,True,True,False,True
bipad-35434,Government of Nepal BIPAD Portal,2017,8,12,Eastern Region,Saptari,Rupani,FLOOD,0,0,0,0,0,100,0,0.0,False,26.60701,86.75179,,,,,,,,,,,,,True,True,False,True
bipad-35435,Government of Nepal BIPAD Portal,2017,8,12,Eastern Region,Saptari,Rupani,FLOOD,0,0,0,0,3,0,0,0.0,False,26.60701,86.75179,,,,,,,,,,,,,True,True,False,True
bipad-35436,Government of Nepal BIPAD Portal,2017,8,12,Eastern Region,Saptari,Rupani,FLOOD,0,0,0,0,0,40,0,0.0,False,26.60701,86.75179,,,,,,,,,,,,,True,True,False,True
bipad-35437,Government of Nepal BIPAD Portal,2017,8,12,Eastern Region,Saptari,Rupani,FLOOD,0,0,0,0,0,150,0,0.0,False,26.60701,86.75179,,,,,,,,,,,,,True,True,False,True
bipad-35438,Government of Nepal BIPAD Portal,2017,8,12,Eastern Region,Jhapa,Barhadashi,FLOOD,1,1,0,0,0,0,0,0.0,False,26.58323,87.91446,,,,,,,,,,,,,True,True,False,True
bipad-35439,Government of Nepal BIPAD Portal,2017,8,12,Eastern Region,Jhapa,Barhadashi,FLOOD,0,0,0,0,0,50,0,0.0,False,26.58323,87.91446,,,,,,,,,,,,,True,True,False,True
bipad-35440,Government of Nepal BIPAD Portal,2017,8,12,Eastern Region,Jhapa,Barhadashi,FLOOD,0,0,0,0,0,35,0,0.0,False,26.58323,87.91446,,,,,,,,,,,,,True,True,False,True
bipad-35441,Government of Nepal BIPAD Portal,2017,8,12,Eastern Region,Jhapa,Barhadashi,FLOOD,0,0,0,0,0,10,0,0.0,False,26.58323,87.91446,,,,,,,,,,,,,True,True,False,True
bipad-35442,Government of Nepal BIPAD Portal,2017,8,12,Eastern Region,Jhapa,Barhadashi,FLOOD,0,0,0,0,0,600,0,0.0,False,26.58323,87.91446,,,,,,,,,,,,,True,True,False,True
bipad-35443,Government of Nepal BIPAD Portal,2017,8,12,Eastern Region,Jhapa,Barhadashi,FLOOD,0,0,0,0,0,170,0,0.0,False,26.58323,87.91446,,,,,,,,,,,,,True,True,False,True
bipad-35444,Government of Nepal BIPAD Portal,2017,8,12,Eastern Region,Jhapa,Barhadashi,FLOOD,0,0,0,0,0,184,0,0.0,False,26.58323,87.91446,,,,,,,,,,,,,True,True,False,True
bipad-35445,Government of Nepal BIPAD Portal,2017,8,12,Eastern Region,Jhapa,Barhadashi,FLOOD,0,0,0,0,0,3,0,0.0,False,26.58323,87.91446,,,,,,,,,,,,,True,True,False,True
bipad-35446,Government of Nepal BIPAD Portal,2017,8,12,Eastern Region,Jhapa,Barhadashi,FLOOD,0,0,0,0,0,40,0,0.0,False,26.58323,87.91446,,,,,,,,,,,,,True,True,False,True
bipad-35447,Government of Nepal BIPAD Portal,2017,8,12,Central Region,Rautahat,Brindaban,FLOOD,0,0,0,0,0,15,0,0.0,False,26.98914,85.33443,,,,,,,,,,,,,True,True,False,True
bipad-35448,Government of Nepal BIPAD Portal,2017,8,12,Central Region,Mahottari,Aurahi,FLOOD,0,0,0,0,1,0,0,0.0,False,26.88482,85.81298,,,,,,,,,,,,,True,True,False,True
bipad-35449,Government of Nepal BIPAD Portal,2017,8,12,Eastern Region,Saptari,Rupani,FLOOD,0,0,0,0,0,500,0,0.0,False,26.60701,86.75179,,,,,,,,,,,,,True,True,False,True
bipad-35450,Government of Nepal BIPAD Portal,2017,8,12,Central Region,Bara,Jitpur Simara,FLOOD,1,0,0,0,1,0,0,0.0,False,27.10642,85.06984,,,,,,,,,,,,,True,True,False,True
bipad-35451,Government of Nepal BIPAD Portal,2017,8,12,Eastern Region,Siraha,Golbazar,FLOOD,0,0,0,0,5,0,0,0.0,False,26.7425,86.3336,,,,,,,,,,,,,True,True,False,True
bipad-35452,Government of Nepal BIPAD Portal,2017,8,12,Eastern Region,Jhapa,Barhadashi,FLOOD,2,0,0,0,0,0,0,0.0,False,26.58323,87.91446,,,,,,,,,,,,,True,True,False,True
bipad-35453,Government of Nepal BIPAD Portal,2017,8,12,Western Region,Nawalparasi East,Madhyabindu,FLOOD,0,0,0,0,0,12,0,0.0,False,27.61064,84.00745,,,,,,,,,,,,,True,True,False,True
bipad-35454,Government of Nepal BIPAD Portal,2017,8,12,Mid-Western Region,Bardiya,Barbardiya,FLOOD,0,0,0,0,0,18,0,0.0,False,28.36918,81.41147,,,,,,,,,,,,,True,True,False,True
bipad-35455,Government of Nepal BIPAD Portal,2017,8,12,Mid-Western Region,Bardiya,Barbardiya,FLOOD,0,0,0,0,0,70,0,0.0,False,28.36918,81.41147,,,,,,,,,,,,,True,True,False,True
bipad-35456,Government of Nepal BIPAD Portal,2017,8,12,Mid-Western Region,Bardiya,Barbardiya,FLOOD,0,0,0,0,1,0,0,0.0,False,28.36918,81.41147,,,,,,,,,,,,,True,True,False,True
bipad-35457,Government of Nepal BIPAD Portal,2017,8,12,Central Region,Bara,Jitpur Simara,FLOOD,0,0,0,0,0,25,0,0.0,False,27.10642,85.06984,,,,,,,,,,,,,True,True,False,True
bipad-35458,Government of Nepal BIPAD Portal,2017,8,12,Central Region,Bara,Jitpur Simara,FLOOD,0,0,0,0,0,35,0,0.0,False,27.10642,85.06984,,,,,,,,,,,,,True,True,False,True
bipad-35459,Government of Nepal BIPAD Portal,2017,8,12,Central Region,Bara,Jitpur Simara,FLOOD,0,0,0,0,0,35,0,0.0,False,27.10642,85.06984,,,,,,,,,,,,,True,True,False,True
bipad-35460,Government of Nepal BIPAD Portal,2017,8,12,Central Region,Bara,Jitpur Simara,FLOOD,0,0,0,0,0,3,0,0.0,False,27.10642,85.06984,,,,,,,,,,,,,True,True,False,True
bipad-35461,Government of Nepal BIPAD Portal,2017,8,12,Central Region,Bara,Jitpur Simara,FLOOD,0,0,0,0,0,7,0,0.0,False,27.10642,85.06984,,,,,,,,,,,,,True,True,False,True
bipad-35462,Government of Nepal BIPAD Portal,2017,8,12,Central Region,Bara,Jitpur Simara,FLOOD,0,0,0,0,0,35,0,0.0,False,27.10642,85.06984,,,,,,,,,,,,,True,True,False,True
bipad-35463,Government of Nepal BIPAD Portal,2017,8,12,Central Region,Bara,Jitpur Simara,FLOOD,0,0,0,0,0,15,0,0.0,False,27.10642,85.06984,,,,,,,,,,,,,True,True,False,True
bipad-35464,Government of Nepal BIPAD Portal,2017,8,12,Central Region,Bara,Jitpur Simara,FLOOD,0,0,0,0,0,76,0,0.0,False,27.10642,85.06984,,,,,,,,,,,,,True,True,False,True
bipad-35465,Government of Nepal BIPAD Portal,2017,8,12,Central Region,Bara,Jitpur Simara,FLOOD,0,0,0,0,0,40,0,0.0,False,27.10642,85.06984,,,,,,,,,,,,,True,True,False,True
bipad-35466,Government of Nepal BIPAD Portal,2017,8,12,Central Region,Mahottari,Aurahi,FLOOD,0,0,0,0,2,0,0,0.0,False,26.88482,85.81298,,,,,,,,,,,,,True,True,False,True
bipad-35467,Government of Nepal BIPAD Portal,2017,8,12,Central Region,Mahottari,Aurahi,FLOOD,0,0,0,0,7,0,0,0.0,False,26.88482,85.81298,,,,,,,,,,,,,True,True,False,True
bipad-35468,Government of Nepal BIPAD Portal,2017,8,12,Central Region,Mahottari,Aurahi,FLOOD,0,0,0,0,1,0,0,0.0,False,26.88482,85.81298,,,,,,,,,,,,,True,True,False,True
bipad-35470,Government of Nepal BIPAD Portal,2017,8,12,Central Region,Mahottari,Aurahi,FLOOD,0,0,0,0,0,0,0,0.0,False,26.88482,85.81298,,,,,,,,,,,,,True,True,False,True
bipad-35471,Government of Nepal BIPAD Portal,2017,8,12,Central Region,Mahottari,Aurahi,FLOOD,0,0,0,0,12,35,0,0.0,False,26.88482,85.81298,,,,,,,,,,,,,True,True,False,True
bipad-35472,Government of Nepal BIPAD Portal,2017,8,12,Central Region,Mahottari,Aurahi,FLOOD,0,0,0,0,1,0,0,0.0,False,26.88482,85.81298,,,,,,,,,,,,,True,True,False,True
bipad-35473,Government of Nepal BIPAD Portal,2017,8,12,Central Region,Mahottari,Aurahi,FLOOD,0,0,0,0,1,0,0,0.0,False,26.88482,85.81298,,,,,,,,,,,,,True,True,False,True
bipad-35474,Government of Nepal BIPAD Portal,2017,8,12,Eastern Region,Jhapa,Barhadashi,FLOOD,1,0,0,0,0,0,0,0.0,False,26.58323,87.91446,,,,,,,,,,,,,True,True,False,True
bipad-35475,Government of Nepal BIPAD Portal,2017,8,12,Eastern Region,Jhapa,Barhadashi,FLOOD,1,0,0,0,0,0,0,0.0,False,26.58323,87.91446,,,,,,,,,,,,,True,True,False,True
bipad-35478,Government of Nepal BIPAD Portal,2017,8,12,Central Region,Dhanusa,Dhanusadham,FLOOD,0,0,0,0,5,0,0,0.0,False,26.83206,86.05628,,,,,,,,,,,,,True,True,False,True
bipad-35479,Government of Nepal BIPAD Portal,2017,8,12,Central Region,Dhanusa,Dhanusadham,FLOOD,0,0,0,0,6,0,0,0.0,False,26.83206,86.05628,,,,,,,,,,,,,True,True,False,True
bipad-35480,Government of Nepal BIPAD Portal,2017,8,12,Central Region,Dhanusa,Dhanusadham,FLOOD,0,0,0,0,1,0,0,0.0,False,26.83206,86.05628,,,,,,,,,,,,,True,True,False,True
bipad-35481,Government of Nepal BIPAD Portal,2017,8,12,Mid-Western Region,Dang,Ghorahi,FLOOD,1,0,0,0,0,0,0,0.0,False,27.9672,82.44665,,,,,,,,,,,,,True,True,False,True
bipad-35482,Government of Nepal BIPAD Portal,2017,8,12,Central Region,Mahottari,Aurahi,FLOOD,0,0,0,0,2,0,0,0.0,False,26.88482,85.81298,,,,,,,,,,,,,True,True,False,True
bipad-35483,Government of Nepal BIPAD Portal,2017,8,12,Central Region,Bara,Jitpur Simara,FLOOD,0,0,0,0,5,30,0,0.0,False,27.10642,85.06984,,,,,,,,,,,,,True,True,False,True
bipad-35484,Government of Nepal BIPAD Portal,2017,8,12,Central Region,Bara,Jitpur Simara,FLOOD,0,0,0,0,0,6,0,0.0,False,27.10642,85.06984,,,,,,,,,,,,,True,True,False,True
bipad-35485,Government of Nepal BIPAD Portal,2017,8,12,Central Region,Bara,Jitpur Simara,FLOOD,0,0,0,0,0,25,0,0.0,False,27.10642,85.06984,,,,,,,,,,,,,True,True,False,True
bipad-35486,Government of Nepal BIPAD Portal,2017,8,12,Central Region,Bara,Jitpur Simara,FLOOD,0,0,0,0,0,18,0,0.0,False,27.10642,85.06984,,,,,,,,,,,,,True,True,False,True
bipad-35487,Government of Nepal BIPAD Portal,2017,8,12,Central Region,Dhanusa,Dhanusadham,FLOOD,1,0,0,0,0,0,0,0.0,False,26.83206,86.05628,,,,,,,,,,,,,True,True,False,True
bipad-35489,Government of Nepal BIPAD Portal,2017,8,12,Eastern Region,Sunsari,Inaruwa,FLOOD,1,0,0,0,0,0,0,0.0,False,26.64064,87.12722,,,,,,,,,,,,,True,True,False,True
bipad-35490,Government of Nepal BIPAD Portal,2017,8,12,Eastern Region,Morang,Belbari,FLOOD,0,3,0,0,0,0,0,0.0,False,26.61037,87.46726,,,,,,,,,,,,,True,True,False,True
bipad-35492,Government of Nepal BIPAD Portal,2017,8,12,Eastern Region,Jhapa,Barhadashi,FLOOD,0,1,0,0,0,0,0,0.0,False,26.58323,87.91446,,,,,,,,,,,,,True,True,False,True
bipad-35496,Government of Nepal BIPAD Portal,2017,8,13,Central Region,Rautahat,Brindaban,FLOOD,6,0,0,0,0,0,0,0.0,False,26.98914,85.33443,,,,,,,,,,,,,True,True,False,True
bipad-35497,Government of Nepal BIPAD Portal,2017,8,13,Central Region,Rautahat,Brindaban,FLOOD,0,0,2,0,0,0,0,0.0,False,26.98914,85.33443,,,,,,,,,,,,,True,True,False,True
bipad-35499,Government of Nepal BIPAD Portal,2017,8,13,Central Region,Parsa,Thori,FLOOD,1,0,0,0,0,0,0,0.0,False,27.22317,84.73056,,,,,,,,,,,,,True,True,False,True
bipad-35500,Government of Nepal BIPAD Portal,2017,8,12,Central Region,Makwanpur,Makawanpurgadhi,FLOOD,0,0,1,0,0,0,0,0.0,False,27.4427,85.08797,,,,,,,,,,,,,True,True,False,True
bipad-35501,Government of Nepal BIPAD Portal,2017,8,12,Central Region,Makwanpur,Makawanpurgadhi,FLOOD,1,0,0,0,0,0,0,0.0,False,27.4427,85.08797,,,,,,,,,,,,,True,True,False,True
bipad-35502,Government of Nepal BIPAD Portal,2017,8,12,Central Region,Sarlahi,Haripur,FLOOD,1,0,0,0,0,0,0,0.0,False,26.96729,85.57183,,,,,,,,,,,,,True,True,False,True
bipad-35504,Government of Nepal BIPAD Portal,2017,8,12,Central Region,Sindhuli,Kamalamai,FLOOD,0,0,1,0,0,0,0,0.0,False,27.18536,85.90753,,,,,,,,,,,,,True,True,False,True
bipad-35505,Government of Nepal BIPAD Portal,2017,8,13,Central Region,Mahottari,Aurahi,FLOOD,1,0,0,0,0,0,0,0.0,False,26.88482,85.81298,,,,,,,,,,,,,True,True,False,True
bipad-35507,Government of Nepal BIPAD Portal,2017,8,12,Eastern Region,Morang,Belbari,FLOOD,2,0,0,0,0,0,0,0.0,False,26.61037,87.46726,,,,,,,,,,,,,True,True,False,True
bipad-35508,Government of Nepal BIPAD Portal,2017,8,13,Central Region,Chitwan,Bharatpur,FLOOD,1,0,0,0,0,0,0,0.0,False,27.61645,84.36001,,,,,,,,,,,,,True,True,False,True
bipad-35509,Government of Nepal BIPAD Portal,2017,8,13,Central Region,Chitwan,Bharatpur,FLOOD,1,0,0,0,0,0,0,0.0,False,27.61645,84.36001,,,,,,,,,,,,,True,True,False,True
bipad-35510,Government of Nepal BIPAD Portal,2017,8,13,Central Region,Dhanusa,Dhanusadham,FLOOD,1,0,0,0,0,0,0,0.0,False,26.83206,86.05628,,,,,,,,,,,,,True,True,False,True
bipad-35513,Government of Nepal BIPAD Portal,2017,8,13,Mid-Western Region,Dang,Ghorahi,FLOOD,1,0,0,0,0,0,0,0.0,False,27.9672,82.44665,,,,,,,,,,,,,True,True,False,True
bipad-35514,Government of Nepal BIPAD Portal,2017,8,13,Mid-Western Region,Kalikot,Pachaljharana,FLOOD,1,0,0,0,0,0,0,0.0,False,29.21559,81.74506,,,,,,,,,,,,,True,True,False,True
bipad-35515,Government of Nepal BIPAD Portal,2017,8,13,Central Region,Makwanpur,Makawanpurgadhi,FLOOD,1,0,0,0,0,0,0,0.0,False,27.4427,85.08797,,,,,,,,,,,,,True,True,False,True
bipad-35520,Government of Nepal BIPAD Portal,2017,8,13,Central Region,Sarlahi,Haripur,FLOOD,0,1,0,0,0,0,0,0.0,False,26.96729,85.57183,,,,,,,,,,,,,True,True,False,True
bipad-35522,Government of Nepal BIPAD Portal,2017,8,12,Central Region,Makwanpur,Makawanpurgadhi,FLOOD,1,0,1,0,0,0,0,0.0,False,27.4427,85.08797,,,,,,,,,,,,,True,True,False,True
bipad-35524,Government of Nepal BIPAD Portal,2017,8,13,Central Region,Parsa,Thori,FLOOD,1,0,0,0,0,0,0,0.0,False,27.22317,84.73056,,,,,,,,,,,,,True,True,False,True
bipad-35525,Government of Nepal BIPAD Portal,2017,8,13,Far Western Region,Kailali,Gauriganga,FLOOD,0,0,0,0,0,2500,0,0.0,False,28.74013,80.89463,,,,,,,,,,,,,True,True,False,True
bipad-35526,Government of Nepal BIPAD Portal,2017,8,13,Western Region,Nawalparasi East,Madhyabindu,FLOOD,0,0,0,0,0,4,0,0.0,False,27.61064,84.00745,,,,,,,,,,,,,True,True,False,True
bipad-35527,Government of Nepal BIPAD Portal,2017,8,13,Central Region,Sindhuli,Kamalamai,FLOOD,0,0,0,0,5,0,0,0.0,False,27.18536,85.90753,,,,,,,,,,,,,True,True,False,True
bipad-35528,Government of Nepal BIPAD Portal,2017,8,13,Central Region,Sindhuli,Kamalamai,FLOOD,0,0,0,0,1,0,0,0.0,False,27.18536,85.90753,,,,,,,,,,,,,True,True,False,True
bipad-35533,Government of Nepal BIPAD Portal,2017,8,12,Eastern Region,Ilam,Ilam,FLOOD,0,0,0,0,1,0,0,0.0,False,26.88507,87.89616,,,,,,,,,,,,,True,True,False,True
bipad-35534,Government of Nepal BIPAD Portal,2017,8,12,Western Region,Nawalparasi East,Madhyabindu,FLOOD,0,0,0,0,1,0,0,0.0,False,27.61064,84.00745,,,,,,,,,,,,,True,True,False,True
bipad-35535,Government of Nepal BIPAD Portal,2017,8,12,Mid-Western Region,Bardiya,Barbardiya,FLOOD,0,0,0,0,0,245,0,0.0,False,28.36918,81.41147,,,,,,,,,,,,,True,True,False,True
bipad-35536,Government of Nepal BIPAD Portal,2017,8,12,Central Region,Rautahat,Brindaban,FLOOD,0,0,0,0,0,0,0,0.0,False,26.98914,85.33443,,,,,,,,,,,,,True,True,False,True
bipad-35537,Government of Nepal BIPAD Portal,2017,8,12,Central Region,Rautahat,Brindaban,FLOOD,0,0,0,0,0,0,0,0.0,False,26.98914,85.33443,,,,,,,,,,,,,True,True,False,True
bipad-35538,Government of Nepal BIPAD Portal,2017,8,12,Central Region,Rautahat,Brindaban,FLOOD,0,0,0,0,0,79,0,0.0,False,26.98914,85.33443,,,,,,,,,,,,,True,True,False,True
bipad-35539,Government of Nepal BIPAD Portal,2017,8,12,Central Region,Rautahat,Brindaban,FLOOD,0,0,0,0,0,0,0,0.0,False,26.98914,85.33443,,,,,,,,,,,,,True,True,False,True
bipad-35540,Government of Nepal BIPAD Portal,2017,8,12,Eastern Region,Jhapa,Barhadashi,FLOOD,0,0,0,0,20,0,0,0.0,False,26.58323,87.91446,,,,,,,,,,,,,True,True,False,True
bipad-35541,Government of Nepal BIPAD Portal,2017,8,12,Eastern Region,Jhapa,Barhadashi,FLOOD,0,0,0,0,0,1200,0,0.0,False,26.58323,87.91446,,,,,,,,,,,,,True,True,False,True
bipad-35542,Government of Nepal BIPAD Portal,2017,8,12,Eastern Region,Saptari,Rupani,FLOOD,0,0,0,0,10,0,0,0.0,False,26.60701,86.75179,,,,,,,,,,,,,True,True,False,True
bipad-35543,Government of Nepal BIPAD Portal,2017,8,12,Eastern Region,Saptari,Rupani,FLOOD,0,0,0,0,0,1150,0,0.0,False,26.60701,86.75179,,,,,,,,,,,,,True,True,False,True
bipad-35544,Government of Nepal BIPAD Portal,2017,8,12,Eastern Region,Morang,Belbari,FLOOD,0,0,0,0,0,550,0,0.0,False,26.61037,87.46726,,,,,,,,,,,,,True,True,False,True
bipad-35545,Government of Nepal BIPAD Portal,2017,8,12,Eastern Region,Morang,Belbari,FLOOD,0,0,0,0,0,12,0,0.0,False,26.61037,87.46726,,,,,,,,,,,,,True,True,False,True
bipad-35546,Government of Nepal BIPAD Portal,2017,8,12,Eastern Region,Solukhumbu,Khumbu Pasanglhamu,FLOOD,0,0,0,0,0,1,0,0.0,False,27.72488,86.68194,,,,,,,,,,,,,True,True,False,True
bipad-35547,Government of Nepal BIPAD Portal,2017,8,12,Central Region,Lalitpur,Konjyosom,FLOOD,0,0,0,0,4,0,0,0.0,False,27.54796,85.33968,,,,,,,,,,,,,True,True,False,True
bipad-35548,Government of Nepal BIPAD Portal,2017,8,12,Western Region,Gorkha,Dharche,FLOOD,0,0,0,0,0,7,0,0.0,False,28.27345,84.8101,,,,,,,,,,,,,True,True,False,True
bipad-35549,Government of Nepal BIPAD Portal,2017,8,12,Far Western Region,Kailali,Gauriganga,FLOOD,0,0,0,0,0,50,0,0.0,False,28.74013,80.89463,,,,,,,,,,,,,True,True,False,True
bipad-35550,Government of Nepal BIPAD Portal,2017,8,12,Central Region,Mahottari,Aurahi,FLOOD,0,0,0,0,0,0,0,0.0,False,26.88482,85.81298,,,,,,,,,,,,,True,True,False,True
bipad-35551,Government of Nepal BIPAD Portal,2017,8,12,Central Region,Rautahat,Brindaban,FLOOD,0,0,0,0,0,0,0,0.0,False,26.98914,85.33443,,,,,,,,,,,,,True,True,False,True
bipad-35552,Government of Nepal BIPAD Portal,2017,8,12,Central Region,Parsa,Thori,FLOOD,0,0,0,0,0,250,0,0.0,False,27.22317,84.73056,,,,,,,,,,,,,True,True,False,True
bipad-35553,Government of Nepal BIPAD Portal,2017,8,12,Central Region,Makwanpur,Makawanpurgadhi,FLOOD,0,0,0,0,0,0,0,0.0,False,27.4427,85.08797,,,,,,,,,,,,,True,True,False,True
bipad-35555,Government of Nepal BIPAD Portal,2017,8,13,Central Region,Rautahat,Brindaban,FLOOD,1,0,0,0,0,0,0,0.0,False,26.98914,85.33443,,,,,,,,,,,,,True,True,False,True
bipad-35556,Government of Nepal BIPAD Portal,2017,8,13,Western Region,Nawalparasi East,Madhyabindu,FLOOD,0,1,0,0,0,0,0,0.0,False,27.61064,84.00745,,,,,,,,,,,,,True,True,False,True
bipad-35557,Government of Nepal BIPAD Portal,2017,8,13,Mid-Western Region,Dang,Ghorahi,FLOOD,0,1,0,0,0,0,0,0.0,False,27.9672,82.44665,,,,,,,,,,,,,True,True,False,True
bipad-35558,Government of Nepal BIPAD Portal,2017,8,13,Central Region,Rautahat,Brindaban,FLOOD,0,1,0,0,0,0,0,0.0,False,26.98914,85.33443,,,,,,,,,,,,,True,True,False,True
bipad-35559,Government of Nepal BIPAD Portal,2017,8,13,Central Region,Rautahat,Brindaban,FLOOD,0,1,0,0,0,0,0,0.0,False,26.98914,85.33443,,,,,,,,,,,,,True,True,False,True
bipad-35560,Government of Nepal BIPAD Portal,2017,8,13,Central Region,Rautahat,Brindaban,FLOOD,1,0,0,0,0,0,0,0.0,False,26.98914,85.33443,,,,,,,,,,,,,True,True,False,True
bipad-35561,Government of Nepal BIPAD Portal,2017,8,13,Central Region,Bara,Jitpur Simara,FLOOD,1,0,1,0,0,0,0,0.0,False,27.10642,85.06984,,,,,,,,,,,,,True,True,False,True
bipad-35562,Government of Nepal BIPAD Portal,2017,8,13,Central Region,Rautahat,Brindaban,FLOOD,1,0,0,0,0,0,0,0.0,False,26.98914,85.33443,,,,,,,,,,,,,True,True,False,True
bipad-35564,Government of Nepal BIPAD Portal,2017,8,13,Central Region,Sarlahi,Haripur,FLOOD,1,0,0,0,0,0,0,0.0,False,26.96729,85.57183,,,,,,,,,,,,,True,True,False,True
bipad-35565,Government of Nepal BIPAD Portal,2017,8,13,Central Region,Bara,Jitpur Simara,FLOOD,0,1,0,0,0,0,0,0.0,False,27.10642,85.06984,,,,,,,,,,,,,True,True,False,True
bipad-35566,Government of Nepal BIPAD Portal,2017,8,13,Central Region,Makwanpur,Makawanpurgadhi,FLOOD,1,0,0,0,0,0,0,0.0,False,27.4427,85.08797,,,,,,,,,,,,,True,True,False,True
bipad-35567,Government of Nepal BIPAD Portal,2017,8,13,Eastern Region,Jhapa,Barhadashi,FLOOD,1,0,0,0,0,0,0,0.0,False,26.58323,87.91446,,,,,,,,,,,,,True,True,False,True
bipad-35571,Government of Nepal BIPAD Portal,2017,8,13,Central Region,Makwanpur,Makawanpurgadhi,FLOOD,0,0,0,0,1,0,0,0.0,False,27.4427,85.08797,,,,,,,,,,,,,True,True,False,True
bipad-35572,Government of Nepal BIPAD Portal,2017,8,13,Western Region,Nawalparasi East,Madhyabindu,FLOOD,0,0,0,0,0,20,0,0.0,False,27.61064,84.00745,,,,,,,,,,,,,True,True,False,True
bipad-35573,Government of Nepal BIPAD Portal,2017,8,13,Central Region,Bara,Jitpur Simara,FLOOD,0,0,0,0,0,0,0,0.0,False,27.10642,85.06984,,,,,,,,,,,,,True,True,False,True
bipad-35574,Government of Nepal BIPAD Portal,2017,8,13,Eastern Region,Saptari,Rupani,FLOOD,0,0,0,0,2,0,0,0.0,False,26.60701,86.75179,,,,,,,,,,,,,True,True,False,True
bipad-35575,Government of Nepal BIPAD Portal,2017,8,13,Eastern Region,Saptari,Rupani,FLOOD,0,0,0,0,0,300,0,0.0,False,26.60701,86.75179,,,,,,,,,,,,,True,True,False,True
bipad-35576,Government of Nepal BIPAD Portal,2017,8,13,Western Region,Nawalparasi East,Madhyabindu,FLOOD,0,0,0,0,0,27,0,0.0,False,27.61064,84.00745,,,,,,,,,,,,,True,True,False,True
bipad-35577,Government of Nepal BIPAD Portal,2017,8,13,Western Region,Rupandehi,Tilottama,FLOOD,0,0,0,0,1,0,0,0.0,False,27.57833,83.42932,,,,,,,,,,,,,True,True,False,True
bipad-35578,Government of Nepal BIPAD Portal,2017,8,13,Eastern Region,Udayapur,Rautamai,FLOOD,0,0,0,0,0,490,0,0.0,False,26.93279,86.66463,,,,,,,,,,,,,True,True,False,True
bipad-35579,Government of Nepal BIPAD Portal,2017,8,13,Eastern Region,Saptari,Rupani,FLOOD,0,0,0,0,4,0,0,0.0,False,26.60701,86.75179,,,,,,,,,,,,,True,True,False,True
bipad-35580,Government of Nepal BIPAD Portal,2017,8,13,Western Region,Nawalparasi East,Madhyabindu,FLOOD,0,0,0,0,0,200,0,0.0,False,27.61064,84.00745,,,,,,,,,,,,,True,True,False,True
bipad-35581,Government of Nepal BIPAD Portal,2017,8,13,Western Region,Nawalparasi East,Madhyabindu,FLOOD,0,0,0,0,0,60,0,0.0,False,27.61064,84.00745,,,,,,,,,,,,,True,True,False,True
bipad-35582,Government of Nepal BIPAD Portal,2017,8,14,Central Region,Parsa,Thori,FLOOD,1,0,0,0,0,0,0,0.0,False,27.22317,84.73056,,,,,,,,,,,,,True,True,False,True
bipad-35583,Government of Nepal BIPAD Portal,2017,8,14,Central Region,Parsa,Thori,FLOOD,1,0,0,0,0,0,0,0.0,False,27.22317,84.73056,,,,,,,,,,,,,True,True,False,True
bipad-35585,Government of Nepal BIPAD Portal,2017,8,14,Mid-Western Region,Bardiya,Barbardiya,FLOOD,1,0,0,0,0,0,0,0.0,False,28.36918,81.41147,,,,,,,,,,,,,True,True,False,True
bipad-35586,Government of Nepal BIPAD Portal,2017,8,14,Eastern Region,Saptari,Rupani,FLOOD,1,0,0,0,0,0,0,0.0,False,26.60701,86.75179,,,,,,,,,,,,,True,True,False,True
bipad-35587,Government of Nepal BIPAD Portal,2017,8,14,Central Region,Rautahat,Brindaban,FLOOD,1,0,0,0,0,0,0,0.0,False,26.98914,85.33443,,,,,,,,,,,,,True,True,False,True
bipad-35588,Government of Nepal BIPAD Portal,2017,8,14,Eastern Region,Udayapur,Rautamai,FLOOD,2,0,0,0,0,0,0,0.0,False,26.93279,86.66463,,,,,,,,,,,,,True,True,False,True
bipad-35589,Government of Nepal BIPAD Portal,2017,8,13,Central Region,Rautahat,Brindaban,FLOOD,1,0,0,0,0,0,0,0.0,False,26.98914,85.33443,,,,,,,,,,,,,True,True,False,True
bipad-35590,Government of Nepal BIPAD Portal,2017,8,13,Central Region,Rautahat,Brindaban,FLOOD,1,0,0,0,0,0,0,0.0,False,26.98914,85.33443,,,,,,,,,,,,,True,True,False,True
bipad-35592,Government of Nepal BIPAD Portal,2017,8,14,Eastern Region,Jhapa,Barhadashi,FLOOD,1,0,0,0,0,0,0,0.0,False,26.58323,87.91446,,,,,,,,,,,,,True,True,False,True
bipad-35593,Government of Nepal BIPAD Portal,2017,8,14,Eastern Region,Jhapa,Barhadashi,FLOOD,1,0,0,0,0,0,0,0.0,False,26.58323,87.91446,,,,,,,,,,,,,True,True,False,True
bipad-35594,Government of Nepal BIPAD Portal,2017,8,12,Eastern Region,Morang,Belbari,FLOOD,0,1,0,0,0,0,0,0.0,False,26.61037,87.46726,,,,,,,,,,,,,True,True,False,True
bipad-35595,Government of Nepal BIPAD Portal,2017,8,14,Eastern Region,Sunsari,Inaruwa,FLOOD,1,0,0,0,0,0,0,0.0,False,26.64064,87.12722,,,,,,,,,,,,,True,True,False,True
bipad-35596,Government of Nepal BIPAD Portal,2017,8,14,Central Region,Dhanusa,Dhanusadham,FLOOD,0,0,1,0,0,0,0,0.0,False,26.83206,86.05628,,,,,,,,,,,,,True,True,False,True
bipad-35597,Government of Nepal BIPAD Portal,2017,8,12,Central Region,Rautahat,Brindaban,FLOOD,0,1,0,0,0,0,0,0.0,False,26.98914,85.33443,,,,,,,,,,,,,True,True,False,True
bipad-35598,Government of Nepal BIPAD Portal,2017,8,14,Mid-Western Region,Banke,Rapti Sonari,FLOOD,1,0,0,0,0,0,0,0.0,False,28.09534,81.84765,,,,,,,,,,,,,True,True,False,True
bipad-35599,Government of Nepal BIPAD Portal,2017,8,14,Central Region,Sarlahi,Haripur,FLOOD,1,0,0,0,0,0,0,0.0,False,26.96729,85.57183,,,,,,,,,,,,,True,True,False,True
bipad-35600,Government of Nepal BIPAD Portal,2017,8,14,Central Region,Sarlahi,Haripur,FLOOD,0,1,0,0,0,0,0,0.0,False,26.96729,85.57183,,,,,,,,,,,,,True,True,False,True
bipad-35601,Government of Nepal BIPAD Portal,2017,8,14,Mid-Western Region,Bardiya,Barbardiya,FLOOD,0,0,1,0,0,0,0,0.0,False,28.36918,81.41147,,,,,,,,,,,,,True,True,False,True
bipad-35602,Government of Nepal BIPAD Portal,2017,8,13,Central Region,Parsa,Thori,FLOOD,1,0,0,0,0,0,0,0.0,False,27.22317,84.73056,,,,,,,,,,,,,True,True,False,True
bipad-35603,Government of Nepal BIPAD Portal,2017,8,14,Eastern Region,Saptari,Rupani,FLOOD,1,0,0,0,0,0,0,0.0,False,26.60701,86.75179,,,,,,,,,,,,,True,True,False,True
bipad-35604,Government of Nepal BIPAD Portal,2017,8,14,Central Region,Dhanusa,Dhanusadham,FLOOD,1,0,0,0,0,0,0,0.0,False,26.83206,86.05628,,,,,,,,,,,,,True,True,False,True
bipad-35605,Government of Nepal BIPAD Portal,2017,8,14,Central Region,Rautahat,Brindaban,FLOOD,2,0,0,0,0,0,0,0.0,False,26.98914,85.33443,,,,,,,,,,,,,True,True,False,True
bipad-35610,Government of Nepal BIPAD Portal,2017,8,14,Eastern Region,Morang,Belbari,FLOOD,1,0,0,0,0,0,0,0.0,False,26.61037,87.46726,,,,,,,,,,,,,True,True,False,True
bipad-35611,Government of Nepal BIPAD Portal,2017,8,14,Eastern Region,Morang,Belbari,FLOOD,1,0,0,0,0,0,0,0.0,False,26.61037,87.46726,,,,,,,,,,,,,True,True,False,True
bipad-35612,Government of Nepal BIPAD Portal,2017,8,14,Eastern Region,Morang,Belbari,FLOOD,1,0,0,0,0,0,0,0.0,False,26.61037,87.46726,,,,,,,,,,,,,True,True,False,True
bipad-35613,Government of Nepal BIPAD Portal,2017,8,14,Eastern Region,Morang,Belbari,FLOOD,1,0,0,0,0,0,0,0.0,False,26.61037,87.46726,,,,,,,,,,,,,True,True,False,True
bipad-35614,Government of Nepal BIPAD Portal,2017,8,14,Eastern Region,Morang,Belbari,FLOOD,1,0,0,0,0,0,0,0.0,False,26.61037,87.46726,,,,,,,,,,,,,True,True,False,True
bipad-35615,Government of Nepal BIPAD Portal,2017,8,14,Eastern Region,Morang,Belbari,FLOOD,1,0,0,0,0,0,0,0.0,False,26.61037,87.46726,,,,,,,,,,,,,True,True,False,True
bipad-35616,Government of Nepal BIPAD Portal,2017,8,13,Mid-Western Region,Bardiya,Barbardiya,FLOOD,1,0,0,0,0,0,0,0.0,False,28.36918,81.41147,,,,,,,,,,,,,True,True,False,True
bipad-35624,Government of Nepal BIPAD Portal,2017,8,15,Western Region,Palpa,Mathagadhi,FLOOD,1,0,0,0,0,0,0,0.0,False,27.82173,83.63419,,,,,,,,,,,,,True,True,False,True
bipad-35625,Government of Nepal BIPAD Portal,2017,8,15,Central Region,Makwanpur,Makawanpurgadhi,FLOOD,1,0,0,0,0,0,0,0.0,False,27.4427,85.08797,,,,,,,,,,,,,True,True,False,True
bipad-35626,Government of Nepal BIPAD Portal,2017,8,15,Mid-Western Region,Banke,Rapti Sonari,FLOOD,3,0,0,0,0,0,0,0.0,False,28.09534,81.84765,,,,,,,,,,,,,True,True,False,True
bipad-35627,Government of Nepal BIPAD Portal,2017,8,15,Central Region,Parsa,Thori,FLOOD,1,0,0,0,0,0,0,0.0,False,27.22317,84.73056,,,,,,,,,,,,,True,True,False,True
bipad-35628,Government of Nepal BIPAD Portal,2017,8,27,Far Western Region,Achham,Kamalbazar,FLOOD,0,0,0,0,0,0,0,0.0,False,29.06417,81.30663,,,,,,,,,,,,,True,True,False,True
bipad-35630,Government of Nepal BIPAD Portal,2017,8,15,Central Region,Rautahat,Brindaban,FLOOD,1,0,0,0,0,0,0,0.0,False,26.98914,85.33443,,,,,,,,,,,,,True,True,False,True
bipad-35631,Government of Nepal BIPAD Portal,2017,8,15,Central Region,Rautahat,Brindaban,FLOOD,1,0,0,0,0,0,0,0.0,False,26.98914,85.33443,,,,,,,,,,,,,True,True,False,True
bipad-35632,Government of Nepal BIPAD Portal,2017,8,14,Central Region,Sarlahi,Haripur,FLOOD,1,0,0,0,0,0,0,0.0,False,26.96729,85.57183,,,,,,,,,,,,,True,True,False,True
bipad-35633,Government of Nepal BIPAD Portal,2017,8,16,Western Region,Rupandehi,Tilottama,FLOOD,0,0,0,0,4,0,0,0.0,False,27.57833,83.42932,,,,,,,,,,,,,True,True,False,True
bipad-35634,Government of Nepal BIPAD Portal,2017,8,16,Eastern Region,Ilam,Ilam,FLOOD,0,0,0,0,1,0,0,0.0,False,26.88507,87.89616,,,,,,,,,,,,,True,True,False,True
bipad-35635,Government of Nepal BIPAD Portal,2017,8,16,Mid-Western Region,Dang,Ghorahi,FLOOD,0,1,0,0,0,0,0,0.0,False,27.9672,82.44665,,,,,,,,,,,,,True,True,False,True
bipad-35649,Government of Nepal BIPAD Portal,2017,8,14,Western Region,Nawalparasi East,Madhyabindu,FLOOD,0,0,0,0,0,14,0,0.0,False,27.61064,84.00745,,,,,,,,,,,,,True,True,False,True
bipad-35650,Government of Nepal BIPAD Portal,2017,8,14,Western Region,Kapilbastu,Buddhabhumi,FLOOD,0,0,0,0,1,1,0,0.0,False,27.62682,82.96838,,,,,,,,,,,,,True,True,False,True
bipad-35651,Government of Nepal BIPAD Portal,2017,8,14,Western Region,Nawalparasi East,Madhyabindu,FLOOD,0,0,0,0,5,35,0,0.0,False,27.61064,84.00745,,,,,,,,,,,,,True,True,False,True
bipad-35652,Government of Nepal BIPAD Portal,2017,8,14,Western Region,Rupandehi,Tilottama,FLOOD,0,0,0,0,0,300,0,0.0,False,27.57833,83.42932,,,,,,,,,,,,,True,True,False,True
bipad-35653,Government of Nepal BIPAD Portal,2017,8,14,Eastern Region,Siraha,Golbazar,FLOOD,0,0,0,0,0,0,0,0.0,False,26.7425,86.3336,,,,,,,,,,,,,True,True,False,True
bipad-35654,Government of Nepal BIPAD Portal,2017,8,14,Eastern Region,Siraha,Golbazar,FLOOD,0,0,0,0,4,0,0,0.0,False,26.7425,86.3336,,,,,,,,,,,,,True,True,False,True
bipad-35659,Government of Nepal BIPAD Portal,2017,8,14,Central Region,Chitwan,Bharatpur,FLOOD,0,0,0,0,13,200,0,0.0,False,27.61645,84.36001,,,,,,,,,,,,,True,True,False,True
bipad-35660,Government of Nepal BIPAD Portal,2017,8,14,Central Region,Makwanpur,Makawanpurgadhi,FLOOD,0,0,0,0,14,11,0,0.0,False,27.4427,85.08797,,,,,,,,,,,,,True,True,False,True
bipad-35661,Government of Nepal BIPAD Portal,2017,8,14,Eastern Region,Jhapa,Barhadashi,FLOOD,0,0,0,0,0,10,0,0.0,False,26.58323,87.91446,,,,,,,,,,,,,True,True,False,True
bipad-35665,Government of Nepal BIPAD Portal,2017,8,15,Mid-Western Region,Dang,Ghorahi,FLOOD,1,0,0,0,0,0,0,0.0,False,27.9672,82.44665,,,,,,,,,,,,,True,True,False,True
bipad-35666,Government of Nepal BIPAD Portal,2017,8,16,Mid-Western Region,Banke,Rapti Sonari,FLOOD,1,0,0,0,0,0,0,0.0,False,28.09534,81.84765,,,,,,,,,,,,,True,True,False,True
bipad-35671,Government of Nepal BIPAD Portal,2017,8,13,Eastern Region,Jhapa,Barhadashi,FLOOD,1,1,0,0,0,0,0,0.0,False,26.58323,87.91446,,,,,,,,,,,,,True,True,False,True
bipad-35672,Government of Nepal BIPAD Portal,2017,8,14,Eastern Region,Jhapa,Barhadashi,FLOOD,1,0,0,0,0,0,0,0.0,False,26.58323,87.91446,,,,,,,,,,,,,True,True,False,True
bipad-35673,Government of Nepal BIPAD Portal,2017,8,15,Eastern Region,Jhapa,Barhadashi,FLOOD,1,0,0,0,0,0,0,0.0,False,26.58323,87.91446,,,,,,,,,,,,,True,True,False,True
bipad-35674,Government of Nepal BIPAD Portal,2017,8,13,Central Region,Chitwan,Bharatpur,FLOOD,1,0,0,0,0,0,0,0.0,False,27.61645,84.36001,,,,,,,,,,,,,True,True,False,True
bipad-35675,Government of Nepal BIPAD Portal,2017,8,13,Central Region,Chitwan,Bharatpur,FLOOD,0,0,1,0,0,0,0,0.0,False,27.61645,84.36001,,,,,,,,,,,,,True,True,False,True
bipad-35676,Government of Nepal BIPAD Portal,2017,8,16,Mid-Western Region,Dang,Ghorahi,FLOOD,1,0,0,0,0,0,0,0.0,False,27.9672,82.44665,,,,,,,,,,,,,True,True,False,True
bipad-35682,Government of Nepal BIPAD Portal,2017,8,18,Central Region,Sarlahi,Haripur,FLOOD,1,0,0,0,0,0,0,0.0,False,26.96729,85.57183,,,,,,,,,,,,,True,True,False,True
bipad-35683,Government of Nepal BIPAD Portal,2017,8,18,Central Region,Chitwan,Bharatpur,FLOOD,1,0,0,0,0,0,0,0.0,False,27.61645,84.36001,,,,,,,,,,,,,True,True,False,True
bipad-35684,Government of Nepal BIPAD Portal,2017,8,18,Western Region,Nawalparasi East,Madhyabindu,FLOOD,1,0,0,0,0,0,0,0.0,False,27.61064,84.00745,,,,,,,,,,,,,True,True,False,True
bipad-35685,Government of Nepal BIPAD Portal,2017,8,17,Central Region,Sindhuli,Kamalamai,FLOOD,1,0,0,0,0,0,0,0.0,False,27.18536,85.90753,,,,,,,,,,,,,True,True,False,True
bipad-35689,Government of Nepal BIPAD Portal,2017,8,18,Eastern Region,Saptari,Rupani,FLOOD,0,0,0,0,1,0,0,0.0,False,26.60701,86.75179,,,,,,,,,,,,,True,True,False,True
bipad-35699,Government of Nepal BIPAD Portal,2017,8,17,Central Region,Sindhuli,Kamalamai,FLOOD,1,0,0,0,0,0,0,0.0,False,27.18536,85.90753,,,,,,,,,,,,,True,True,False,True
bipad-35706,Government of Nepal BIPAD Portal,2017,8,19,Far Western Region,Bajura,Gaumul,FLOOD,0,0,0,0,1,0,0,0.0,False,29.5579,81.49045,,,,,,,,,,,,,True,True,False,True
bipad-35710,Government of Nepal BIPAD Portal,2017,8,20,Far Western Region,Dadeldhura,Alital,FLOOD,1,0,0,0,0,0,0,0.0,False,29.20864,80.48616,,,,,,,,,,,,,True,True,False,True
bipad-35718,Government of Nepal BIPAD Portal,2017,8,18,Eastern Region,Jhapa,Barhadashi,FLOOD,1,0,0,0,0,0,0,0.0,False,26.58323,87.91446,,,,,,,,,,,,,True,True,False,True
bipad-35719,Government of Nepal BIPAD Portal,2017,8,19,Eastern Region,Jhapa,Barhadashi,FLOOD,1,0,0,0,0,0,0,0.0,False,26.58323,87.91446,,,,,,,,,,,,,True,True,False,True
bipad-35720,Government of Nepal BIPAD Portal,2017,8,19,Eastern Region,Jhapa,Barhadashi,FLOOD,1,0,0,0,0,0,0,0.0,False,26.58323,87.91446,,,,,,,,,,,,,True,True,False,True
bipad-35721,Government of Nepal BIPAD Portal,2017,8,19,Eastern Region,Jhapa,Barhadashi,FLOOD,1,0,0,0,0,0,0,0.0,False,26.58323,87.91446,,,,,,,,,,,,,True,True,False,True
bipad-35726,Government of Nepal BIPAD Portal,2017,8,12,Eastern Region,Panchthar,Phidim,FLOOD,0,1,0,0,0,0,0,0.0,False,27.14773,87.78498,,,,,,,,,,,,,True,True,False,True
bipad-35727,Government of Nepal BIPAD Portal,2017,8,13,Eastern Region,Udayapur,Rautamai,FLOOD,1,0,0,0,0,0,0,0.0,False,26.93279,86.66463,,,,,,,,,,,,,True,True,False,True
bipad-35728,Government of Nepal BIPAD Portal,2017,8,13,Mid-Western Region,Kalikot,Pachaljharana,FLOOD,0,0,1,0,0,0,0,0.0,False,29.21559,81.74506,,,,,,,,,,,,,True,True,False,True
bipad-35729,Government of Nepal BIPAD Portal,2017,8,22,Central Region,Sarlahi,Haripur,FLOOD,1,0,0,0,0,0,0,0.0,False,26.96729,85.57183,,,,,,,,,,,,,True,True,False,True
bipad-35730,Government of Nepal BIPAD Portal,2017,8,13,Central Region,Sarlahi,Haripur,FLOOD,0,1,0,0,0,0,0,0.0,False,26.96729,85.57183,,,,,,,,,,,,,True,True,False,True
bipad-35731,Government of Nepal BIPAD Portal,2017,8,14,Mid-Western Region,Bardiya,Barbardiya,FLOOD,0,0,1,0,0,0,0,0.0,False,28.36918,81.41147,,,,,,,,,,,,,True,True,False,True
bipad-35733,Government of Nepal BIPAD Portal,2017,8,20,Western Region,Nawalparasi East,Madhyabindu,FLOOD,1,0,0,0,0,0,0,0.0,False,27.61064,84.00745,,,,,,,,,,,,,True,True,False,True
bipad-35734,Government of Nepal BIPAD Portal,2017,8,14,Mid-Western Region,Surkhet,Barahtal,FLOOD,1,0,0,0,0,0,0,0.0,False,28.65047,81.50876,,,,,,,,,,,,,True,True,False,True
bipad-35735,Government of Nepal BIPAD Portal,2017,8,13,Mid-Western Region,Dang,Ghorahi,FLOOD,1,0,0,0,0,0,0,0.0,False,27.9672,82.44665,,,,,,,,,,,,,True,True,False,True
bipad-35736,Government of Nepal BIPAD Portal,2017,8,20,Central Region,Sarlahi,Haripur,FLOOD,1,0,0,0,0,0,0,0.0,False,26.96729,85.57183,,,,,,,,,,,,,True,True,False,True
bipad-35737,Government of Nepal BIPAD Portal,2017,8,21,Central Region,Sarlahi,Haripur,FLOOD,1,0,0,0,0,0,0,0.0,False,26.96729,85.57183,,,,,,,,,,,,,True,True,False,True
bipad-35738,Government of Nepal BIPAD Portal,2017,8,23,Central Region,Sarlahi,Haripur,FLOOD,1,0,0,0,0,0,0,0.0,False,26.96729,85.57183,,,,,,,,,,,,,True,True,False,True
bipad-35739,Government of Nepal BIPAD Portal,2017,8,23,Central Region,Sarlahi,Haripur,FLOOD,1,0,0,0,0,0,0,0.0,False,26.96729,85.57183,,,,,,,,,,,,,True,True,False,True
bipad-35740,Government of Nepal BIPAD Portal,2017,8,23,Central Region,Sindhupalchok,Jugal,FLOOD,0,1,0,0,0,0,0,0.0,False,27.90711,85.75568,,,,,,,,,,,,,True,True,False,True
bipad-35741,Government of Nepal BIPAD Portal,2017,8,14,Central Region,Mahottari,Aurahi,FLOOD,1,0,0,0,0,0,0,0.0,False,26.88482,85.81298,,,,,,,,,,,,,True,True,False,True
bipad-35742,Government of Nepal BIPAD Portal,2017,8,14,Central Region,Mahottari,Aurahi,FLOOD,1,0,0,0,0,0,0,0.0,False,26.88482,85.81298,,,,,,,,,,,,,True,True,False,True
bipad-35743,Government of Nepal BIPAD Portal,2017,8,14,Central Region,Mahottari,Aurahi,FLOOD,1,0,0,0,0,0,0,0.0,False,26.88482,85.81298,,,,,,,,,,,,,True,True,False,True
bipad-35744,Government of Nepal BIPAD Portal,2017,8,14,Central Region,Mahottari,Aurahi,FLOOD,1,0,0,0,0,0,0,0.0,False,26.88482,85.81298,,,,,,,,,,,,,True,True,False,True
bipad-35745,Government of Nepal BIPAD Portal,2017,8,17,Central Region,Mahottari,Aurahi,FLOOD,1,0,0,0,0,0,0,0.0,False,26.88482,85.81298,,,,,,,,,,,,,True,True,False,True
bipad-35746,Government of Nepal BIPAD Portal,2017,8,17,Central Region,Mahottari,Aurahi,FLOOD,1,0,0,0,0,0,0,0.0,False,26.88482,85.81298,,,,,,,,,,,,,True,True,False,True
bipad-35747,Government of Nepal BIPAD Portal,2017,8,19,Central Region,Mahottari,Aurahi,FLOOD,1,0,0,0,0,0,0,0.0,False,26.88482,85.81298,,,,,,,,,,,,,True,True,False,True
bipad-35748,Government of Nepal BIPAD Portal,2017,8,12,Central Region,Mahottari,Aurahi,FLOOD,1,0,0,0,0,0,0,0.0,False,26.88482,85.81298,,,,,,,,,,,,,True,True,False,True
bipad-35754,Government of Nepal BIPAD Portal,2017,8,14,Eastern Region,Sunsari,Inaruwa,FLOOD,1,0,0,0,0,0,0,0.0,False,26.64064,87.12722,,,,,,,,,,,,,True,True,False,True
bipad-35755,Government of Nepal BIPAD Portal,2017,8,14,Eastern Region,Sunsari,Inaruwa,FLOOD,1,0,0,0,0,0,0,0.0,False,26.64064,87.12722,,,,,,,,,,,,,True,True,False,True
bipad-35756,Government of Nepal BIPAD Portal,2017,8,12,Eastern Region,Sunsari,Inaruwa,FLOOD,1,0,0,0,0,0,0,0.0,False,26.64064,87.12722,,,,,,,,,,,,,True,True,False,True
bipad-35757,Government of Nepal BIPAD Portal,2017,8,12,Eastern Region,Sunsari,Inaruwa,FLOOD,0,1,0,0,0,0,0,0.0,False,26.64064,87.12722,,,,,,,,,,,,,True,True,False,True
bipad-35758,Government of Nepal BIPAD Portal,2017,8,12,Eastern Region,Sunsari,Inaruwa,FLOOD,0,1,0,0,0,0,0,0.0,False,26.64064,87.12722,,,,,,,,,,,,,True,True,False,True
bipad-35759,Government of Nepal BIPAD Portal,2017,8,12,Eastern Region,Sunsari,Inaruwa,FLOOD,0,1,0,0,0,0,0,0.0,False,26.64064,87.12722,,,,,,,,,,,,,True,True,False,True
bipad-35760,Government of Nepal BIPAD Portal,2017,8,12,Eastern Region,Sunsari,Inaruwa,FLOOD,0,0,1,0,0,0,0,0.0,False,26.64064,87.12722,,,,,,,,,,,,,True,True,False,True
bipad-35761,Government of Nepal BIPAD Portal,2017,8,12,Eastern Region,Sunsari,Inaruwa,FLOOD,0,0,1,0,0,0,0,0.0,False,26.64064,87.12722,,,,,,,,,,,,,True,True,False,True
bipad-35762,Government of Nepal BIPAD Portal,2017,8,12,Eastern Region,Sunsari,Inaruwa,FLOOD,0,0,1,0,0,0,0,0.0,False,26.64064,87.12722,,,,,,,,,,,,,True,True,False,True
bipad-35775,Government of Nepal BIPAD Portal,2017,8,13,Eastern Region,Morang,Belbari,FLOOD,1,0,0,0,0,0,0,0.0,False,26.61037,87.46726,,,,,,,,,,,,,True,True,False,True
bipad-35776,Government of Nepal BIPAD Portal,2017,8,14,Eastern Region,Morang,Belbari,FLOOD,1,0,0,0,0,0,0,0.0,False,26.61037,87.46726,,,,,,,,,,,,,True,True,False,True
bipad-35777,Government of Nepal BIPAD Portal,2017,8,12,Eastern Region,Morang,Belbari,FLOOD,1,0,0,0,0,0,0,0.0,False,26.61037,87.46726,,,,,,,,,,,,,True,True,False,True
bipad-35778,Government of Nepal BIPAD Portal,2017,8,14,Eastern Region,Morang,Belbari,FLOOD,1,0,0,0,0,0,0,0.0,False,26.61037,87.46726,,,,,,,,,,,,,True,True,False,True
bipad-35779,Government of Nepal BIPAD Portal,2017,8,12,Eastern Region,Morang,Belbari,FLOOD,0,1,0,0,0,0,0,0.0,False,26.61037,87.46726,,,,,,,,,,,,,True,True,False,True
bipad-35780,Government of Nepal BIPAD Portal,2017,8,13,Eastern Region,Morang,Belbari,FLOOD,0,0,1,0,0,0,0,0.0,False,26.61037,87.46726,,,,,,,,,,,,,True,True,False,True
bipad-35790,Government of Nepal BIPAD Portal,2017,8,13,Central Region,Makwanpur,Makawanpurgadhi,FLOOD,1,0,0,0,0,0,0,0.0,False,27.4427,85.08797,,,,,,,,,,,,,True,True,False,True
bipad-35791,Government of Nepal BIPAD Portal,2017,8,13,Eastern Region,Saptari,Rupani,FLOOD,1,0,0,0,0,0,0,0.0,False,26.60701,86.75179,,,,,,,,,,,,,True,True,False,True
bipad-35792,Government of Nepal BIPAD Portal,2017,8,15,Eastern Region,Saptari,Rupani,FLOOD,1,0,0,0,0,0,0,0.0,False,26.60701,86.75179,,,,,,,,,,,,,True,True,False,True
bipad-35835,Government of Nepal BIPAD Portal,2017,9,11,Central Region,Sindhupalchok,Jugal,FLOOD,0,0,0,0,2,6,0,0.0,False,27.90711,85.75568,,,,,,,,,,,,,True,True,False,True
bipad-35880,Government of Nepal BIPAD Portal,2017,9,23,Western Region,Palpa,Mathagadhi,FLOOD,3,0,1,0,0,0,0,0.0,False,27.82173,83.63419,,,,,,,,,,,,,True,True,False,True
bipad-35919,Government of Nepal BIPAD Portal,2017,10,2,Central Region,Sarlahi,Haripur,FLOOD,4,2,0,0,0,0,0,0.0,False,26.96729,85.57183,,,,,,,,,,,,,True,True,False,True
bipad-37680,Government of Nepal BIPAD Portal,2018,4,26,Mid-Western Region,Pyuthan,Sworgadwary,FLOOD,0,0,0,0,0,0,0,0.0,False,28.12668916,82.71995199,,,,,,,,,,,,,True,True,False,True
bipad-37681,Government of Nepal BIPAD Portal,2018,4,27,Far Western Region,Achham,Chaurpati,FLOOD,0,0,0,0,0,0,0,0.0,False,29.15248141,81.11783225,,,,,,,,,,,,,True,True,False,True
bipad-37784,Government of Nepal BIPAD Portal,2018,5,5,Far Western Region,Bajhang,Durgathali,FLOOD,0,0,0,0,0,0,0,0.0,False,29.4894399,81.0324834,,,,,,,,,,,,,True,True,False,True
bipad-37787,Government of Nepal BIPAD Portal,2018,5,5,Far Western Region,Bajhang,Surma,FLOOD,5,0,0,0,0,0,0,0.0,False,29.7171,81.15534,,,,,,,,,,,,,True,True,False,True
bipad-37881,Government of Nepal BIPAD Portal,2018,5,14,Central Region,Ramechhap,Manthali,FLOOD,0,1,2,0,0,0,0,0.0,False,27.37782753,86.06492121,,,,,,,,,,,,,True,True,False,True
bipad-37967,Government of Nepal BIPAD Portal,2018,5,2,Far Western Region,Bajhang,JayaPrithivi,FLOOD,3,0,0,0,0,0,0,0.0,False,29.53267008,81.13704849,,,,,,,,,,,,,True,True,False,True
bipad-38225,Government of Nepal BIPAD Portal,2018,6,7,Mid-Western Region,Rukum West,Sanibheri,FLOOD,0,0,0,0,0,0,0,0.0,False,28.69530049,82.25290491,,,,,,,,,,,,,True,True,False,True
bipad-38250,Government of Nepal BIPAD Portal,2018,6,9,Central Region,Rasuwa,Aamachhodingmo,FLOOD,0,0,0,0,0,0,0,0.0,False,28.23333042,85.27153387,,,,,,,,,,,,,True,True,False,True
bipad-38347,Government of Nepal BIPAD Portal,2018,6,17,Western Region,Baglung,Kanthekhola,FLOOD,0,0,0,0,0,0,0,0.0,False,28.22674366,83.51082721,,,,,,,,,,,,,True,True,False,True
bipad-38351,Government of Nepal BIPAD Portal,2018,6,17,Central Region,Mahottari,Bardibas,FLOOD,0,0,0,0,0,0,0,0.0,False,27.04202777,85.88097946,,,,,,,,,,,,,True,True,False,True
bipad-38441,Government of Nepal BIPAD Portal,2018,6,25,Western Region,Baglung,Bareng,FLOOD,0,0,0,0,0,0,0,0.0,False,28.14908597,83.49657696,,,,,,,,,,,,,True,True,False,True
bipad-38454,Government of Nepal BIPAD Portal,2018,6,27,Central Region,Sindhupalchok,Bhotekoshi,FLOOD,0,0,0,0,0,0,0,0.0,False,27.99329527,85.92629877,,,,,,,,,,,,,True,True,False,True
bipad-38503,Government of Nepal BIPAD Portal,2018,7,2,Mid-Western Region,Bardiya,Madhuwan,FLOOD,0,0,0,0,0,9,0,0.0,False,28.27766536,81.25883746,,,,,,,,,,,,,True,True,False,True
bipad-38505,Government of Nepal BIPAD Portal,2018,7,2,Western Region,Nawalparasi West,Bardaghat,FLOOD,0,0,0,0,0,42,0,0.0,False,27.52844515,83.77207256,,,,,,,,,,,,,True,True,False,True
bipad-38513,Government of Nepal BIPAD Portal,2018,7,2,Central Region,Parsa,Thori,FLOOD,2,0,2,0,0,0,0,0.0,False,27.22317,84.73056,,,,,,,,,,,,,True,True,False,True
bipad-38524,Government of Nepal BIPAD Portal,2018,7,2,Eastern Region,Udayapur,Triyuga,FLOOD,0,0,1,0,0,0,0,0.0,False,26.82610801,86.70993158,,,,,,,,,,,,,True,True,False,True
bipad-38532,Government of Nepal BIPAD Portal,2018,7,2,Central Region,Bara,Jitpur Simara,FLOOD,0,0,0,0,0,10,0,0.0,False,27.08692321,84.95530632,,,,,,,,,,,,,True,True,False,True
bipad-38535,Government of Nepal BIPAD Portal,2018,7,2,Mid-Western Region,Bardiya,Rajapur,FLOOD,0,0,0,0,0,16,0,0.0,False,28.38402154,81.12269579,,,,,,,,,,,,,True,True,False,True
bipad-38536,Government of Nepal BIPAD Portal,2018,7,2,Western Region,Nawalparasi West,Sarawal,FLOOD,0,0,0,0,2,51,0,0.0,False,27.4682598,83.7381245,,,,,,,,,,,,,True,True,False,True
bipad-38537,Government of Nepal BIPAD Portal,2018,7,2,Western Region,Nawalparasi West,Sarawal,FLOOD,0,0,0,0,0,40,0,0.0,False,27.42358446,83.74428798,,,,,,,,,,,,,True,True,False,True
bipad-38547,Government of Nepal BIPAD Portal,2018,7,3,Central Region,Sarlahi,Haripur,FLOOD,0,0,0,0,0,2,0,0.0,False,26.96729,85.57183,,,,,,,,,,,,,True,True,False,True
bipad-38548,Government of Nepal BIPAD Portal,2018,7,3,Central Region,Sarlahi,Dhankaul,FLOOD,0,0,0,0,0,2,0,0.0,False,26.86819896,85.38778194,,,,,,,,,,,,,True,True,False,True
bipad-38549,Government of Nepal BIPAD Portal,2018,7,2,Far Western Region,Kailali,Bhajani,FLOOD,0,0,0,0,0,14,0,0.0,False,28.46255487,80.96082558,,,,,,,,,,,,,True,True,False,True
bipad-38550,Government of Nepal BIPAD Portal,2018,7,2,Far Western Region,Kailali,Bhajani,FLOOD,0,0,0,0,0,8,0,0.0,False,28.47920896,80.91850582,,,,,,,,,,,,,True,True,False,True
bipad-38551,Government of Nepal BIPAD Portal,2018,7,2,Far Western Region,Kailali,Bhajani,FLOOD,0,0,0,0,0,60,0,0.0,False,28.4824643,81.02741626,,,,,,,,,,,,,True,True,False,True
bipad-38552,Government of Nepal BIPAD Portal,2018,7,2,Eastern Region,Udayapur,Triyuga,FLOOD,1,0,0,0,0,0,0,0.0,False,26.8539628,86.61833354,,,,,,,,,,,,,True,True,False,True
bipad-38561,Government of Nepal BIPAD Portal,2018,7,2,Central Region,Parsa,Chhipaharmai,FLOOD,0,0,0,0,2,0,0,0.0,False,27.03649055,84.69183504,,,,,,,,,,,,,True,True,False,True
bipad-38569,Government of Nepal BIPAD Portal,2018,7,5,Eastern Region,Jhapa,Gauradhaha,FLOOD,0,0,0,0,0,0,0,0.0,False,26.50130238,87.66554417,,,,,,,,,,,,,True,True,False,True
bipad-38570,Government of Nepal BIPAD Portal,2018,7,5,Eastern Region,Sunsari,Itahari,FLOOD,0,0,0,0,0,0,0,0.0,False,26.65318574,87.25054865,,,,,,,,,,,,,True,True,False,True
bipad-38571,Government of Nepal BIPAD Portal,2018,7,5,Eastern Region,Sunsari,Barah,FLOOD,0,0,0,0,0,0,0,0.0,False,26.78880585,87.1876118,,,,,,,,,,,,,True,True,False,True
bipad-38572,Government of Nepal BIPAD Portal,2018,7,5,Eastern Region,Morang,Jahada,FLOOD,0,0,0,0,0,0,0,0.0,False,26.377617,87.34761477,,,,,,,,,,,,,True,True,False,True
bipad-38592,Government of Nepal BIPAD Portal,2018,7,6,Eastern Region,Sunsari,Inaruwa,FLOOD,1,0,0,0,0,0,0,0.0,False,26.64064,87.12722,,,,,,,,,,,,,True,True,False,True
bipad-38602,Government of Nepal BIPAD Portal,2018,7,7,Mid-Western Region,Pyuthan,Sarumarani,FLOOD,1,0,0,0,0,0,0,0.0,False,27.97909135,82.83663031,,,,,,,,,,,,,True,True,False,True
bipad-38676,Government of Nepal BIPAD Portal,2018,7,12,Central Region,Kathmandu,Kathmandu,FLOOD,0,0,0,0,0,0,0,0.0,False,27.68337593,85.355644,,,,,,,,,,,,,True,True,False,True
bipad-38687,Government of Nepal BIPAD Portal,2018,7,13,Eastern Region,Saptari,Tilathi Koiladi,FLOOD,0,0,0,0,0,0,0,0.0,False,26.48616586,86.833727,,,,,,,,,,,,,True,True,False,True
bipad-38702,Government of Nepal BIPAD Portal,2018,7,14,Eastern Region,Okhaldhunga,Sunkoshi,FLOOD,0,0,0,0,0,0,0,0.0,False,27.32574107,86.380631,,,,,,,,,,,,,True,True,False,True
bipad-38733,Government of Nepal BIPAD Portal,2018,7,16,Central Region,Sindhupalchok,Bhotekoshi,FLOOD,0,0,0,0,2,0,0,0.0,False,27.99329527,85.92629877,,,,,,,,,,,,,True,True,False,True
bipad-38739,Government of Nepal BIPAD Portal,2018,7,16,Western Region,Kaski,Pokhara,FLOOD,0,0,0,0,0,0,0,0.0,False,28.15340665,84.0822179,,,,,,,,,,,,,True,True,False,True
bipad-38763,Government of Nepal BIPAD Portal,2018,7,18,Western Region,Gorkha,Gorkha,FLOOD,0,0,0,0,1,0,0,0.0,False,27.9569067,84.56377099,,,,,,,,,,,,,True,True,False,True
bipad-38808,Government of Nepal BIPAD Portal,2018,7,20,Eastern Region,Sankhuwasabha,Chainpur,FLOOD,0,0,0,0,0,0,0,0.0,False,27.315511,87.47233031,,,,,,,,,,,,,True,True,False,True
bipad-38948,Government of Nepal BIPAD Portal,2018,8,1,Western Region,Tanahu,Devghat,FLOOD,1,0,0,0,0,0,0,0.0,False,27.78263524,84.35529785,,,,,,,,,,,,,True,True,False,True
bipad-39079,Government of Nepal BIPAD Portal,2018,8,5,Central Region,Bhaktapur,Suryabinayak,FLOOD,0,0,0,0,0,1,0,0.0,False,27.66539467,85.40610191,,,,,,,,,,,,,True,True,False,True
bipad-39087,Government of Nepal BIPAD Portal,2018,8,1,Far Western Region,Achham,Ramaroshan,FLOOD,0,0,0,0,0,0,0,0.0,False,29.22497589,81.45997459,,,,,,,,,,,,,True,True,False,True
bipad-39095,Government of Nepal BIPAD Portal,2018,8,5,Mid-Western Region,Dang,Tulsipur,FLOOD,0,0,19,0,0,0,0,0.0,False,28.13732184,82.32530367,,,,,,,,,,,,,True,True,False,True
bipad-39096,Government of Nepal BIPAD Portal,2018,8,5,Central Region,Kathmandu,Kathmandu,FLOOD,0,0,0,0,0,0,0,0.0,False,27.69542056,85.30641671,,,,,,,,,,,,,True,True,False,True
bipad-39121,Government of Nepal BIPAD Portal,2018,8,6,Eastern Region,Taplejung,Phungling,FLOOD,0,0,0,0,0,2,0,0.0,False,27.35985231,87.68455462,,,,,,,,,,,,,True,True,False,True
bipad-39130,Government of Nepal BIPAD Portal,2018,8,6,Eastern Region,Taplejung,Phungling,FLOOD,0,0,0,0,0,0,0,0.0,False,27.37392835,87.66032704,,,,,,,,,,,,,True,True,False,True
bipad-39246,Government of Nepal BIPAD Portal,2018,8,14,Mid-Western Region,Rukum West,Aathbiskot,FLOOD,0,0,0,0,3,0,0,0.0,False,28.86752349,82.53170643,,,,,,,,,,,,,True,True,False,True
bipad-39256,Government of Nepal BIPAD Portal,2018,8,15,Central Region,Kathmandu,Kageshwori Manahora,FLOOD,0,0,0,0,0,0,0,0.0,False,27.69912,85.37856,,,,,,,,,,,,,True,True,False,True
bipad-39257,Government of Nepal BIPAD Portal,2018,8,15,Central Region,Kathmandu,Budhanilkantha,FLOOD,0,0,0,0,0,25,0,0.0,False,27.75834517,85.37434162,,,,,,,,,,,,,True,True,False,True
bipad-39258,Government of Nepal BIPAD Portal,2018,8,15,Central Region,Kathmandu,Gokarneshwor,FLOOD,0,0,0,0,0,10,0,0.0,False,27.73677411,85.39605017,,,,,,,,,,,,,True,True,False,True
bipad-39259,Government of Nepal BIPAD Portal,2018,8,15,Central Region,Kathmandu,Kageshwori Manahora,FLOOD,0,0,0,0,0,15,0,0.0,False,27.69912,85.37856,,,,,,,,,,,,,True,True,False,True
bipad-39260,Government of Nepal BIPAD Portal,2018,8,15,Central Region,Kathmandu,Kageshwori Manahora,FLOOD,0,0,0,0,0,5,0,0.0,False,27.69912,85.37856,,,,,,,,,,,,,True,True,False,True
bipad-39261,Government of Nepal BIPAD Portal,2018,8,15,Central Region,Kathmandu,Kageshwori Manahora,FLOOD,0,0,0,0,0,10,0,0.0,False,27.69912,85.37856,,,,,,,,,,,,,True,True,False,True
bipad-39262,Government of Nepal BIPAD Portal,2018,8,15,Central Region,Kathmandu,Kageshwori Manahora,FLOOD,0,0,0,0,0,150,0,0.0,False,27.69912,85.37856,,,,,,,,,,,,,True,True,False,True
bipad-39263,Government of Nepal BIPAD Portal,2018,8,15,Central Region,Kathmandu,Kageshwori Manahora,FLOOD,0,0,0,0,0,10,0,0.0,False,27.69912,85.37856,,,,,,,,,,,,,True,True,False,True
bipad-39266,Government of Nepal BIPAD Portal,2018,8,15,Western Region,Myagdi,Annapurna,FLOOD,0,0,0,0,0,0,0,0.0,False,28.57902425,83.75474863,,,,,,,,,,,,,True,True,False,True
bipad-39268,Government of Nepal BIPAD Portal,2018,8,15,Mid-Western Region,Jajarkot,Nalgaad,FLOOD,0,0,0,0,2,0,0,0.0,False,28.78784492,82.26293857,,,,,,,,,,,,,True,True,False,True
bipad-39269,Government of Nepal BIPAD Portal,2018,8,14,Mid-Western Region,Jajarkot,Nalgaad,FLOOD,0,0,0,0,1,0,0,0.0,False,28.89929684,82.49285008,,,,,,,,,,,,,True,True,False,True
bipad-39271,Government of Nepal BIPAD Portal,2018,8,11,Western Region,Mustang,Gharapjhong,FLOOD,0,0,0,0,4,0,0,0.0,False,28.73752896,83.78315429,,,,,,,,,,,,,True,True,False,True
bipad-39281,Government of Nepal BIPAD Portal,2018,8,15,Mid-Western Region,Jajarkot,Nalgaad,FLOOD,0,0,0,0,0,0,0,0.0,False,28.83872682,82.28331151,,,,,,,,,,,,,True,True,False,True
bipad-39312,Government of Nepal BIPAD Portal,2018,8,16,Central Region,Bhaktapur,Changunarayan,FLOOD,0,0,0,0,0,0,0,0.0,False,27.69529678,85.4878684,,,,,,,,,,,,,True,True,False,True
bipad-39327,Government of Nepal BIPAD Portal,2018,8,18,Central Region,Sindhupalchok,Barhabise,FLOOD,0,0,0,0,0,0,0,0.0,False,27.80548502,85.92205632,,,,,,,,,,,,,True,True,False,True
bipad-39328,Government of Nepal BIPAD Portal,2018,8,18,Central Region,Nuwakot,Belkotgadhi,FLOOD,0,0,0,0,0,2,0,0.0,False,27.82934157,85.16131498,,,,,,,,,,,,,True,True,False,True
bipad-39329,Government of Nepal BIPAD Portal,2018,8,17,Central Region,Nuwakot,Shivapuri,FLOOD,0,0,2,0,0,2,0,0.0,False,27.84035961,85.34583048,,,,,,,,,,,,,True,True,False,True
bipad-39332,Government of Nepal BIPAD Portal,2018,8,18,Western Region,Myagdi,Annapurna,FLOOD,0,0,0,0,0,0,0,0.0,False,28.4921789,83.61614744,,,,,,,,,,,,,True,True,False,True
bipad-39355,Government of Nepal BIPAD Portal,2018,8,18,Central Region,Sindhupalchok,Barhabise,FLOOD,0,0,0,0,1,25,0,0.0,False,27.80548502,85.92205632,,,,,,,,,,,,,True,True,False,True
bipad-39358,Government of Nepal BIPAD Portal,2018,8,18,Central Region,Nuwakot,Kispang,FLOOD,0,0,0,0,1,1,0,0.0,False,27.99861001,85.13345826,,,,,,,,,,,,,True,True,False,True
bipad-39453,Government of Nepal BIPAD Portal,2018,8,27,Eastern Region,Saptari,Rupani,FLOOD,0,0,0,0,0,0,0,0.0,False,26.60701,86.75179,,,,,,,,,,,,,True,True,False,True
bipad-39479,Government of Nepal BIPAD Portal,2018,8,30,Eastern Region,Morang,Biratnagar,FLOOD,0,0,0,0,0,17,0,0.0,False,26.44795637,87.29713012,,,,,,,,,,,,,True,True,False,True
bipad-39536,Government of Nepal BIPAD Portal,2018,9,1,Mid-Western Region,Dolpa,Jagadulla,FLOOD,0,0,0,0,0,0,0,0.0,False,29.13412244,82.49098066,,,,,,,,,,,,,True,True,False,True
bipad-39634,Government of Nepal BIPAD Portal,2018,9,10,Western Region,Kaski,Pokhara,FLOOD,0,0,0,0,0,0,0,0.0,False,28.12357064,84.10491112,,,,,,,,,,,,,True,True,False,True
bipad-39636,Government of Nepal BIPAD Portal,2018,9,10,Eastern Region,Terhathum,Phedap,FLOOD,1,0,0,0,0,0,0,0.0,False,27.19922077,87.59900238,,,,,,,,,,,,,True,True,False,True
bipad-39647,Government of Nepal BIPAD Portal,2018,9,11,Central Region,Chitwan,Bharatpur,FLOOD,0,0,0,0,1,0,0,0.0,False,27.58541776,84.23329382,,,,,,,,,,,,,True,True,False,True
bipad-39657,Government of Nepal BIPAD Portal,2018,9,12,Eastern Region,Jhapa,Kankai,FLOOD,0,0,0,0,0,7,0,0.0,False,26.63792809,87.89489385,,,,,,,,,,,,,True,True,False,True
bipad-39658,Government of Nepal BIPAD Portal,2018,9,12,Western Region,Myagdi,Raghuganga,FLOOD,1,0,0,0,0,1,0,0.0,False,28.58868167,83.48907935,,,,,,,,,,,,,True,True,False,True
bipad-39665,Government of Nepal BIPAD Portal,2018,9,12,Western Region,Lamjung,Besishahar,FLOOD,0,2,0,0,0,0,0,0.0,False,28.19766428,84.43897371,,,,,,,,,,,,,True,True,False,True
bipad-39675,Government of Nepal BIPAD Portal,2018,9,12,Western Region,Mustang,Thasang,FLOOD,0,0,0,0,0,1,0,0.0,False,28.68987876,83.58687182,,,,,,,,,,,,,True,True,False,True
bipad-39676,Government of Nepal BIPAD Portal,2018,9,12,Western Region,Myagdi,Raghuganga,FLOOD,0,0,0,0,2,0,0,0.0,False,28.58868167,83.48907935,,,,,,,,,,,,,True,True,False,True
bipad-39686,Government of Nepal BIPAD Portal,2018,9,12,Far Western Region,Dadeldhura,Parashuram,FLOOD,1,0,0,0,0,0,0,0.0,False,29.0745572,80.37652774,,,,,,,,,,,,,True,True,False,True
bipad-42157,Government of Nepal BIPAD Portal,2019,4,5,Western Region,Baglung,Baglung,FLOOD,0,0,0,0,0,0,0,0.0,False,28.2443577,83.58070437,,,,,,,,,,,,,True,True,False,True
bipad-42163,Government of Nepal BIPAD Portal,2019,4,6,Eastern Region,Panchthar,Phidim,FLOOD,0,0,1,0,0,0,0,0.0,False,27.16896061,87.8197721,,,,,,,,,,,,,True,True,False,True
bipad-42281,Government of Nepal BIPAD Portal,2019,4,14,Eastern Region,Terhathum,Chhathar,FLOOD,0,0,0,0,1,0,0,0.0,False,27.0374728,87.4446871,,,,,,,,,,,,,True,True,False,True
bipad-42394,Government of Nepal BIPAD Portal,2019,4,20,Central Region,Kathmandu,Kathmandu,FLOOD,0,0,0,0,0,0,0,0.0,False,27.69151769,85.33523491,,,,,,,,,,,,,True,True,False,True
bipad-42440,Government of Nepal BIPAD Portal,2019,4,21,Eastern Region,Bhojpur,Ramprasadrai,FLOOD,0,0,0,0,1,0,0,0.0,False,27.05189461,87.04302693,,,,,,,,,,,,,True,True,False,True
bipad-42848,Government of Nepal BIPAD Portal,2019,5,19,Eastern Region,Sankhuwasabha,Bhotkhola,FLOOD,0,0,0,0,0,0,0,0.0,False,27.77304107,87.34104656,,,,,,,,,,,,,True,True,False,True
bipad-42946,Government of Nepal BIPAD Portal,2019,5,25,Western Region,Myagdi,Annapurna,FLOOD,0,0,0,0,0,0,0,0.0,False,28.5414392,83.61639972,,,,,,,,,,,,,True,True,False,True
bipad-43076,Government of Nepal BIPAD Portal,2019,6,1,Mid-Western Region,Dolpa,Thuli Bheri,FLOOD,0,0,0,0,1,0,0,0.0,False,28.90204758,82.85321848,,,,,,,,,,,,,True,True,False,True
bipad-43090,Government of Nepal BIPAD Portal,2019,6,1,Eastern Region,Sankhuwasabha,Chainpur,FLOOD,0,0,0,0,0,0,0,0.0,False,27.26747641,87.234409,,,,,,,,,,,,,True,True,False,True
bipad-43161,Government of Nepal BIPAD Portal,2019,6,6,Mid-Western Region,Dolpa,Mudkechula,FLOOD,0,0,0,0,0,0,0,0.0,False,29.02269671,82.53343551,,,,,,,,,,,,,True,True,False,True
bipad-43253,Government of Nepal BIPAD Portal,2019,6,17,Eastern Region,Taplejung,Sirijangha,FLOOD,0,0,0,0,0,0,0,0.0,False,27.52177439,88.00156704,,,,,,,,,,,,,True,True,False,True
bipad-43254,Government of Nepal BIPAD Portal,2019,6,17,Eastern Region,Sankhuwasabha,Khandbari,FLOOD,0,0,0,0,0,0,0,0.0,False,27.41125563,87.15107671,,,,,,,,,,,,,True,True,False,True
bipad-43263,Government of Nepal BIPAD Portal,2019,6,17,Eastern Region,Sankhuwasabha,Makalu,FLOOD,0,0,0,0,0,0,0,0.0,False,27.61175664,87.31716373,,,,,,,,,,,,,True,True,False,True
bipad-43301,Government of Nepal BIPAD Portal,2019,6,22,Central Region,Chitwan,Madi,FLOOD,0,0,0,0,0,0,0,0.0,False,27.47147831,84.3182053,,,,,,,,,,,,,True,True,False,True
bipad-43311,Government of Nepal BIPAD Portal,2019,6,23,Western Region,Kaski,Madi,FLOOD,0,0,0,0,0,0,0,0.0,False,28.27083086,84.07388797,,,,,,,,,,,,,True,True,False,True
bipad-43312,Government of Nepal BIPAD Portal,2019,6,23,Western Region,Manang,Chame,FLOOD,0,0,0,0,0,0,0,0.0,False,28.53691888,84.26401675,,,,,,,,,,,,,True,True,False,True
bipad-43317,Government of Nepal BIPAD Portal,2019,6,23,Western Region,Lamjung,Marsyangdi,FLOOD,0,0,0,0,0,3,0,0.0,False,28.36927197,84.3268337,,,,,,,,,,,,,True,True,False,True
bipad-43318,Government of Nepal BIPAD Portal,2019,6,23,Western Region,Lamjung,Marsyangdi,FLOOD,0,0,0,0,0,0,0,0.0,False,28.29032963,84.29072353,,,,,,,,,,,,,True,True,False,True
bipad-43326,Government of Nepal BIPAD Portal,2019,6,24,Mid-Western Region,Banke,Narainapur,FLOOD,0,0,0,0,0,0,0,0.0,False,27.96300925,81.79188862,,,,,,,,,,,,,True,True,False,True
bipad-43352,Government of Nepal BIPAD Portal,2019,6,24,Eastern Region,Sankhuwasabha,Savapokhari,FLOOD,0,0,0,0,0,0,0,0.0,False,27.41285836,87.34043115,,,,,,,,,,,,,True,True,False,True
bipad-43423,Government of Nepal BIPAD Portal,2019,7,2,Central Region,Sindhupalchok,Indrawati,FLOOD,0,0,0,0,0,0,0,0.0,False,27.72940699,85.64221356,,,,,,,,,,,,,True,True,False,True
bipad-43429,Government of Nepal BIPAD Portal,2019,7,4,Central Region,Rasuwa,Kalika,FLOOD,0,0,0,0,0,0,0,0.0,False,27.99819542,85.23113083,,,,,,,,,,,,,True,True,False,True
bipad-43438,Government of Nepal BIPAD Portal,2019,7,4,Central Region,Nuwakot,Tadi,FLOOD,0,2,0,0,0,0,0,0.0,False,27.94685944,85.34588844,,,,,,,,,,,,,True,True,False,True
bipad-43445,Government of Nepal BIPAD Portal,2019,7,5,Central Region,Nuwakot,Suryagadhi,FLOOD,0,0,0,0,0,2,0,0.0,False,27.93208277,85.24226386,,,,,,,,,,,,,True,True,False,True
bipad-43446,Government of Nepal BIPAD Portal,2019,7,5,Central Region,Sindhupalchok,Jugal,FLOOD,0,1,0,0,0,0,0,0.0,False,27.92278498,85.75018747,,,,,,,,,,,,,True,True,False,True
bipad-43466,Government of Nepal BIPAD Portal,2019,7,6,Central Region,Sindhupalchok,Bhotekoshi,FLOOD,1,1,2,0,0,0,0,0.0,False,27.84779054,85.94270238,,,,,,,,,,,,,True,True,False,True
bipad-43490,Government of Nepal BIPAD Portal,2019,7,8,Mid-Western Region,Banke,Baijanath,FLOOD,0,0,0,0,0,5,0,0.0,False,28.29632129,81.68972871,,,,,,,,,,,,,True,True,False,True
bipad-43494,Government of Nepal BIPAD Portal,2019,7,8,Mid-Western Region,Banke,Duduwa,FLOOD,0,0,0,0,0,0,0,0.0,False,28.04151212,81.70715585,,,,,,,,,,,,,True,True,False,True
bipad-43496,Government of Nepal BIPAD Portal,2019,7,9,Mid-Western Region,Bardiya,Bansagadhi,FLOOD,0,0,0,0,0,9,0,0.0,False,28.27554601,81.58878759,,,,,,,,,,,,,True,True,False,True
bipad-43497,Government of Nepal BIPAD Portal,2019,7,9,Mid-Western Region,Bardiya,Bansagadhi,FLOOD,0,0,0,0,0,50,0,0.0,False,28.2475442,81.59390046,,,,,,,,,,,,,True,True,False,True
bipad-43503,Government of Nepal BIPAD Portal,2019,7,9,Mid-Western Region,Bardiya,Bansagadhi,FLOOD,0,0,0,0,0,0,0,0.0,False,28.23205192,81.44412175,,,,,,,,,,,,,True,True,False,True
bipad-43509,Government of Nepal BIPAD Portal,2019,7,10,Central Region,Makwanpur,Makawanpurgadhi,FLOOD,0,0,1,0,0,0,0,0.0,False,27.46165434,85.08968495,,,,,,,,,,,,,True,True,False,True
bipad-43510,Government of Nepal BIPAD Portal,2019,7,10,Central Region,Makwanpur,Hetauda,FLOOD,0,0,1,0,0,0,0,0.0,False,27.45795458,85.02166264,,,,,,,,,,,,,True,True,False,True
bipad-43525,Government of Nepal BIPAD Portal,2019,7,11,Eastern Region,Khotang,Diprung Chuichumma,FLOOD,0,0,0,0,0,1,0,0.0,False,27.07126593,86.74561443,,,,,,,,,,,,,True,True,False,True
bipad-43526,Government of Nepal BIPAD Portal,2019,7,11,Eastern Region,Ilam,Deumai,FLOOD,0,0,0,0,0,1,0,0.0,False,26.94235063,87.82907664,,,,,,,,,,,,,True,True,False,True
bipad-43533,Government of Nepal BIPAD Portal,2019,7,11,Eastern Region,Morang,Kanepokhari,FLOOD,1,0,0,0,0,0,0,0.0,False,26.56697958,87.49276102,,,,,,,,,,,,,True,True,False,True
bipad-43534,Government of Nepal BIPAD Portal,2019,7,11,Eastern Region,Morang,Biratnagar,FLOOD,0,0,0,0,0,0,0,0.0,False,26.44795637,87.29713012,,,,,,,,,,,,,True,True,False,True
bipad-43535,Government of Nepal BIPAD Portal,2019,7,11,Eastern Region,Morang,Budhiganga,FLOOD,0,0,0,0,0,0,0,0.0,False,26.59992106,87.33103529,,,,,,,,,,,,,True,True,False,True
bipad-43536,Government of Nepal BIPAD Portal,2019,7,11,Eastern Region,Morang,Biratnagar,FLOOD,0,0,0,0,0,0,0,0.0,False,26.48447488,87.29181217,,,,,,,,,,,,,True,True,False,True
bipad-43537,Government of Nepal BIPAD Portal,2019,7,11,Eastern Region,Sunsari,Harinagar,FLOOD,0,0,0,0,0,0,0,0.0,False,26.49594699,87.10027176,,,,,,,,,,,,,True,True,False,True
bipad-43538,Government of Nepal BIPAD Portal,2019,7,11,Eastern Region,Sunsari,Ramdhuni,FLOOD,0,0,0,0,0,0,0,0.0,False,26.71616874,87.20618216,,,,,,,,,,,,,True,True,False,True
bipad-43556,Government of Nepal BIPAD Portal,2019,7,11,Central Region,Lalitpur,Mahankal,FLOOD,0,0,0,0,0,0,0,0.0,False,27.49805504,85.39853307,,,,,,,,,,,,,True,True,False,True
bipad-43561,Government of Nepal BIPAD Portal,2019,7,11,Eastern Region,Jhapa,Kankai,FLOOD,0,0,0,0,0,0,0,0.0,False,26.61718739,87.91738567,,,,,,,,,,,,,True,True,False,True
bipad-43562,Government of Nepal BIPAD Portal,2019,7,11,Eastern Region,Jhapa,Birtamode,FLOOD,0,0,0,0,0,0,0,0.0,False,26.62134148,87.98902453,,,,,,,,,,,,,True,True,False,True
bipad-43563,Government of Nepal BIPAD Portal,2019,7,11,Eastern Region,Jhapa,Shivasataxi,FLOOD,0,0,0,0,0,0,0,0.0,False,26.66298418,87.81850673,,,,,,,,,,,,,True,True,False,True
bipad-43564,Government of Nepal BIPAD Portal,2019,7,12,Eastern Region,Jhapa,Kamal,FLOOD,0,0,0,0,0,0,0,0.0,False,26.64778157,87.7696465,,,,,,,,,,,,,True,True,False,True
bipad-43565,Government of Nepal BIPAD Portal,2019,7,12,Eastern Region,Udayapur,Katari,FLOOD,0,0,0,0,0,0,0,0.0,False,27.14273328,86.40070193,,,,,,,,,,,,,True,True,False,True
bipad-43566,Government of Nepal BIPAD Portal,2019,7,12,Eastern Region,Ilam,Chulachuli,FLOOD,1,0,0,0,0,0,0,0.0,False,26.69124756,87.7892798,,,,,,,,,,,,,True,True,False,True
bipad-43568,Government of Nepal BIPAD Portal,2019,7,12,Eastern Region,Panchthar,Miklajung,FLOOD,1,0,0,0,0,0,0,0.0,False,26.92558227,87.67289485,,,,,,,,,,,,,True,True,False,True
bipad-43574,Government of Nepal BIPAD Portal,2019,7,12,Eastern Region,Morang,Ratuwamai,FLOOD,0,0,0,0,0,0,0,0.0,False,26.56517668,87.62507417,,,,,,,,,,,,,True,True,False,True
bipad-43575,Government of Nepal BIPAD Portal,2019,7,11,Eastern Region,Sunsari,Itahari,FLOOD,0,1,0,0,0,0,0,0.0,False,26.67313872,87.26312892,,,,,,,,,,,,,True,True,False,True
bipad-43576,Government of Nepal BIPAD Portal,2019,7,12,Eastern Region,Sunsari,Inaruwa,FLOOD,0,0,0,0,0,0,0,0.0,False,26.6142501,87.15070056,,,,,,,,,,,,,True,True,False,True
bipad-43577,Government of Nepal BIPAD Portal,2019,7,12,Eastern Region,Sunsari,Inaruwa,FLOOD,0,0,0,0,0,0,0,0.0,False,26.61179278,87.13925656,,,,,,,,,,,,,True,True,False,True
bipad-43580,Government of Nepal BIPAD Portal,2019,7,12,Central Region,Mahottari,Balwa,FLOOD,1,0,0,0,0,0,0,0.0,False,26.72390833,85.82490802,,,,,,,,,,,,,True,True,False,True
bipad-43581,Government of Nepal BIPAD Portal,2019,7,12,Central Region,Rautahat,Gadhimai,FLOOD,0,1,0,0,0,0,0,0.0,False,26.9048997,85.35795608,,,,,,,,,,,,,True,True,False,True
bipad-43582,Government of Nepal BIPAD Portal,2019,7,12,Central Region,Sindhuli,Hariharpurgadhi,FLOOD,0,0,0,0,0,1,0,0.0,False,27.29119793,85.49259399,,,,,,,,,,,,,True,True,False,True
bipad-43592,Government of Nepal BIPAD Portal,2019,7,12,Central Region,Makwanpur,Thaha,FLOOD,1,0,1,0,0,0,0,0.0,False,27.61770339,85.05787827,,,,,,,,,,,,,True,True,False,True
bipad-43597,Government of Nepal BIPAD Portal,2019,7,12,Central Region,Dhading,Thakre,FLOOD,0,0,0,0,0,0,0,0.0,False,27.71585114,85.0632215,,,,,,,,,,,,,True,True,False,True
bipad-43602,Government of Nepal BIPAD Portal,2019,7,12,Western Region,Syangja,Kaligandagi,FLOOD,0,0,0,0,0,3,0,0.0,False,27.95760958,83.50180185,,,,,,,,,,,,,True,True,False,True
bipad-43603,Government of Nepal BIPAD Portal,2019,7,12,Western Region,Mustang,Thasang,FLOOD,0,0,0,0,0,0,0,0.0,False,28.60648598,83.64879703,,,,,,,,,,,,,True,True,False,True
bipad-43605,Government of Nepal BIPAD Portal,2019,7,12,Central Region,Parsa,Parsagadhi,FLOOD,1,0,0,0,0,0,0,0.0,False,27.20260901,84.88414531,,,,,,,,,,,,,True,True,False,True
bipad-43606,Government of Nepal BIPAD Portal,2019,7,12,Eastern Region,Jhapa,Damak,FLOOD,1,0,0,0,0,0,0,0.0,False,26.61639955,87.6653462,,,,,,,,,,,,,True,True,False,True
bipad-43607,Government of Nepal BIPAD Portal,2019,7,12,Eastern Region,Okhaldhunga,Chisankhugadhi,FLOOD,1,0,0,0,0,0,0,0.0,False,27.32233441,86.59757104,,,,,,,,,,,,,True,True,False,True
bipad-43608,Government of Nepal BIPAD Portal,2019,7,12,Eastern Region,Okhaldhunga,Khijidemba,FLOOD,0,0,0,0,1,0,0,0.0,False,27.44240934,86.35017381,,,,,,,,,,,,,True,True,False,True
bipad-43609,Government of Nepal BIPAD Portal,2019,7,12,Central Region,Bara,Parwanipur,FLOOD,1,0,0,0,0,0,0,0.0,False,27.05871593,84.93536422,,,,,,,,,,,,,True,True,False,True
bipad-43610,Government of Nepal BIPAD Portal,2019,7,12,Central Region,Dhading,Thakre,FLOOD,0,1,0,0,0,0,0,0.0,False,27.71850652,85.03076643,,,,,,,,,,,,,True,True,False,True
bipad-43611,Government of Nepal BIPAD Portal,2019,7,12,Central Region,Sindhuli,Dudhouli,FLOOD,0,0,0,0,0,3,0,0.0,False,27.03395128,86.17332767,,,,,,,,,,,,,True,True,False,True
bipad-43613,Government of Nepal BIPAD Portal,2019,7,12,Central Region,Kathmandu,Kageshwori Manahora,FLOOD,0,1,0,0,0,0,0,0.0,False,27.69912,85.37856,,,,,,,,,,,,,True,True,False,True
bipad-43618,Government of Nepal BIPAD Portal,2019,7,12,Central Region,Makwanpur,Kailash,FLOOD,1,0,0,0,0,0,0,0.0,False,27.56964174,84.97694986,,,,,,,,,,,,,True,True,False,True
bipad-43619,Government of Nepal BIPAD Portal,2019,7,12,Eastern Region,Jhapa,Bhadrapur,FLOOD,0,1,0,0,0,0,0,0.0,False,26.58788662,88.08476223,,,,,,,,,,,,,True,True,False,True
bipad-43620,Government of Nepal BIPAD Portal,2019,7,13,Eastern Region,Jhapa,Shivasataxi,FLOOD,1,0,0,0,0,0,0,0.0,False,26.55738509,87.82154151,,,,,,,,,,,,,True,True,False,True
bipad-43621,Government of Nepal BIPAD Portal,2019,7,12,Eastern Region,Morang,Katahari,FLOOD,0,1,0,0,0,0,0,0.0,False,26.47187676,87.34291776,,,,,,,,,,,,,True,True,False,True
bipad-43622,Government of Nepal BIPAD Portal,2019,7,12,Eastern Region,Ilam,Suryodaya,FLOOD,0,0,0,0,0,1,0,0.0,False,26.95166075,88.11895227,,,,,,,,,,,,,True,True,False,True
bipad-43625,Government of Nepal BIPAD Portal,2019,7,13,Eastern Region,Ilam,Mai,FLOOD,0,3,0,0,0,0,0,0.0,False,26.80006335,87.8363802,,,,,,,,,,,,,True,True,False,True
bipad-43628,Government of Nepal BIPAD Portal,2019,7,13,Central Region,Parsa,Birgunj,FLOOD,1,0,0,0,0,0,0,0.0,False,27.03058765,84.86816766,,,,,,,,,,,,,True,True,False,True
bipad-43629,Government of Nepal BIPAD Portal,2019,7,12,Central Region,Sindhuli,Dudhouli,FLOOD,2,2,0,0,0,0,0,0.0,False,27.03395128,86.17332767,,,,,,,,,,,,,True,True,False,True
bipad-43636,Government of Nepal BIPAD Portal,2019,7,13,Central Region,Lalitpur,Konjyosom,FLOOD,1,0,0,0,0,0,0,0.0,False,27.54796,85.33968,,,,,,,,,,,,,True,True,False,True
bipad-43639,Government of Nepal BIPAD Portal,2019,7,12,Central Region,Makwanpur,Hetauda,FLOOD,0,0,0,0,1,0,0,0.0,False,27.39760435,85.07847898,,,,,,,,,,,,,True,True,False,True
bipad-43640,Government of Nepal BIPAD Portal,2019,7,12,Central Region,Dhading,Benighat Rorang,FLOOD,1,0,0,0,0,0,0,0.0,False,27.8033709,84.81638922,,,,,,,,,,,,,True,True,False,True
bipad-43642,Government of Nepal BIPAD Portal,2019,7,13,Mid-Western Region,Dang,Rapti,FLOOD,0,0,0,0,0,0,0,0.0,False,27.85853783,82.77289178,,,,,,,,,,,,,True,True,False,True
bipad-43643,Government of Nepal BIPAD Portal,2019,7,13,Eastern Region,Sunsari,Barah,FLOOD,0,0,1,0,0,0,0,0.0,False,26.84280449,87.18167684,,,,,,,,,,,,,True,True,False,True
bipad-43649,Government of Nepal BIPAD Portal,2019,7,13,Eastern Region,Siraha,Mirchaiya,FLOOD,1,0,0,0,0,0,0,0.0,False,26.81912666,86.23220938,,,,,,,,,,,,,True,True,False,True
bipad-43650,Government of Nepal BIPAD Portal,2019,7,13,Central Region,Rautahat,Gaur,FLOOD,1,0,0,0,0,0,0,0.0,False,26.76303838,85.26996157,,,,,,,,,,,,,True,True,False,True
bipad-43651,Government of Nepal BIPAD Portal,2019,7,13,Central Region,Dhanusa,Ganeshman Charnath,FLOOD,1,0,0,0,0,0,0,0.0,False,26.90843819,86.09046117,,,,,,,,,,,,,True,True,False,True
bipad-43652,Government of Nepal BIPAD Portal,2019,7,13,Central Region,Bara,Kalaiya,FLOOD,1,0,0,0,0,0,0,0.0,False,26.98282721,85.00068689,,,,,,,,,,,,,True,True,False,True
bipad-43653,Government of Nepal BIPAD Portal,2019,7,13,Central Region,Parsa,Kalikamai,FLOOD,0,0,1,0,0,0,0,0.0,False,27.06508849,84.74494892,,,,,,,,,,,,,True,True,False,True
bipad-43655,Government of Nepal BIPAD Portal,2019,7,12,Central Region,Sindhupalchok,Indrawati,FLOOD,0,0,0,0,0,0,0,0.0,False,27.75240122,85.66023963,,,,,,,,,,,,,True,True,False,True
bipad-43668,Government of Nepal BIPAD Portal,2019,7,14,Eastern Region,Sunsari,Harinagar,FLOOD,1,0,0,0,0,0,0,0.0,False,26.51906982,87.10976377,,,,,,,,,,,,,True,True,False,True
bipad-43674,Government of Nepal BIPAD Portal,2019,7,13,Central Region,Dhanusa,Ganeshman Charnath,FLOOD,1,0,0,0,0,0,0,0.0,False,26.95816863,86.13453474,,,,,,,,,,,,,True,True,False,True
bipad-43675,Government of Nepal BIPAD Portal,2019,7,14,Central Region,Rautahat,Durga Bhagwati,FLOOD,1,0,0,0,0,0,0,0.0,False,26.84110496,85.30955484,,,,,,,,,,,,,True,True,False,True
bipad-43676,Government of Nepal BIPAD Portal,2019,7,14,Central Region,Rautahat,Ishanath,FLOOD,1,0,0,0,0,0,0,0.0,False,26.76744745,85.2466068,,,,,,,,,,,,,True,True,False,True
bipad-43677,Government of Nepal BIPAD Portal,2019,7,14,Central Region,Rautahat,Gaur,FLOOD,1,0,0,0,0,0,0,0.0,False,26.76303838,85.26996157,,,,,,,,,,,,,True,True,False,True
bipad-43681,Government of Nepal BIPAD Portal,2019,7,12,Mid-Western Region,Dang,Babai,FLOOD,1,0,0,0,0,0,0,0.0,False,28.16390027,82.03465631,,,,,,,,,,,,,True,True,False,True
bipad-43682,Government of Nepal BIPAD Portal,2019,7,13,Mid-Western Region,Dang,Gadhawa,FLOOD,0,0,0,0,0,1,0,0.0,False,27.78534903,82.57493135,,,,,,,,,,,,,True,True,False,True
bipad-43686,Government of Nepal BIPAD Portal,2019,7,14,Eastern Region,Morang,Ratuwamai,FLOOD,1,0,0,0,0,0,0,0.0,False,26.47668608,87.61271668,,,,,,,,,,,,,True,True,False,True
bipad-43696,Government of Nepal BIPAD Portal,2019,7,14,Eastern Region,Udayapur,Chaudandigadhi,FLOOD,1,0,0,0,0,0,0,0.0,False,26.79614011,86.93061362,,,,,,,,,,,,,True,True,False,True
bipad-43697,Government of Nepal BIPAD Portal,2019,7,14,Eastern Region,Udayapur,Chaudandigadhi,FLOOD,0,0,0,0,0,0,0,0.0,False,26.819432,86.91568501,,,,,,,,,,,,,True,True,False,True
bipad-43703,Government of Nepal BIPAD Portal,2019,7,14,Central Region,Mahottari,Bhangaha,FLOOD,1,0,0,0,0,0,0,0.0,False,26.88788805,85.88988391,,,,,,,,,,,,,True,True,False,True
bipad-43704,Government of Nepal BIPAD Portal,2019,7,14,Central Region,Mahottari,Jaleswor,FLOOD,0,2,0,0,0,0,0,0.0,False,26.66127802,85.80225713,,,,,,,,,,,,,True,True,False,True
bipad-43705,Government of Nepal BIPAD Portal,2019,7,14,Eastern Region,Siraha,Siraha,FLOOD,1,0,0,0,0,0,0,0.0,False,26.61953507,86.17165886,,,,,,,,,,,,,True,True,False,True
bipad-43706,Government of Nepal BIPAD Portal,2019,7,14,Eastern Region,Siraha,Siraha,FLOOD,1,0,0,0,0,0,0,0.0,False,26.60992441,86.20135828,,,,,,,,,,,,,True,True,False,True
bipad-43707,Government of Nepal BIPAD Portal,2019,7,14,Eastern Region,Siraha,Mirchaiya,FLOOD,1,0,0,0,0,0,0,0.0,False,26.81912666,86.23220938,,,,,,,,,,,,,True,True,False,True
bipad-43708,Government of Nepal BIPAD Portal,2019,7,14,Eastern Region,Siraha,Naraha,FLOOD,1,0,0,0,0,0,0,0.0,False,26.79746343,86.28716073,,,,,,,,,,,,,True,True,False,True
bipad-43710,Government of Nepal BIPAD Portal,2019,7,14,Central Region,Parsa,Birgunj,FLOOD,0,1,0,0,0,0,0,0.0,False,27.01907188,84.8565501,,,,,,,,,,,,,True,True,False,True
bipad-43713,Government of Nepal BIPAD Portal,2019,7,14,Western Region,Tanahu,Aanbookhaireni,FLOOD,0,1,0,0,0,0,0,0.0,False,27.90448061,84.49255763,,,,,,,,,,,,,True,True,False,True
bipad-43715,Government of Nepal BIPAD Portal,2019,7,14,Western Region,Kapilbastu,Mayadevi,FLOOD,1,0,0,0,0,0,0,0.0,False,27.45973585,83.10603478,,,,,,,,,,,,,True,True,False,True
bipad-43716,Government of Nepal BIPAD Portal,2019,7,14,Mid-Western Region,Dang,Ghorahi,FLOOD,1,0,0,0,0,0,0,0.0,False,27.99668657,82.45117837,,,,,,,,,,,,,True,True,False,True
bipad-43717,Government of Nepal BIPAD Portal,2019,7,15,Eastern Region,Jhapa,Mechinagar,FLOOD,1,0,0,0,0,0,0,0.0,False,26.63954531,88.0559474,,,,,,,,,,,,,True,True,False,True
bipad-43721,Government of Nepal BIPAD Portal,2019,7,15,Central Region,Dhanusa,Dhanusadham,FLOOD,1,0,0,0,0,0,0,0.0,False,26.85308485,86.079074,,,,,,,,,,,,,True,True,False,True
bipad-43726,Government of Nepal BIPAD Portal,2019,7,15,Central Region,Dhading,Benighat Rorang,FLOOD,0,0,0,0,0,0,0,0.0,False,27.71710576,84.81888951,,,,,,,,,,,,,True,True,False,True
bipad-43727,Government of Nepal BIPAD Portal,2019,7,15,Eastern Region,Udayapur,Rautamai,FLOOD,1,0,2,0,0,0,0,0.0,False,26.92291654,86.63279474,,,,,,,,,,,,,True,True,False,True
bipad-43730,Government of Nepal BIPAD Portal,2019,7,15,Eastern Region,Ilam,Chulachuli,FLOOD,0,0,0,0,0,0,0,0.0,False,26.69124756,87.7892798,,,,,,,,,,,,,True,True,False,True
bipad-43732,Government of Nepal BIPAD Portal,2019,7,15,Eastern Region,Sunsari,Duhabi,FLOOD,1,0,0,0,0,0,0,0.0,False,26.57526091,87.26714457,,,,,,,,,,,,,True,True,False,True
bipad-43733,Government of Nepal BIPAD Portal,2019,7,15,Central Region,Dhanusa,Janaknandani,FLOOD,1,0,0,0,0,0,0,0.0,False,26.61962473,86.14805717,,,,,,,,,,,,,True,True,False,True
bipad-43734,Government of Nepal BIPAD Portal,2019,7,15,Central Region,Dhanusa,Mukhiyapatti Musaharmiya,FLOOD,1,0,0,0,0,0,0,0.0,False,26.58311269,85.85983332,,,,,,,,,,,,,True,True,False,True
bipad-43735,Government of Nepal BIPAD Portal,2019,7,15,Central Region,Rautahat,Rajpur,FLOOD,1,0,0,0,0,0,0,0.0,False,26.80825399,85.27912702,,,,,,,,,,,,,True,True,False,True
bipad-43736,Government of Nepal BIPAD Portal,2019,7,15,Central Region,Rautahat,Rajdevi,FLOOD,1,0,0,0,0,0,0,0.0,False,26.7576351,85.29960857,,,,,,,,,,,,,True,True,False,True
bipad-43737,Government of Nepal BIPAD Portal,2019,7,15,Central Region,Rautahat,Brindaban,FLOOD,1,0,0,0,0,0,0,0.0,False,26.99478052,85.37159423,,,,,,,,,,,,,True,True,False,True
bipad-43738,Government of Nepal BIPAD Portal,2019,7,15,Central Region,Rautahat,Gadhimai,FLOOD,1,0,0,0,0,0,0,0.0,False,26.98133896,85.39122015,,,,,,,,,,,,,True,True,False,True
bipad-43739,Government of Nepal BIPAD Portal,2019,7,15,Central Region,Rautahat,Rajdevi,FLOOD,1,0,0,0,0,0,0,0.0,False,26.7576351,85.29960857,,,,,,,,,,,,,True,True,False,True
bipad-43740,Government of Nepal BIPAD Portal,2019,7,15,Central Region,Sarlahi,Kaudena,FLOOD,1,0,0,0,0,0,0,0.0,False,26.85339164,85.51619743,,,,,,,,,,,,,True,True,False,True
bipad-43750,Government of Nepal BIPAD Portal,2019,7,14,Eastern Region,Morang,Kanepokhari,FLOOD,0,1,0,0,0,0,0,0.0,False,26.54755542,87.47078731,,,,,,,,,,,,,True,True,False,True
bipad-43751,Government of Nepal BIPAD Portal,2019,7,13,Eastern Region,Morang,Jahada,FLOOD,0,1,0,0,0,0,0,0.0,False,26.41612616,87.35068023,,,,,,,,,,,,,True,True,False,True
bipad-43752,Government of Nepal BIPAD Portal,2019,7,16,Central Region,Rautahat,Katahariya,FLOOD,1,0,0,0,0,0,0,0.0,False,27.01612742,85.25856631,,,,,,,,,,,,,True,True,False,True
bipad-43754,Government of Nepal BIPAD Portal,2019,7,16,Central Region,Makwanpur,Indrasarowar,FLOOD,0,0,0,0,5,0,0,0.0,False,27.56243878,85.21962797,,,,,,,,,,,,,True,True,False,True
bipad-43756,Government of Nepal BIPAD Portal,2019,7,16,Eastern Region,Morang,Sunwarshi,FLOOD,2,0,0,0,0,0,0,0.0,False,26.50461265,87.54039824,,,,,,,,,,,,,True,True,False,True
bipad-43757,Government of Nepal BIPAD Portal,2019,7,16,Eastern Region,Morang,Biratnagar,FLOOD,0,0,1,0,0,0,0,0.0,False,26.49237159,87.26778256,,,,,,,,,,,,,True,True,False,True
bipad-43759,Government of Nepal BIPAD Portal,2019,7,15,Eastern Region,Sankhuwasabha,Makalu,FLOOD,1,0,0,0,0,0,0,0.0,False,27.61175664,87.31716373,,,,,,,,,,,,,True,True,False,True
bipad-43762,Government of Nepal BIPAD Portal,2019,7,16,Central Region,Parsa,Birgunj,FLOOD,1,0,0,0,0,0,0,0.0,False,27.09457995,84.88778934,,,,,,,,,,,,,True,True,False,True
bipad-43766,Government of Nepal BIPAD Portal,2019,7,16,Far Western Region,Kanchanpur,Dodhara Chandani,FLOOD,1,0,0,0,0,0,0,0.0,False,28.84457075,80.0751576,,,,,,,,,,,,,True,True,False,True
bipad-43783,Government of Nepal BIPAD Portal,2019,7,17,Eastern Region,Siraha,Siraha,FLOOD,1,0,0,0,0,0,0,0.0,False,26.60992441,86.20135828,,,,,,,,,,,,,True,True,False,True
bipad-43801,Government of Nepal BIPAD Portal,2019,7,15,Central Region,Mahottari,Sonama,FLOOD,2,0,0,0,0,0,0,0.0,False,26.85283421,85.74789093,,,,,,,,,,,,,True,True,False,True
bipad-43811,Government of Nepal BIPAD Portal,2019,7,21,Central Region,Sindhuli,Kamalamai,FLOOD,0,0,1,0,0,0,0,0.0,False,27.21853044,85.96040847,,,,,,,,,,,,,True,True,False,True
bipad-43844,Government of Nepal BIPAD Portal,2019,7,22,Central Region,Sindhuli,Golanjor,FLOOD,1,0,0,0,0,0,0,0.0,False,27.22204636,86.05941672,,,,,,,,,,,,,True,True,False,True
bipad-43852,Government of Nepal BIPAD Portal,2019,7,23,Far Western Region,Bajhang,Masta,FLOOD,0,0,0,0,0,0,0,0.0,False,29.57055787,81.24371174,,,,,,,,,,,,,True,True,False,True
bipad-43863,Government of Nepal BIPAD Portal,2019,7,24,Eastern Region,Jhapa,Bhadrapur,FLOOD,0,0,0,0,0,0,0,0.0,False,26.5433358,88.1007003,,,,,,,,,,,,,True,True,False,True
bipad-43873,Government of Nepal BIPAD Portal,2019,7,24,Eastern Region,Saptari,Rupani,FLOOD,0,0,0,0,0,0,0,0.0,False,26.615599,86.71677658,,,,,,,,,,,,,True,True,False,True
bipad-43877,Government of Nepal BIPAD Portal,2019,7,24,Western Region,Rupandehi,Butwal,FLOOD,0,0,0,0,1,0,0,0.0,False,27.71040913,83.41097202,,,,,,,,,,,,,True,True,False,True
bipad-43882,Government of Nepal BIPAD Portal,2019,7,24,Mid-Western Region,Surkhet,Birendranagar,FLOOD,0,0,0,0,0,15,0,0.0,False,28.54388617,81.59371774,,,,,,,,,,,,,True,True,False,True
bipad-43885,Government of Nepal BIPAD Portal,2019,7,22,Central Region,Sindhuli,Dudhouli,FLOOD,0,0,0,0,3,0,0,0.0,False,27.03920173,86.34198165,,,,,,,,,,,,,True,True,False,True
bipad-43887,Government of Nepal BIPAD Portal,2019,7,24,Western Region,Lamjung,Dordi,FLOOD,6,4,8,0,0,0,0,0.0,False,28.29561022,84.57919043,,,,,,,,,,,,,True,True,False,True
bipad-43897,Government of Nepal BIPAD Portal,2019,7,25,Eastern Region,Saptari,Agnisair Krishna Savaran,FLOOD,0,0,0,0,1,0,0,0.0,False,26.6561312,86.80627046,,,,,,,,,,,,,True,True,False,True
bipad-43902,Government of Nepal BIPAD Portal,2019,7,25,Eastern Region,Jhapa,Gauradhaha,FLOOD,0,0,0,0,0,0,0,0.0,False,26.5864186,87.71740817,,,,,,,,,,,,,True,True,False,True
bipad-43903,Government of Nepal BIPAD Portal,2019,7,25,Eastern Region,Jhapa,Jhapa,FLOOD,0,0,0,0,0,0,0,0.0,False,26.45732782,87.84146049,,,,,,,,,,,,,True,True,False,True
bipad-43916,Government of Nepal BIPAD Portal,2019,7,26,Eastern Region,Sankhuwasabha,Khandbari,FLOOD,0,0,0,0,0,0,0,0.0,False,27.4022335,87.20566233,,,,,,,,,,,,,True,True,False,True
bipad-43921,Government of Nepal BIPAD Portal,2019,7,26,Eastern Region,Morang,Jahada,FLOOD,0,0,0,0,1,1,0,0.0,False,26.44694694,87.34622179,,,,,,,,,,,,,True,True,False,True
bipad-43950,Government of Nepal BIPAD Portal,2019,7,27,Mid-Western Region,Pyuthan,Gaumukhi,FLOOD,1,0,0,0,0,0,0,0.0,False,28.1985216,83.01932003,,,,,,,,,,,,,True,True,False,True
bipad-43964,Government of Nepal BIPAD Portal,2019,7,29,Western Region,Kaski,Annapurna,FLOOD,0,0,0,0,0,0,0,0.0,False,28.3632732,83.79669769,,,,,,,,,,,,,True,True,False,True
bipad-44029,Government of Nepal BIPAD Portal,2019,7,11,Mid-Western Region,Dang,Rapti,FLOOD,0,0,0,0,0,1,0,0.0,False,27.88136635,82.65327086,,,,,,,,,,,,,True,True,False,True
bipad-44030,Government of Nepal BIPAD Portal,2019,7,11,Mid-Western Region,Dang,Gadhawa,FLOOD,0,0,0,0,1,0,0,0.0,False,27.76579697,82.53006929,,,,,,,,,,,,,True,True,False,True
bipad-44031,Government of Nepal BIPAD Portal,2019,7,11,Mid-Western Region,Dang,Lamahi,FLOOD,0,0,0,0,1,0,0,0.0,False,27.88571843,82.52783565,,,,,,,,,,,,,True,True,False,True
bipad-44032,Government of Nepal BIPAD Portal,2019,7,11,Mid-Western Region,Dang,Rapti,FLOOD,0,0,0,0,1,0,0,0.0,False,27.85853783,82.77289178,,,,,,,,,,,,,True,True,False,True
bipad-44054,Government of Nepal BIPAD Portal,2019,8,5,Central Region,Kathmandu,Kageshwori Manahora,FLOOD,0,0,0,0,0,1,0,0.0,False,27.69912,85.37856,,,,,,,,,,,,,True,True,False,True
bipad-44055,Government of Nepal BIPAD Portal,2019,8,5,Central Region,Kathmandu,Nagarjun,FLOOD,0,0,0,0,0,0,0,0.0,False,27.72084148,85.26025025,,,,,,,,,,,,,True,True,False,True
bipad-44101,Government of Nepal BIPAD Portal,2019,8,8,Far Western Region,Bajura,Swami Kartik,FLOOD,0,0,0,0,0,1,0,0.0,False,29.41316542,81.73907675,,,,,,,,,,,,,True,True,False,True
bipad-44106,Government of Nepal BIPAD Portal,2019,8,11,Central Region,Kavrepalanchok,Bhumlu,FLOOD,0,0,0,0,0,0,0,0.0,False,27.62895905,85.70556229,,,,,,,,,,,,,True,True,False,True
bipad-44107,Government of Nepal BIPAD Portal,2019,8,10,Central Region,Kavrepalanchok,Panchkhal,FLOOD,0,0,0,0,0,0,0,0.0,False,27.65040626,85.66271587,,,,,,,,,,,,,True,True,False,True
bipad-44108,Government of Nepal BIPAD Portal,2019,8,11,Central Region,Kathmandu,Kageshwori Manahora,FLOOD,0,0,0,0,0,0,0,0.0,False,27.71306935,85.40030133,,,,,,,,,,,,,True,True,False,True
bipad-44118,Government of Nepal BIPAD Portal,2019,8,10,Central Region,Sindhupalchok,Balephi,FLOOD,0,0,0,0,0,1,0,0.0,False,27.82386087,85.78376376,,,,,,,,,,,,,True,True,False,True
bipad-44119,Government of Nepal BIPAD Portal,2019,8,11,Central Region,Bhaktapur,Changunarayan,FLOOD,0,0,0,0,0,0,0,0.0,False,27.70395992,85.45695878,,,,,,,,,,,,,True,True,False,True
bipad-44122,Government of Nepal BIPAD Portal,2019,8,11,Western Region,Kaski,Pokhara,FLOOD,0,0,0,0,0,0,0,0.0,False,28.2375664,83.95315063,,,,,,,,,,,,,True,True,False,True
bipad-44166,Government of Nepal BIPAD Portal,2019,8,14,Mid-Western Region,Rukum West,Aathbiskot,FLOOD,0,0,0,0,7,0,0,0.0,False,28.91065011,82.59524969,,,,,,,,,,,,,True,True,False,True
bipad-44168,Government of Nepal BIPAD Portal,2019,7,13,Eastern Region,Sunsari,Gadhi,FLOOD,0,0,0,0,1,0,0,0.0,False,26.5808311,87.20881172,,,,,,,,,,,,,True,True,False,True
bipad-44169,Government of Nepal BIPAD Portal,2019,7,13,Eastern Region,Sunsari,Duhabi,FLOOD,0,0,0,0,4,0,0,0.0,False,26.57593592,87.28909531,,,,,,,,,,,,,True,True,False,True
bipad-44170,Government of Nepal BIPAD Portal,2019,7,13,Eastern Region,Sunsari,Duhabi,FLOOD,0,0,0,0,0,4,0,0.0,False,26.5060623,87.23291578,,,,,,,,,,,,,True,True,False,True
bipad-44171,Government of Nepal BIPAD Portal,2019,7,14,Eastern Region,Sunsari,Devangunj,FLOOD,0,0,0,0,1,0,0,0.0,False,26.43374752,87.13271293,,,,,,,,,,,,,True,True,False,True
bipad-44172,Government of Nepal BIPAD Portal,2019,7,14,Eastern Region,Sunsari,Dharan,FLOOD,0,0,0,0,0,1,0,0.0,False,26.83644735,87.32609627,,,,,,,,,,,,,True,True,False,True
bipad-44173,Government of Nepal BIPAD Portal,2019,7,14,Eastern Region,Sunsari,Duhabi,FLOOD,0,0,0,0,0,1,0,0.0,False,26.5911966,87.25858447,,,,,,,,,,,,,True,True,False,True
bipad-44174,Government of Nepal BIPAD Portal,2019,7,11,Eastern Region,Morang,Belbari,FLOOD,0,0,0,0,96,125,0,0.0,False,26.61037,87.46726,,,,,,,,,,,,,True,True,False,True
bipad-44175,Government of Nepal BIPAD Portal,2019,7,11,Eastern Region,Morang,Belbari,FLOOD,0,0,0,0,5,222,0,0.0,False,26.61037,87.46726,,,,,,,,,,,,,True,True,False,True
bipad-44176,Government of Nepal BIPAD Portal,2019,7,11,Eastern Region,Morang,Belbari,FLOOD,0,0,0,0,0,155,0,0.0,False,26.61037,87.46726,,,,,,,,,,,,,True,True,False,True
bipad-44177,Government of Nepal BIPAD Portal,2019,7,11,Eastern Region,Morang,Belbari,FLOOD,0,0,0,0,1,73,0,0.0,False,26.61037,87.46726,,,,,,,,,,,,,True,True,False,True
bipad-44178,Government of Nepal BIPAD Portal,2019,7,11,Eastern Region,Morang,Belbari,FLOOD,0,0,0,0,31,206,0,0.0,False,26.61037,87.46726,,,,,,,,,,,,,True,True,False,True
bipad-44179,Government of Nepal BIPAD Portal,2019,7,11,Eastern Region,Morang,Belbari,FLOOD,0,0,0,0,1,2,0,0.0,False,26.61037,87.46726,,,,,,,,,,,,,True,True,False,True
bipad-44180,Government of Nepal BIPAD Portal,2019,7,11,Eastern Region,Morang,Belbari,FLOOD,0,0,0,0,1,0,0,0.0,False,26.61037,87.46726,,,,,,,,,,,,,True,True,False,True
bipad-44181,Government of Nepal BIPAD Portal,2019,7,11,Eastern Region,Morang,Belbari,FLOOD,0,0,0,0,122,261,0,0.0,False,26.61037,87.46726,,,,,,,,,,,,,True,True,False,True
bipad-44182,Government of Nepal BIPAD Portal,2019,7,11,Eastern Region,Morang,Belbari,FLOOD,0,0,0,0,15,68,0,0.0,False,26.61037,87.46726,,,,,,,,,,,,,True,True,False,True
bipad-44183,Government of Nepal BIPAD Portal,2019,7,11,Eastern Region,Morang,Belbari,FLOOD,0,0,0,0,144,553,0,0.0,False,26.61037,87.46726,,,,,,,,,,,,,True,True,False,True
bipad-44184,Government of Nepal BIPAD Portal,2019,7,11,Eastern Region,Morang,Belbari,FLOOD,0,0,0,0,0,133,0,0.0,False,26.61037,87.46726,,,,,,,,,,,,,True,True,False,True
bipad-44191,Government of Nepal BIPAD Portal,2019,8,15,Far Western Region,Bajura,Swami Kartik,FLOOD,0,0,0,0,0,0,0,0.0,False,29.40051823,81.76874584,,,,,,,,,,,,,True,True,False,True
bipad-44200,Government of Nepal BIPAD Portal,2019,8,16,Mid-Western Region,Rukum West,Aathbiskot,FLOOD,0,0,0,0,2,0,0,0.0,False,28.91065011,82.59524969,,,,,,,,,,,,,True,True,False,True
bipad-44203,Government of Nepal BIPAD Portal,2019,8,17,Central Region,Bhaktapur,Changunarayan,FLOOD,0,0,0,0,0,0,0,0.0,False,27.69529678,85.4878684,,,,,,,,,,,,,True,True,False,True
bipad-44213,Government of Nepal BIPAD Portal,2019,8,17,Mid-Western Region,Mugu,Chhayanath Rara,FLOOD,0,0,0,0,0,0,0,0.0,False,29.45292222,82.18398871,,,,,,,,,,,,,True,True,False,True
bipad-44219,Government of Nepal BIPAD Portal,2019,8,18,Central Region,Rasuwa,Gosaikunda,FLOOD,0,0,0,0,0,0,0,0.0,False,28.28116996,85.45901226,,,,,,,,,,,,,True,True,False,True
bipad-44222,Government of Nepal BIPAD Portal,2019,8,18,Western Region,Lamjung,Marsyangdi,FLOOD,0,0,0,0,0,0,0,0.0,False,28.36927197,84.3268337,,,,,,,,,,,,,True,True,False,True
bipad-44223,Government of Nepal BIPAD Portal,2019,8,18,Western Region,Baglung,Badigad,FLOOD,1,0,0,0,0,0,0,0.0,False,28.29849935,83.21601416,,,,,,,,,,,,,True,True,False,True
bipad-44243,Government of Nepal BIPAD Portal,2019,8,18,Far Western Region,Darchula,Byas,FLOOD,0,0,0,0,0,0,0,0.0,False,29.98328196,80.79009022,,,,,,,,,,,,,True,True,False,True
bipad-44244,Government of Nepal BIPAD Portal,2019,8,19,Far Western Region,Darchula,Byas,FLOOD,0,0,0,0,0,0,0,0.0,False,29.94298684,80.64138434,,,,,,,,,,,,,True,True,False,True
bipad-44285,Government of Nepal BIPAD Portal,2019,8,22,Eastern Region,Jhapa,Shivasataxi,FLOOD,0,1,0,0,0,0,0,0.0,False,26.66356499,87.86357553,,,,,,,,,,,,,True,True,False,True
bipad-44291,Government of Nepal BIPAD Portal,2019,8,23,Central Region,Nuwakot,Bidur,FLOOD,0,0,0,0,0,0,0,0.0,False,27.95391867,85.18955271,,,,,,,,,,,,,True,True,False,True
bipad-44368,Government of Nepal BIPAD Portal,2019,9,1,Central Region,Nuwakot,Tadi,FLOOD,0,0,0,0,0,1,0,0.0,False,27.93647987,85.31729397,,,,,,,,,,,,,True,True,False,True
bipad-44377,Government of Nepal BIPAD Portal,2019,9,1,Central Region,Nuwakot,Tadi,FLOOD,0,0,0,0,0,0,0,0.0,False,27.94685944,85.34588844,,,,,,,,,,,,,True,True,False,True
bipad-44381,Government of Nepal BIPAD Portal,2019,9,1,Eastern Region,Okhaldhunga,Siddhicharan,FLOOD,1,0,0,0,0,0,0,0.0,False,27.29678346,86.55315075,,,,,,,,,,,,,True,True,False,True
bipad-44487,Government of Nepal BIPAD Portal,2019,9,13,Eastern Region,Solukhumbu,Khumbu Pasanglhamu,FLOOD,0,0,0,0,0,0,0,0.0,False,27.68485239,86.71833058,,,,,,,,,,,,,True,True,False,True
bipad-44499,Government of Nepal BIPAD Portal,2019,7,7,Mid-Western Region,Rukum West,Aathbiskot,FLOOD,1,0,0,0,0,0,0,0.0,False,28.74774676,82.32568323,,,,,,,,,,,,,True,True,False,True
bipad-44500,Government of Nepal BIPAD Portal,2019,7,9,Mid-Western Region,Rukum West,Aathbiskot,FLOOD,1,0,0,0,0,0,0,0.0,False,28.8187077,82.44116796,,,,,,,,,,,,,True,True,False,True
bipad-44502,Government of Nepal BIPAD Portal,2019,7,19,Mid-Western Region,Rukum West,Aathbiskot,FLOOD,1,0,0,0,0,0,0,0.0,False,28.86752349,82.53170643,,,,,,,,,,,,,True,True,False,True
bipad-44503,Government of Nepal BIPAD Portal,2019,8,2,Mid-Western Region,Rukum West,Aathbiskot,FLOOD,1,0,0,0,0,0,0,0.0,False,28.74774676,82.32568323,,,,,,,,,,,,,True,True,False,True
bipad-44504,Government of Nepal BIPAD Portal,2019,8,20,Mid-Western Region,Rukum West,Chaurjahari,FLOOD,1,0,0,0,0,0,0,0.0,False,28.62907463,82.20417016,,,,,,,,,,,,,True,True,False,True
bipad-44525,Government of Nepal BIPAD Portal,2019,9,16,Eastern Region,Udayapur,Triyuga,FLOOD,0,0,0,0,0,0,0,0.0,False,26.75078756,86.68175936,,,,,,,,,,,,,True,True,False,True
bipad-44536,Government of Nepal BIPAD Portal,2019,9,17,Eastern Region,Udayapur,Belaka,FLOOD,0,0,0,0,0,0,0,0.0,False,26.86358669,87.05571313,,,,,,,,,,,,,True,True,False,True
bipad-44541,Government of Nepal BIPAD Portal,2019,9,17,Western Region,Kaski,Pokhara,FLOOD,0,0,0,0,0,0,0,0.0,False,28.25429755,83.90601128,,,,,,,,,,,,,True,True,False,True
bipad-44555,Government of Nepal BIPAD Portal,2019,9,17,Far Western Region,Kailali,Gauriganga,FLOOD,0,0,0,0,0,0,0,0.0,False,28.78399043,80.70257318,,,,,,,,,,,,,True,True,False,True
bipad-44559,Government of Nepal BIPAD Portal,2019,9,18,Eastern Region,Udayapur,Belaka,FLOOD,0,0,0,0,0,0,0,0.0,False,26.75808953,86.96589276,,,,,,,,,,,,,True,True,False,True
bipad-44595,Government of Nepal BIPAD Portal,2019,9,22,Western Region,Myagdi,Beni,FLOOD,1,1,0,0,2,0,0,0.0,False,28.32569552,83.55715269,,,,,,,,,,,,,True,True,False,True
bipad-44654,Government of Nepal BIPAD Portal,2019,9,29,Eastern Region,Sunsari,Ramdhuni,FLOOD,0,0,0,0,0,2,0,0.0,False,26.71616874,87.20618216,,,,,,,,,,,,,True,True,False,True
bipad-46457,Government of Nepal BIPAD Portal,2020,4,14,Far Western Region,Bajura,Himali,FLOOD,0,0,2,0,0,0,0,0.0,False,29.51610303,81.72931935,,,,,,,,,,,,,True,True,False,True
bipad-46668,Government of Nepal BIPAD Portal,2020,5,5,Central Region,Makwanpur,Bhimphedi,FLOOD,1,0,0,0,0,0,0,0.0,False,27.49477174,85.22413017,,,,,,,,,,,,,True,True,False,True
bipad-46669,Government of Nepal BIPAD Portal,2020,5,5,Central Region,Bhaktapur,Suryabinayak,FLOOD,0,0,0,0,0,1,0,0.0,False,27.66539467,85.40610191,,,,,,,,,,,,,True,True,False,True
bipad-46685,Government of Nepal BIPAD Portal,2020,5,6,Eastern Region,Khotang,Halesi Tuwachung,FLOOD,0,0,0,0,0,1,0,0.0,False,27.13744066,86.71239634,,,,,,,,,,,,,True,True,False,True
bipad-46770,Government of Nepal BIPAD Portal,2020,5,16,Eastern Region,Panchthar,Falelung,FLOOD,0,0,0,0,0,1,0,0.0,False,27.20900864,87.94642285,,,,,,,,,,,,,True,True,False,True
bipad-46883,Government of Nepal BIPAD Portal,2020,5,27,Central Region,Bhaktapur,Suryabinayak,FLOOD,0,0,0,0,0,0,0,0.0,False,27.64583221,85.43785166,,,,,,,,,,,,,True,True,False,True
bipad-46885,Government of Nepal BIPAD Portal,2020,5,27,Central Region,Kavrepalanchok,Panauti,FLOOD,0,0,0,0,0,0,0,0.0,False,27.59656292,85.47641364,,,,,,,,,,,,,True,True,False,True
bipad-46917,Government of Nepal BIPAD Portal,2020,6,1,Far Western Region,Kailali,Chure,FLOOD,1,1,0,0,0,0,0,0.0,False,29.01042715,80.6345869,,,,,,,,,,,,,True,True,False,True
bipad-46981,Government of Nepal BIPAD Portal,2020,6,10,Central Region,Bhaktapur,Bhaktapur,FLOOD,1,0,0,0,0,0,0,0.0,False,27.6724945,85.41634955,,,,,,,,,,,,,True,True,False,True
bipad-46987,Government of Nepal BIPAD Portal,2020,6,12,Mid-Western Region,Pyuthan,Naubahini,FLOOD,0,0,0,0,0,0,0,0.0,False,28.20794405,82.85389054,,,,,,,,,,,,,True,True,False,True
bipad-47032,Government of Nepal BIPAD Portal,2020,6,18,Central Region,Dolakha,Gaurishankar,FLOOD,0,0,0,0,0,2,0,0.0,False,27.72226752,86.25160546,,,,,,,,,,,,,True,True,False,True
bipad-47057,Government of Nepal BIPAD Portal,2020,6,20,Western Region,Palpa,Tansen,FLOOD,0,0,0,0,0,0,0,0.0,False,27.91678675,83.52123084,,,,,,,,,,,,,True,True,False,True
bipad-47058,Government of Nepal BIPAD Portal,2020,6,20,Western Region,Palpa,Bagnaskali,FLOOD,0,0,0,0,1,0,0,0.0,False,27.91483155,83.55038387,,,,,,,,,,,,,True,True,False,True
bipad-47063,Government of Nepal BIPAD Portal,2020,6,20,Western Region,Myagdi,Beni,FLOOD,0,0,0,0,1,1,0,0.0,False,28.34876765,83.56778151,,,,,,,,,,,,,True,True,False,True
bipad-47069,Government of Nepal BIPAD Portal,2020,6,21,Central Region,Rasuwa,Gosaikunda,FLOOD,0,0,0,0,0,0,0,0.0,False,28.28116996,85.45901226,,,,,,,,,,,,,True,True,False,True
bipad-47106,Government of Nepal BIPAD Portal,2020,6,25,Central Region,Nuwakot,Kakani,FLOOD,0,0,0,0,0,0,0,0.0,False,27.79152675,85.24012105,,,,,,,,,,,,,True,True,False,True
bipad-47222,Government of Nepal BIPAD Portal,2020,7,3,Mid-Western Region,Pyuthan,Naubahini,FLOOD,0,0,0,0,0,0,0,0.0,False,28.18358068,82.91096541,,,,,,,,,,,,,True,True,False,True
bipad-47226,Government of Nepal BIPAD Portal,2020,7,3,Far Western Region,Kailali,Bardagoriya,FLOOD,0,0,0,0,0,0,0,0.0,False,28.6365496,81.02150707,,,,,,,,,,,,,True,True,False,True
bipad-47234,Government of Nepal BIPAD Portal,2020,7,4,Eastern Region,Jhapa,Kamal,FLOOD,1,0,0,0,0,0,0,0.0,False,26.66640522,87.72757006,,,,,,,,,,,,,True,True,False,True
bipad-47242,Government of Nepal BIPAD Portal,2020,7,4,Far Western Region,Kailali,Dhangadhi,FLOOD,0,0,0,0,0,0,0,0.0,False,28.70135924,80.64578011,,,,,,,,,,,,,True,True,False,True
bipad-47250,Government of Nepal BIPAD Portal,2020,7,4,Far Western Region,Bajhang,Bungal,FLOOD,0,0,0,0,0,0,0,0.0,False,29.62478101,80.91993439,,,,,,,,,,,,,True,True,False,True
bipad-47255,Government of Nepal BIPAD Portal,2020,7,4,Far Western Region,Doti,Aadarsha,FLOOD,0,0,0,0,0,0,0,0.0,False,29.34349196,80.81647243,,,,,,,,,,,,,True,True,False,True
bipad-47275,Government of Nepal BIPAD Portal,2020,7,6,Mid-Western Region,Rukum West,Chaurjahari,FLOOD,0,0,0,0,0,0,0,0.0,False,28.64975293,82.23435194,,,,,,,,,,,,,True,True,False,True
bipad-47325,Government of Nepal BIPAD Portal,2020,7,9,Central Region,Sindhuli,Phikkal,FLOOD,0,0,0,0,0,0,0,0.0,False,27.16930122,86.34760085,,,,,,,,,,,,,True,True,False,True
bipad-47335,Government of Nepal BIPAD Portal,2020,7,10,Central Region,Kathmandu,Tarakeshwor,FLOOD,0,0,0,0,0,0,0,0.0,False,27.75962741,85.28564095,,,,,,,,,,,,,True,True,False,True
bipad-47355,Government of Nepal BIPAD Portal,2020,7,10,Western Region,Kaski,Pokhara,FLOOD,0,0,0,0,0,0,0,0.0,False,28.20471015,84.00227962,,,,,,,,,,,,,True,True,False,True
bipad-47363,Government of Nepal BIPAD Portal,2020,7,10,Western Region,Myagdi,Raghuganga,FLOOD,1,0,0,0,0,0,0,0.0,False,28.45120473,83.48314912,,,,,,,,,,,,,True,True,False,True
bipad-47378,Government of Nepal BIPAD Portal,2020,7,10,Western Region,Kaski,Pokhara,FLOOD,0,0,0,0,0,0,0,0.0,False,28.27727981,83.92497561,,,,,,,,,,,,,True,True,False,True
bipad-47385,Government of Nepal BIPAD Portal,2020,7,10,Mid-Western Region,Jajarkot,Barekot,FLOOD,0,2,1,0,0,0,0,0.0,False,29.03239286,82.36021035,,,,,,,,,,,,,True,True,False,True
bipad-47390,Government of Nepal BIPAD Portal,2020,7,11,Eastern Region,Sunsari,Dharan,FLOOD,0,1,0,0,0,0,0,0.0,False,26.84035744,87.29821826,,,,,,,,,,,,,True,True,False,True
bipad-47403,Government of Nepal BIPAD Portal,2020,7,11,Western Region,Nawalparasi East,Gaidakot,FLOOD,0,0,0,0,0,0,0,0.0,False,27.70640023,84.36607985,,,,,,,,,,,,,True,True,False,True
bipad-47408,Government of Nepal BIPAD Portal,2020,7,10,Mid-Western Region,Dang,Ghorahi,FLOOD,0,0,0,0,0,0,0,0.0,False,28.05635026,82.42886578,,,,,,,,,,,,,True,True,False,True
bipad-47415,Government of Nepal BIPAD Portal,2020,7,11,Eastern Region,Sunsari,Dharan,FLOOD,0,0,0,0,0,2,0,0.0,False,26.80206223,87.31970779,,,,,,,,,,,,,True,True,False,True
bipad-47416,Government of Nepal BIPAD Portal,2020,7,11,Central Region,Sarlahi,Ishworpur,FLOOD,0,0,0,0,0,1,0,0.0,False,26.98133624,85.64176959,,,,,,,,,,,,,True,True,False,True
bipad-47423,Government of Nepal BIPAD Portal,2020,7,10,Mid-Western Region,Jajarkot,Nalgaad,FLOOD,0,0,0,0,1,0,0,0.0,False,28.87119535,82.39890892,,,,,,,,,,,,,True,True,False,True
bipad-47426,Government of Nepal BIPAD Portal,2020,7,11,Eastern Region,Morang,Kanepokhari,FLOOD,0,0,0,0,2,0,0,0.0,False,26.56697958,87.49276102,,,,,,,,,,,,,True,True,False,True
bipad-47429,Government of Nepal BIPAD Portal,2020,7,12,Eastern Region,Sunsari,Dharan,FLOOD,0,0,0,0,6,0,0,0.0,False,26.79359689,87.23593385,,,,,,,,,,,,,True,True,False,True
bipad-47454,Government of Nepal BIPAD Portal,2020,7,12,Eastern Region,Morang,Ratuwamai,FLOOD,1,0,0,0,0,0,0,0.0,False,26.43251106,87.6635528,,,,,,,,,,,,,True,True,False,True
bipad-47462,Government of Nepal BIPAD Portal,2020,7,13,Eastern Region,Siraha,Lahan,FLOOD,0,1,0,0,0,0,0,0.0,False,26.75076084,86.51174236,,,,,,,,,,,,,True,True,False,True
bipad-47497,Government of Nepal BIPAD Portal,2020,7,14,Western Region,Palpa,Tinau,FLOOD,0,0,0,0,0,0,0,0.0,False,27.74194234,83.50899655,,,,,,,,,,,,,True,True,False,True
bipad-47517,Government of Nepal BIPAD Portal,2020,7,10,Mid-Western Region,Jajarkot,Junichande,FLOOD,0,1,0,0,0,0,0,0.0,False,28.83888407,81.9660703,,,,,,,,,,,,,True,True,False,True
bipad-47550,Government of Nepal BIPAD Portal,2020,7,13,Eastern Region,Morang,Kanepokhari,FLOOD,0,0,0,0,0,0,0,0.0,False,26.61733975,87.49059298,,,,,,,,,,,,,True,True,False,True
bipad-47562,Government of Nepal BIPAD Portal,2020,7,20,Far Western Region,Bajura,Budhiganga,FLOOD,0,0,0,0,0,0,0,0.0,False,29.39676829,81.35935798,,,,,,,,,,,,,True,True,False,True
bipad-47582,Government of Nepal BIPAD Portal,2020,7,19,Far Western Region,Bajura,Budhiganga,FLOOD,0,0,0,0,0,0,0,0.0,False,29.39676829,81.35935798,,,,,,,,,,,,,True,True,False,True
bipad-47591,Government of Nepal BIPAD Portal,2020,7,20,Far Western Region,Darchula,Mahakali,FLOOD,0,0,0,0,1,0,0,0.0,False,29.81788748,80.61048569,,,,,,,,,,,,,True,True,False,True
bipad-47602,Government of Nepal BIPAD Portal,2020,7,20,Eastern Region,Jhapa,Jhapa,FLOOD,0,0,0,0,0,0,0,0.0,False,26.4995622,87.84286026,,,,,,,,,,,,,True,True,False,True
bipad-47606,Government of Nepal BIPAD Portal,2020,7,20,Eastern Region,Saptari,Tilathi Koiladi,FLOOD,0,0,0,0,0,0,0,0.0,False,26.4640253,86.77556081,,,,,,,,,,,,,True,True,False,True
bipad-47609,Government of Nepal BIPAD Portal,2020,7,20,Central Region,Rautahat,Garuda,FLOOD,0,0,0,0,0,23,0,0.0,False,26.94589525,85.3095308,,,,,,,,,,,,,True,True,False,True
bipad-47615,Government of Nepal BIPAD Portal,2020,7,20,Central Region,Kathmandu,Kathmandu,FLOOD,0,0,0,0,0,0,0,0.0,False,27.69542056,85.30641671,,,,,,,,,,,,,True,True,False,True
bipad-47620,Government of Nepal BIPAD Portal,2020,7,20,Western Region,Mustang,Thasang,FLOOD,0,0,0,0,0,0,0,0.0,False,28.60648598,83.64879703,,,,,,,,,,,,,True,True,False,True
bipad-47623,Government of Nepal BIPAD Portal,2020,7,20,Western Region,Palpa,Rampur,FLOOD,0,0,0,0,0,2,0,0.0,False,27.83943704,83.97524709,,,,,,,,,,,,,True,True,False,True
bipad-47632,Government of Nepal BIPAD Portal,2020,7,21,Western Region,Myagdi,Annapurna,FLOOD,0,0,0,0,1,0,0,0.0,False,28.5414392,83.61639972,,,,,,,,,,,,,True,True,False,True
bipad-47639,Government of Nepal BIPAD Portal,2020,7,21,Central Region,Rasuwa,Uttargaya,FLOOD,0,0,0,0,1,0,0,0.0,False,28.11340183,85.18913217,,,,,,,,,,,,,True,True,False,True
bipad-47646,Government of Nepal BIPAD Portal,2020,7,21,Central Region,Chitwan,Bharatpur,FLOOD,0,0,0,0,1,0,0,0.0,False,27.77921008,84.48542046,,,,,,,,,,,,,True,True,False,True
bipad-47662,Government of Nepal BIPAD Portal,2020,7,21,Western Region,Nawalparasi West,Susta,FLOOD,0,0,0,0,0,0,0,0.0,False,27.37901214,83.86081498,,,,,,,,,,,,,True,True,False,True
bipad-47720,Government of Nepal BIPAD Portal,2020,7,24,Western Region,Gorkha,Chum Nubri,FLOOD,0,1,0,0,0,0,0,0.0,False,28.40410576,84.84107962,,,,,,,,,,,,,True,True,False,True
bipad-47758,Government of Nepal BIPAD Portal,2020,7,27,Eastern Region,Terhathum,Chhathar,FLOOD,0,0,0,0,0,0,0,0.0,False,27.0374728,87.4446871,,,,,,,,,,,,,True,True,False,True
bipad-47773,Government of Nepal BIPAD Portal,2020,7,28,Eastern Region,Udayapur,Chaudandigadhi,FLOOD,0,0,0,0,0,0,0,0.0,False,26.79614011,86.93061362,,,,,,,,,,,,,True,True,False,True
bipad-47776,Government of Nepal BIPAD Portal,2020,7,28,Eastern Region,Udayapur,Chaudandigadhi,FLOOD,0,0,0,0,0,0,0,0.0,False,26.79614011,86.93061362,,,,,,,,,,,,,True,True,False,True
bipad-47790,Government of Nepal BIPAD Portal,2020,7,28,Mid-Western Region,Kalikot,Raskot,FLOOD,2,3,0,0,0,0,0,0.0,False,29.26654459,81.61855599,,,,,,,,,,,,,True,True,False,True
bipad-47797,Government of Nepal BIPAD Portal,2020,7,28,Eastern Region,Terhathum,Menchayam,FLOOD,0,0,0,0,0,0,0,0.0,False,27.21175445,87.50237713,,,,,,,,,,,,,True,True,False,True
bipad-47799,Government of Nepal BIPAD Portal,2020,7,28,Central Region,Dhanusa,Ganeshman Charnath,FLOOD,0,0,0,0,0,3,0,0.0,False,26.95816863,86.13453474,,,,,,,,,,,,,True,True,False,True
bipad-47816,Government of Nepal BIPAD Portal,2020,7,29,Mid-Western Region,Bardiya,Geruwa,FLOOD,0,0,0,0,1,0,0,0.0,False,28.50526531,81.1780606,,,,,,,,,,,,,True,True,False,True
bipad-47879,Government of Nepal BIPAD Portal,2020,8,2,Eastern Region,Morang,Miklajung,FLOOD,0,0,0,0,0,1,0,0.0,False,26.77751713,87.61565854,,,,,,,,,,,,,True,True,False,True
bipad-47891,Government of Nepal BIPAD Portal,2020,8,1,Western Region,Nawalparasi West,Bardaghat,FLOOD,0,0,0,0,0,1,0,0.0,False,27.49000369,83.81452956,,,,,,,,,,,,,True,True,False,True
bipad-47907,Government of Nepal BIPAD Portal,2020,8,3,Eastern Region,Panchthar,Phidim,FLOOD,0,0,0,0,0,0,0,0.0,False,27.13359746,87.7825651,,,,,,,,,,,,,True,True,False,True
bipad-47915,Government of Nepal BIPAD Portal,2020,8,4,Eastern Region,Panchthar,Falelung,FLOOD,0,0,0,0,0,0,0,0.0,False,27.16219065,87.88318321,,,,,,,,,,,,,True,True,False,True
bipad-47931,Government of Nepal BIPAD Portal,2020,8,5,Central Region,Kavrepalanchok,Mandandeupur,FLOOD,0,0,0,0,1,0,0,0.0,False,27.68090218,85.64277878,,,,,,,,,,,,,True,True,False,True
bipad-47941,Government of Nepal BIPAD Portal,2020,8,6,Central Region,Dolakha,Bigu,FLOOD,0,0,0,0,0,0,0,0.0,False,27.7781347,86.16435983,,,,,,,,,,,,,True,True,False,True
bipad-47942,Government of Nepal BIPAD Portal,2020,8,6,Central Region,Dolakha,Gaurishankar,FLOOD,0,0,0,0,1,2,0,0.0,False,27.72226752,86.25160546,,,,,,,,,,,,,True,True,False,True
bipad-47943,Government of Nepal BIPAD Portal,2020,8,6,Central Region,Dolakha,Gaurishankar,FLOOD,0,0,0,0,4,0,0,0.0,False,27.82051023,86.29980511,,,,,,,,,,,,,True,True,False,True
bipad-47944,Government of Nepal BIPAD Portal,2020,8,6,Central Region,Dolakha,Gaurishankar,FLOOD,0,0,0,0,2,0,0,0.0,False,27.743439,86.27396231,,,,,,,,,,,,,True,True,False,True
bipad-47945,Government of Nepal BIPAD Portal,2020,8,7,Mid-Western Region,Surkhet,Birendranagar,FLOOD,0,0,0,0,0,0,0,0.0,False,28.54358793,81.6296405,,,,,,,,,,,,,True,True,False,True
bipad-47962,Government of Nepal BIPAD Portal,2020,8,10,Far Western Region,Bajura,Budhiganga,FLOOD,0,0,0,0,0,0,0,0.0,False,29.38536737,81.35860978,,,,,,,,,,,,,True,True,False,True
bipad-47963,Government of Nepal BIPAD Portal,2020,8,10,Far Western Region,Bajura,Badimalika,FLOOD,0,0,0,0,0,0,0,0.0,False,29.41351199,81.39995167,,,,,,,,,,,,,True,True,False,True
bipad-47972,Government of Nepal BIPAD Portal,2020,8,10,Far Western Region,Bajura,Gaumul,FLOOD,0,0,0,0,7,0,0,0.0,False,29.56660929,81.43276191,,,,,,,,,,,,,True,True,False,True
bipad-47973,Government of Nepal BIPAD Portal,2020,8,10,Far Western Region,Bajura,Badimalika,FLOOD,0,0,0,0,9,0,0,0.0,False,29.4798251,81.45240696,,,,,,,,,,,,,True,True,False,True
bipad-47980,Government of Nepal BIPAD Portal,2020,8,10,Far Western Region,Bajura,Gaumul,FLOOD,0,0,0,0,0,0,0,0.0,False,29.56660929,81.43276191,,,,,,,,,,,,,True,True,False,True
bipad-48056,Government of Nepal BIPAD Portal,2020,8,19,Far Western Region,Achham,Ramaroshan,FLOOD,8,9,3,0,22,0,0,0.0,False,29.22497589,81.45997459,,,,,,,,,,,,,True,True,False,True
bipad-48059,Government of Nepal BIPAD Portal,2020,8,18,Far Western Region,Bajura,Budhiganga,FLOOD,1,0,0,0,0,0,0,0.0,False,29.3601582,81.33910738,,,,,,,,,,,,,True,True,False,True
bipad-48060,Government of Nepal BIPAD Portal,2020,8,18,Central Region,Nuwakot,Kispang,FLOOD,0,0,0,0,0,0,0,0.0,False,28.00632684,85.15523129,,,,,,,,,,,,,True,True,False,True
bipad-48074,Government of Nepal BIPAD Portal,2020,8,19,Mid-Western Region,Salyan,Bangad Kupinde,FLOOD,0,1,1,0,0,0,0,0.0,False,28.52289855,82.11085147,,,,,,,,,,,,,True,True,False,True
bipad-48103,Government of Nepal BIPAD Portal,2020,8,21,Mid-Western Region,Rolpa,Tribeni,FLOOD,0,0,0,0,1,0,0,0.0,False,28.32008429,82.44873333,,,,,,,,,,,,,True,True,False,True
bipad-48158,Government of Nepal BIPAD Portal,2020,8,27,Mid-Western Region,Mugu,Khatyad,FLOOD,0,0,0,0,2,0,0,0.0,False,29.53287116,81.91832052,,,,,,,,,,,,,True,True,False,True
bipad-48189,Government of Nepal BIPAD Portal,2020,9,1,Eastern Region,Jhapa,Mechinagar,FLOOD,0,0,0,0,0,0,0,0.0,False,26.7315198,88.13419786,,,,,,,,,,,,,True,True,False,True
bipad-48204,Government of Nepal BIPAD Portal,2020,9,3,Western Region,Baglung,Dhorpatan,FLOOD,22,16,4,0,98,0,0,0.0,False,28.44286342,83.05274166,,,,,,,,,,,,,True,True,False,True
bipad-48224,Government of Nepal BIPAD Portal,2020,9,7,Eastern Region,Sunsari,Dharan,FLOOD,0,0,0,0,0,2,0,0.0,False,26.80206223,87.31970779,,,,,,,,,,,,,True,True,False,True
bipad-48234,Government of Nepal BIPAD Portal,2020,9,8,Eastern Region,Jhapa,Shivasataxi,FLOOD,0,0,0,0,0,2,0,0.0,False,26.66356499,87.86357553,,,,,,,,,,,,,True,True,False,True
bipad-48287,Government of Nepal BIPAD Portal,2020,9,14,Mid-Western Region,Dang,Tulsipur,FLOOD,0,0,0,0,0,0,0,0.0,False,28.13206547,82.26956136,,,,,,,,,,,,,True,True,False,True
bipad-48320,Government of Nepal BIPAD Portal,2020,9,17,Western Region,Kaski,Pokhara,FLOOD,0,0,0,0,0,0,0,0.0,False,28.1575328,83.97176405,,,,,,,,,,,,,True,True,False,True
bipad-48337,Government of Nepal BIPAD Portal,2020,9,18,Western Region,Palpa,Rampur,FLOOD,0,0,0,0,0,0,0,0.0,False,27.85768502,83.90064873,,,,,,,,,,,,,True,True,False,True
bipad-48340,Government of Nepal BIPAD Portal,2020,9,18,Western Region,Rupandehi,Devdaha,FLOOD,0,0,0,0,0,0,0,0.0,False,27.69222839,83.52566731,,,,,,,,,,,,,True,True,False,True
bipad-48374,Government of Nepal BIPAD Portal,2020,9,23,Western Region,Kapilbastu,Banganga,FLOOD,3,0,0,0,0,0,0,0.0,False,27.68850343,83.13011359,,,,,,,,,,,,,True,True,False,True
bipad-48379,Government of Nepal BIPAD Portal,2020,9,23,Western Region,Nawalparasi East,Binayee Tribeni,FLOOD,0,1,0,0,0,0,0,0.0,False,27.68977149,83.87184166,,,,,,,,,,,,,True,True,False,True
bipad-48402,Government of Nepal BIPAD Portal,2020,9,24,Western Region,Rupandehi,Butwal,FLOOD,0,0,0,0,1,0,0,0.0,False,27.66186097,83.44480462,,,,,,,,,,,,,True,True,False,True
bipad-48421,Government of Nepal BIPAD Portal,2020,9,24,Western Region,Rupandehi,Lumbini Sanskritik,FLOOD,0,0,0,0,1,2,0,0.0,False,27.4374688,83.28627996,,,,,,,,,,,,,True,True,False,True
bipad-48477,Government of Nepal BIPAD Portal,2020,9,25,Western Region,Palpa,Tinau,FLOOD,0,0,0,0,1,1,0,0.0,False,27.75564821,83.43863063,,,,,,,,,,,,,True,True,False,True
bipad-55268,Government of Nepal BIPAD Portal,2021,5,3,Eastern Region,Ilam,Phakphokthum,FLOOD,0,0,0,0,0,1,0,0.0,False,26.99496342,87.74475357,,,,,,,,,,,,,True,True,False,True
bipad-55287,Government of Nepal BIPAD Portal,2021,5,6,Eastern Region,Solukhumbu,Thulung Dudhkoshi,FLOOD,0,0,0,0,0,0,0,0.0,False,27.4146883,86.6576961,,,,,,,,,,,,,True,True,False,True
bipad-55288,Government of Nepal BIPAD Portal,2021,5,6,Far Western Region,Bajura,Budhiganga,FLOOD,0,0,0,0,0,1,0,0.0,False,29.40589087,81.37709802,,,,,,,,,,,,,True,True,False,True
bipad-55377,Government of Nepal BIPAD Portal,2021,5,21,Far Western Region,Kanchanpur,Bhimdatta,FLOOD,0,0,0,0,0,0,0,0.0,False,28.9498172,80.11933039,,,,,,,,,,,,,True,True,False,True
bipad-55404,Government of Nepal BIPAD Portal,2021,5,26,Eastern Region,Okhaldhunga,Sunkoshi,FLOOD,0,0,0,0,0,0,0,0.0,False,27.25810711,86.31444541,,,,,,,,,,,,,True,True,False,True
bipad-55405,Government of Nepal BIPAD Portal,2021,5,27,Western Region,Manang,Chame,FLOOD,0,0,0,0,0,0,0,0.0,False,28.51788295,84.29347264,,,,,,,,,,,,,True,True,False,True
bipad-55417,Government of Nepal BIPAD Portal,2021,5,28,Western Region,Manang,Chame,FLOOD,0,0,0,0,0,5,0,0.0,False,28.507958,84.23835529,,,,,,,,,,,,,True,True,False,True
bipad-55418,Government of Nepal BIPAD Portal,2021,5,28,Central Region,Sindhuli,Sunkoshi,FLOOD,0,0,0,0,0,0,0,0.0,False,27.40767958,85.81461904,,,,,,,,,,,,,True,True,False,True
bipad-55419,Government of Nepal BIPAD Portal,2021,5,28,Central Region,Kavrepalanchok,Roshi,FLOOD,0,0,0,0,0,0,0,0.0,False,27.42107605,85.77066028,,,,,,,,,,,,,True,True,False,True
bipad-55425,Government of Nepal BIPAD Portal,2021,5,29,Western Region,Rupandehi,Lumbini Sanskritik Development Area,FLOOD,0,0,0,0,0,0,0,0.0,False,27.48803378,83.26842496,,,,,,,,,,,,,True,True,False,True
bipad-55501,Government of Nepal BIPAD Portal,2021,6,10,Mid-Western Region,Dailekh,Bhairabi,FLOOD,0,1,0,0,0,0,0,0.0,False,28.88474303,81.64381744,,,,,,,,,,,,,True,True,False,True
bipad-55530,Government of Nepal BIPAD Portal,2021,6,14,Western Region,Mustang,Gharapjhong,FLOOD,0,0,0,0,0,0,0,0.0,False,28.7543083,83.66739517,,,,,,,,,,,,,True,True,False,True
bipad-55531,Government of Nepal BIPAD Portal,2021,6,15,Western Region,Manang,Chame,FLOOD,0,0,0,0,1,0,0,0.0,False,28.507958,84.23835529,,,,,,,,,,,,,True,True,False,True
bipad-55553,Government of Nepal BIPAD Portal,2021,6,15,Western Region,Manang,Chame,FLOOD,0,0,0,0,0,1,0,0.0,False,28.507958,84.23835529,,,,,,,,,,,,,True,True,False,True
bipad-55554,Government of Nepal BIPAD Portal,2021,6,15,Central Region,Sindhupalchok,Helambu,FLOOD,5,20,6,0,349,38,0,0.0,False,27.92996624,85.58077501,,,,,,,,,,,,,True,True,False,True
bipad-55565,Government of Nepal BIPAD Portal,2021,6,15,Western Region,Lamjung,Sundarbazar,FLOOD,0,0,0,0,0,0,0,0.0,False,28.1225865,84.4275612,,,,,,,,,,,,,True,True,False,True
bipad-55569,Government of Nepal BIPAD Portal,2021,6,15,Western Region,Tanahu,Bandipur,FLOOD,0,0,0,0,0,0,0,0.0,False,27.96867576,84.39108521,,,,,,,,,,,,,True,True,False,True
bipad-55573,Government of Nepal BIPAD Portal,2021,6,15,Western Region,Rupandehi,Butwal,FLOOD,0,0,0,0,16,2,0,0.0,False,27.68143397,83.45941241,,,,,,,,,,,,,True,True,False,True
bipad-55579,Government of Nepal BIPAD Portal,2021,6,15,Mid-Western Region,Pyuthan,Mallarani,FLOOD,1,0,0,0,0,0,0,0.0,False,28.06250547,82.90787959,,,,,,,,,,,,,True,True,False,True
bipad-55581,Government of Nepal BIPAD Portal,2021,6,15,Western Region,Gorkha,Aarughat,FLOOD,1,0,0,0,11,56,0,0.0,False,28.12402593,84.88521364,,,,,,,,,,,,,True,True,False,True
bipad-55583,Government of Nepal BIPAD Portal,2021,6,16,Western Region,Gorkha,Chum Nubri,FLOOD,0,0,0,0,4,0,0,0.0,False,28.40410576,84.84107962,,,,,,,,,,,,,True,True,False,True
bipad-55586,Government of Nepal BIPAD Portal,2021,6,16,Western Region,Lamjung,Dordi,FLOOD,0,0,0,0,24,56,0,0.0,False,28.27543099,84.46540516,,,,,,,,,,,,,True,True,False,True
bipad-55587,Government of Nepal BIPAD Portal,2021,6,16,Western Region,Syangja,Galyang,FLOOD,0,0,0,0,8,0,0,0.0,False,27.9895609,83.61844626,,,,,,,,,,,,,True,True,False,True
bipad-55588,Government of Nepal BIPAD Portal,2021,6,16,Central Region,Kavrepalanchok,Bhumlu,FLOOD,0,0,0,0,0,0,0,0.0,False,27.62895905,85.70556229,,,,,,,,,,,,,True,True,False,True
bipad-55591,Government of Nepal BIPAD Portal,2021,6,14,Far Western Region,Bajura,Budhinanda,FLOOD,1,0,0,0,0,0,0,0.0,False,29.53410965,81.64303346,,,,,,,,,,,,,True,True,False,True
bipad-55592,Government of Nepal BIPAD Portal,2021,6,14,Far Western Region,Bajura,Tribeni,FLOOD,0,1,0,0,0,0,0,0.0,False,29.30788924,81.44121616,,,,,,,,,,,,,True,True,False,True
bipad-55599,Government of Nepal BIPAD Portal,2021,6,16,Western Region,Arghakhanchi,Chhatradev,FLOOD,1,0,0,0,0,0,0,0.0,False,27.952803,83.23425485,,,,,,,,,,,,,True,True,False,True
bipad-55602,Government of Nepal BIPAD Portal,2021,6,15,Western Region,Kaski,Madi,FLOOD,0,0,0,0,13,0,0,0.0,False,28.30925353,84.05755544,,,,,,,,,,,,,True,True,False,True
bipad-55603,Government of Nepal BIPAD Portal,2021,6,15,Western Region,Gorkha,Dharche,FLOOD,0,0,0,0,0,0,0,0.0,False,28.25120896,84.82312649,,,,,,,,,,,,,True,True,False,True
bipad-55604,Government of Nepal BIPAD Portal,2021,6,16,Western Region,Baglung,Tara Khola,FLOOD,0,0,0,0,3,0,0,0.0,False,28.33886641,83.35744069,,,,,,,,,,,,,True,True,False,True
bipad-55605,Government of Nepal BIPAD Portal,2021,6,16,Central Region,Lalitpur,Mahalaxmi,FLOOD,0,0,0,0,0,0,0,0.0,False,27.65399931,85.34759841,,,,,,,,,,,,,True,True,False,True
bipad-55606,Government of Nepal BIPAD Portal,2021,6,17,Central Region,Kavrepalanchok,Temal,FLOOD,1,0,0,0,0,0,0,0.0,False,27.4934372,85.76271634,,,,,,,,,,,,,True,True,False,True
bipad-55607,Government of Nepal BIPAD Portal,2021,6,15,Far Western Region,Bajura,Jagannath,FLOOD,0,0,0,0,0,0,0,0.0,False,29.36312549,81.67764452,,,,,,,,,,,,,True,True,False,True
bipad-55608,Government of Nepal BIPAD Portal,2021,6,15,Western Region,Kaski,Machhapuchchhre,FLOOD,1,0,0,0,0,0,0,0.0,False,28.31239843,83.92797928,,,,,,,,,,,,,True,True,False,True
bipad-55617,Government of Nepal BIPAD Portal,2021,6,16,Eastern Region,Saptari,Balan Bihul,FLOOD,1,0,0,0,0,0,0,0.0,False,26.55188784,86.50782712,,,,,,,,,,,,,True,True,False,True
bipad-55620,Government of Nepal BIPAD Portal,2021,6,17,Western Region,Rupandehi,Mayadevi,FLOOD,0,1,0,0,0,0,0,0.0,False,27.48393933,83.35568566,,,,,,,,,,,,,True,True,False,True
bipad-55621,Government of Nepal BIPAD Portal,2021,6,16,Western Region,Palpa,Rainadevi Chhahara,FLOOD,0,0,0,0,0,0,0,0.0,False,27.91029823,83.38631532,,,,,,,,,,,,,True,True,False,True
bipad-55649,Government of Nepal BIPAD Portal,2021,6,19,Western Region,Gorkha,Dharche,FLOOD,0,0,0,0,0,0,0,0.0,False,28.24031912,84.92457906,,,,,,,,,,,,,True,True,False,True
bipad-55693,Government of Nepal BIPAD Portal,2021,6,23,Mid-Western Region,Dang,Lamahi,FLOOD,1,0,0,0,0,0,0,0.0,False,27.87550807,82.56479724,,,,,,,,,,,,,True,True,False,True
bipad-55715,Government of Nepal BIPAD Portal,2021,6,26,Far Western Region,Doti,Purbichauki,FLOOD,1,0,0,0,0,0,0,0.0,False,29.26575368,81.07223384,,,,,,,,,,,,,True,True,False,True
bipad-55716,Government of Nepal BIPAD Portal,2021,6,26,Mid-Western Region,Dang,Ghorahi,FLOOD,0,1,0,0,0,0,0,0.0,False,28.09918472,82.41050238,,,,,,,,,,,,,True,True,False,True
bipad-55718,Government of Nepal BIPAD Portal,2021,6,26,Mid-Western Region,Bardiya,Rajapur,FLOOD,0,0,0,0,0,0,0,0.0,False,28.42151901,81.08907488,,,,,,,,,,,,,True,True,False,True
bipad-55733,Government of Nepal BIPAD Portal,2021,6,27,Central Region,Rautahat,Madhav Narayan,FLOOD,1,0,0,0,0,0,0,0.0,False,26.88336772,85.35528132,,,,,,,,,,,,,True,True,False,True
bipad-55743,Government of Nepal BIPAD Portal,2021,6,28,Mid-Western Region,Dang,Banglachuli,FLOOD,0,1,0,0,0,0,0,0.0,False,28.00739793,82.64836061,,,,,,,,,,,,,True,True,False,True
bipad-55757,Government of Nepal BIPAD Portal,2021,6,30,Central Region,Parsa,Jagarnathpur,FLOOD,0,0,0,0,0,0,0,0.0,False,27.1438842,84.73666204,,,,,,,,,,,,,True,True,False,True
bipad-55769,Government of Nepal BIPAD Portal,2021,6,30,Central Region,Rautahat,Gaur,FLOOD,1,0,0,0,0,0,0,0.0,False,26.77449723,85.26075406,,,,,,,,,,,,,True,True,False,True
bipad-55774,Government of Nepal BIPAD Portal,2021,7,1,Central Region,Dhading,Benighat Rorang,FLOOD,0,0,0,0,0,0,0,0.0,False,27.71710576,84.81888951,,,,,,,,,,,,,True,True,False,True
bipad-55779,Government of Nepal BIPAD Portal,2021,7,1,Central Region,Sindhuli,Dudhouli,FLOOD,0,0,0,0,0,0,0,0.0,False,27.05323053,86.12988096,,,,,,,,,,,,,True,True,False,True
bipad-55792,Government of Nepal BIPAD Portal,2021,7,1,Central Region,Dhading,Benighat Rorang,FLOOD,0,1,0,0,0,0,0,0.0,False,27.79916364,84.77442098,,,,,,,,,,,,,True,True,False,True
bipad-55795,Government of Nepal BIPAD Portal,2021,7,1,Eastern Region,Morang,Ratuwamai,FLOOD,0,0,0,0,0,0,0,0.0,False,26.43251106,87.6635528,,,,,,,,,,,,,True,True,False,True
bipad-55797,Government of Nepal BIPAD Portal,2021,6,30,Central Region,Chitwan,Ichchhakamana,FLOOD,0,0,0,0,0,0,0,0.0,False,27.76560495,84.55053184,,,,,,,,,,,,,True,True,False,True
bipad-55803,Government of Nepal BIPAD Portal,2021,7,1,Western Region,Tanahu,Vyas,FLOOD,0,0,0,0,0,1,0,0.0,False,28.06155498,84.21300832,,,,,,,,,,,,,True,True,False,True
bipad-55805,Government of Nepal BIPAD Portal,2021,7,1,Western Region,Kaski,Madi,FLOOD,0,0,1,0,0,0,0,0.0,False,28.21988489,84.18910768,,,,,,,,,,,,,True,True,False,True
bipad-55808,Government of Nepal BIPAD Portal,2021,7,2,Central Region,Rautahat,Rajpur,FLOOD,0,0,0,0,1,0,0,0.0,False,26.82868596,85.26005234,,,,,,,,,,,,,True,True,False,True
bipad-55814,Government of Nepal BIPAD Portal,2021,7,2,Western Region,Tanahu,Bhanu,FLOOD,0,0,0,0,0,0,0,0.0,False,28.03597207,84.40828187,,,,,,,,,,,,,True,True,False,True
bipad-55858,Government of Nepal BIPAD Portal,2021,7,3,Western Region,Tanahu,Bandipur,FLOOD,0,0,0,0,0,0,0,0.0,False,27.96867576,84.39108521,,,,,,,,,,,,,True,True,False,True
bipad-55859,Government of Nepal BIPAD Portal,2021,7,3,Central Region,Sindhuli,Phikkal,FLOOD,0,0,0,0,0,0,0,0.0,False,27.16930122,86.34760085,,,,,,,,,,,,,True,True,False,True
bipad-55863,Government of Nepal BIPAD Portal,2021,7,3,Central Region,Sarlahi,Kaudena,FLOOD,0,0,0,0,0,1,0,0.0,False,26.83572062,85.5104574,,,,,,,,,,,,,True,True,False,True
bipad-55871,Government of Nepal BIPAD Portal,2021,7,3,Western Region,Syangja,Bhirkot,FLOOD,0,0,0,0,0,1,0,0.0,False,28.04971939,83.77121145,,,,,,,,,,,,,True,True,False,True
bipad-55878,Government of Nepal BIPAD Portal,2021,7,5,Mid-Western Region,Dang,Ghorahi,FLOOD,1,0,0,0,0,0,0,0.0,False,28.10257078,82.54067537,,,,,,,,,,,,,True,True,False,True
bipad-55882,Government of Nepal BIPAD Portal,2021,7,4,Central Region,Sarlahi,Ishworpur,FLOOD,1,0,0,0,0,0,0,0.0,False,26.99603983,85.72413245,,,,,,,,,,,,,True,True,False,True
bipad-55893,Government of Nepal BIPAD Portal,2021,7,2,Western Region,Tanahu,Vyas,FLOOD,0,1,0,0,0,0,0,0.0,False,28.0556343,84.30275221,,,,,,,,,,,,,True,True,False,True
bipad-55894,Government of Nepal BIPAD Portal,2021,7,5,Central Region,Makwanpur,Raksirang,FLOOD,1,0,0,0,0,0,0,0.0,False,27.65898814,84.84753754,,,,,,,,,,,,,True,True,False,True
bipad-55906,Government of Nepal BIPAD Portal,2021,7,6,Western Region,Myagdi,Mangala,FLOOD,2,0,0,0,0,0,0,0.0,False,28.37538,83.42003343,,,,,,,,,,,,,True,True,False,True
bipad-55909,Government of Nepal BIPAD Portal,2021,7,6,Eastern Region,Saptari,Agnisair Krishna Savaran,FLOOD,1,0,0,0,0,0,0,0.0,False,26.66023148,86.78249022,,,,,,,,,,,,,True,True,False,True
bipad-55910,Government of Nepal BIPAD Portal,2021,7,3,Western Region,Gorkha,Aarughat,FLOOD,1,1,0,0,0,0,0,0.0,False,28.13625497,84.84003535,,,,,,,,,,,,,True,True,False,True
bipad-55922,Government of Nepal BIPAD Portal,2021,7,7,Western Region,Kaski,Pokhara,FLOOD,0,0,0,0,0,0,0,0.0,False,28.2375664,83.95315063,,,,,,,,,,,,,True,True,False,True
bipad-55930,Government of Nepal BIPAD Portal,2021,7,8,Western Region,Nawalparasi East,Madhyabindu,FLOOD,0,0,0,0,1,0,0,0.0,False,27.59314518,83.98797629,,,,,,,,,,,,,True,True,False,True
bipad-55931,Government of Nepal BIPAD Portal,2021,7,8,Western Region,Nawalparasi East,Madhyabindu,FLOOD,0,0,0,0,2,1,0,0.0,False,27.69138678,83.95200466,,,,,,,,,,,,,True,True,False,True
bipad-55934,Government of Nepal BIPAD Portal,2021,7,8,Western Region,Tanahu,Bandipur,FLOOD,0,0,0,0,2,0,0,0.0,False,27.9396598,84.36627335,,,,,,,,,,,,,True,True,False,True
bipad-55935,Government of Nepal BIPAD Portal,2021,7,8,Western Region,Tanahu,Myagde,FLOOD,1,0,0,0,0,0,0,0.0,False,28.01760579,84.18820676,,,,,,,,,,,,,True,True,False,True
bipad-55984,Government of Nepal BIPAD Portal,2021,7,11,Central Region,Sindhuli,Marin,FLOOD,1,0,0,0,0,0,0,0.0,False,27.21567789,85.7810486,,,,,,,,,,,,,True,True,False,True
bipad-55995,Government of Nepal BIPAD Portal,2021,7,14,Far Western Region,Achham,Sanphebagar,FLOOD,1,0,0,0,0,0,0,0.0,False,29.20553055,81.19711854,,,,,,,,,,,,,True,True,False,True
bipad-56009,Government of Nepal BIPAD Portal,2021,7,14,Western Region,Rupandehi,Sainamaina,FLOOD,1,1,0,0,0,0,0,0.0,False,27.72965531,83.24680668,,,,,,,,,,,,,True,True,False,True
bipad-56015,Government of Nepal BIPAD Portal,2021,7,14,Mid-Western Region,Dang,Rajpur,FLOOD,0,0,0,0,0,0,0,0.0,False,27.84132008,82.35162415,,,,,,,,,,,,,True,True,False,True
bipad-56026,Government of Nepal BIPAD Portal,2021,7,16,Western Region,Nawalparasi East,Hupsekot,FLOOD,0,0,0,0,3,0,0,0.0,False,27.75148741,84.08632297,,,,,,,,,,,,,True,True,False,True
bipad-56050,Government of Nepal BIPAD Portal,2021,7,18,Central Region,Dhanusa,Hansapur,FLOOD,0,0,0,0,0,1,0,0.0,False,26.76291153,86.03714487,,,,,,,,,,,,,True,True,False,True
bipad-56074,Government of Nepal BIPAD Portal,2021,7,21,Central Region,Dhanusa,Janakpurdham,FLOOD,0,0,0,0,0,1,0,0.0,False,26.73236121,85.97762118,,,,,,,,,,,,,True,True,False,True
bipad-56097,Government of Nepal BIPAD Portal,2021,7,22,Far Western Region,Darchula,Apihimal,FLOOD,0,0,0,0,0,0,0,0.0,False,29.80188531,80.9824561,,,,,,,,,,,,,True,True,False,True
bipad-56121,Government of Nepal BIPAD Portal,2021,7,26,Mid-Western Region,Jumla,Patrasi,FLOOD,1,0,0,0,0,0,0,0.0,False,29.34583554,82.37157646,,,,,,,,,,,,,True,True,False,True
bipad-56156,Government of Nepal BIPAD Portal,2021,7,31,Central Region,Sindhupalchok,Melamchi,FLOOD,0,0,0,0,0,0,0,0.0,False,27.83135195,85.55807341,,,,,,,,,,,,,True,True,False,True
bipad-56157,Government of Nepal BIPAD Portal,2021,8,1,Central Region,Sindhupalchok,Helambu,FLOOD,0,0,0,0,1,0,0,0.0,False,27.91747245,85.51167873,,,,,,,,,,,,,True,True,False,True
bipad-56158,Government of Nepal BIPAD Portal,2021,8,1,Central Region,Sindhupalchok,Helambu,FLOOD,0,0,0,0,2,0,0,0.0,False,27.88497727,85.52959607,,,,,,,,,,,,,True,True,False,True
bipad-56159,Government of Nepal BIPAD Portal,2021,8,1,Central Region,Sindhupalchok,Helambu,FLOOD,0,0,0,0,1,0,0,0.0,False,27.88888196,85.56126653,,,,,,,,,,,,,True,True,False,True
bipad-56160,Government of Nepal BIPAD Portal,2021,8,1,Central Region,Sindhupalchok,Helambu,FLOOD,0,0,0,0,5,0,0,0.0,False,27.92996624,85.58077501,,,,,,,,,,,,,True,True,False,True
bipad-56161,Government of Nepal BIPAD Portal,2021,8,1,Central Region,Sindhupalchok,Helambu,FLOOD,0,0,0,0,4,0,0,0.0,False,27.98293173,85.539721,,,,,,,,,,,,,True,True,False,True
bipad-56162,Government of Nepal BIPAD Portal,2021,7,31,Central Region,Sindhupalchok,Helambu,FLOOD,0,0,0,0,0,0,0,0.0,False,27.91747245,85.51167873,,,,,,,,,,,,,True,True,False,True
bipad-56174,Government of Nepal BIPAD Portal,2021,8,1,Central Region,Sindhupalchok,Tripurasundari,FLOOD,0,0,0,0,1,0,0,0.0,False,27.75838429,85.97554239,,,,,,,,,,,,,True,True,False,True
bipad-56185,Government of Nepal BIPAD Portal,2021,8,4,Eastern Region,Khotang,Halesi Tuwachung,FLOOD,0,0,0,0,0,0,0,0.0,False,27.15977179,86.47762775,,,,,,,,,,,,,True,True,False,True
bipad-56197,Government of Nepal BIPAD Portal,2021,8,7,Mid-Western Region,Salyan,Chhatreshwori,FLOOD,1,0,1,0,0,0,0,0.0,False,28.34922,82.34383317,,,,,,,,,,,,,True,True,False,True
bipad-56216,Government of Nepal BIPAD Portal,2021,8,9,Mid-Western Region,Dang,Tulsipur,FLOOD,2,0,0,0,0,0,0,0.0,False,28.1717083,82.35205499,,,,,,,,,,,,,True,True,False,True
bipad-56241,Government of Nepal BIPAD Portal,2021,8,12,Mid-Western Region,Rolpa,Sunil Smriti,FLOOD,0,0,0,0,0,0,0,0.0,False,28.25927071,82.71242961,,,,,,,,,,,,,True,True,False,True
bipad-56312,Government of Nepal BIPAD Portal,2021,8,19,Central Region,Kathmandu,Kageshwori Manahora,FLOOD,0,0,0,0,0,0,0,0.0,False,27.72530702,85.40867266,,,,,,,,,,,,,True,True,False,True
bipad-56354,Government of Nepal BIPAD Portal,2021,8,24,Mid-Western Region,Salyan,Kumakh,FLOOD,1,0,0,0,0,0,0,0.0,False,28.59848964,82.20180413,,,,,,,,,,,,,True,True,False,True
bipad-56356,Government of Nepal BIPAD Portal,2021,8,24,Far Western Region,Kailali,Bhajani,FLOOD,0,0,0,0,0,0,0,0.0,False,28.46255487,80.96082558,,,,,,,,,,,,,True,True,False,True
bipad-56358,Government of Nepal BIPAD Portal,2021,8,24,Far Western Region,Kailali,Dhangadhi,FLOOD,0,0,0,0,0,0,0,0.0,False,28.587294,80.72204309,,,,,,,,,,,,,True,True,False,True
bipad-56393,Government of Nepal BIPAD Portal,2021,8,27,Far Western Region,Kailali,Godawari_Kailali,FLOOD,0,0,0,0,0,0,0,0.0,False,28.88523021,80.61128404,,,,,,,,,,,,,True,True,False,True
bipad-56400,Government of Nepal BIPAD Portal,2021,8,27,Western Region,Rupandehi,Omsatiya,FLOOD,1,0,0,0,0,0,0,0.0,False,27.51255767,83.49215377,,,,,,,,,,,,,True,True,False,True
bipad-56401,Government of Nepal BIPAD Portal,2021,8,27,Mid-Western Region,Dang,Dangisharan,FLOOD,1,0,0,0,0,0,0,0.0,False,28.07940487,82.14397523,,,,,,,,,,,,,True,True,False,True
bipad-56415,Government of Nepal BIPAD Portal,2021,8,26,Far Western Region,Kanchanpur,Bedkot,FLOOD,0,0,0,0,0,0,0,0.0,False,29.01197505,80.29297881,,,,,,,,,,,,,True,True,False,True
bipad-56421,Government of Nepal BIPAD Portal,2021,8,27,Western Region,Nawalparasi East,Binayee Tribeni,FLOOD,0,0,0,0,0,0,0,0.0,False,27.64254068,83.85153652,,,,,,,,,,,,,True,True,False,True
bipad-56424,Government of Nepal BIPAD Portal,2021,8,26,Central Region,Chitwan,Madi,FLOOD,0,0,0,0,0,0,0,0.0,False,27.42249933,84.29286963,,,,,,,,,,,,,True,True,False,True
bipad-56426,Government of Nepal BIPAD Portal,2021,8,27,Central Region,Sindhuli,Golanjor,FLOOD,0,1,1,0,0,0,0,0.0,False,27.23796494,86.10586071,,,,,,,,,,,,,True,True,False,True
bipad-56436,Government of Nepal BIPAD Portal,2021,8,28,Far Western Region,Kailali,Dhangadhi,FLOOD,0,1,0,0,0,0,0,0.0,False,28.71638226,80.5584272,,,,,,,,,,,,,True,True,False,True
bipad-56439,Government of Nepal BIPAD Portal,2021,8,30,Western Region,Myagdi,Raghuganga,FLOOD,0,0,3,0,0,5,0,0.0,False,28.54637,83.48729,,,,,,,,,,,,,True,True,False,True
bipad-56468,Government of Nepal BIPAD Portal,2021,8,29,Far Western Region,Darchula,Mahakali,FLOOD,0,0,0,0,10,0,0,0.0,False,29.84391521,80.60089311,,,,,,,,,,,,,True,True,False,True
bipad-56469,Government of Nepal BIPAD Portal,2021,8,29,Far Western Region,Darchula,Dunhu,FLOOD,0,0,0,0,0,0,0,0.0,False,29.87278413,80.5742035,,,,,,,,,,,,,True,True,False,True
bipad-56471,Government of Nepal BIPAD Portal,2021,8,30,Far Western Region,Darchula,Apihimal,FLOOD,0,0,0,0,0,0,0,0.0,False,29.80188531,80.9824561,,,,,,,,,,,,,True,True,False,True
bipad-56481,Government of Nepal BIPAD Portal,2021,8,31,Central Region,Nuwakot,Likhu,FLOOD,0,0,0,0,0,0,0,0.0,False,27.86568312,85.26825445,,,,,,,,,,,,,True,True,False,True
bipad-56500,Government of Nepal BIPAD Portal,2021,9,1,Mid-Western Region,Dang,Ghorahi,FLOOD,4,0,1,0,0,0,0,0.0,False,28.01626102,82.53221592,,,,,,,,,,,,,True,True,False,True
bipad-56507,Government of Nepal BIPAD Portal,2021,9,1,Western Region,Kaski,Pokhara,FLOOD,0,0,0,0,0,0,0,0.0,False,28.21178819,83.98393372,,,,,,,,,,,,,True,True,False,True
bipad-56513,Government of Nepal BIPAD Portal,2021,9,2,Western Region,Kaski,Pokhara,FLOOD,0,0,0,0,0,0,0,0.0,False,28.2317188,84.03736973,,,,,,,,,,,,,True,True,False,True
bipad-56526,Government of Nepal BIPAD Portal,2021,9,2,Western Region,Kaski,Pokhara,FLOOD,0,0,0,0,0,0,0,0.0,False,28.22989519,84.0088699,,,,,,,,,,,,,True,True,False,True
bipad-56536,Government of Nepal BIPAD Portal,2021,9,3,Central Region,Makwanpur,Hetauda,FLOOD,2,0,0,0,0,0,0,0.0,False,27.38610021,85.11563707,,,,,,,,,,,,,True,True,False,True
bipad-56553,Government of Nepal BIPAD Portal,2021,9,6,Mid-Western Region,Rolpa,Sunil Smriti,FLOOD,0,0,0,0,0,0,0,0.0,False,28.22837116,82.72371514,,,,,,,,,,,,,True,True,False,True
bipad-56556,Government of Nepal BIPAD Portal,2021,9,6,Central Region,Kathmandu,Kageshwori Manahora,FLOOD,0,0,0,0,0,0,0,0.0,False,27.7106988,85.37787074,,,,,,,,,,,,,True,True,False,True
bipad-56580,Government of Nepal BIPAD Portal,2021,9,8,Mid-Western Region,Banke,Khajura,FLOOD,1,0,0,0,0,0,0,0.0,False,28.14893239,81.54994039,,,,,,,,,,,,,True,True,False,True
bipad-56643,Government of Nepal BIPAD Portal,2021,9,20,Central Region,Kathmandu,Chandragiri,FLOOD,0,0,0,0,0,0,0,0.0,False,27.70894357,85.23213587,,,,,,,,,,,,,True,True,False,True
bipad-56647,Government of Nepal BIPAD Portal,2021,9,21,Far Western Region,Bajura,Badimalika,FLOOD,0,0,0,0,2,0,0,0.0,False,29.46406866,81.54845574,,,,,,,,,,,,,True,True,False,True
bipad-56661,Government of Nepal BIPAD Portal,2021,9,22,Western Region,Baglung,Dhorpatan,FLOOD,0,0,0,0,1,0,0,0.0,False,28.32445641,83.16754955,,,,,,,,,,,,,True,True,False,True
bipad-56693,Government of Nepal BIPAD Portal,2021,9,5,Central Region,Kathmandu,Budhanilkantha,FLOOD,1,0,0,0,0,0,0,0.0,False,27.73231956,85.36271154,,,,,,,,,,,,,True,True,False,True
bipad-56700,Government of Nepal BIPAD Portal,2021,9,28,Central Region,Makwanpur,Raksirang,FLOOD,1,0,0,0,0,0,0,0.0,False,27.61106936,84.77593981,,,,,,,,,,,,,True,True,False,True
bipad-56740,Government of Nepal BIPAD Portal,2021,10,5,Central Region,Kathmandu,Kathmandu,FLOOD,0,0,0,0,0,0,0,0.0,False,27.70979168,85.31599758,,,,,,,,,,,,,True,True,False,True
bipad-56799,Government of Nepal BIPAD Portal,2021,10,19,Western Region,Gulmi,Satyawati,FLOOD,0,0,0,0,0,0,0,0.0,False,28.03663484,83.43184319,,,,,,,,,,,,,True,True,False,True
bipad-56809,Government of Nepal BIPAD Portal,2021,10,19,Eastern Region,Dhankuta,Mahalaxmi,FLOOD,0,0,0,0,0,1,0,0.0,False,27.16761516,87.29508958,,,,,,,,,,,,,True,True,False,True
bipad-56811,Government of Nepal BIPAD Portal,2021,10,19,Eastern Region,Dhankuta,Mahalaxmi,FLOOD,0,0,0,0,0,0,0,0.0,False,27.17166806,87.33980697,,,,,,,,,,,,,True,True,False,True
bipad-56819,Government of Nepal BIPAD Portal,2021,10,19,Eastern Region,Jhapa,Damak,FLOOD,0,0,0,0,7,0,0,0.0,False,26.66209158,87.70973971,,,,,,,,,,,,,True,True,False,True
bipad-56821,Government of Nepal BIPAD Portal,2021,10,20,Far Western Region,Bajhang,Bitthadchir,FLOOD,0,0,0,0,3,0,0,0.0,False,29.54015753,80.76735821,,,,,,,,,,,,,True,True,False,True
bipad-56823,Government of Nepal BIPAD Portal,2021,10,19,Far Western Region,Bajhang,JayaPrithivi,FLOOD,0,0,0,0,5,0,0,0.0,False,29.52898101,81.20973013,,,,,,,,,,,,,True,True,False,True
bipad-56824,Government of Nepal BIPAD Portal,2021,10,19,Western Region,Baglung,Tara Khola,FLOOD,0,0,0,0,0,0,0,0.0,False,28.32479163,83.41013649,,,,,,,,,,,,,True,True,False,True
bipad-56825,Government of Nepal BIPAD Portal,2021,10,19,Far Western Region,Bajhang,Bungal,FLOOD,0,0,0,0,1,0,0,0.0,False,29.60885749,80.8762805,,,,,,,,,,,,,True,True,False,True
bipad-56827,Government of Nepal BIPAD Portal,2021,10,18,Mid-Western Region,Jumla,Tatopani,FLOOD,0,1,0,0,0,0,0,0.0,False,29.06449086,82.090205,,,,,,,,,,,,,True,True,False,True
bipad-56834,Government of Nepal BIPAD Portal,2021,10,19,Far Western Region,Kanchanpur,Belauri,FLOOD,0,0,0,0,0,0,0,0.0,False,28.71930562,80.3227293,,,,,,,,,,,,,True,True,False,True
bipad-56836,Government of Nepal BIPAD Portal,2021,10,19,Far Western Region,Doti,Sayal,FLOOD,0,1,0,0,0,0,0,0.0,False,29.39915531,80.92044471,,,,,,,,,,,,,True,True,False,True
bipad-56844,Government of Nepal BIPAD Portal,2021,10,19,Eastern Region,Udayapur,Triyuga,FLOOD,1,0,0,0,0,0,0,0.0,False,26.75050424,86.60267658,,,,,,,,,,,,,True,True,False,True
bipad-56851,Government of Nepal BIPAD Portal,2021,10,19,Central Region,Sindhuli,Phikkal,FLOOD,1,0,0,0,0,0,0,0.0,False,27.22642333,86.27392507,,,,,,,,,,,,,True,True,False,True
bipad-56852,Government of Nepal BIPAD Portal,2021,10,20,Far Western Region,Kailali,Tikapur,FLOOD,1,1,0,0,0,0,0,0.0,False,28.42468673,81.05355962,,,,,,,,,,,,,True,True,False,True
bipad-56871,Government of Nepal BIPAD Portal,2021,10,19,Eastern Region,Saptari,Saptakoshi,FLOOD,0,0,0,0,0,0,0,0.0,False,26.69379001,86.96369217,,,,,,,,,,,,,True,True,False,True
bipad-56886,Government of Nepal BIPAD Portal,2021,10,20,Eastern Region,Solukhumbu,Mahakulung,FLOOD,1,0,0,0,0,0,0,0.0,False,27.56765565,86.83176576,,,,,,,,,,,,,True,True,False,True
bipad-56897,Government of Nepal BIPAD Portal,2021,10,20,Mid-Western Region,Jumla,Tila,FLOOD,0,0,0,0,0,0,0,0.0,False,29.21103508,82.00462541,,,,,,,,,,,,,True,True,False,True
bipad-56899,Government of Nepal BIPAD Portal,2021,10,20,Mid-Western Region,Pyuthan,Mandavi,FLOOD,3,0,0,0,0,0,0,0.0,False,28.06222739,82.73268803,,,,,,,,,,,,,True,True,False,True
bipad-56900,Government of Nepal BIPAD Portal,2021,10,20,Eastern Region,Saptari,Hanumannagar Kankalini,FLOOD,1,0,0,0,0,0,0,0.0,False,26.50782205,86.85693176,,,,,,,,,,,,,True,True,False,True
bipad-56918,Government of Nepal BIPAD Portal,2021,10,21,Western Region,Nawalparasi East,Binayee Tribeni,FLOOD,2,0,0,0,0,0,0,0.0,False,27.69260189,83.75814891,,,,,,,,,,,,,True,True,False,True
bipad-56919,Government of Nepal BIPAD Portal,2021,10,20,Western Region,Kapilbastu,Buddhabhumi,FLOOD,2,0,0,0,0,0,0,0.0,False,27.58377079,83.02778572,,,,,,,,,,,,,True,True,False,True
bipad-56920,Government of Nepal BIPAD Portal,2021,10,21,Eastern Region,Sunsari,Itahari,FLOOD,1,0,0,0,0,0,0,0.0,False,26.65318574,87.25054865,,,,,,,,,,,,,True,True,False,True
bipad-56921,Government of Nepal BIPAD Portal,2021,10,22,Eastern Region,Morang,Biratnagar,FLOOD,1,0,0,0,0,0,0,0.0,False,26.48447488,87.29181217,,,,,,,,,,,,,True,True,False,True
bipad-56929,Government of Nepal BIPAD Portal,2021,10,19,Far Western Region,Achham,Dhakari,FLOOD,1,0,0,0,0,0,0,0.0,False,29.00583797,81.2225357,,,,,,,,,,,,,True,True,False,True
bipad-56944,Government of Nepal BIPAD Portal,2021,10,22,Mid-Western Region,Salyan,Bangad Kupinde,FLOOD,1,0,0,0,0,0,0,0.0,False,28.43188716,81.99219983,,,,,,,,,,,,,True,True,False,True
bipad-56947,Government of Nepal BIPAD Portal,2021,10,18,Far Western Region,Kailali,Chure,FLOOD,0,0,0,0,0,0,0,0.0,False,28.86741168,80.75612377,,,,,,,,,,,,,True,True,False,True
bipad-56960,Government of Nepal BIPAD Portal,2021,10,20,Eastern Region,Sunsari,Itahari,FLOOD,1,0,0,0,0,0,0,0.0,False,26.6952595,87.23733941,,,,,,,,,,,,,True,True,False,True
bipad-56961,Government of Nepal BIPAD Portal,2021,10,20,Eastern Region,Sunsari,Itahari,FLOOD,1,0,0,0,0,0,0,0.0,False,26.65318574,87.25054865,,,,,,,,,,,,,True,True,False,True
bipad-56966,Government of Nepal BIPAD Portal,2021,10,20,Eastern Region,Udayapur,Udayapurgadhi,FLOOD,1,0,0,0,0,0,0,0.0,False,26.92753249,86.58643152,,,,,,,,,,,,,True,True,False,True
bipad-56967,Government of Nepal BIPAD Portal,2021,10,19,Eastern Region,Bhojpur,Ramprasadrai,FLOOD,1,0,0,0,0,0,0,0.0,False,27.06983891,87.01518566,,,,,,,,,,,,,True,True,False,True
bipad-57551,Government of Nepal BIPAD Portal,2021,10,19,Mid-Western Region,Surkhet,Bheriganga,FLOOD,0,0,1,0,0,0,0,0.0,False,28.418053,81.71532068,,,,,,,,,,,,,True,True,False,True
bipad-58740,Government of Nepal BIPAD Portal,2022,4,11,Central Region,Kavrepalanchok,Dhulikhel,FLOOD,0,0,0,0,0,0,0,0.0,False,27.57609075,85.57154218,,,,,,,,,,,,,True,True,False,True
bipad-59322,Government of Nepal BIPAD Portal,2022,5,29,Eastern Region,Siraha,Golbazar,FLOOD,0,0,0,0,0,0,0,0.0,False,26.80396155,86.3354358,,,,,,,,,,,,,True,True,False,True
bipad-59497,Government of Nepal BIPAD Portal,2022,6,15,Mid-Western Region,Kalikot,Khandachakra,FLOOD,1,0,1,0,0,0,0,0.0,False,29.13825956,81.59585484,,,,,,,,,,,,,True,True,False,True
bipad-59523,Government of Nepal BIPAD Portal,2022,6,17,Eastern Region,Sunsari,Barah,FLOOD,0,0,1,0,0,0,0,0.0,False,26.84280449,87.18167684,,,,,,,,,,,,,True,True,False,True
bipad-59540,Government of Nepal BIPAD Portal,2022,6,19,Eastern Region,Sunsari,Barah,FLOOD,1,0,1,0,0,0,0,0.0,False,26.84280449,87.18167684,,,,,,,,,,,,,True,True,False,True
bipad-59545,Government of Nepal BIPAD Portal,2022,6,18,Western Region,Kaski,Machhapuchchhre,FLOOD,0,0,0,0,0,0,0,0.0,False,28.36204474,84.01225302,,,,,,,,,,,,,True,True,False,True
bipad-59547,Government of Nepal BIPAD Portal,2022,6,18,Western Region,Lamjung,Sundarbazar,FLOOD,0,0,0,0,0,0,0,0.0,False,28.1660468,84.3464356,,,,,,,,,,,,,True,True,False,True
bipad-59556,Government of Nepal BIPAD Portal,2022,6,19,Eastern Region,Jhapa,Damak,FLOOD,0,0,0,0,1,0,0,0.0,False,26.67820227,87.70814601,,,,,,,,,,,,,True,True,False,True
bipad-59572,Government of Nepal BIPAD Portal,2022,6,21,Eastern Region,Jhapa,Kachankawal,FLOOD,0,0,0,0,0,0,0,0.0,False,26.4344591,87.95139686,,,,,,,,,,,,,True,True,False,True
bipad-59583,Government of Nepal BIPAD Portal,2022,6,23,Eastern Region,Jhapa,Kachankawal,FLOOD,0,0,0,0,0,0,0,0.0,False,26.4344591,87.95139686,,,,,,,,,,,,,True,True,False,True
bipad-59585,Government of Nepal BIPAD Portal,2022,6,21,Far Western Region,Dadeldhura,Parashuram,FLOOD,1,0,2,0,0,0,0,0.0,False,29.04378638,80.44347645,,,,,,,,,,,,,True,True,False,True
bipad-59590,Government of Nepal BIPAD Portal,2022,6,21,Eastern Region,Jhapa,Kachankawal,FLOOD,0,0,0,0,0,0,0,0.0,False,26.4344591,87.95139686,,,,,,,,,,,,,True,True,False,True
bipad-59658,Government of Nepal BIPAD Portal,2022,6,27,Eastern Region,Morang,Kanepokhari,FLOOD,0,0,0,0,0,0,0,0.0,False,26.62191241,87.51822531,,,,,,,,,,,,,True,True,False,True
bipad-59659,Government of Nepal BIPAD Portal,2022,6,28,Eastern Region,Jhapa,Shivasataxi,FLOOD,0,0,0,0,0,0,0,0.0,False,26.53949694,87.81730838,,,,,,,,,,,,,True,True,False,True
bipad-59682,Government of Nepal BIPAD Portal,2022,6,29,Eastern Region,Sunsari,Itahari,FLOOD,0,0,0,0,0,1,0,0.0,False,26.67313872,87.26312892,,,,,,,,,,,,,True,True,False,True
bipad-59699,Government of Nepal BIPAD Portal,2022,6,29,Eastern Region,Jhapa,Barhadashi,FLOOD,0,0,0,0,0,0,0,0.0,False,26.58323,87.91446,,,,,,,,,,,,,True,True,False,True
bipad-59740,Government of Nepal BIPAD Portal,2022,7,1,Eastern Region,Udayapur,Katari,FLOOD,0,0,0,0,0,1,0,0.0,False,26.94446308,86.3951723,,,,,,,,,,,,,True,True,False,True
bipad-59830,Government of Nepal BIPAD Portal,2022,7,9,Mid-Western Region,Dolpa,Mudkechula,FLOOD,0,1,0,0,0,0,0,0.0,False,29.08623076,82.4885189,,,,,,,,,,,,,True,True,False,True
bipad-59928,Government of Nepal BIPAD Portal,2022,7,20,Central Region,Nuwakot,Shivapuri,FLOOD,0,0,1,0,0,0,0,0.0,False,27.84133497,85.32223003,,,,,,,,,,,,,True,True,False,True
bipad-59932,Government of Nepal BIPAD Portal,2022,7,20,Far Western Region,Darchula,Mahakali,FLOOD,0,0,0,0,0,0,0,0.0,False,29.8166775,80.52965619,,,,,,,,,,,,,True,True,False,True
bipad-59947,Government of Nepal BIPAD Portal,2022,7,20,Central Region,Kavrepalanchok,Roshi,FLOOD,1,0,0,0,0,0,0,0.0,False,27.4994182,85.57633804,,,,,,,,,,,,,True,True,False,True
bipad-59981,Government of Nepal BIPAD Portal,2022,7,24,Central Region,Dolakha,Tamakoshi,FLOOD,0,0,0,0,0,0,0,0.0,False,27.52043724,86.1075035,,,,,,,,,,,,,True,True,False,True
bipad-59996,Government of Nepal BIPAD Portal,2022,7,26,Mid-Western Region,Dailekh,Chamunda Bindrasaini,FLOOD,1,0,0,0,0,0,0,0.0,False,28.95757551,81.56348706,,,,,,,,,,,,,True,True,False,True
bipad-59998,Government of Nepal BIPAD Portal,2022,7,26,Central Region,Nuwakot,Belkotgadhi,FLOOD,1,0,0,0,0,0,0,0.0,False,27.85059458,85.14838327,,,,,,,,,,,,,True,True,False,True
bipad-60022,Government of Nepal BIPAD Portal,2022,7,28,Mid-Western Region,Rukum West,Aathbiskot,FLOOD,0,0,0,0,0,0,0,0.0,False,28.81794978,82.39493877,,,,,,,,,,,,,True,True,False,True
bipad-60028,Government of Nepal BIPAD Portal,2022,7,31,Eastern Region,Udayapur,Udayapurgadhi,FLOOD,0,0,0,0,0,0,0,0.0,False,26.88381834,86.51602888,,,,,,,,,,,,,True,True,False,True
bipad-60060,Government of Nepal BIPAD Portal,2022,8,1,Western Region,Kaski,Annapurna,FLOOD,0,0,0,0,0,0,0,0.0,False,28.28974641,83.78751583,,,,,,,,,,,,,True,True,False,True
bipad-60063,Government of Nepal BIPAD Portal,2022,8,2,Western Region,Kapilbastu,Banganga,FLOOD,2,0,0,0,0,0,0,0.0,False,27.72923622,83.10960703,,,,,,,,,,,,,True,True,False,True
bipad-60078,Government of Nepal BIPAD Portal,2022,8,3,Far Western Region,Bajhang,Talkot,FLOOD,0,0,0,0,0,0,0,0.0,False,29.59968534,81.30068665,,,,,,,,,,,,,True,True,False,True
bipad-60116,Government of Nepal BIPAD Portal,2022,8,6,Eastern Region,Saptari,Saptakoshi,FLOOD,0,0,0,0,0,1,0,0.0,False,26.71065369,86.94933716,,,,,,,,,,,,,True,True,False,True
bipad-60148,Government of Nepal BIPAD Portal,2022,8,8,Central Region,Sindhupalchok,Chautara Sangachokgadhi,FLOOD,0,0,0,0,8,0,0,0.0,False,27.73584395,85.70587769,,,,,,,,,,,,,True,True,False,True
bipad-60161,Government of Nepal BIPAD Portal,2022,8,10,Central Region,Bhaktapur,Madhyapur Thimi,FLOOD,0,0,0,0,0,0,0,0.0,False,27.68145892,85.37368359,,,,,,,,,,,,,True,True,False,True
bipad-60162,Government of Nepal BIPAD Portal,2022,8,10,Central Region,Bhaktapur,Changunarayan,FLOOD,0,0,0,0,0,0,0,0.0,False,27.69941741,85.409725,,,,,,,,,,,,,True,True,False,True
bipad-60163,Government of Nepal BIPAD Portal,2022,8,10,Central Region,Bhaktapur,Changunarayan,FLOOD,0,0,0,0,0,0,0,0.0,False,27.71605518,85.43445777,,,,,,,,,,,,,True,True,False,True
bipad-60230,Government of Nepal BIPAD Portal,2022,8,18,Eastern Region,Taplejung,Meringden,FLOOD,0,0,0,0,0,0,0,0.0,False,27.44175052,87.57938128,,,,,,,,,,,,,True,True,False,True
bipad-60243,Government of Nepal BIPAD Portal,2022,8,18,Central Region,Ramechhap,Gokulganga,FLOOD,0,0,0,0,1,0,0,0.0,False,27.64472314,86.35320546,,,,,,,,,,,,,True,True,False,True
bipad-60327,Government of Nepal BIPAD Portal,2022,8,28,Eastern Region,Udayapur,Triyuga,FLOOD,0,0,0,0,0,0,0,0.0,False,26.73836161,86.77869675,,,,,,,,,,,,,True,True,False,True
bipad-60440,Government of Nepal BIPAD Portal,2022,9,9,Far Western Region,Darchula,Apihimal,FLOOD,6,9,11,0,42,9,0,0.0,False,29.92362,80.73694,,,,,,,,,,,,,True,True,False,True
bipad-60514,Government of Nepal BIPAD Portal,2022,9,17,Far Western Region,Dadeldhura,Parashuram,FLOOD,0,0,0,0,0,0,0,0.0,False,29.12629781,80.27884894,,,,,,,,,,,,,True,True,False,True
bipad-60561,Government of Nepal BIPAD Portal,2022,9,17,Far Western Region,Kailali,Bhajani,FLOOD,1,0,0,0,0,0,0,0.0,False,28.4824643,81.02741626,,,,,,,,,,,,,True,True,False,True
bipad-60562,Government of Nepal BIPAD Portal,2022,9,8,Central Region,Kavrepalanchok,Temal,FLOOD,0,1,0,0,0,0,0,0.0,False,27.57007669,85.71475599,,,,,,,,,,,,,True,True,False,True
bipad-60592,Government of Nepal BIPAD Portal,2022,9,25,Far Western Region,Kanchanpur,Krishnapur,FLOOD,0,0,0,0,0,1,0,0.0,False,28.95605665,80.44569518,,,,,,,,,,,,,True,True,False,True
bipad-60668,Government of Nepal BIPAD Portal,2022,10,6,Western Region,Arghakhanchi,Sandhikharka,FLOOD,0,1,0,0,0,0,0,0.0,False,27.92583357,83.13483103,,,,,,,,,,,,,True,True,False,True
bipad-60673,Government of Nepal BIPAD Portal,2022,10,6,Mid-Western Region,Pyuthan,Airawati,FLOOD,0,1,0,0,0,0,0,0.0,False,28.03265891,82.89617707,,,,,,,,,,,,,True,True,False,True
bipad-60675,Government of Nepal BIPAD Portal,2022,10,6,Western Region,Baglung,Nisikhola,FLOOD,0,0,0,0,0,0,0,0.0,False,28.40025212,83.00011808,,,,,,,,,,,,,True,True,False,True
bipad-60677,Government of Nepal BIPAD Portal,2022,10,5,Central Region,Makwanpur,Hetauda,FLOOD,0,0,0,0,0,0,0,0.0,False,27.4627734,84.97383701,,,,,,,,,,,,,True,True,False,True
bipad-60733,Government of Nepal BIPAD Portal,2022,10,7,Mid-Western Region,Pyuthan,Mandavi,FLOOD,0,0,0,0,1,0,0,0.0,False,28.02042938,82.77314275,,,,,,,,,,,,,True,True,False,True
bipad-60757,Government of Nepal BIPAD Portal,2022,10,9,Mid-Western Region,Kalikot,Tilagufa,FLOOD,0,0,0,0,1,0,0,0.0,False,29.20435971,81.89183143,,,,,,,,,,,,,True,True,False,True
bipad-60767,Government of Nepal BIPAD Portal,2022,10,10,Eastern Region,Sunsari,Barah,FLOOD,0,0,0,0,0,0,0,0.0,False,26.84280449,87.18167684,,,,,,,,,,,,,True,True,False,True
bipad-60778,Government of Nepal BIPAD Portal,2022,10,9,Mid-Western Region,Kalikot,Tilagufa,FLOOD,0,0,0,0,1,0,0,0.0,False,29.20435971,81.89183143,,,,,,,,,,,,,True,True,False,True
bipad-60789,Government of Nepal BIPAD Portal,2022,10,10,Far Western Region,Kailali,Bhajani,FLOOD,0,0,0,0,0,0,0,0.0,False,28.4824643,81.02741626,,,,,,,,,,,,,True,True,False,True
bipad-60793,Government of Nepal BIPAD Portal,2022,10,9,Mid-Western Region,Kalikot,Palata,FLOOD,0,0,0,0,3,0,0,0.0,False,29.29392803,81.76897122,,,,,,,,,,,,,True,True,False,True
bipad-60794,Government of Nepal BIPAD Portal,2022,10,8,Mid-Western Region,Jumla,Hima,FLOOD,2,1,0,0,0,0,0,0.0,False,29.28106998,81.99892802,,,,,,,,,,,,,True,True,False,True
bipad-60796,Government of Nepal BIPAD Portal,2022,10,6,Central Region,Dhading,Thakre,FLOOD,0,1,0,0,0,0,0,0.0,False,27.71850652,85.03076643,,,,,,,,,,,,,True,True,False,True
bipad-60831,Government of Nepal BIPAD Portal,2022,10,7,Western Region,Palpa,Nisdi,FLOOD,2,0,0,0,0,0,0,0.0,False,27.82572056,84.00751718,,,,,,,,,,,,,True,True,False,True
bipad-62837,Government of Nepal BIPAD Portal,2023,3,18,Eastern Region,Udayapur,Rautamai,FLOOD,0,0,0,0,0,0,0,0.0,False,26.93279,86.66463,,,,,,,,,,,,,True,True,False,True
bipad-62839,Government of Nepal BIPAD Portal,2023,3,19,Central Region,Kathmandu,Kageshwori Manahora,FLOOD,0,0,0,0,0,0,0,0.0,False,27.69912,85.37856,,,,,,,,,,,,,True,True,False,True
bipad-62857,Government of Nepal BIPAD Portal,2023,3,20,Western Region,Kapilbastu,Buddhabhumi,FLOOD,0,0,0,0,0,0,0,0.0,False,27.62682,82.96838,,,,,,,,,,,,,True,True,False,True
bipad-62867,Government of Nepal BIPAD Portal,2023,3,19,Western Region,Kapilbastu,Buddhabhumi,FLOOD,0,0,0,0,0,0,0,0.0,False,27.62682,82.96838,,,,,,,,,,,,,True,True,False,True
bipad-63053,Government of Nepal BIPAD Portal,2023,3,31,Eastern Region,Udayapur,Rautamai,FLOOD,0,0,0,0,0,0,0,0.0,False,26.93279,86.66463,,,,,,,,,,,,,True,True,False,True
bipad-64152,Government of Nepal BIPAD Portal,2023,5,14,Central Region,Kavrepalanchok,Namobuddha,FLOOD,0,0,0,0,1,0,0,0.0,False,27.54493,85.63649,,,,,,,,,,,,,True,True,False,True
bipad-64161,Government of Nepal BIPAD Portal,2023,5,14,Central Region,Kavrepalanchok,Namobuddha,FLOOD,0,0,0,0,0,0,0,0.0,False,27.54493,85.63649,,,,,,,,,,,,,True,True,False,True
bipad-64162,Government of Nepal BIPAD Portal,2023,5,14,Central Region,Kavrepalanchok,Namobuddha,FLOOD,0,0,0,0,0,0,0,0.0,False,27.54493,85.63649,,,,,,,,,,,,,True,True,False,True
bipad-64284,Government of Nepal BIPAD Portal,2023,5,20,Western Region,Myagdi,Raghuganga,FLOOD,0,0,0,0,0,0,0,0.0,False,28.54637,83.48729,,,,,,,,,,,,,True,True,False,True
bipad-64400,Government of Nepal BIPAD Portal,2023,5,25,Western Region,Nawalparasi West,Sunwal,FLOOD,0,0,0,0,0,0,0,0.0,False,27.6125268,83.64889137,,,,,,,,,,,,,True,True,False,True
bipad-64590,Government of Nepal BIPAD Portal,2023,6,5,Western Region,Myagdi,Raghuganga,FLOOD,1,0,1,0,0,0,0,0.0,False,28.54637,83.48729,,,,,,,,,,,,,True,True,False,True
bipad-64715,Government of Nepal BIPAD Portal,2023,6,13,Western Region,Myagdi,Raghuganga,FLOOD,0,0,0,0,0,0,0,0.0,False,28.54637,83.48729,,,,,,,,,,,,,True,True,False,True
bipad-64716,Government of Nepal BIPAD Portal,2023,6,13,Western Region,Manang,Narpa Bhoomi,FLOOD,0,0,0,0,0,0,0,0.0,False,28.67916,84.18079,,,,,,,,,,,,,True,True,False,True
bipad-64729,Government of Nepal BIPAD Portal,2023,6,13,Central Region,Ramechhap,Gokulganga,FLOOD,1,0,0,0,0,0,0,0.0,False,27.53685,86.18811,,,,,,,,,,,,,True,True,False,True
bipad-64766,Government of Nepal BIPAD Portal,2023,6,15,Eastern Region,Taplejung,Phaktanglung,FLOOD,0,0,0,0,0,0,0,0.0,False,27.60988,87.82613,,,,,,,,,,,,,True,True,False,True
bipad-64774,Government of Nepal BIPAD Portal,2023,6,15,Eastern Region,Taplejung,Sirijangha,FLOOD,0,0,0,0,0,0,0,0.0,False,27.40989719,87.91470592,,,,,,,,,,,,,True,True,False,True
bipad-64775,Government of Nepal BIPAD Portal,2023,6,15,Eastern Region,Panchthar,Yangwarak,FLOOD,0,0,0,0,0,0,0,0.0,False,27.32235904,88.01002906,,,,,,,,,,,,,True,True,False,True
bipad-64779,Government of Nepal BIPAD Portal,2023,6,15,Eastern Region,Taplejung,Phaktanglung,FLOOD,0,0,0,0,0,0,0,0.0,False,27.60988,87.82613,,,,,,,,,,,,,True,True,False,True
bipad-64781,Government of Nepal BIPAD Portal,2023,6,15,Eastern Region,Panchthar,Phidim,FLOOD,0,0,0,0,0,0,0,0.0,False,27.14773,87.78498,,,,,,,,,,,,,True,True,False,True
bipad-64782,Government of Nepal BIPAD Portal,2023,6,16,Eastern Region,Panchthar,Phidim,FLOOD,0,0,0,0,0,0,0,0.0,False,27.14773,87.78498,,,,,,,,,,,,,True,True,False,True
bipad-64798,Government of Nepal BIPAD Portal,2023,6,20,Eastern Region,Panchthar,Hilihang,FLOOD,0,0,0,0,0,0,0,0.0,False,27.26336772,87.75398984,,,,,,,,,,,,,True,True,False,True
bipad-64801,Government of Nepal BIPAD Portal,2023,6,17,Eastern Region,Sankhuwasabha,Khandbari,FLOOD,0,0,0,0,0,0,0,0.0,False,27.3868814825,87.2156945863,,,,,,,,,,,,,True,True,False,True
bipad-64802,Government of Nepal BIPAD Portal,2023,6,18,Eastern Region,Panchthar,Phidim,FLOOD,0,0,0,0,0,0,0,0.0,False,27.14773,87.78498,,,,,,,,,,,,,True,True,False,True
bipad-64804,Government of Nepal BIPAD Portal,2023,6,18,Eastern Region,Panchthar,Phidim,FLOOD,1,1,0,0,0,0,0,0.0,False,27.09166297,87.79199471,,,,,,,,,,,,,True,True,False,True
bipad-64806,Government of Nepal BIPAD Portal,2023,6,15,Eastern Region,Taplejung,Sidingba,FLOOD,0,0,0,0,0,0,0,0.0,False,27.38678515,87.96453569,,,,,,,,,,,,,True,True,False,True
bipad-64811,Government of Nepal BIPAD Portal,2023,6,18,Eastern Region,Sankhuwasabha,Panchakhapan,FLOOD,0,0,0,0,0,0,0,0.0,False,27.34264277,87.34795541,,,,,,,,,,,,,True,True,False,True
bipad-64812,Government of Nepal BIPAD Portal,2023,6,18,Eastern Region,Panchthar,Phidim,FLOOD,0,0,0,0,3,0,0,0.0,False,27.14773,87.78498,,,,,,,,,,,,,True,True,False,True
bipad-64813,Government of Nepal BIPAD Portal,2023,6,18,Eastern Region,Panchthar,Falelung,FLOOD,0,0,0,0,0,0,0,0.0,False,27.20900864,87.94642285,,,,,,,,,,,,,True,True,False,True
bipad-64817,Government of Nepal BIPAD Portal,2023,6,18,Eastern Region,Panchthar,Falelung,FLOOD,0,0,0,0,0,0,0,0.0,False,27.16219065,87.88318321,,,,,,,,,,,,,True,True,False,True
bipad-64820,Government of Nepal BIPAD Portal,2023,6,17,Eastern Region,Taplejung,Sidingba,FLOOD,0,0,0,0,0,0,0,0.0,False,27.29372231,87.85845753,,,,,,,,,,,,,True,True,False,True
bipad-64823,Government of Nepal BIPAD Portal,2023,6,17,Eastern Region,Sankhuwasabha,Panchakhapan,FLOOD,0,0,0,0,0,0,0,0.0,False,27.31675813,87.26930006,,,,,,,,,,,,,True,True,False,True
bipad-64825,Government of Nepal BIPAD Portal,2023,6,17,Eastern Region,Taplejung,Maiwakhola,FLOOD,0,0,0,0,0,0,0,0.0,False,27.3346089,87.55868283,,,,,,,,,,,,,True,True,False,True
bipad-64826,Government of Nepal BIPAD Portal,2023,6,17,Eastern Region,Sankhuwasabha,Chainpur,FLOOD,0,1,0,0,0,0,0,0.0,False,27.315511,87.47233031,,,,,,,,,,,,,True,True,False,True
bipad-64828,Government of Nepal BIPAD Portal,2023,6,17,Eastern Region,Sankhuwasabha,Chainpur,FLOOD,0,0,0,0,0,0,0,0.0,False,27.26747641,87.234409,,,,,,,,,,,,,True,True,False,True
bipad-64830,Government of Nepal BIPAD Portal,2023,6,17,Eastern Region,Sankhuwasabha,Khandbari,FLOOD,3,16,3,0,12,7,0,0.0,False,27.3868814825,87.2156945863,,,,,,,,,,,,,True,True,False,True
bipad-64834,Government of Nepal BIPAD Portal,2023,6,17,Eastern Region,Panchthar,Phidim,FLOOD,0,0,0,0,0,0,0,0.0,False,27.14773,87.78498,,,,,,,,,,,,,True,True,False,True
bipad-64838,Government of Nepal BIPAD Portal,2023,6,17,Eastern Region,Taplejung,Phaktanglung,FLOOD,0,0,1,0,0,0,0,0.0,False,27.60988,87.82613,,,,,,,,,,,,,True,True,False,True
bipad-64840,Government of Nepal BIPAD Portal,2023,6,17,Eastern Region,Ilam,Mai,FLOOD,0,0,0,0,0,0,0,0.0,False,26.82812965,87.90455696,,,,,,,,,,,,,True,True,False,True
bipad-64841,Government of Nepal BIPAD Portal,2023,6,18,Eastern Region,Panchthar,Yangwarak,FLOOD,0,0,0,0,0,0,0,0.0,False,27.27246796,87.84602205,,,,,,,,,,,,,True,True,False,True
bipad-64842,Government of Nepal BIPAD Portal,2023,6,18,Eastern Region,Panchthar,Phidim,FLOOD,0,0,0,0,0,0,0,0.0,False,27.15055471,87.80223508,,,,,,,,,,,,,True,True,False,True
bipad-64844,Government of Nepal BIPAD Portal,2023,6,18,Eastern Region,Panchthar,Phidim,FLOOD,1,2,0,0,1,0,0,0.0,False,27.14755188,87.73524958,,,,,,,,,,,,,True,True,False,True
bipad-64845,Government of Nepal BIPAD Portal,2023,6,18,Eastern Region,Panchthar,Yangwarak,FLOOD,0,0,0,0,0,0,0,0.0,False,27.24863128,87.98620781,,,,,,,,,,,,,True,True,False,True
bipad-64846,Government of Nepal BIPAD Portal,2023,6,17,Eastern Region,Taplejung,Aathrai Tribeni,FLOOD,0,0,0,0,0,0,0,0.0,False,27.3195726,87.58026394,,,,,,,,,,,,,True,True,False,True
bipad-64847,Government of Nepal BIPAD Portal,2023,6,18,Eastern Region,Panchthar,Falelung,FLOOD,0,0,0,0,12,20,0,0.0,False,27.20900864,87.94642285,,,,,,,,,,,,,True,True,False,True
bipad-64857,Government of Nepal BIPAD Portal,2023,6,17,Eastern Region,Sankhuwasabha,Dharmadevi,FLOOD,0,0,0,0,0,0,0,0.0,False,27.23230269,87.30452595,,,,,,,,,,,,,True,True,False,True
bipad-64858,Government of Nepal BIPAD Portal,2023,6,17,Eastern Region,Sankhuwasabha,Chainpur,FLOOD,0,0,0,0,0,0,0,0.0,False,27.28691812,87.28066921,,,,,,,,,,,,,True,True,False,True
bipad-64860,Government of Nepal BIPAD Portal,2023,6,17,Eastern Region,Sankhuwasabha,Khandbari,FLOOD,0,0,0,0,0,0,0,0.0,False,27.3868814825,87.2156945863,,,,,,,,,,,,,True,True,False,True
bipad-64862,Government of Nepal BIPAD Portal,2023,6,17,Eastern Region,Sankhuwasabha,Madi,FLOOD,0,0,0,0,0,0,0,0.0,False,27.28086532,87.4042855,,,,,,,,,,,,,True,True,False,True
bipad-64863,Government of Nepal BIPAD Portal,2023,6,17,Eastern Region,Sankhuwasabha,Dharmadevi,FLOOD,0,0,0,0,0,0,0,0.0,False,27.24425636,87.32854816,,,,,,,,,,,,,True,True,False,True
bipad-64864,Government of Nepal BIPAD Portal,2023,6,17,Eastern Region,Sankhuwasabha,Khandbari,FLOOD,0,0,0,0,0,0,0,0.0,False,27.3868814825,87.2156945863,,,,,,,,,,,,,True,True,False,True
bipad-64865,Government of Nepal BIPAD Portal,2023,6,17,Eastern Region,Sankhuwasabha,Chainpur,FLOOD,0,0,0,0,0,0,0,0.0,False,27.28675485,87.31778984,,,,,,,,,,,,,True,True,False,True
bipad-64866,Government of Nepal BIPAD Portal,2023,6,17,Eastern Region,Sankhuwasabha,Khandbari,FLOOD,0,0,0,0,0,0,0,0.0,False,27.3868814825,87.2156945863,,,,,,,,,,,,,True,True,False,True
bipad-64869,Government of Nepal BIPAD Portal,2023,6,17,Eastern Region,Sankhuwasabha,Chainpur,FLOOD,0,0,0,0,0,0,0,0.0,False,27.28675485,87.31778984,,,,,,,,,,,,,True,True,False,True
bipad-64881,Government of Nepal BIPAD Portal,2023,6,18,Eastern Region,Panchthar,Phidim,FLOOD,0,0,0,0,0,0,0,0.0,False,27.14773,87.78498,,,,,,,,,,,,,True,True,False,True
bipad-64886,Government of Nepal BIPAD Portal,2023,6,17,Eastern Region,Sankhuwasabha,Chainpur,FLOOD,0,0,0,0,0,0,0,0.0,False,27.30494969,87.32009875,,,,,,,,,,,,,True,True,False,True
bipad-64890,Government of Nepal BIPAD Portal,2023,6,19,Eastern Region,Udayapur,Belaka,FLOOD,0,0,0,0,0,0,0,0.0,False,26.82973058,87.12283713,,,,,,,,,,,,,True,True,False,True
bipad-64892,Government of Nepal BIPAD Portal,2023,6,17,Eastern Region,Sankhuwasabha,Panchakhapan,FLOOD,0,0,0,0,0,0,0,0.0,False,27.34264277,87.34795541,,,,,,,,,,,,,True,True,False,True
bipad-64893,Government of Nepal BIPAD Portal,2023,6,17,Eastern Region,Sankhuwasabha,Panchakhapan,FLOOD,0,0,0,0,0,0,0,0.0,False,27.31675813,87.26930006,,,,,,,,,,,,,True,True,False,True
bipad-64894,Government of Nepal BIPAD Portal,2023,6,20,Eastern Region,Sankhuwasabha,Khandbari,FLOOD,0,0,0,0,0,0,0,0.0,False,27.3868814825,87.2156945863,,,,,,,,,,,,,True,True,False,True
bipad-64898,Government of Nepal BIPAD Portal,2023,6,20,Western Region,Myagdi,Raghuganga,FLOOD,0,0,0,0,0,0,0,0.0,False,28.54637,83.48729,,,,,,,,,,,,,True,True,False,True
bipad-64900,Government of Nepal BIPAD Portal,2023,6,14,Eastern Region,Bhojpur,Temkemaiyung,FLOOD,1,0,0,0,0,0,0,0.0,False,27.12905004,86.93104963,,,,,,,,,,,,,True,True,False,True
bipad-64901,Government of Nepal BIPAD Portal,2023,6,19,Eastern Region,Sankhuwasabha,Makalu,FLOOD,0,0,0,0,0,0,0,0.0,False,27.60870372,87.25412704,,,,,,,,,,,,,True,True,False,True
bipad-64903,Government of Nepal BIPAD Portal,2023,6,18,Eastern Region,Panchthar,Phidim,FLOOD,0,0,0,0,0,0,0,0.0,False,27.14773,87.78498,,,,,,,,,,,,,True,True,False,True
bipad-64918,Government of Nepal BIPAD Portal,2023,6,20,Eastern Region,Taplejung,Sirijangha,FLOOD,0,0,0,0,0,0,0,0.0,False,27.40989719,87.91470592,,,,,,,,,,,,,True,True,False,True
bipad-64919,Government of Nepal BIPAD Portal,2023,6,17,Eastern Region,Taplejung,Sidingba,FLOOD,0,0,0,0,0,0,0,0.0,False,27.38678515,87.96453569,,,,,,,,,,,,,True,True,False,True
bipad-64925,Government of Nepal BIPAD Portal,2023,6,20,Eastern Region,Panchthar,Yangwarak,FLOOD,0,0,0,0,0,0,0,0.0,False,27.26088932,87.79789369,,,,,,,,,,,,,True,True,False,True
bipad-64940,Government of Nepal BIPAD Portal,2023,6,20,Eastern Region,Panchthar,Yangwarak,FLOOD,0,0,0,0,0,0,0,0.0,False,27.27246796,87.84602205,,,,,,,,,,,,,True,True,False,True
bipad-64944,Government of Nepal BIPAD Portal,2023,6,18,Eastern Region,Panchthar,Phidim,FLOOD,0,0,0,0,0,0,0,0.0,False,27.14773,87.78498,,,,,,,,,,,,,True,True,False,True
bipad-64947,Government of Nepal BIPAD Portal,2023,6,19,Eastern Region,Panchthar,Yangwarak,FLOOD,0,0,0,0,0,0,0,0.0,False,27.27246796,87.84602205,,,,,,,,,,,,,True,True,False,True
bipad-64948,Government of Nepal BIPAD Portal,2023,6,19,Eastern Region,Panchthar,Yangwarak,FLOOD,0,0,0,0,0,0,0,0.0,False,27.25830099,87.88871447,,,,,,,,,,,,,True,True,False,True
bipad-64992,Government of Nepal BIPAD Portal,2023,6,23,Eastern Region,Bhojpur,Bhojpur,FLOOD,0,0,0,0,0,0,0,0.0,False,27.17377,87.09084,,,,,,,,,,,,,True,True,False,True
bipad-64996,Government of Nepal BIPAD Portal,2023,6,24,Central Region,Kavrepalanchok,Roshi,FLOOD,0,0,0,0,0,0,0,0.0,False,27.47253885,85.7187792,,,,,,,,,,,,,True,True,False,True
bipad-64997,Government of Nepal BIPAD Portal,2023,6,24,Central Region,Sindhuli,Golanjor,FLOOD,0,0,0,0,1,0,0,0.0,False,27.23796494,86.10586071,,,,,,,,,,,,,True,True,False,True
bipad-64998,Government of Nepal BIPAD Portal,2023,6,24,Central Region,Kavrepalanchok,Roshi,FLOOD,0,0,0,0,0,0,0,0.0,False,27.42107605,85.77066028,,,,,,,,,,,,,True,True,False,True
bipad-64999,Government of Nepal BIPAD Portal,2023,6,23,Central Region,Sarlahi,Chakraghatta,FLOOD,0,0,0,0,0,0,0,0.0,False,26.91911882,85.50153583,,,,,,,,,,,,,True,True,False,True
bipad-65003,Government of Nepal BIPAD Portal,2023,6,23,Eastern Region,Bhojpur,Hatuwagadhi,FLOOD,0,0,0,0,0,0,0,0.0,False,27.04711845,87.12587607,,,,,,,,,,,,,True,True,False,True
bipad-65010,Government of Nepal BIPAD Portal,2023,6,24,Eastern Region,Khotang,Khotehang,FLOOD,0,0,0,0,0,0,0,0.0,False,27.02361195,86.84571425,,,,,,,,,,,,,True,True,False,True
bipad-65029,Government of Nepal BIPAD Portal,2023,6,23,Eastern Region,Dhankuta,Dhankuta,FLOOD,0,0,0,0,0,0,0,0.0,False,27.00791,87.36671,,,,,,,,,,,,,True,True,False,True
bipad-65036,Government of Nepal BIPAD Portal,2023,6,23,Eastern Region,Bhojpur,Shadananda,FLOOD,0,0,0,0,0,0,0,0.0,False,27.2872482,87.18651139,,,,,,,,,,,,,True,True,False,True
bipad-65038,Government of Nepal BIPAD Portal,2023,6,25,Mid-Western Region,Jumla,Guthichaur,FLOOD,1,0,0,0,0,0,0,0.0,False,29.1852522,82.31844942,,,,,,,,,,,,,True,True,False,True
bipad-65047,Government of Nepal BIPAD Portal,2023,6,24,Mid-Western Region,Rukum East,Bhume,FLOOD,0,0,0,0,0,0,0,0.0,False,28.51771054,82.66718053,,,,,,,,,,,,,True,True,False,True
bipad-65057,Government of Nepal BIPAD Portal,2023,6,24,Mid-Western Region,Rukum East,Bhume,FLOOD,0,0,0,0,0,0,0,0.0,False,28.54333742,82.65987265,,,,,,,,,,,,,True,True,False,True
bipad-65069,Government of Nepal BIPAD Portal,2023,6,26,Western Region,Kaski,Pokhara,FLOOD,0,0,0,0,0,0,0,0.0,False,28.29100255,83.95623713,,,,,,,,,,,,,True,True,False,True
bipad-65077,Government of Nepal BIPAD Portal,2023,6,27,Mid-Western Region,Pyuthan,Pyuthan,FLOOD,0,0,0,0,0,0,0,0.0,False,28.10780728,82.90208132,,,,,,,,,,,,,True,True,False,True
bipad-65082,Government of Nepal BIPAD Portal,2023,6,27,Eastern Region,Panchthar,Phidim,FLOOD,0,0,0,0,0,0,0,0.0,False,27.14755188,87.73524958,,,,,,,,,,,,,True,True,False,True
bipad-65086,Government of Nepal BIPAD Portal,2023,6,23,Eastern Region,Jhapa,Birtamode,FLOOD,0,0,0,0,0,0,0,0.0,False,26.63646336,88.02185032,,,,,,,,,,,,,True,True,False,True
bipad-65098,Government of Nepal BIPAD Portal,2023,6,29,Far Western Region,Achham,Bannigadhi Jayagadh,FLOOD,0,0,0,0,0,0,0,0.0,False,29.18133215,81.27401918,,,,,,,,,,,,,True,True,False,True
bipad-65169,Government of Nepal BIPAD Portal,2023,7,1,Mid-Western Region,Banke,Rapti Sonari,FLOOD,0,0,0,0,0,0,0,0.0,False,28.09534,81.84765,,,,,,,,,,,,,True,True,False,True
bipad-65223,Government of Nepal BIPAD Portal,2023,6,17,Eastern Region,Taplejung,Maiwakhola,FLOOD,0,0,0,0,0,0,0,0.0,False,27.33571915,87.5381215,,,,,,,,,,,,,True,True,False,True
bipad-65229,Government of Nepal BIPAD Portal,2023,7,4,Western Region,Mustang,Thasang,FLOOD,0,0,0,0,0,0,0,0.0,False,28.68987876,83.58687182,,,,,,,,,,,,,True,True,False,True
bipad-65328,Government of Nepal BIPAD Portal,2023,7,6,Western Region,Lamjung,Marsyangdi,FLOOD,0,0,1,0,0,0,0,0.0,False,28.28362,84.43609,,,,,,,,,,,,,True,True,False,True
bipad-65363,Government of Nepal BIPAD Portal,2023,7,12,Eastern Region,Morang,Belbari,FLOOD,0,0,0,0,0,0,0,0.0,False,26.61037,87.46726,,,,,,,,,,,,,True,True,False,True
bipad-65364,Government of Nepal BIPAD Portal,2023,7,12,Eastern Region,Morang,Belbari,FLOOD,0,0,0,0,0,0,0,0.0,False,26.61037,87.46726,,,,,,,,,,,,,True,True,False,True
bipad-65365,Government of Nepal BIPAD Portal,2023,7,12,Eastern Region,Jhapa,Haldibari,FLOOD,0,0,0,0,0,0,0,0.0,False,26.49228972,87.97775691,,,,,,,,,,,,,True,True,False,True
bipad-65367,Government of Nepal BIPAD Portal,2023,7,12,Eastern Region,Morang,Belbari,FLOOD,0,0,0,0,0,0,0,0.0,False,26.61037,87.46726,,,,,,,,,,,,,True,True,False,True
bipad-65382,Government of Nepal BIPAD Portal,2023,7,13,Western Region,Manang,Narpa Bhoomi,FLOOD,0,0,0,0,0,0,0,0.0,False,28.67916,84.18079,,,,,,,,,,,,,True,True,False,True
bipad-65390,Government of Nepal BIPAD Portal,2023,7,13,Eastern Region,Jhapa,Barhadashi,FLOOD,0,0,0,0,0,0,0,0.0,False,26.58323,87.91446,,,,,,,,,,,,,True,True,False,True
bipad-65392,Government of Nepal BIPAD Portal,2023,7,13,Eastern Region,Taplejung,Phaktanglung,FLOOD,0,0,0,0,0,0,0,0.0,False,27.60988,87.82613,,,,,,,,,,,,,True,True,False,True
bipad-65401,Government of Nepal BIPAD Portal,2023,7,13,Eastern Region,Sunsari,Inaruwa,FLOOD,0,0,0,0,0,0,0,0.0,False,26.64064,87.12722,,,,,,,,,,,,,True,True,False,True
bipad-65406,Government of Nepal BIPAD Portal,2023,7,14,Eastern Region,Sunsari,Inaruwa,FLOOD,0,0,0,0,0,0,0,0.0,False,26.64064,87.12722,,,,,,,,,,,,,True,True,False,True
bipad-65410,Government of Nepal BIPAD Portal,2023,7,14,Eastern Region,Morang,Belbari,FLOOD,0,0,0,0,0,0,0,0.0,False,26.61037,87.46726,,,,,,,,,,,,,True,True,False,True
bipad-65415,Government of Nepal BIPAD Portal,2023,7,13,Eastern Region,Sunsari,Inaruwa,FLOOD,0,0,0,0,0,0,0,0.0,False,26.64064,87.12722,,,,,,,,,,,,,True,True,False,True
bipad-65416,Government of Nepal BIPAD Portal,2023,7,14,Eastern Region,Morang,Belbari,FLOOD,0,0,0,0,0,0,0,0.0,False,26.61037,87.46726,,,,,,,,,,,,,True,True,False,True
bipad-65420,Government of Nepal BIPAD Portal,2023,7,14,Eastern Region,Jhapa,Barhadashi,FLOOD,0,0,0,0,0,0,0,0.0,False,26.58323,87.91446,,,,,,,,,,,,,True,True,False,True
bipad-65422,Government of Nepal BIPAD Portal,2023,7,13,Eastern Region,Jhapa,Barhadashi,FLOOD,0,0,0,0,0,0,0,0.0,False,26.58323,87.91446,,,,,,,,,,,,,True,True,False,True
bipad-65424,Government of Nepal BIPAD Portal,2023,7,15,Western Region,Mustang,Lo Ghekar Damodarkunda,FLOOD,0,0,0,0,0,0,0,0.0,False,28.9548,83.86811,,,,,,,,,,,,,True,True,False,True
bipad-65440,Government of Nepal BIPAD Portal,2023,7,14,Western Region,Kaski,Pokhara,FLOOD,0,0,0,0,0,0,0,0.0,False,28.18170761,84.02069928,,,,,,,,,,,,,True,True,False,True
bipad-65471,Government of Nepal BIPAD Portal,2023,7,18,Eastern Region,Udayapur,Rautamai,FLOOD,0,0,0,0,0,0,0,0.0,False,26.93279,86.66463,,,,,,,,,,,,,True,True,False,True
bipad-65524,Government of Nepal BIPAD Portal,2023,7,20,Mid-Western Region,Surkhet,Bheriganga,FLOOD,0,0,0,0,0,0,0,0.0,False,28.40214347,81.74954304,,,,,,,,,,,,,True,True,False,True
bipad-65528,Government of Nepal BIPAD Portal,2023,7,21,Mid-Western Region,Pyuthan,Pyuthan,FLOOD,0,0,0,0,0,0,0,0.0,False,28.1203,82.85541,,,,,,,,,,,,,True,True,False,True
bipad-65531,Government of Nepal BIPAD Portal,2023,7,20,Mid-Western Region,Surkhet,Bheriganga,FLOOD,0,0,0,0,0,0,0,0.0,False,28.44749312,81.74290588,,,,,,,,,,,,,True,True,False,True
bipad-65571,Government of Nepal BIPAD Portal,2023,7,23,Central Region,Kathmandu,Kageshwori Manahora,FLOOD,1,0,0,0,0,0,0,0.0,False,27.69912,85.37856,,,,,,,,,,,,,True,True,False,True
bipad-65582,Government of Nepal BIPAD Portal,2023,7,24,Far Western Region,Bajura,Gaumul,FLOOD,0,0,0,0,0,0,0,0.0,False,29.5579,81.49045,,,,,,,,,,,,,True,True,False,True
bipad-65604,Government of Nepal BIPAD Portal,2023,7,25,Western Region,Rupandehi,Butwal,FLOOD,0,0,0,0,1,0,0,0.0,False,27.68143397,83.45941241,,,,,,,,,,,,,True,True,False,True
bipad-65609,Government of Nepal BIPAD Portal,2023,7,25,Western Region,Rupandehi,Tilottama,FLOOD,0,0,0,0,0,0,0,0.0,False,27.57833,83.42932,,,,,,,,,,,,,True,True,False,True
bipad-65647,Government of Nepal BIPAD Portal,2023,7,29,Far Western Region,Darchula,Dunhu,FLOOD,0,0,0,0,0,0,0,0.0,False,29.87268587,80.63343432,,,,,,,,,,,,,True,True,False,True
bipad-65660,Government of Nepal BIPAD Portal,2023,7,29,Western Region,Kaski,Pokhara,FLOOD,0,0,0,0,0,0,0,0.0,False,28.26358367,84.03108977,,,,,,,,,,,,,True,True,False,True
bipad-65748,Government of Nepal BIPAD Portal,2023,8,8,Far Western Region,Kailali,Dhangadhi,FLOOD,0,0,0,0,0,0,0,0.0,False,28.66254632,80.60426852,,,,,,,,,,,,,True,True,False,True
bipad-65767,Government of Nepal BIPAD Portal,2023,8,8,Central Region,Kathmandu,Budhanilkantha,FLOOD,0,0,0,0,0,1,0,0.0,False,27.74257431,85.36936048,,,,,,,,,,,,,True,True,False,True
bipad-65769,Government of Nepal BIPAD Portal,2023,8,7,Far Western Region,Kailali,Ghodaghodi,FLOOD,0,0,0,0,0,0,0,0.0,False,28.65921649,80.92063982,,,,,,,,,,,,,True,True,False,True
bipad-65778,Government of Nepal BIPAD Portal,2023,8,8,Central Region,Bara,Jitpur Simara,FLOOD,0,0,0,0,0,0,0,0.0,False,27.10642,85.06984,,,,,,,,,,,,,True,True,False,True
bipad-65793,Government of Nepal BIPAD Portal,2023,8,8,Central Region,Mahottari,Sonama,FLOOD,1,0,0,0,0,0,0,0.0,False,26.85283421,85.74789093,,,,,,,,,,,,,True,True,False,True
bipad-65806,Government of Nepal BIPAD Portal,2023,8,8,Far Western Region,Dadeldhura,Parashuram,FLOOD,0,0,0,0,0,0,0,0.0,False,29.12629781,80.27884894,,,,,,,,,,,,,True,True,False,True
bipad-65813,Government of Nepal BIPAD Portal,2023,8,8,Mid-Western Region,Bardiya,Madhuwan,FLOOD,0,0,0,0,0,0,0,0.0,False,28.40416476,81.22870616,,,,,,,,,,,,,True,True,False,True
bipad-65827,Government of Nepal BIPAD Portal,2023,8,8,Far Western Region,Kailali,Gauriganga,FLOOD,0,0,0,0,1,0,0,0.0,False,28.6708298,80.84418619,,,,,,,,,,,,,True,True,False,True
bipad-65828,Government of Nepal BIPAD Portal,2023,8,8,Far Western Region,Kailali,Joshipur,FLOOD,0,0,0,0,0,0,0,0.0,False,28.54526474,81.00741265,,,,,,,,,,,,,True,True,False,True
bipad-65829,Government of Nepal BIPAD Portal,2023,8,8,Far Western Region,Kailali,Bardagoriya,FLOOD,0,0,0,0,2,0,0,0.0,False,28.71763344,81.04698941,,,,,,,,,,,,,True,True,False,True
bipad-65830,Government of Nepal BIPAD Portal,2023,8,8,Far Western Region,Kailali,Janaki,FLOOD,0,0,0,0,0,115,0,0.0,False,28.55711481,81.07804555,,,,,,,,,,,,,True,True,False,True
bipad-65831,Government of Nepal BIPAD Portal,2023,8,8,Far Western Region,Kailali,Kailari,FLOOD,0,0,0,0,0,1,0,0.0,False,28.52737452,80.8624959,,,,,,,,,,,,,True,True,False,True
bipad-65832,Government of Nepal BIPAD Portal,2023,8,8,Far Western Region,Kailali,Bhajani,FLOOD,0,0,0,0,4,0,0,0.0,False,28.52095762,80.99478068,,,,,,,,,,,,,True,True,False,True
bipad-65833,Government of Nepal BIPAD Portal,2023,8,8,Far Western Region,Kailali,Tikapur,FLOOD,0,0,1,0,1,365,0,0.0,False,28.51478892,81.06486492,,,,,,,,,,,,,True,True,False,True
bipad-65834,Government of Nepal BIPAD Portal,2023,8,8,Far Western Region,Kailali,Gauriganga,FLOOD,1,0,0,0,11,0,0,0.0,False,28.74013,80.89463,,,,,,,,,,,,,True,True,False,True
bipad-65835,Government of Nepal BIPAD Portal,2023,8,8,Far Western Region,Kailali,Dhangadhi,FLOOD,0,0,0,0,1,0,0,0.0,False,28.75975554,80.61307863,,,,,,,,,,,,,True,True,False,True
bipad-65867,Government of Nepal BIPAD Portal,2023,8,13,Western Region,Mustang,Gharapjhong,FLOOD,0,0,0,0,0,0,0,0.0,False,28.79861462,83.75391856,,,,,,,,,,,,,True,True,False,True
bipad-65868,Government of Nepal BIPAD Portal,2023,8,13,Central Region,Sindhuli,Phikkal,FLOOD,0,0,0,0,0,0,0,0.0,False,27.16930122,86.34760085,,,,,,,,,,,,,True,True,False,True
bipad-65879,Government of Nepal BIPAD Portal,2023,8,13,Eastern Region,Sankhuwasabha,Madi,FLOOD,0,0,1,0,0,0,0,0.0,False,27.2706583,87.34601737,,,,,,,,,,,,,True,True,False,True
bipad-65885,Government of Nepal BIPAD Portal,2023,8,13,Eastern Region,Taplejung,Meringden,FLOOD,0,0,0,0,0,0,0,0.0,False,27.44175052,87.57938128,,,,,,,,,,,,,True,True,False,True
bipad-65886,Government of Nepal BIPAD Portal,2023,8,14,Western Region,Mustang,Lo Ghekar Damodarkunda,FLOOD,0,0,0,0,0,0,0,0.0,False,28.9548,83.86811,,,,,,,,,,,,,True,True,False,True
bipad-65891,Government of Nepal BIPAD Portal,2023,8,14,Western Region,Mustang,Lo Ghekar Damodarkunda,FLOOD,0,0,0,0,31,16,0,0.0,False,28.9548,83.86811,,,,,,,,,,,,,True,True,False,True
bipad-65898,Government of Nepal BIPAD Portal,2023,8,14,Mid-Western Region,Bardiya,Gulariya,FLOOD,0,0,0,0,0,0,0,0.0,False,28.1852357,81.39446389,,,,,,,,,,,,,True,True,False,True
bipad-65899,Government of Nepal BIPAD Portal,2023,8,14,Central Region,Sindhupalchok,Jugal,FLOOD,0,0,0,0,0,1,0,0.0,False,27.90711,85.75568,,,,,,,,,,,,,True,True,False,True
bipad-65905,Government of Nepal BIPAD Portal,2023,8,13,Mid-Western Region,Rukum East,Sisne,FLOOD,0,0,0,0,0,0,0,0.0,False,28.64604449,82.58107893,,,,,,,,,,,,,True,True,False,True
bipad-65973,Government of Nepal BIPAD Portal,2023,8,20,Western Region,Mustang,Lo Ghekar Damodarkunda,FLOOD,0,0,0,0,0,0,0,0.0,False,28.9548,83.86811,,,,,,,,,,,,,True,True,False,True
bipad-65974,Government of Nepal BIPAD Portal,2023,8,21,Mid-Western Region,Jumla,Guthichaur,FLOOD,1,0,0,0,1,0,0,0.0,False,29.23923,82.21605,,,,,,,,,,,,,True,True,False,True
bipad-65975,Government of Nepal BIPAD Portal,2023,8,21,Eastern Region,Bhojpur,Bhojpur,FLOOD,0,0,0,0,0,0,0,0.0,False,27.17377,87.09084,,,,,,,,,,,,,True,True,False,True
bipad-65983,Government of Nepal BIPAD Portal,2023,7,31,Eastern Region,Bhojpur,Bhojpur,FLOOD,1,0,0,0,0,0,0,0.0,False,27.17377,87.09084,,,,,,,,,,,,,True,True,False,True
bipad-65992,Government of Nepal BIPAD Portal,2023,8,23,Central Region,Sindhupalchok,Helambu,FLOOD,0,0,0,0,0,0,0,0.0,False,27.88497727,85.52959607,,,,,,,,,,,,,True,True,False,True
bipad-66000,Government of Nepal BIPAD Portal,2023,8,25,Central Region,Sindhupalchok,Helambu,FLOOD,0,0,0,0,0,0,0,0.0,False,27.88497727,85.52959607,,,,,,,,,,,,,True,True,False,True
bipad-66012,Government of Nepal BIPAD Portal,2023,8,25,Eastern Region,Siraha,Lahan,FLOOD,0,0,0,0,0,0,0,0.0,False,26.77246868,86.44947612,,,,,,,,,,,,,True,True,False,True
bipad-66020,Government of Nepal BIPAD Portal,2023,8,25,Central Region,Sindhupalchok,Helambu,FLOOD,0,0,0,0,0,0,0,0.0,False,27.88497727,85.52959607,,,,,,,,,,,,,True,True,False,True
bipad-66021,Government of Nepal BIPAD Portal,2023,8,25,Central Region,Rautahat,Brindaban,FLOOD,0,0,0,0,0,0,0,0.0,False,26.98914,85.33443,,,,,,,,,,,,,True,True,False,True
bipad-66026,Government of Nepal BIPAD Portal,2023,8,26,Eastern Region,Saptari,Surunga,FLOOD,0,0,0,0,0,1,0,0.0,False,26.65859691,86.54639872,,,,,,,,,,,,,True,True,False,True
bipad-66080,Government of Nepal BIPAD Portal,2023,8,28,Western Region,Gorkha,Dharche,FLOOD,0,0,0,0,1,0,0,0.0,False,28.20085748,84.92065875,,,,,,,,,,,,,True,True,False,True
bipad-66123,Government of Nepal BIPAD Portal,2023,9,3,Mid-Western Region,Rukum West,Chaurjahari,FLOOD,2,0,0,0,0,0,0,0.0,False,28.65776855,82.26755568,,,,,,,,,,,,,True,True,False,True
bipad-66198,Government of Nepal BIPAD Portal,2023,9,14,Mid-Western Region,Jajarkot,Kushe,FLOOD,0,0,0,0,0,0,0,0.0,False,28.86981,82.19935,,,,,,,,,,,,,True,True,False,True
bipad-66341,Government of Nepal BIPAD Portal,2023,9,30,Western Region,Parbat,Kushma,FLOOD,2,1,0,0,0,0,0,0.0,False,28.20228,83.69519,,,,,,,,,,,,,True,True,False,True
